index,date,y_true,y_pred
1000,2011-11-21,0.0002182252363648006,0.00016167379998626238
1001,2011-11-22,9.665942832081508e-05,0.0001569171716004468
1002,2011-11-23,0.0003996714876046575,0.00016550116434855354
1003,2011-11-25,0.00011435165969482996,0.0001577085283123244
1004,2011-11-28,0.0002819482849346123,0.00016882299296061727
1005,2011-11-29,0.00010068866532038449,0.00015855072643464354
1006,2011-11-30,0.0002029231557441421,0.00017653118694268958
1007,2011-12-01,0.0009295054907482204,0.00017892009404820493
1008,2011-12-02,0.0002822730155617318,0.00021401198145695296
1009,2011-12-05,4.791946020486352e-05,0.0001458856982724805
1010,2011-12-07,6.695175509388845e-05,0.00016684281553976202
1011,2011-12-08,0.0002462296002343847,0.00016912135411492266
1012,2011-12-09,0.0003089547674966159,0.00015215911500515182
1013,2011-12-12,0.00041482547505158267,0.0001541776424283609
1014,2011-12-13,0.00018354262408855592,0.00013402525326531683
1015,2011-12-14,0.00014091738100142237,0.00014735181554141025
1016,2011-12-15,0.00025124751514010366,0.00015032483392404637
1017,2011-12-16,0.0005697013693212377,0.00015006086724212944
1018,2011-12-19,0.00015991503305193787,0.00014706733342205794
1019,2011-12-20,0.00020703545956284183,0.00014326969602136117
1020,2011-12-21,0.0005811288576503234,0.0001525231567133975
1021,2011-12-22,0.0003238975526905564,0.00015301116139654027
1022,2011-12-23,0.00011842892979749236,0.00015890677804150758
1023,2011-12-27,0.0002814907743739401,0.0001457522253120753
1024,2011-12-28,8.235056247501118e-05,0.00017405384404590307
1025,2011-12-29,9.039681329724327e-05,0.00015353828742799925
1026,2011-12-30,0.00011413054832162951,0.00016926726814263488
1027,2012-01-03,0.00026712055734660347,0.00015158361358311187
1028,2012-01-04,4.9390575133281664e-05,0.00016447198736552605
1029,2012-01-05,3.772576829060178e-05,0.00019555179648087057
1030,2012-01-06,0.00020161833039830467,0.00017808304202109978
1031,2012-01-09,8.049748813342523e-05,0.00014832183178110073
1032,2012-01-10,0.0001494892018385893,0.00014773254497561924
1033,2012-01-11,2.5958201211331028e-05,0.00016572398126071236
1034,2012-01-12,7.72022012958658e-05,0.00016603754199476882
1035,2012-01-13,9.870482245417006e-05,0.0001740206431468957
1036,2012-01-16,6.28211326600913e-05,0.0001751905501758918
1037,2012-01-17,0.00011082705702725984,0.00017547343713120788
1038,2012-01-18,4.412739810980746e-05,0.0001844312662178196
1039,2012-01-19,7.615088960308307e-05,0.00020387702755668804
1040,2012-01-20,8.251671773399174e-05,0.0001795246552860499
1041,2012-01-23,4.154467398428744e-05,0.00018617387405710882
1042,2012-01-24,0.00012083712566699823,0.00021436929966411197
1043,2012-01-25,4.643084223677742e-05,0.00020890844209148427
1044,2012-01-27,0.00018525830571962956,0.00018211745961887072
1045,2012-01-30,0.00016672115311272057,0.00020160607747296916
1046,2012-01-31,0.00017086885184436565,0.00017365351981982354
1047,2012-02-01,0.00010126764353538766,0.0001644627562159441
1048,2012-02-02,0.00010556267736452432,0.00015928872345593006
1049,2012-02-03,7.789539473831196e-05,0.00017711440007479854
1050,2012-02-06,0.00015229906555186298,0.00014394576573868332
1051,2012-02-07,0.00018798218230304858,0.00012991878498522745
1052,2012-02-08,6.299476653004354e-05,0.0001499449824737464
1053,2012-02-09,0.00010552769936419439,0.00013974814822699964
1054,2012-02-10,9.297077280529584e-05,0.00014543006516437088
1055,2012-02-13,5.5213393139362436e-05,0.00012046893731037549
1056,2012-02-14,3.278226378094553e-05,0.00012967411920633743
1057,2012-02-15,0.0001423303420325353,0.00012528697100133753
1058,2012-02-16,4.0214093403971926e-05,0.00011796952605396908
1059,2012-02-17,0.00013073248226420475,0.00012090435211959836
1060,2012-02-21,4.0634289799988644e-05,0.00011152548359626701
1061,2012-02-22,0.00020914480890194134,0.00011176802753272898
1062,2012-02-23,7.84045441353802e-05,0.0001105978790657146
1063,2012-02-24,0.00015262295689635622,0.00010063315394403273
1064,2012-02-27,0.00040240372563595585,0.00010639563778515345
1065,2012-02-28,0.00011625035252605656,9.605409557881876e-05
1066,2012-02-29,0.00021262074579254356,0.00011080538775686257
1067,2012-03-01,9.313417158560816e-05,0.00011162842563105504
1068,2012-03-02,0.00010525357313194616,0.00011859268454174378
1069,2012-03-05,8.596129792600559e-05,0.00011345632869012829
1070,2012-03-06,0.0004871790506383391,0.00011667131215948252
1071,2012-03-07,7.439790636054269e-05,0.00010880113363764227
1072,2012-03-09,0.00022726877970320104,0.00011635915838309779
1073,2012-03-12,0.0003733602109140209,0.00012218498290935827
1074,2012-03-13,6.150235551670266e-05,0.00010847209683793489
1075,2012-03-14,0.00017046449637777447,0.0001133511754649681
1076,2012-03-15,0.00011925083866219604,0.00011201961075304277
1077,2012-03-16,0.0002579592604460923,0.0001053823662560484
1078,2012-03-19,0.00014147306856952398,9.425443589420549e-05
1079,2012-03-20,4.905284769318898e-05,0.00010923742138087695
1080,2012-03-21,0.00016387476548059663,9.516944467398394e-05
1081,2012-03-22,0.00038939853877663344,0.00010562917332616641
1082,2012-03-23,0.0001278935980008644,9.576537597923417e-05
1083,2012-03-26,0.00012545421814565692,0.00011756594997783835
1084,2012-03-27,0.00023862542696973362,0.0001068274712171497
1085,2012-03-28,6.500867442529342e-05,0.00012030016317992207
1086,2012-03-29,0.00013195839197377099,0.00013714741399977327
1087,2012-03-30,0.00016016406633260474,0.0001311871529005653
1088,2012-04-02,3.300236549826398e-05,0.00013782995578544519
1089,2012-04-03,5.87935064921161e-05,0.00012853161163443728
1090,2012-04-04,4.470958252535276e-05,0.0001268079552232183
1091,2012-04-09,0.00010172540738397269,0.0001182947839616469
1092,2012-04-10,4.833184867406059e-05,0.000145474791033304
1093,2012-04-11,0.00011078323217885492,0.0001215476398769298
1094,2012-04-12,3.9861172580942284e-05,0.00013690528447164399
1095,2012-04-13,0.00020327378464616246,0.0001493070320784504
1096,2012-04-16,4.138292550267914e-05,0.00012925266435589536
1097,2012-04-17,0.0001859155107464405,0.00013590133086643333
1098,2012-04-18,6.431487905378303e-05,0.00013477565504760544
1099,2012-04-19,5.001085127121379e-05,0.0001475802249614697
1100,2012-04-20,0.00011571906305371627,0.0001403110921088921
1101,2012-04-23,0.00019549094453192412,0.0001259681437787612
1102,2012-04-24,4.976164391411318e-05,0.00014164866002167942
1103,2012-04-25,7.90269390112168e-05,0.00015972325858039623
1104,2012-04-26,2.3576401764663333e-05,0.00014673597209939902
1105,2012-04-27,5.801362839689101e-05,0.00014437203180920979
1106,2012-04-30,5.192300548580243e-05,0.00016214820266375734
1107,2012-05-02,3.7102656399580094e-05,0.0001407469827012995
1108,2012-05-03,4.523896557360595e-05,0.00014040320506550772
1109,2012-05-04,0.0001633569809363827,0.0001441519075764122
1110,2012-05-07,0.00043679751860812134,0.00011858662056441266
1111,2012-05-08,0.00024726067290296194,0.0001181313447791726
1112,2012-05-09,0.00010067811379711375,0.00011289188070061622
1113,2012-05-10,0.00012902943846835685,0.00011925942625776298
1114,2012-05-11,9.86660859528083e-05,0.00010440169992176488
1115,2012-05-14,9.649309144339993e-05,0.00011591099130901928
1116,2012-05-15,0.0001668251367408501,0.00010291743077280045
1117,2012-05-16,0.00022061269058946611,0.00012007674458251558
1118,2012-05-17,9.68356938171289e-05,0.00010338916297585512
1119,2012-05-18,0.0004388613819708845,0.00012043657113317127
1120,2012-05-22,0.00032544030758871326,0.0001084539326858627
1121,2012-05-23,5.440420859287591e-05,0.00010411920018796244
1122,2012-05-24,0.0001849434599542616,0.00010859187790424632
1123,2012-05-25,3.949887905066694e-05,0.00012142814012749642
1124,2012-05-28,6.17718255454806e-05,0.00010291638000218109
1125,2012-05-29,3.5305805442831424e-05,0.00010399471084675892
1126,2012-05-30,4.76948001187113e-05,8.983758108647401e-05
1127,2012-05-31,0.00013573709884382492,9.278793811154678e-05
1128,2012-06-01,0.0001302587464166083,8.611698829195268e-05
1129,2012-06-04,0.0001998836246396283,8.242644717510712e-05
1130,2012-06-05,5.8368973262918304e-05,8.093432113628585e-05
1131,2012-06-06,0.00023836332435316383,9.43596754334863e-05
1132,2012-06-07,9.739127686938205e-05,0.00011364542966318651
1133,2012-06-08,0.00012053240817543131,0.00011656743987935753
1134,2012-06-11,0.00012396536481258145,0.00011348910850545917
1135,2012-06-12,0.00023071003800338122,0.00011976631907847556
1136,2012-06-13,3.090957357909485e-05,0.00011747452343663885
1137,2012-06-14,0.00010166277914995135,0.00011156306884141761
1138,2012-06-15,8.606792015430292e-05,0.00011833628356125652
1139,2012-06-18,0.0003292094236110085,0.0001237682722271792
1140,2012-06-19,6.363207098852866e-05,0.00011704822215655131
1141,2012-06-20,2.6207489462809843e-05,0.000139810722710005
1142,2012-06-21,9.65812559803681e-05,0.00014468606017407432
1143,2012-06-22,0.000207359734108546,0.0001223148462099235
1144,2012-06-25,0.00011397953875698404,0.00013503759852943827
1145,2012-06-26,2.1323970903067842e-05,0.00011370820954604008
1146,2012-06-27,4.3068563945047956e-05,0.00011139042992228555
1147,2012-06-28,1.846884769351679e-05,9.872909910005636e-05
1148,2012-06-29,0.00018318831109269548,0.00010173810210842319
1149,2012-07-02,1.879493931918031e-05,0.00011197651187787163
1150,2012-07-03,4.56037201016941e-05,0.00011645939762860103
1151,2012-07-04,4.684721943088439e-05,0.00012820586277039736
1152,2012-07-05,2.4922422667117014e-05,0.0001186994180735161
1153,2012-07-06,2.68663966346735e-05,0.0001394621057888639
1154,2012-07-09,6.112509254172237e-05,0.00012511421410650388
1155,2012-07-10,5.375894261910255e-05,0.00012508141314961126
1156,2012-07-11,4.9867556741221005e-05,0.00012397595352312034
1157,2012-07-12,0.0001816213549377757,0.0001367178235392075
1158,2012-07-13,3.484244550528343e-05,0.0001080267402338022
1159,2012-07-16,4.065027074368219e-05,0.00011848450602925534
1160,2012-07-17,7.223810091349742e-05,0.00011423282024093352
1161,2012-07-18,4.3743195964700634e-05,0.00013168738425147416
1162,2012-07-19,4.8414176730087854e-05,0.00011038265689151609
1163,2012-07-20,2.3996724537698073e-05,9.712465028516393e-05
1164,2012-07-23,0.00010631789344854725,0.0001047850457841702
1165,2012-07-24,2.657309929860412e-05,0.00011728467425534958
1166,2012-07-25,4.0700374807195046e-05,0.00010710308169424301
1167,2012-07-26,0.00012757741433196186,8.972821457923255e-05
1168,2012-07-27,0.00032235788330608106,9.566658706076971e-05
1169,2012-07-30,0.00010954640594142006,8.45600340118306e-05
1170,2012-07-31,0.00012523698435464964,0.0001029620026918119
1171,2012-08-01,1.6431453516940496e-05,7.915095431551526e-05
1172,2012-08-02,1.3170367051296219e-05,8.442466542119361e-05
1173,2012-08-03,8.459947474849641e-05,8.206880988979095e-05
1174,2012-08-06,8.820213188422257e-05,7.763936110506082e-05
1175,2012-08-07,6.122679356785002e-05,7.066477580595371e-05
1176,2012-08-08,3.491052587749492e-05,7.744619009892346e-05
1177,2012-08-09,4.1286045978838254e-05,7.573843734766077e-05
1178,2012-08-10,2.3140653005165117e-05,7.406404308871566e-05
1179,2012-08-13,2.289448569053037e-05,8.652973281391831e-05
1180,2012-08-14,4.094741313274507e-05,7.705699774769402e-05
1181,2012-08-16,1.4506726751830742e-05,7.546397905037877e-05
1182,2012-08-17,4.042603141606514e-05,7.898786924540736e-05
1183,2012-08-21,3.7436826532769526e-05,7.28216967010394e-05
1184,2012-08-22,4.291426045462803e-05,6.980961301098447e-05
1185,2012-08-23,3.972813004257747e-05,6.521094461332458e-05
1186,2012-08-24,2.7932776093366354e-05,7.538702319346316e-05
1187,2012-08-27,3.271134035247067e-05,6.304313508539011e-05
1188,2012-08-29,4.877374443347274e-05,6.356705391356335e-05
1189,2012-08-30,0.00010678954065539667,7.394377137935469e-05
1190,2012-08-31,6.238508275778173e-05,8.985092337928753e-05
1191,2012-09-03,4.5686485535526806e-05,8.555063732420537e-05
1192,2012-09-04,2.6968202392885867e-05,9.005260486928954e-05
1193,2012-09-05,5.632593698609306e-05,7.451636621327946e-05
1194,2012-09-06,3.061477523981973e-05,6.642627040570686e-05
1195,2012-09-07,0.00019888279871401604,7.423374554298682e-05
1196,2012-09-10,2.1663822527517755e-05,7.604443470842742e-05
1197,2012-09-11,7.020125385499147e-05,7.316000124394628e-05
1198,2012-09-12,2.7290745129104744e-05,7.088362372155843e-05
1199,2012-09-13,7.938397425310236e-06,7.386632486034601e-05
1200,2012-09-14,0.0003273158345356238,6.640225682274514e-05
1201,2012-09-17,0.00014053919788437787,6.144533908875132e-05
1202,2012-09-18,1.4273074663479947e-05,6.387010988814535e-05
1203,2012-09-20,0.00015822520728389703,5.5939965120501686e-05
1204,2012-09-21,0.0002445458831251483,6.0019932947134486e-05
1205,2012-09-24,2.4046303271995458e-05,6.072784971482489e-05
1206,2012-09-25,2.7122396106410454e-05,6.22028874249347e-05
1207,2012-09-26,2.5470371073918194e-05,6.222700316270153e-05
1208,2012-09-27,3.449066395793313e-05,6.0088804133158056e-05
1209,2012-09-28,7.534482290003559e-05,6.055462800402613e-05
1210,2012-10-01,9.057197498392096e-06,6.320171711466623e-05
1211,2012-10-03,9.997077184030429e-06,6.837974121684966e-05
1212,2012-10-04,4.747932521146569e-05,6.414508963118406e-05
1213,2012-10-05,0.018615232857210978,6.259466594796461e-05
1214,2012-10-08,7.775190681072206e-05,5.938277287730495e-05
1215,2012-10-09,5.8440334908762963e-05,6.43352119071915e-05
1216,2012-10-10,5.176164982895675e-05,6.0023664723035646e-05
1217,2012-10-11,7.902182197821344e-05,7.217547207304029e-05
1218,2012-10-12,7.243701108254257e-05,5.882043594543578e-05
1219,2012-10-15,2.170789447005765e-05,6.613679217536325e-05
1220,2012-10-16,7.456883176944743e-05,5.997635925589108e-05
1221,2012-10-17,6.603907401051927e-05,5.1051179430055364e-05
1222,2012-10-18,6.499608027306166e-05,7.025608891311309e-05
1223,2012-10-19,3.7261685077944394e-05,7.329778151297686e-05
1224,2012-10-22,5.0743588507183014e-05,5.831410861478199e-05
1225,2012-10-23,1.62084500745669e-05,7.600396936065472e-05
1226,2012-10-25,1.2459208373901737e-05,9.065871810125948e-05
1227,2012-10-29,8.038171425201321e-05,7.057497573875992e-05
1228,2012-10-30,0.00011413446745512082,6.661346428899745e-05
1229,2012-10-31,1.903905180188835e-05,6.723086403105984e-05
1230,2012-11-01,2.740165210323122e-05,6.500540771086502e-05
1231,2012-11-02,9.024685998261915e-05,6.651271270571256e-05
1232,2012-11-05,1.0431483351604407e-05,5.456848944466435e-05
1233,2012-11-06,1.773611814843626e-05,5.017756246939727e-05
1234,2012-11-07,4.596073058758185e-05,5.634017278294354e-05
1235,2012-11-08,0.00010634130129039316,0.00011768029027578244
1236,2012-11-09,5.9101271960584636e-05,8.30114011699028e-05
1237,2012-11-12,3.0488768309756514e-05,8.67882380811561e-05
1238,2012-11-15,6.601471749577865e-05,9.1285110027511e-05
1239,2012-11-16,8.902496682234918e-05,9.352864671125927e-05
1240,2012-11-19,2.0960005154177567e-05,7.943047585333044e-05
1241,2012-11-20,8.353196630513377e-05,6.829301000400606e-05
1242,2012-11-21,4.332587304892978e-05,7.654141635041854e-05
1243,2012-11-22,1.932291324268603e-05,7.975717681456512e-05
1244,2012-11-23,3.226007153250479e-05,7.644074178475328e-05
1245,2012-11-26,2.371105108230429e-05,6.998510534348008e-05
1246,2012-11-27,7.528811177273037e-05,7.526341715983469e-05
1247,2012-11-29,9.909859172908017e-05,6.318094609339162e-05
1248,2012-11-30,3.589561818594228e-05,5.538993398174975e-05
1249,2012-12-03,1.924373019745432e-05,6.482321938454997e-05
1250,2012-12-04,1.3037877639907191e-05,7.056014243939414e-05
1251,2012-12-05,1.532501371113619e-05,6.0055570969543076e-05
1252,2012-12-06,0.0001760896276974992,6.205670189239021e-05
1253,2012-12-07,3.5838456178933825e-05,7.230854995400004e-05
1254,2012-12-10,1.4472180833363621e-05,5.871829975787434e-05
1255,2012-12-11,0.00010081689918340179,5.717939490378295e-05
1256,2012-12-12,3.5101400036161404e-05,6.293696583031465e-05
1257,2012-12-13,4.6958454158741234e-05,6.275907943483218e-05
1258,2012-12-14,2.211028987139598e-05,5.909748276542135e-05
1259,2012-12-17,2.596284301411303e-05,5.7920973037875515e-05
1260,2012-12-18,8.950833728618655e-05,6.400134019447493e-05
1261,2012-12-19,1.9876482288371285e-05,6.704640006004012e-05
1262,2012-12-20,4.015612904585067e-05,5.600219966652989e-05
1263,2012-12-21,4.458982849407565e-05,6.36478222813968e-05
1264,2012-12-24,2.1025963285826505e-05,6.103143739066435e-05
1265,2012-12-26,3.505247309889827e-05,5.3916003433167674e-05
1266,2012-12-27,5.999115893699705e-05,5.295603313703911e-05
1267,2012-12-28,2.1009244790702335e-05,5.165910068001982e-05
1268,2012-12-31,6.898550980397025e-06,5.5864078640410995e-05
1269,2013-01-02,0.00017672040331452723,6.029742962338754e-05
1270,2013-01-03,2.6949767378723e-05,5.920265329434163e-05
1271,2013-01-04,2.0368095411932226e-05,5.407688771857279e-05
1272,2013-01-07,5.9167645841048763e-05,4.915208304277312e-05
1273,2013-01-08,1.927316223472055e-05,4.681880048139036e-05
1274,2013-01-09,3.5867892097205244e-05,5.834109542473867e-05
1275,2013-01-10,5.408625610547154e-05,5.13175796223829e-05
1276,2013-01-11,0.00011106601211905322,4.818361727086107e-05
1277,2013-01-14,5.979124891776423e-05,6.112811997710487e-05
1278,2013-01-15,2.8329325669237457e-05,5.845491807415572e-05
1279,2013-01-16,3.939978929269253e-05,5.5789253087456575e-05
1280,2013-01-17,3.899554003757296e-05,5.1108904860430215e-05
1281,2013-01-18,2.319854900670871e-05,5.250703712673281e-05
1282,2013-01-21,2.0657540421804304e-05,5.697393124414699e-05
1283,2013-01-22,3.502066923464479e-05,4.889827372464977e-05
1284,2013-01-23,2.4283507120777365e-05,5.1544694494065494e-05
1285,2013-01-24,3.238825795211792e-05,5.239901955516521e-05
1286,2013-01-25,4.100443305410099e-05,4.872194700492875e-05
1287,2013-01-28,8.489545712396905e-06,4.93020196219724e-05
1288,2013-01-29,5.976315632305722e-05,5.352426638046361e-05
1289,2013-01-30,1.3383566482520606e-05,4.8756771969896406e-05
1290,2013-01-31,1.2673739324959268e-05,4.013861263140838e-05
1291,2013-02-01,4.600585016920553e-05,5.429581868331161e-05
1292,2013-02-04,4.995953524064686e-05,4.70056274768262e-05
1293,2013-02-05,4.931911701564049e-05,4.444435617500793e-05
1294,2013-02-06,4.0717649980248616e-05,5.119570717908669e-05
1295,2013-02-07,4.758004624940128e-05,4.943335542872599e-05
1296,2013-02-08,4.928297759357344e-05,4.7085196378383966e-05
1297,2013-02-11,2.9256415051609915e-05,5.006784277178205e-05
1298,2013-02-12,1.6706184147464525e-05,5.819356360819973e-05
1299,2013-02-13,3.4840467655964394e-05,5.50155609048666e-05
1300,2013-02-14,2.9897294304821746e-05,5.2810223466591414e-05
1301,2013-02-15,4.1532684463449983e-05,5.383015541657091e-05
1302,2013-02-18,1.0195570682363746e-05,5.377851879565784e-05
1303,2013-02-19,4.049095999329924e-05,4.881456721031172e-05
1304,2013-02-20,3.0539188564802946e-05,4.5189753652874405e-05
1305,2013-02-21,8.900674574112384e-05,4.7695761648031784e-05
1306,2013-02-22,2.4304672144889663e-05,4.5340809697601207e-05
1307,2013-02-25,4.4154006136713416e-05,4.553094701598282e-05
1308,2013-02-26,9.123939472892992e-05,4.787365351101084e-05
1309,2013-02-27,6.492734423679488e-05,4.0526556310063585e-05
1310,2013-02-28,0.00036294586057602433,4.717029358666687e-05
1311,2013-03-01,3.8798556990831824e-05,4.15820766459557e-05
1312,2013-03-04,3.861188809820392e-05,4.064656532295796e-05
1313,2013-03-05,6.472386056758574e-05,4.3360204595042986e-05
1314,2013-03-06,4.3032690369405256e-05,4.70047780490137e-05
1315,2013-03-07,6.899653254590373e-05,4.75447988887136e-05
1316,2013-03-08,5.947286535673953e-05,4.836073022403046e-05
1317,2013-03-11,1.714351078187132e-05,5.215427623862702e-05
1318,2013-03-12,3.4063247719821736e-05,5.258667317625393e-05
1319,2013-03-13,5.0512429983088326e-05,4.906499873359931e-05
1320,2013-03-14,0.0001787944453546776,4.366210993925617e-05
1321,2013-03-15,7.278011372472201e-05,4.5412260523575516e-05
1322,2013-03-18,0.00010540267542449822,4.4353151065798604e-05
1323,2013-03-19,0.0002149200648145051,4.5276209729166425e-05
1324,2013-03-20,4.2212803402931755e-05,3.8701178027460694e-05
1325,2013-03-21,0.00014389953084679636,4.442314717516265e-05
1326,2013-03-22,3.816002728124065e-05,4.389478776784069e-05
1327,2013-03-25,0.0001894124803643114,5.00357039181002e-05
1328,2013-03-26,3.395527778001207e-05,4.5018961163723605e-05
1329,2013-03-28,9.292225083624032e-05,4.961875827499546e-05
1330,2013-04-01,2.7659263726904485e-05,5.474766354049415e-05
1331,2013-04-02,4.742499682033169e-05,5.704917053451335e-05
1332,2013-04-03,9.81228119505237e-05,7.021575649668198e-05
1333,2013-04-04,9.94149779681601e-05,6.21704472515272e-05
1334,2013-04-05,2.184427788683998e-05,6.350173918303679e-05
1335,2013-04-08,1.3068625923472101e-05,6.53850023063587e-05
1336,2013-04-09,0.00017507235222489944,6.210577546214685e-05
1337,2013-04-10,0.00017320054726049347,6.15718700642312e-05
1338,2013-04-11,0.0001270005982522979,6.238949744938166e-05
1339,2013-04-12,0.0002017141445322703,5.4336331620649394e-05
1340,2013-04-15,0.0001090128612683344,5.571106663694124e-05
1341,2013-04-16,0.00022062593275952197,5.835266428246838e-05
1342,2013-04-17,5.27046777960748e-05,6.948251568008107e-05
1343,2013-04-18,0.0001320985504656562,6.65718041354655e-05
1344,2013-04-22,3.2547263592395116e-05,7.460483073473472e-05
1345,2013-04-23,4.839397128025933e-05,8.614310505419063e-05
1346,2013-04-25,6.04887002199652e-05,7.856141483282884e-05
1347,2013-04-26,2.8865023044380188e-05,8.732507971214739e-05
1348,2013-04-29,2.521297703017839e-05,7.811698746325322e-05
1349,2013-04-30,0.00011771518247206019,9.04447236148168e-05
1350,2013-05-02,0.0001249705180492381,7.598764343925022e-05
1351,2013-05-03,4.7751695755288456e-05,8.51573324284525e-05
1352,2013-05-06,2.2858776419935333e-05,7.220607797582796e-05
1353,2013-05-07,4.727358771193069e-05,7.490977318329295e-05
1354,2013-05-08,4.815891569358793e-05,7.517782432473002e-05
1355,2013-05-09,2.012056050066396e-05,7.936797905377196e-05
1356,2013-05-10,3.378685553745325e-05,6.703788941923267e-05
1357,2013-05-13,0.0001619304372090384,6.081745493193548e-05
1358,2013-05-14,3.243233836208962e-05,7.880737397215986e-05
1359,2013-05-15,0.0001907853737350881,8.155843372773051e-05
1360,2013-05-16,4.2508281453312235e-05,8.196421601317905e-05
1361,2013-05-17,2.712312207611578e-05,9.577052856845773e-05
1362,2013-05-20,6.696790275119435e-05,0.00010057025169439069
1363,2013-05-21,5.6265938878661276e-05,0.00010966057119454216
1364,2013-05-22,5.204616483000557e-05,9.310929597079165e-05
1365,2013-05-23,0.00020214712268113501,0.00010044951570621636
1366,2013-05-24,0.00012680764787278542,8.401562590441711e-05
1367,2013-05-27,0.00014341736443935436,8.15322718762379e-05
1368,2013-05-28,4.879757924028075e-05,8.013036886473004e-05
1369,2013-05-29,3.740486513123758e-05,7.214023534318122e-05
1370,2013-05-30,6.305710308312825e-05,6.70979207539368e-05
1371,2013-05-31,0.00017525952077153715,7.688098583584291e-05
1372,2013-06-03,8.853634360642093e-05,8.203307328834034e-05
1373,2013-06-04,5.68002331635097e-05,7.504846224547583e-05
1374,2013-06-05,3.0370111611881523e-05,7.043863608322455e-05
1375,2013-06-06,9.63845775593921e-05,7.548289915797e-05
1376,2013-06-07,0.0001468995450338642,7.238544525393248e-05
1377,2013-06-10,7.352938722567737e-05,6.213252818318985e-05
1378,2013-06-11,0.00010188351389531786,6.440584304479176e-05
1379,2013-06-12,3.801266396372456e-05,8.089600275180778e-05
1380,2013-06-13,0.0001010021909458509,6.871036881247073e-05
1381,2013-06-14,0.00014015486085416202,8.132888335855803e-05
1382,2013-06-17,9.471436564902634e-05,7.329112471105255e-05
1383,2013-06-18,3.7464632813634236e-05,6.754648495407515e-05
1384,2013-06-19,3.1544374260778125e-05,6.921571988060967e-05
1385,2013-06-20,0.0002637534019760181,6.742177325876003e-05
1386,2013-06-21,5.8117727275212424e-05,6.451342699940956e-05
1387,2013-06-24,9.048291372115542e-05,7.520119693088872e-05
1388,2013-06-25,0.00010946092904941521,7.86970380644469e-05
1389,2013-06-26,4.459009895309885e-05,8.330498513346337e-05
1390,2013-06-27,0.00015969340060064465,7.637997301884058e-05
1391,2013-06-28,0.0002466335986843073,7.479938331242175e-05
1392,2013-07-01,6.833281803540368e-05,7.643973880901949e-05
1393,2013-07-02,2.6640374060941153e-05,8.34916896057693e-05
1394,2013-07-03,9.150417382544184e-05,7.775583825069126e-05
1395,2013-07-04,5.526522911252425e-05,7.617234871666969e-05
1396,2013-07-05,9.869565530510361e-05,7.2985864707372e-05
1397,2013-07-08,8.096066189957376e-05,8.11757780588292e-05
1398,2013-07-09,2.506641333371739e-05,8.50213092638464e-05
1399,2013-07-10,6.108747754027794e-05,8.291584519006719e-05
1400,2013-07-11,0.00021242346406085346,8.838686042331481e-05
1401,2013-07-12,0.00017688470501939376,8.099460920757435e-05
1402,2013-07-15,3.9261682587445675e-05,8.866327046572695e-05
1403,2013-07-16,0.000308939205510497,8.971673349143642e-05
1404,2013-07-17,5.296746824494176e-05,8.989862217290277e-05
1405,2013-07-18,5.7982297160504606e-05,8.244710110575344e-05
1406,2013-07-19,2.9866147268124543e-05,7.96736343960388e-05
1407,2013-07-22,4.9579574330511915e-05,9.769347006404783e-05
1408,2013-07-23,3.95046671897187e-05,8.602470336373724e-05
1409,2013-07-24,0.00012433858293597465,8.682294553519595e-05
1410,2013-07-25,9.615190775924488e-05,9.080717204757565e-05
1411,2013-07-26,8.139676649165786e-05,8.44279487107796e-05
1412,2013-07-29,4.3931373769963124e-05,9.265189437948724e-05
1413,2013-07-30,0.00013216628316620492,0.00010399348685475129
1414,2013-07-31,9.537214863441652e-05,9.497801870516148e-05
1415,2013-08-01,0.00021490818737358026,8.185232679368719e-05
1416,2013-08-02,0.00014874633038262323,9.098450962122522e-05
1417,2013-08-05,3.885817654217826e-05,8.505017535692089e-05
1418,2013-08-06,0.00023837069388514878,8.774345203840302e-05
1419,2013-08-07,6.654973096548766e-05,8.692104514617837e-05
1420,2013-08-08,5.421548529187276e-05,7.738047075010449e-05
1421,2013-08-12,0.00013713975263496072,8.051750375957223e-05
1422,2013-08-13,0.00017469374761106357,9.278804265204762e-05
1423,2013-08-14,5.163679230536893e-05,9.675398260420703e-05
1424,2013-08-16,0.0005647224541765141,8.380661433078243e-05
1425,2013-08-19,0.00025285384355440996,0.00010589380105273324
1426,2013-08-20,0.0002841560453129321,9.308666250355107e-05
1427,2013-08-21,0.0009431834059306823,9.07269441249907e-05
1428,2013-08-22,0.00033868040949358564,8.211683062241477e-05
1429,2013-08-23,0.00015078326108678252,8.255653129358462e-05
1430,2013-08-26,8.64497736214948e-05,7.532492891949184e-05
1431,2013-08-27,0.0003630327461757128,8.360862288414001e-05
1432,2013-08-28,0.0006698401386561724,8.379681517240983e-05
1433,2013-08-29,0.00022038879038660698,8.709474266312427e-05
1434,2013-08-30,0.0002077971807884011,8.122552560296075e-05
1435,2013-09-02,8.588800302834463e-05,8.942814079909421e-05
1436,2013-09-03,0.0007729995212731883,8.74873305574187e-05
1437,2013-09-04,0.0002490718867105556,9.909564926592864e-05
1438,2013-09-05,0.0004363189616205052,9.994375381099496e-05
1439,2013-09-06,0.00019633696113205805,9.079098720050207e-05
1440,2013-09-10,0.00038199531287830675,0.00010605684752986824
1441,2013-09-11,0.0001011600490099743,9.636696410417065e-05
1442,2013-09-12,0.00015150951662284347,9.229044095090169e-05
1443,2013-09-13,5.9391113082679316e-05,9.941114217550473e-05
1444,2013-09-16,0.0004297203342593833,0.00010572292667129486
1445,2013-09-17,3.656225498948873e-05,9.058671113932205e-05
1446,2013-09-18,7.342347742725081e-05,0.00012024137988375942
1447,2013-09-19,0.0006863301318641111,0.00011955012612668469
1448,2013-09-20,0.00038802999374198813,0.00012849522298950618
1449,2013-09-23,0.0002603049268508987,0.0001567032784952847
1450,2013-09-24,0.000121678139167857,0.0001649552753132444
1451,2013-09-25,0.00012565629989711873,0.00015245627172356447
1452,2013-09-26,3.4062130336749626e-05,0.0001437079222236371
1453,2013-09-27,9.573722369558743e-05,0.00016267727463314892
1454,2013-09-30,0.00011597006290421184,0.00017452677329936488
1455,2013-10-01,0.00011036330398716331,0.00016258917155114648
1456,2013-10-03,0.00017532501840736102,0.00016900379508378257
1457,2013-10-04,6.288455766059532e-05,0.00015761520240424902
1458,2013-10-07,0.0001124579457356696,0.00019635986070242807
1459,2013-10-08,0.00017969716408544243,0.0001760317388239631
1460,2013-10-09,0.0002184835902961002,0.00019141192498741116
1461,2013-10-10,2.8701957224501102e-05,0.00018706483113270004
1462,2013-10-11,0.0002448248912197223,0.0002071977191859758
1463,2013-10-14,1.543056211432616e-05,0.00017838087526992873
1464,2013-10-15,0.00012638996826867474,0.00018388030713114493
1465,2013-10-17,5.791236274194981e-05,0.00015831823533159252
1466,2013-10-18,0.00017147376621983373,0.00019129720916776638
1467,2013-10-21,3.612970221702077e-05,0.00014661004150406937
1468,2013-10-22,1.717384204974844e-05,0.0001458330212034753
1469,2013-10-23,0.00011549802834108004,0.00018496091493430764
1470,2013-10-24,0.0001490407952513955,0.0001890512158826192
1471,2013-10-25,2.364685193864307e-05,0.00017559636475497577
1472,2013-10-28,5.282025457333345e-05,0.00016870990775760342
1473,2013-10-29,0.0002016525784193455,0.00017124339091785314
1474,2013-10-30,2.1731663740494965e-05,0.00013762497836754294
1475,2013-10-31,5.1909345239799416e-05,0.00013791246346942738
1476,2013-11-01,2.3794754978321352e-05,0.0001313713247721553
1477,2013-11-05,4.82426168586855e-05,0.0001281303279517662
1478,2013-11-06,3.353173609730044e-05,0.00013371580095666567
1479,2013-11-07,0.00012876239735491697,0.000125028470586184
1480,2013-11-08,4.402548323209346e-05,0.00012668383271358853
1481,2013-11-11,7.673135931164532e-05,0.00013246670594163648
1482,2013-11-12,8.971080940704088e-05,0.00013590865183392244
1483,2013-11-13,6.100602935573218e-05,0.00010486232573602566
1484,2013-11-14,0.00011828996035956361,0.00012878312612390783
1485,2013-11-18,0.00014854078912635542,9.32079722895681e-05
1486,2013-11-19,1.1251100718652468e-05,0.00010798246183078947
1487,2013-11-20,9.081174658141309e-05,9.655222553610775e-05
1488,2013-11-21,0.00013609932978663012,0.00010994392835132137
1489,2013-11-22,7.630263366034386e-05,9.111515992502359e-05
1490,2013-11-25,0.00011605249280751111,8.407393823538232e-05
1491,2013-11-26,4.507807915344105e-05,9.34278051508202e-05
1492,2013-11-27,1.975035646783215e-05,9.668104849902078e-05
1493,2013-11-28,5.080778408669597e-05,7.473051024244626e-05
1494,2013-11-29,5.979253712260916e-05,7.900782990925607e-05
1495,2013-12-02,3.064868532498116e-05,9.653083909742289e-05
1496,2013-12-03,1.5665906444101575e-05,7.643103622345346e-05
1497,2013-12-04,3.6435016709127394e-05,7.697663383948647e-05
1498,2013-12-05,0.0003136227838961247,7.045733974020371e-05
1499,2013-12-06,1.9274322987935546e-05,7.293335795271585e-05
1500,2013-12-09,0.0006425078371398651,6.405242639548587e-05
1501,2013-12-10,2.9432463258360165e-05,7.697837543703958e-05
1502,2013-12-11,3.489126265375152e-05,6.946972292612559e-05
1503,2013-12-12,5.171892956503665e-05,7.427048489085108e-05
1504,2013-12-13,5.2546046591575224e-05,7.556503132286397e-05
1505,2013-12-16,1.2400048990373773e-05,7.634409559249311e-05
1506,2013-12-17,4.405171567609635e-05,7.841156697213805e-05
1507,2013-12-18,0.00010430665674215759,8.715606657909241e-05
1508,2013-12-19,0.00014651669075624332,6.444547570201376e-05
1509,2013-12-20,0.00011782201837641019,7.536253353525817e-05
1510,2013-12-23,3.1552634176618424e-05,7.96171377149141e-05
1511,2013-12-24,1.687244092956525e-05,7.624162959300023e-05
1512,2013-12-26,1.7219060426342467e-05,8.04928545403078e-05
1513,2013-12-27,1.5943462395116126e-05,7.816906646947855e-05
1514,2013-12-30,5.5862978481389515e-05,6.676416965073809e-05
1515,2013-12-31,1.451751855281898e-05,6.957700318781723e-05
1516,2014-01-02,0.00020059012843749534,6.973407469176726e-05
1517,2014-01-03,4.1723256713142565e-05,6.109045063603073e-05
1518,2014-01-06,3.07412255979172e-05,5.5632634435301744e-05
1519,2014-01-07,5.533601292478208e-05,5.9848013939442286e-05
1520,2014-01-08,1.528154336129494e-05,7.835725283544355e-05
1521,2014-01-09,1.6758678876506762e-05,6.0802246838736434e-05
1522,2014-01-10,9.496569564107382e-05,9.135921460220697e-05
1523,2014-01-13,9.486811508393159e-05,7.418034678737274e-05
1524,2014-01-14,2.333817546942452e-05,7.46055187125223e-05
1525,2014-01-15,4.5600474745914595e-05,7.0633283330473e-05
1526,2014-01-16,3.0129249871845632e-05,7.271847626201365e-05
1527,2014-01-17,5.9205848715211025e-05,5.472512336132751e-05
1528,2014-01-20,3.676432784855484e-05,5.942347162392635e-05
1529,2014-01-21,1.5563470253546735e-05,6.521781857675024e-05
1530,2014-01-22,3.402564522262885e-05,7.28534209144219e-05
1531,2014-01-23,1.6943913917988617e-05,7.441055319725374e-05
1532,2014-01-24,9.268746924724543e-05,6.883329293620448e-05
1533,2014-01-27,0.00019728068477998178,6.184008103868935e-05
1534,2014-01-28,5.4156436028002605e-05,5.566619412422233e-05
1535,2014-01-29,6.46425555304567e-05,4.957670249057773e-05
1536,2014-01-30,0.0001126781225235124,5.300504127691178e-05
1537,2014-01-31,1.097401365934784e-05,4.6273343551019185e-05
1538,2014-02-03,8.568243126597371e-05,6.139700408767026e-05
1539,2014-02-04,0.00014913519294049965,5.811990913305454e-05
1540,2014-02-05,5.274112477232016e-05,5.9419997506606925e-05
1541,2014-02-06,8.778271968443769e-05,6.214174389391847e-05
1542,2014-02-07,7.64443867925468e-05,5.4109387970374915e-05
1543,2014-02-10,1.4745662996268773e-05,4.913536187818436e-05
1544,2014-02-11,1.7178545009473628e-05,5.446087388242646e-05
1545,2014-02-12,2.338908997366274e-05,5.814272011178358e-05
1546,2014-02-13,9.892499324259787e-05,5.098148608726774e-05
1547,2014-02-14,7.018418861185605e-05,5.5489236679253754e-05
1548,2014-02-18,6.575123038256531e-05,5.486892837714931e-05
1549,2014-02-19,1.124867436266472e-05,5.781573529932162e-05
1550,2014-02-20,3.39003040106693e-05,5.367096725083421e-05
1551,2014-02-21,3.175262018267772e-05,4.824200038932127e-05
1552,2014-02-24,3.867252946133236e-05,4.847332852374039e-05
1553,2014-02-25,2.525054048141083e-05,4.3651476814169785e-05
1554,2014-02-26,1.7262729958847926e-05,5.028559629550597e-05
1555,2014-02-28,2.8743741054926772e-05,5.900530889493444e-05
1556,2014-03-03,4.0954977649680797e-05,5.886627144058856e-05
1557,2014-03-04,6.529558600620915e-05,6.278063118565617e-05
1558,2014-03-05,5.1858217147848534e-05,7.120558878971885e-05
1559,2014-03-06,4.3603136657303416e-05,5.6568015090987804e-05
1560,2014-03-07,0.00012941358596490164,6.0417499431431433e-05
1561,2014-03-10,7.599879057001787e-05,6.68947808222076e-05
1562,2014-03-11,3.704769528930493e-05,6.309664234541244e-05
1563,2014-03-12,3.4691323562336074e-05,6.487975335796522e-05
1564,2014-03-13,9.267300036678654e-05,7.198499724513865e-05
1565,2014-03-14,0.00010886019801790062,6.0624147268685115e-05
1566,2014-03-18,6.919122723064768e-05,5.410259041538996e-05
1567,2014-03-19,1.4173045667248137e-05,5.177519523494193e-05
1568,2014-03-20,2.6031879131334877e-05,5.8047497268947795e-05
1569,2014-03-21,3.530394308266797e-05,5.705721598569699e-05
1570,2014-03-24,5.9261747536925495e-05,6.148839079572279e-05
1571,2014-03-25,4.5885951094810905e-05,5.2921367358188876e-05
1572,2014-03-26,3.2664367591704936e-05,5.708334658674065e-05
1573,2014-03-27,4.739753006551414e-05,5.4895763708420724e-05
1574,2014-03-28,5.164158255284758e-05,5.423334216276971e-05
1575,2014-03-31,5.9278385850370396e-05,5.121547754243163e-05
1576,2014-04-01,5.140639785098761e-05,4.939284356078856e-05
1577,2014-04-02,4.484034433047394e-05,4.857702270447946e-05
1578,2014-04-03,6.368821167313272e-05,4.981225369552011e-05
1579,2014-04-04,2.539121426307743e-05,5.2341118784219086e-05
1580,2014-04-07,4.266358463701505e-05,5.238093672256565e-05
1581,2014-04-09,9.507756301228588e-05,5.547615401569244e-05
1582,2014-04-10,1.354215794151438e-05,6.346322513486932e-05
1583,2014-04-11,4.701102143135488e-05,6.221222764729279e-05
1584,2014-04-15,8.118845249703264e-05,5.7948411739592556e-05
1585,2014-04-16,5.3410766197418525e-05,5.5752941384529524e-05
1586,2014-04-17,8.187577131127877e-05,6.095140188848684e-05
1587,2014-04-21,1.3078815614646966e-05,6.357128560688893e-05
1588,2014-04-22,8.004861357132738e-06,6.334069139209523e-05
1589,2014-04-23,1.5526099108532277e-05,5.516372279880806e-05
1590,2014-04-25,7.279022470733911e-05,5.4561686637985505e-05
1591,2014-04-28,9.8370784920274e-06,5.2559235621010234e-05
1592,2014-04-29,3.8691778989335236e-05,5.2451263601662304e-05
1593,2014-04-30,0.00011516939664065337,5.228542702262932e-05
1594,2014-05-02,2.4766416725004086e-05,5.318695056875371e-05
1595,2014-05-05,4.282739125730091e-05,5.6066710570769544e-05
1596,2014-05-06,2.224923229122912e-05,5.755748312383114e-05
1597,2014-05-07,4.423932207423968e-05,5.8941784686497945e-05
1598,2014-05-08,2.53381652359293e-05,6.0069276353852044e-05
1599,2014-05-09,0.0003575386732890154,6.090414762724225e-05
1600,2014-05-12,0.0001745150770310301,6.358380024807842e-05
1601,2014-05-13,0.00017585508893972106,5.762229357128848e-05
1602,2014-05-14,2.4804007115949985e-05,5.8329027343761305e-05
1603,2014-05-15,3.207734248077397e-05,6.344557372503655e-05
1604,2014-05-16,0.0018507799311123952,5.181957377634551e-05
1605,2014-05-19,0.00018366190568116955,5.4367453056762614e-05
1606,2014-05-20,0.00011177481758266805,5.9755756779872926e-05
1607,2014-05-21,4.806085031388509e-05,5.970204631300537e-05
1608,2014-05-22,5.0197862371263626e-05,6.0401237365644765e-05
1609,2014-05-23,6.423408356032516e-05,5.2800161816999534e-05
1610,2014-05-26,0.00040590351804873314,4.5759958809525015e-05
1611,2014-05-27,6.696476080241768e-05,4.4360676994239926e-05
1612,2014-05-28,1.2164646324181228e-05,4.9188801815599326e-05
1613,2014-05-29,6.80633757051589e-05,3.989560917921648e-05
1614,2014-05-30,0.00021514717696432498,4.4021581433597765e-05
1615,2014-06-02,0.0001292113248709812,5.3057378453487465e-05
1616,2014-06-03,4.8403370467318515e-05,5.044784268620787e-05
1617,2014-06-04,1.0803267850191747e-05,5.041667501446844e-05
1618,2014-06-05,9.853463165239584e-05,4.9735869730144814e-05
1619,2014-06-06,9.426426413628537e-05,5.131134438214294e-05
1620,2014-06-09,7.792291056061944e-05,4.62897443513823e-05
1621,2014-06-10,0.00010172247471996627,6.0829960592687834e-05
1622,2014-06-11,7.491089627765237e-05,6.411844086808314e-05
1623,2014-06-12,3.582976948594214e-05,7.297200626052348e-05
1624,2014-06-13,0.00014266058845059396,6.43626355991249e-05
1625,2014-06-16,2.878634690044724e-05,6.462621903146532e-05
1626,2014-06-17,9.862355535311004e-05,9.121879121758556e-05
1627,2014-06-18,0.00012754954302573185,8.493603435409781e-05
1628,2014-06-19,7.186746992301514e-05,8.214452740828021e-05
1629,2014-06-20,2.364051046420902e-05,8.118542718336356e-05
1630,2014-06-23,5.703861722685034e-05,8.145350748019347e-05
1631,2014-06-24,4.552872322011856e-05,7.392745036724873e-05
1632,2014-06-25,8.006043876939407e-06,9.031280732561036e-05
1633,2014-06-26,5.081559259734319e-05,8.361937997277284e-05
1634,2014-06-27,2.6504838795090354e-05,7.071059366795118e-05
1635,2014-06-30,6.155790869890096e-05,8.016992051134251e-05
1636,2014-07-01,1.1022930377261481e-05,9.194371839915386e-05
1637,2014-07-02,5.7040212393605825e-05,8.566218351835617e-05
1638,2014-07-03,1.4951128960516658e-05,8.220107366920086e-05
1639,2014-07-04,6.649432539212185e-05,7.443216013796724e-05
1640,2014-07-07,2.3486138872910003e-05,8.566899711704439e-05
1641,2014-07-08,0.00026538940416401485,8.377787986573272e-05
1642,2014-07-09,6.22039371624628e-05,8.344677228357089e-05
1643,2014-07-10,0.00037760063740127024,8.476669747973057e-05
1644,2014-07-11,0.00019767468728455604,8.921494969286352e-05
1645,2014-07-14,2.3515403595134222e-05,8.018180461367851e-05
1646,2014-07-15,6.201767515699356e-05,8.98497916282854e-05
1647,2014-07-16,9.329494858236362e-05,8.008430617824483e-05
1648,2014-07-17,1.4239240838462826e-05,7.946114252748262e-05
1649,2014-07-18,4.835074215640908e-05,8.137443225082754e-05
1650,2014-07-21,3.7656827140976256e-05,8.09275971190035e-05
1651,2014-07-22,3.662400601860021e-05,7.047015846052989e-05
1652,2014-07-23,3.3827297696791934e-05,7.546136470768196e-05
1653,2014-07-24,2.448229338398824e-05,7.178392159612208e-05
1654,2014-07-25,5.131315115391986e-05,5.448541305403513e-05
1655,2014-07-28,3.5127978643434876e-05,5.7952396601939024e-05
1656,2014-07-30,5.1441874729792164e-05,5.7435250407629814e-05
1657,2014-07-31,3.723768743970009e-05,5.9660482405698695e-05
1658,2014-08-01,0.00015547339559752592,4.891962111923615e-05
1659,2014-08-04,5.385148247508538e-05,5.6235767313440325e-05
1660,2014-08-05,0.00010421621150050379,4.923611025870639e-05
1661,2014-08-06,4.488686394526672e-05,5.670408076294274e-05
1662,2014-08-07,5.050175837916193e-05,5.057129232480754e-05
1663,2014-08-08,8.256038089357645e-05,6.532845468145843e-05
1664,2014-08-11,5.418194534010615e-05,6.144535467815728e-05
1665,2014-08-12,0.00010773983820640685,7.7979826823239e-05
1666,2014-08-13,2.2612546133148158e-05,8.114054760768381e-05
1667,2014-08-14,2.3746832864010017e-05,7.319414157878951e-05
1668,2014-08-18,5.721584613897115e-05,7.024789429839316e-05
1669,2014-08-19,1.890693869690434e-05,7.45217526782403e-05
1670,2014-08-20,2.3942181655176695e-05,5.7550940816978166e-05
1671,2014-08-21,2.1994579752111335e-05,5.6295655879392635e-05
1672,2014-08-22,8.018817445829827e-06,5.582176727647029e-05
1673,2014-08-25,3.562272788183607e-05,5.49861379182441e-05
1674,2014-08-26,3.129466935463767e-05,5.2024786874056536e-05
1675,2014-08-27,1.8592275779778118e-05,5.1604695186974456e-05
1676,2014-08-28,5.462351336726803e-06,5.5661158638288826e-05
1677,2014-09-01,3.3992239847295314e-05,5.3899868605574735e-05
1678,2014-09-02,2.52511898750872e-05,5.6369921427153614e-05
1679,2014-09-03,2.4510109262627755e-05,5.508743647793106e-05
1680,2014-09-04,2.0711915637170884e-05,6.702612310045978e-05
1681,2014-09-05,2.8087947151732716e-05,6.38212565805819e-05
1682,2014-09-08,4.706957623748157e-05,7.157408824660794e-05
1683,2014-09-09,1.4594219032556692e-05,6.796559611695318e-05
1684,2014-09-10,1.997352662957379e-05,7.018781360570906e-05
1685,2014-09-11,3.327498252797999e-05,6.811066838309523e-05
1686,2014-09-12,9.492124936656476e-06,6.658156073744299e-05
1687,2014-09-15,3.052621349136115e-05,6.678602455137547e-05
1688,2014-09-16,7.63602248658151e-05,5.765788704511206e-05
1689,2014-09-17,4.054262234788455e-05,5.612499960333532e-05
1690,2014-09-18,0.00018198655376170275,5.742313140279865e-05
1691,2014-09-19,1.982754530507633e-05,5.0631970623616254e-05
1692,2014-09-22,6.697641543487955e-05,4.869221015023188e-05
1693,2014-09-23,0.00011882125084648302,4.7648955617030916e-05
1694,2014-09-24,4.7288651017243584e-05,4.2206645706564323e-05
1695,2014-09-25,0.00010844941494327255,4.436787318406933e-05
1696,2014-09-26,0.00013488960442982617,4.504044203402148e-05
1697,2014-09-29,1.907532567093948e-05,4.339965885217222e-05
1698,2014-09-30,6.973350192414502e-05,3.685060867529551e-05
1699,2014-10-01,9.34555794725795e-06,4.251773365615311e-05
1700,2014-10-07,9.73829070250917e-05,4.055518169318901e-05
1701,2014-10-08,2.5930949196920314e-05,3.985310419141502e-05
1702,2014-10-09,7.129703909243559e-05,3.792949548686242e-05
1703,2014-10-10,6.974247911380969e-05,4.045496563380316e-05
1704,2014-10-13,7.511288003279701e-05,4.126166884135744e-05
1705,2014-10-14,8.699292965448741e-05,3.7387427136203604e-05
1706,2014-10-16,0.0001663746979962373,3.69481846611378e-05
1707,2014-10-17,5.8236527665006154e-05,3.787852969601869e-05
1708,2014-10-20,0.00023754131638746397,3.306752647177563e-05
1709,2014-10-21,3.4825864730978764e-05,3.349846089095726e-05
1710,2014-10-22,8.322313376681591e-05,3.816877848981084e-05
1711,2014-10-27,0.00010544580955420249,3.8708144639860936e-05
1712,2014-10-28,1.1314447610420787e-05,4.544738440043475e-05
1713,2014-10-29,4.983307825798344e-05,4.2308994467121914e-05
1714,2014-10-30,4.855347241876984e-05,4.6986876370073374e-05
1715,2014-10-31,0.00010230703888253411,5.0812338721862943e-05
1716,2014-11-03,2.5894349453500946e-05,5.126163876830637e-05
1717,2014-11-05,1.8969582141302757e-05,5.3199631266559964e-05
1718,2014-11-07,2.5608786688703393e-05,5.948909288446461e-05
1719,2014-11-10,2.943124268737388e-05,5.2108323407330115e-05
1720,2014-11-11,1.7953880331709062e-05,5.694979643594976e-05
1721,2014-11-12,1.56144636724145e-05,4.7699515982741504e-05
1722,2014-11-13,4.9134854746346504e-05,5.410152152034068e-05
1723,2014-11-14,1.3934101843581429e-05,4.8047197341965336e-05
1724,2014-11-17,4.165798636457358e-05,5.41640214644128e-05
1725,2014-11-18,1.208578633208316e-05,5.5202871384088506e-05
1726,2014-11-19,4.602896464275173e-05,6.032538356235371e-05
1727,2014-11-20,3.322769116505292e-05,6.29136848628111e-05
1728,2014-11-21,3.976184010529932e-05,7.266348676102772e-05
1729,2014-11-24,1.1624162404401433e-05,6.971382624533951e-05
1730,2014-11-25,5.600705433968975e-05,8.317393670010988e-05
1731,2014-11-26,2.06213937110572e-05,7.453131800498158e-05
1732,2014-11-27,1.2117414308236169e-05,7.730984015196376e-05
1733,2014-11-28,5.694780736391465e-05,7.843918547869478e-05
1734,2014-12-01,3.153500744851948e-05,6.272451794364982e-05
1735,2014-12-02,1.982645229063053e-05,6.487379263859136e-05
1736,2014-12-03,7.550553316304203e-06,6.497501267779648e-05
1737,2014-12-04,7.290752972708575e-05,6.738741126195277e-05
1738,2014-12-05,2.4854830925087088e-05,5.9303124644137356e-05
1739,2014-12-08,6.102707385566328e-05,5.7097404701744765e-05
1740,2014-12-09,6.248226631823297e-05,5.4446878525488624e-05
1741,2014-12-10,2.6439961999857177e-05,5.439046466276998e-05
1742,2014-12-11,3.2478054258346585e-05,4.834394040805903e-05
1743,2014-12-12,5.6600643001756915e-05,4.766514390613042e-05
1744,2014-12-15,0.00010102294422573171,5.12841041940557e-05
1745,2014-12-16,0.00012814461713184065,4.667797221380745e-05
1746,2014-12-17,8.946010573640847e-05,4.930416078524987e-05
1747,2014-12-18,0.00022976442552691202,4.409931625368915e-05
1748,2014-12-19,9.131943327663167e-05,4.839430834254407e-05
1749,2014-12-22,6.65240387553336e-05,4.6054716281263153e-05
1750,2014-12-23,6.351206694444926e-05,4.6591604651466525e-05
1751,2014-12-24,8.589358704378768e-05,4.058221898066447e-05
1752,2014-12-26,5.3590536801715146e-05,4.4558356780414805e-05
1753,2014-12-29,2.8428072871672302e-05,4.090842926336971e-05
1754,2014-12-30,1.5849487905049692e-05,3.685290438414105e-05
1755,2014-12-31,1.1596940191725247e-05,3.9483117715423144e-05
1756,2015-01-02,7.357351876617532e-05,4.056755412760863e-05
1757,2015-01-05,3.5989439085084444e-05,3.7554673580998555e-05
1758,2015-01-06,0.00027609765849871475,3.3233781863215717e-05
1759,2015-01-07,3.819099671287993e-05,3.901200963649714e-05
1760,2015-01-08,0.0001500405610192745,3.6143438199501474e-05
1761,2015-01-09,0.00012737836777817162,3.962461117548234e-05
1762,2015-01-12,4.35135394615271e-05,4.224882938586566e-05
1763,2015-01-13,4.778889321042274e-05,4.233533274087932e-05
1764,2015-01-14,4.21317054643773e-05,4.214656448037761e-05
1765,2015-01-15,0.00041012050956495743,4.577442673512244e-05
1766,2015-01-16,3.517646507964464e-05,4.8857742775829955e-05
1767,2015-01-19,2.5087888283839763e-05,5.3205895074668697e-05
1768,2015-01-20,8.931209625429357e-05,5.545946097074466e-05
1769,2015-01-21,2.087295271001932e-05,6.629282564549943e-05
1770,2015-01-22,1.3277142411107234e-05,6.542345508382274e-05
1771,2015-01-23,7.861520145960375e-05,6.418686410552223e-05
1772,2015-01-27,6.223160171143854e-05,6.332298429758918e-05
1773,2015-01-28,5.8983802590985385e-05,6.7133705329102e-05
1774,2015-01-29,5.137241061550241e-05,6.25807196169895e-05
1775,2015-01-30,0.00023870723700057433,5.898229222311545e-05
1776,2015-02-02,3.514000506848271e-05,5.531302261422783e-05
1777,2015-02-03,6.259600132856114e-05,4.963310019853421e-05
1778,2015-02-04,4.916107132732724e-05,5.4551691299376135e-05
1779,2015-02-05,0.00012960945885987155,5.292218420540556e-05
1780,2015-02-06,3.2354239051949557e-05,6.788735051912511e-05
1781,2015-02-09,0.00011585356644647029,6.319470327608111e-05
1782,2015-02-10,0.00019616469069271345,7.601690545956853e-05
1783,2015-02-11,3.547711857170965e-05,7.833992026102152e-05
1784,2015-02-12,0.0001253596885087069,7.468315373892296e-05
1785,2015-02-13,4.902545649378274e-05,7.173332950158025e-05
1786,2015-02-16,3.5741095399288514e-05,7.200671891466075e-05
1787,2015-02-18,3.3327057965813676e-05,8.568051659010062e-05
1788,2015-02-19,8.314754616560646e-05,7.231920562401231e-05
1789,2015-02-20,3.06205347759592e-05,6.743503814829418e-05
1790,2015-02-23,8.367705781034452e-05,7.241055774940785e-05
1791,2015-02-24,2.7849344688389868e-05,6.304154090141801e-05
1792,2015-02-25,5.6873191224504475e-05,5.263817071295306e-05
1793,2015-02-26,6.212378411824259e-05,5.84644618017284e-05
1794,2015-02-27,0.00011237909048448472,5.9660308036481686e-05
1795,2015-03-02,0.00019356915150146192,5.824694967250035e-05
1796,2015-03-03,3.139930867593138e-05,5.969203277712231e-05
1797,2015-03-04,0.0003677309038820845,7.361306778500859e-05
1798,2015-03-05,6.454344069911869e-05,6.733511982723042e-05
1799,2015-03-09,0.0001273967542080992,7.186974154040379e-05
1800,2015-03-10,4.959678807187048e-05,7.004839851233755e-05
1801,2015-03-11,2.7429716880118125e-05,7.766658685207777e-05
1802,2015-03-12,3.467581608528639e-05,6.499912352802539e-05
1803,2015-03-13,0.0002704753567907414,7.336349913384265e-05
1804,2015-03-16,1.3827843434115508e-05,7.859890236940604e-05
1805,2015-03-17,0.00010326442829603825,6.982311766158409e-05
1806,2015-03-18,3.69992076451329e-05,7.556093408661004e-05
1807,2015-03-19,0.00018762456748991593,7.356059517368203e-05
1808,2015-03-20,2.7580775320383053e-05,6.964162282269657e-05
1809,2015-03-23,2.683027813190103e-05,6.168083376474124e-05
1810,2015-03-24,7.176242701163793e-05,6.727744727293242e-05
1811,2015-03-25,2.458817708990546e-05,6.179420034911966e-05
1812,2015-03-26,0.00018724093855436563,6.554533822260412e-05
1813,2015-03-27,0.00015485791936419,6.241642662051438e-05
1814,2015-03-30,9.470236541395092e-05,6.788908288464912e-05
1815,2015-03-31,6.0650568966144405e-05,6.715647625563144e-05
1816,2015-04-01,8.93114226047477e-05,7.291502441029871e-05
1817,2015-04-06,5.6439692704036885e-05,7.893917337370367e-05
1818,2015-04-07,7.685276752996087e-05,7.231857016877951e-05
1819,2015-04-08,3.109705179661832e-05,8.646084338110239e-05
1820,2015-04-09,8.815556206611552e-05,8.134716200939565e-05
1821,2015-04-10,1.7550813573634988e-05,8.547807861717406e-05
1822,2015-04-13,3.741084960999257e-05,7.846909217891143e-05
1823,2015-04-16,0.0001486608826004196,7.338264964604525e-05
1824,2015-04-17,4.931829182321237e-05,6.88552759520256e-05
1825,2015-04-20,0.00018567828618240917,8.013360215976568e-05
1826,2015-04-21,8.170613390555016e-05,6.182171902703781e-05
1827,2015-04-22,0.00017954469784359269,7.077339600853167e-05
1828,2015-04-23,0.00012930367674925596,6.649552435403946e-05
1829,2015-04-24,9.793714691745571e-05,7.77401519669516e-05
1830,2015-04-27,9.576315429703222e-05,6.613299579549937e-05
1831,2015-04-28,7.433860387005321e-05,6.715841813192685e-05
1832,2015-04-29,4.093339408696172e-05,6.90171165792971e-05
1833,2015-04-30,4.402156089475837e-05,6.470001941477106e-05
1834,2015-05-04,0.0001124248703259602,7.191573080148572e-05
1835,2015-05-05,3.0990690876496196e-05,7.857390040960994e-05
1836,2015-05-06,0.00031179551892247044,8.096436509537344e-05
1837,2015-05-07,8.727166027041195e-05,7.903860348888599e-05
1838,2015-05-08,0.00013859538104976207,8.332736254699599e-05
1839,2015-05-11,9.743543007084546e-05,7.640305832285153e-05
1840,2015-05-12,0.00022463240334384313,7.73053502777798e-05
1841,2015-05-13,0.00020625323549189895,6.7746687795761e-05
1842,2015-05-14,8.24246580557635e-05,7.22620132385346e-05
1843,2015-05-15,2.6310945204732785e-05,6.11484154560011e-05
1844,2015-05-18,6.899631527605671e-05,6.180623843043394e-05
1845,2015-05-19,5.261961018324144e-05,6.970581188617123e-05
1846,2015-05-20,2.2829073084941088e-05,6.803559862710078e-05
1847,2015-05-21,2.414237541014486e-05,7.304616036586271e-05
1848,2015-05-22,2.5501702261963718e-05,7.727055825919789e-05
1849,2015-05-25,3.50276192690836e-05,8.505286777506221e-05
1850,2015-05-26,1.8725837673080865e-05,8.591089586900137e-05
1851,2015-05-27,4.094153514454989e-05,8.536249833214863e-05
1852,2015-05-28,4.871027407816404e-05,8.588396686486099e-05
1853,2015-05-29,9.304003277127866e-05,8.67626570796575e-05
1854,2015-06-01,2.371150786998265e-05,7.971417658793842e-05
1855,2015-06-02,0.0002361005883306805,7.824739567154205e-05
1856,2015-06-03,0.00010900470512881019,8.079267921294773e-05
1857,2015-06-04,8.372240969698445e-05,7.114533208706626e-05
1858,2015-06-05,5.9301275150551296e-05,8.428830990834728e-05
1859,2015-06-08,5.3642904399988655e-05,8.257343245081333e-05
1860,2015-06-09,1.9570050644037274e-05,8.814829369666892e-05
1861,2015-06-10,8.858062008634898e-05,8.75193710516798e-05
1862,2015-06-11,0.00023501331714784377,9.883991255880278e-05
1863,2015-06-12,1.6705873029282063e-05,0.00010186311654935228
1864,2015-06-15,6.599250247386287e-05,9.763034422437227e-05
1865,2015-06-16,7.073855174102399e-05,8.934656041222981e-05
1866,2015-06-17,6.0354590226117315e-05,9.322567724533445e-05
1867,2015-06-18,4.4063286442584754e-05,8.594400823067153e-05
1868,2015-06-19,2.7449904661769874e-05,7.609142094746857e-05
1869,2015-06-22,7.957651256819789e-05,6.97294381659337e-05
1870,2015-06-23,3.059839811082312e-05,6.792937154525702e-05
1871,2015-06-24,3.668220214724991e-05,6.467836536203522e-05
1872,2015-06-25,5.204672865196496e-05,5.813246021772344e-05
1873,2015-06-26,2.5972197583484507e-05,5.9922981279307966e-05
1874,2015-06-29,0.000355254595601148,6.0622041956253105e-05
1875,2015-06-30,3.041406172986916e-05,6.551102289054134e-05
1876,2015-07-01,6.173211111437635e-05,6.0238962855039306e-05
1877,2015-07-02,1.496779267575842e-05,7.480815678532648e-05
1878,2015-07-03,2.562161555750091e-05,7.454046658632905e-05
1879,2015-07-06,0.00023982830913691668,7.68101006110283e-05
1880,2015-07-07,2.7819083140789686e-05,7.187045815014108e-05
1881,2015-07-08,0.00013530702148506092,7.25902446895266e-05
1882,2015-07-09,3.2626359665908075e-05,6.150343955284854e-05
1883,2015-07-10,4.326794607343393e-05,6.459824577151708e-05
1884,2015-07-13,8.696204384090107e-05,6.945095643242304e-05
1885,2015-07-14,1.8201834716604407e-05,5.659031449425594e-05
1886,2015-07-15,2.3361525524894508e-05,5.978235069916333e-05
1887,2015-07-16,3.150181031464104e-05,6.39090617895945e-05
1888,2015-07-17,1.4352060068806768e-05,6.246757401475463e-05
1889,2015-07-20,3.043760048518548e-05,5.813098240210959e-05
1890,2015-07-21,8.014261936021023e-05,5.814033039793639e-05
1891,2015-07-22,0.00010089781901567727,6.288568115456827e-05
1892,2015-07-23,3.1125360139693645e-05,5.916581904253039e-05
1893,2015-07-24,2.6696635622930395e-05,5.86964620574417e-05
1894,2015-07-27,0.00010686359000636697,6.130131457147872e-05
1895,2015-07-28,2.9212392036094103e-05,5.884382316501421e-05
1896,2015-07-29,2.252215057308359e-05,7.215742164494894e-05
1897,2015-07-30,4.0576095567314634e-05,6.339911258183953e-05
1898,2015-07-31,6.418441437603768e-05,6.781690694601441e-05
1899,2015-08-03,2.2574351721095392e-05,5.762722806882927e-05
1900,2015-08-04,8.964738352800938e-05,5.674151055818083e-05
1901,2015-08-05,2.4615597321679783e-05,6.297387537532688e-05
1902,2015-08-06,1.905231740531686e-05,5.64857211841553e-05
1903,2015-08-07,9.314383824986235e-06,6.298036782162655e-05
1904,2015-08-10,7.26413508783145e-05,6.181469632533008e-05
1905,2015-08-11,6.938330122236919e-05,6.249116087204285e-05
1906,2015-08-12,6.13592659833774e-05,6.055381499114019e-05
1907,2015-08-13,5.9309324334472715e-05,5.6455997365137955e-05
1908,2015-08-14,0.00013546791087790203,5.2434595473250495e-05
1909,2015-08-17,6.178426459052645e-05,5.200334048119029e-05
1910,2015-08-18,5.1296629069836185e-05,4.707402227509536e-05
1911,2015-08-19,4.2515021349880646e-05,4.632862957352332e-05
1912,2015-08-20,0.00010387511400533812,5.171464498724447e-05
1913,2015-08-21,0.00012711011419462673,5.5137896692685176e-05
1914,2015-08-24,0.0013520628693333727,5.280707558699549e-05
1915,2015-08-25,0.000667813590770154,5.337431015123463e-05
1916,2015-08-26,0.00014304142668874822,5.96669778805956e-05
1917,2015-08-27,0.0003375640267061066,5.530624486399271e-05
1918,2015-08-28,0.0002586106482247532,4.894632570559515e-05
1919,2015-08-31,4.888003395205379e-05,5.085240511696888e-05
1920,2015-09-01,0.000247108875940795,5.3232787592515736e-05
1921,2015-09-02,0.0002313197964533763,4.932485506586478e-05
1922,2015-09-03,0.00010088671386238143,5.5393017586889955e-05
1923,2015-09-04,0.00018975369240956618,5.0397401454610276e-05
1924,2015-09-07,0.0001628620953956971,4.838821515653082e-05
1925,2015-09-08,0.0002043335916802823,4.1690430709486444e-05
1926,2015-09-09,0.00026751670975037987,4.729523052790427e-05
1927,2015-09-10,0.0002451359515656522,4.75342107722569e-05
1928,2015-09-11,9.412195411011974e-05,4.853635399889603e-05
1929,2015-09-14,9.310746863464806e-05,5.1764864495805875e-05
1930,2015-09-15,3.672707704348231e-05,6.058712286892576e-05
1931,2015-09-16,7.543178773065622e-05,5.952638581869315e-05
1932,2015-09-18,0.0001441369520909911,6.038626755435059e-05
1933,2015-09-21,0.00011252326537739795,5.984169570363493e-05
1934,2015-09-22,0.0003193431026065911,6.326286655095124e-05
1935,2015-09-23,0.00023501244182702103,6.408279777586688e-05
1936,2015-09-24,4.523559939103229e-05,8.440515702077529e-05
1937,2015-09-28,7.158963959658123e-05,9.621900024877331e-05
1938,2015-09-29,0.00039564829638239775,9.562209543213467e-05
1939,2015-09-30,0.00015087734948367868,0.0001094586459078455
1940,2015-10-01,6.0954749958232444e-05,0.00011796130295652161
1941,2015-10-05,0.00012634461109648092,9.968547284851686e-05
1942,2015-10-06,0.00010756752627654758,0.00010481747688604209
1943,2015-10-07,1.637802254859315e-05,0.00011221441462885461
1944,2015-10-08,5.007241026432658e-05,0.00010487278025760914
1945,2015-10-09,9.110368988195907e-05,0.00011097622409644809
1946,2015-10-12,9.370809663885584e-05,0.00012084337671812698
1947,2015-10-13,2.7238734360904002e-05,0.00012995411586115698
1948,2015-10-14,2.5481187529088807e-05,0.00013560972356306035
1949,2015-10-15,2.9410302550683662e-05,0.00014323538842085342
1950,2015-10-16,5.824731985438818e-05,0.0001370853380522491
1951,2015-10-19,1.9212687542290223e-05,0.00013584348544691698
1952,2015-10-20,2.2496119568669852e-05,0.00012068233208637035
1953,2015-10-21,2.9068224947047548e-05,0.00011889688649416972
1954,2015-10-23,5.75211698991741e-05,0.0001221908302252456
1955,2015-10-26,5.610158039336719e-05,0.0001244331622168129
1956,2015-10-27,1.65259615441985e-05,0.0001376233034303187
1957,2015-10-28,6.015520198992027e-05,0.00014650114639982968
1958,2015-10-29,3.452157526350421e-05,0.00012645706928647216
1959,2015-10-30,5.4710821240090346e-05,0.00011875734710085355
1960,2015-11-02,3.599663396196075e-05,0.0001341496637032892
1961,2015-11-03,4.453541587065245e-05,0.00012423850071235855
1962,2015-11-04,7.050346109648479e-05,0.00011144526685488276
1963,2015-11-05,4.219682723124977e-05,0.00012069791334236951
1964,2015-11-06,3.211044708876137e-05,0.00011942755391211291
1965,2015-11-09,0.0005953339680919314,9.47767407211067e-05
1966,2015-11-10,9.20156791532642e-05,9.333509298733363e-05
1967,2015-11-13,1.9885919470693536e-05,9.469459897168915e-05
1968,2015-11-16,0.00010100041233433531,9.23823522225779e-05
1969,2015-11-17,5.937591546826456e-05,8.118846021237493e-05
1970,2015-11-18,8.201301901045803e-05,7.796267240799626e-05
1971,2015-11-19,9.781723620328319e-05,7.321257211371314e-05
1972,2015-11-20,4.6105500541230134e-05,7.271460290812712e-05
1973,2015-11-23,1.8812203701885176e-05,6.422347594212901e-05
1974,2015-11-24,2.140979610986634e-05,6.313220431114156e-05
1975,2015-11-26,2.381473014317228e-05,6.234976331388491e-05
1976,2015-11-27,4.636920871367446e-05,6.36951295323269e-05
1977,2015-11-30,1.1974241437363895e-05,6.253260556144776e-05
1978,2015-12-01,1.608022337715691e-05,5.606876815710482e-05
1979,2015-12-02,3.404362052551517e-05,5.844086327930795e-05
1980,2015-12-03,3.219020623030225e-05,5.752244293905866e-05
1981,2015-12-04,4.681961269987729e-05,5.77863658769692e-05
1982,2015-12-07,5.506061535323278e-05,5.321738818935875e-05
1983,2015-12-08,5.441377279051063e-05,5.4125257324705416e-05
1984,2015-12-09,5.36894061664853e-05,5.5347509414482064e-05
1985,2015-12-10,5.790326562641308e-05,5.3644376466280814e-05
1986,2015-12-11,0.00010390936136401282,5.077775030701365e-05
1987,2015-12-14,0.00012185342326024105,6.653636120546567e-05
1988,2015-12-15,4.2646101499463705e-05,6.588082580910911e-05
1989,2015-12-16,3.186805890317743e-05,5.797037014601686e-05
1990,2015-12-17,9.753174239562226e-05,6.291227091203164e-05
1991,2015-12-18,4.1872754355688024e-05,6.453100222519695e-05
1992,2015-12-21,6.857339416277175e-05,6.199974267216748e-05
1993,2015-12-22,2.7116792381057615e-05,6.417827642670121e-05
1994,2015-12-23,4.348978139250286e-05,6.43597467164004e-05
1995,2015-12-24,2.713665262656863e-05,5.873141103936886e-05
1996,2015-12-28,3.053866634401791e-05,5.660892270733189e-05
1997,2015-12-29,9.352071989227194e-06,5.39470884182451e-05
1998,2015-12-30,1.7633378140393515e-05,5.320909436691956e-05
1999,2015-12-31,2.224753570518237e-05,4.668115445609488e-05
2000,2016-01-04,0.00014123263101455827,4.671930743475181e-05
2001,2016-01-05,4.983607103744371e-05,4.8229342735182197e-05
2002,2016-01-06,3.5673621375061115e-05,4.86228863172862e-05
2003,2016-01-07,0.00015923411786668228,4.9025058867482055e-05
2004,2016-01-08,4.8711148222142705e-05,5.282402286024393e-05
2005,2016-01-11,0.0001670431321636687,5.550926094673496e-05
2006,2016-01-12,7.188899457922955e-05,5.6157836952572295e-05
2007,2016-01-13,0.0002630243339003127,5.7967075627980274e-05
2008,2016-01-14,0.0003229341494367375,6.259629281330611e-05
2009,2016-01-15,0.00012753641301630947,6.273807706255524e-05
2010,2016-01-18,0.00010882534618260898,5.903558341223571e-05
2011,2016-01-19,7.694960516700029e-05,5.797970132291544e-05
2012,2016-01-20,0.0004449573120843804,6.139603821192979e-05
2013,2016-01-21,0.00022217704314091114,5.7347456105899324e-05
2014,2016-01-22,0.0001867615737241662,5.691518381643329e-05
2015,2016-01-25,6.475780849176803e-05,5.277170604424473e-05
2016,2016-01-27,4.104707141582139e-05,5.42230191404217e-05
2017,2016-01-28,2.7639348211697534e-05,5.117171987119094e-05
2018,2016-01-29,0.00018215279944026078,5.1110346880263524e-05
2019,2016-02-01,3.218971131348542e-05,4.46125043472118e-05
2020,2016-02-02,0.00013499591349292093,4.38732803723713e-05
2021,2016-02-03,0.00010272822982845885,4.3782902907617e-05
2022,2016-02-04,9.536826633909631e-05,5.217124385396072e-05
2023,2016-02-05,5.9928644335170505e-05,5.179276166629208e-05
2024,2016-02-08,0.0001349805045889111,5.395747414591478e-05
2025,2016-02-09,0.00014313781740978308,6.350395126634313e-05
2026,2016-02-10,8.402746999728743e-05,6.25974326168994e-05
2027,2016-02-11,0.00042077368343724364,6.750009642501916e-05
2028,2016-02-12,0.0003039061421138834,6.696784832889056e-05
2029,2016-02-15,0.0002264247443181613,7.851191880654966e-05
2030,2016-02-16,0.00021479024505558647,8.356737775811977e-05
2031,2016-02-17,0.00022613772497907494,8.402089457578748e-05
2032,2016-02-18,0.00014654982800122558,8.408601184941615e-05
2033,2016-02-19,5.132939222976852e-05,8.491590354036858e-05
2034,2016-02-22,1.767264568990166e-05,9.561264481650261e-05
2035,2016-02-23,0.00015248008279441632,9.453759262423353e-05
2036,2016-02-24,6.828333169892548e-05,9.7499049147745e-05
2037,2016-02-25,3.911490488780018e-05,9.350481632645521e-05
2038,2016-02-26,0.00013350486442166348,8.938573719681912e-05
2039,2016-02-29,0.0005983383966640252,7.926117217420406e-05
2040,2016-03-01,0.00032093777058366684,8.761015700257312e-05
2041,2016-03-02,0.00021917913336726315,7.903536537816207e-05
2042,2016-03-03,0.00010520024580578395,8.953268202023493e-05
2043,2016-03-04,4.829090722898051e-05,9.492029916528124e-05
2044,2016-03-08,4.262258953957116e-05,9.841850703991717e-05
2045,2016-03-09,0.00012282000616524786,9.30496971125621e-05
2046,2016-03-10,7.032245915657246e-05,0.00010418250264397772
2047,2016-03-11,4.1384059138106564e-05,0.00010437430654245242
2048,2016-03-14,4.7546839006266015e-05,0.00010276805588736876
2049,2016-03-15,5.12708465459473e-05,0.00011748320736347333
2050,2016-03-16,7.42388178265465e-05,0.00012741944885460592
2051,2016-03-17,0.00012646295014095797,0.0001282199326928751
2052,2016-03-18,6.261459533754061e-05,0.00012889760344523727
2053,2016-03-21,5.697008726745507e-05,0.00013567058575701872
2054,2016-03-22,4.94654765433524e-05,0.000128960513646055
2055,2016-03-23,2.5167907029533643e-05,0.00011506720530645513
2056,2016-03-28,0.0001615698704365097,9.358233993914637e-05
2057,2016-03-29,3.529716438786733e-05,9.91209267810844e-05
2058,2016-03-30,0.00010565922719085044,9.005503831777791e-05
2059,2016-03-31,3.3443709466839964e-05,8.313307541061534e-05
2060,2016-04-01,4.091117681144208e-05,9.217817385699617e-05
2061,2016-04-04,2.973926771530277e-05,0.00011848951226649112
2062,2016-04-05,0.00013519414061645017,0.0001204806401126628
2063,2016-04-06,3.347044458013066e-05,0.00012975543601768483
2064,2016-04-07,5.794978931343225e-05,0.00013081395422619496
2065,2016-04-08,1.0874569361629457e-05,0.00012049726420626442
2066,2016-04-11,0.00017706142211848877,0.00010618106969781485
2067,2016-04-12,1.6681064872019508e-05,0.00010815515528543013
2068,2016-04-13,0.0001252172908954354,0.00010004144548221903
2069,2016-04-18,0.00010468545198990556,9.235390076697548e-05
2070,2016-04-20,5.5208979710117805e-05,9.163768378197912e-05
2071,2016-04-21,7.10730800349876e-05,8.834968297984892e-05
2072,2016-04-22,1.99623684016149e-05,8.517995329556963e-05
2073,2016-04-25,3.895404586390491e-05,8.745055273629181e-05
2074,2016-04-26,0.0001370044039759001,8.440103517826332e-05
2075,2016-04-27,2.068757524224609e-05,8.228302776317846e-05
2076,2016-04-28,0.00013627981297136617,7.982761435854256e-05
2077,2016-04-29,5.571475301346533e-05,7.373063220891539e-05
2078,2016-05-02,2.9462393969404483e-05,8.312974403546957e-05
2079,2016-05-03,0.0001521669472434585,7.477476661944528e-05
2080,2016-05-04,2.4920300953003118e-05,8.020342378616904e-05
2081,2016-05-05,3.929030051228988e-05,7.57661702824309e-05
2082,2016-05-06,3.213054794082273e-05,7.573951023515246e-05
2083,2016-05-09,8.808796784670366e-05,6.574953457766224e-05
2084,2016-05-10,2.3464955275724925e-05,7.151587890230648e-05
2085,2016-05-11,0.00018245556715020087,6.272191572716251e-05
2086,2016-05-12,3.202490128655026e-05,6.445038901056319e-05
2087,2016-05-13,6.227030984130201e-05,5.620881441365729e-05
2088,2016-05-16,7.178808262500464e-05,6.781868517075644e-05
2089,2016-05-17,4.56832209245676e-05,5.560499352841037e-05
2090,2016-05-18,6.175159144494807e-05,6.314286816527037e-05
2091,2016-05-19,6.779048887299967e-05,6.555361659144655e-05
2092,2016-05-20,3.3861458115398054e-05,6.873000581281414e-05
2093,2016-05-23,0.00012224288071093295,6.725692486471387e-05
2094,2016-05-24,1.288117024794707e-05,6.329821048287263e-05
2095,2016-05-25,0.00016055763080611183,6.01131786533459e-05
2096,2016-05-26,0.00011989646727705564,6.446896714764141e-05
2097,2016-05-27,4.1208445986290707e-05,5.702262049848065e-05
2098,2016-05-30,1.3592082987709081e-05,6.370498274192507e-05
2099,2016-05-31,4.8490252105563725e-05,6.532523464775233e-05
2100,2016-06-01,1.8753651476179225e-05,6.1012824179871944e-05
2101,2016-06-02,3.63558102400851e-05,6.66746778560954e-05
2102,2016-06-03,2.439437973920095e-05,6.128930071874708e-05
2103,2016-06-06,1.303987214027542e-05,5.9428688427141676e-05
2104,2016-06-07,4.804730888345358e-05,5.7407827989029676e-05
2105,2016-06-08,1.3371495897300513e-05,6.343908471709918e-05
2106,2016-06-09,4.0877406409710195e-05,5.428171969679228e-05
2107,2016-06-10,8.954539932166314e-05,6.511986075747022e-05
2108,2016-06-13,9.126162994340598e-05,6.018028197116053e-05
2109,2016-06-14,3.7812253788206125e-05,6.55849782635496e-05
2110,2016-06-15,5.539648235023135e-05,6.409516836698605e-05
2111,2016-06-16,8.868189364461141e-05,6.619349654670203e-05
2112,2016-06-17,3.811188477188464e-05,6.316055400871549e-05
2113,2016-06-20,0.0001394030975086836,6.459809581368323e-05
2114,2016-06-21,2.0417016972501297e-05,6.103070601949197e-05
2115,2016-06-22,3.948027088124554e-05,6.577468414255425e-05
2116,2016-06-23,4.687577659536303e-05,5.747261518071086e-05
2117,2016-06-24,0.0010747527719417458,6.694860494309514e-05
2118,2016-06-27,7.456208987425926e-05,6.783346090629723e-05
2119,2016-06-28,1.8341631880991232e-05,6.668458088048529e-05
2120,2016-06-29,4.5980027449384634e-05,5.5928376628270553e-05
2121,2016-06-30,6.784711538201632e-05,6.14972342828281e-05
2122,2016-07-01,2.304761150331385e-05,5.416710958666506e-05
2123,2016-07-04,4.008862792599392e-05,5.142710973107077e-05
2124,2016-07-05,2.0136567407189245e-05,4.960476092899413e-05
2125,2016-07-07,9.819472436319561e-06,4.713893496381708e-05
2126,2016-07-08,2.7825822998420287e-05,4.9866264515256534e-05
2127,2016-07-11,0.00013801895240212096,4.490927272082704e-05
2128,2016-07-12,2.8486557981032518e-05,4.777078714687316e-05
2129,2016-07-13,2.1037047073433698e-05,5.092722059268237e-05
2130,2016-07-14,2.350939535694882e-05,5.612345206475027e-05
2131,2016-07-15,3.250927520661815e-05,5.3199192783754174e-05
2132,2016-07-18,4.668227269336318e-05,5.669537475443622e-05
2133,2016-07-19,2.1882063277176554e-05,6.0295402265016976e-05
2134,2016-07-20,1.7595107668755524e-05,5.588313137566364e-05
2135,2016-07-21,3.490728272629007e-05,6.04343912512865e-05
2136,2016-07-22,1.946582751808911e-05,5.4354979053143145e-05
2137,2016-07-25,7.694342589089843e-05,5.3548537016098456e-05
2138,2016-07-26,2.0753208848654285e-05,5.411107690292213e-05
2139,2016-07-27,4.153405239846423e-05,7.202588014525827e-05
2140,2016-07-28,1.696096909233357e-05,6.291209264633191e-05
2141,2016-07-29,7.072370690967523e-06,5.837758242999021e-05
2142,2016-08-01,6.821966807165238e-05,6.2019750756311e-05
2143,2016-08-02,3.0506021789603598e-05,6.432940725399931e-05
2144,2016-08-03,5.4354611269130414e-05,5.372803074979033e-05
2145,2016-08-04,7.735314820156566e-05,5.380629831709643e-05
2146,2016-08-05,7.731974485430207e-05,5.233152231601723e-05
2147,2016-08-08,1.4619016476037752e-05,4.780751659125458e-05
2148,2016-08-09,4.632293855126e-05,4.754465801303635e-05
2149,2016-08-10,7.268890570004142e-05,5.7042071884063874e-05
2150,2016-08-11,1.945939988201039e-05,5.243057832774904e-05
2151,2016-08-16,0.00011563779223880649,5.015824002025984e-05
2152,2016-08-17,1.8180236176449822e-05,5.05514292996819e-05
2153,2016-08-18,1.8292324381145646e-05,5.1288218339499795e-05
2154,2016-08-19,1.807817553001664e-05,4.9788341714845986e-05
2155,2016-08-22,2.236352800740794e-05,4.627604120058368e-05
2156,2016-08-23,2.392452847648828e-05,4.4744027103973875e-05
2157,2016-08-24,1.1771692273588226e-05,4.525975087425636e-05
2158,2016-08-25,4.925849890217197e-05,4.322591515093095e-05
2159,2016-08-26,3.353896917991387e-05,4.72929924798582e-05
2160,2016-08-29,3.214491071474973e-05,4.392142692395944e-05
2161,2016-08-30,7.325082398911906e-05,4.341585503114178e-05
2162,2016-08-31,2.4144327937051163e-05,3.9459264207239816e-05
2163,2016-09-01,1.2999984480810579e-05,3.5854351400619736e-05
2164,2016-09-02,2.026034744216622e-05,3.951090457822024e-05
2165,2016-09-06,6.853435995705669e-05,3.8017574047411635e-05
2166,2016-09-07,2.1291783824156314e-05,4.0129634493773265e-05
2167,2016-09-08,1.7958983277533593e-05,4.368720346954427e-05
2168,2016-09-09,3.173210948827549e-05,4.9162021303575563e-05
2169,2016-09-12,0.00024089051674891574,4.370487992831396e-05
2170,2016-09-14,1.1955158208658918e-05,4.717641120525919e-05
2171,2016-09-15,1.7649770043587715e-05,4.77554637114749e-05
2172,2016-09-16,6.52426724433184e-05,4.264889637011583e-05
2173,2016-09-19,1.171860469864561e-05,4.816969045228076e-05
2174,2016-09-20,1.6062935649695664e-05,4.4983419464880344e-05
2175,2016-09-21,2.4533323057762382e-05,4.279290132163881e-05
2176,2016-09-22,0.00013218035633419912,3.969760312504054e-05
2177,2016-09-23,2.0488346241283817e-05,4.0320688377056055e-05
2178,2016-09-26,4.664363502143284e-05,3.831536692391462e-05
2179,2016-09-27,3.5395741051868424e-05,3.583364674388224e-05
2180,2016-09-28,1.8934667184038748e-05,4.0076605842115015e-05
2181,2016-09-29,0.00029506375509324724,3.9637609737560254e-05
2182,2016-09-30,3.1401674313975554e-05,4.063591995912211e-05
2183,2016-10-03,9.6854530288184e-05,4.425654837335495e-05
2184,2016-10-04,2.4630760111737668e-05,4.398990096539601e-05
2185,2016-10-05,4.353679404247971e-05,4.138632245512695e-05
2186,2016-10-06,4.943146151066021e-05,4.02107100636293e-05
2187,2016-10-07,2.2117379924494255e-05,4.414746331116603e-05
2188,2016-10-10,2.6576216792863498e-05,3.9439352707757145e-05
2189,2016-10-13,0.00010939120079010076,3.7487464052197766e-05
2190,2016-10-14,2.1618623392652697e-05,3.889036628010211e-05
2191,2016-10-17,6.736106457435898e-05,4.898204592083797e-05
2192,2016-10-18,9.377857554711356e-05,3.97610097065771e-05
2193,2016-10-19,2.4172242434483355e-05,3.88932567134283e-05
2194,2016-10-20,2.6601762712074737e-05,4.400942572434836e-05
2195,2016-10-21,2.2600112626170614e-05,3.775271168133095e-05
2196,2016-10-24,1.587435923671169e-05,3.437791290551976e-05
2197,2016-10-25,2.0738966466559835e-05,3.6073830713719735e-05
2198,2016-10-26,3.348784512171819e-05,4.332137954464492e-05
2199,2016-10-27,3.5838548993025016e-05,3.856325512610207e-05
2200,2016-10-28,2.7728112049879886e-05,4.2523096607897544e-05
2201,2016-11-01,1.667732878878141e-05,4.441346756718764e-05
2202,2016-11-02,0.00010368951135556168,4.199163933385287e-05
2203,2016-11-03,2.3859315981004867e-05,5.0382909998555696e-05
2204,2016-11-04,6.032951342812197e-05,4.70962293952475e-05
2205,2016-11-07,0.00015931740586893023,5.0732223003370505e-05
2206,2016-11-08,6.288652127112728e-05,4.776050726200746e-05
2207,2016-11-09,0.004401917902383773,5.1729430881898716e-05
2208,2016-11-10,0.0002500472060843077,4.9764743835612144e-05
2209,2016-11-11,0.00021540238917917674,4.666289654587715e-05
2210,2016-11-15,0.00019494373412594801,4.488505201221794e-05
2211,2016-11-16,0.0002172560679062919,5.201197234041534e-05
2212,2016-11-17,4.575662480025399e-05,4.758142483595433e-05
2213,2016-11-18,3.777465405433972e-05,4.871092384923784e-05
2214,2016-11-21,0.00019552438114009966,5.4561425268599546e-05
2215,2016-11-22,9.701876648388942e-05,5.23047917495198e-05
2216,2016-11-23,8.808477548633071e-05,4.8675657400143204e-05
2217,2016-11-24,3.4548129030991914e-05,4.921898006678928e-05
2218,2016-11-25,0.00014063982439062114,4.5851320152269284e-05
2219,2016-11-28,4.987606980993711e-05,4.346270957532474e-05
2220,2016-11-29,3.722627047275546e-05,4.344977660548966e-05
2221,2016-11-30,6.104989927990317e-05,4.459675598357338e-05
2222,2016-12-01,2.712518149821689e-05,4.410241660509784e-05
2223,2016-12-02,6.439450484442685e-05,4.271272011434692e-05
2224,2016-12-05,3.848954738414748e-05,5.0271431026262256e-05
2225,2016-12-06,2.1223429583034865e-05,4.471320113043622e-05
2226,2016-12-07,7.392312514070153e-05,4.771893676885202e-05
2227,2016-12-08,9.320237892042395e-05,5.348450416816845e-05
2228,2016-12-09,1.566539152904411e-05,5.584171152016319e-05
2229,2016-12-12,4.4629189843292734e-05,8.268162063380528e-05
2230,2016-12-13,4.142107419485353e-05,8.496049453437856e-05
2231,2016-12-14,2.2952558256033943e-05,9.300552491663195e-05
2232,2016-12-15,0.00011869448904570381,9.660270638916122e-05
2233,2016-12-16,2.3000540661969703e-05,0.00010335520635501515
2234,2016-12-19,9.95805732950961e-06,8.320907791863604e-05
2235,2016-12-20,1.9873772898833504e-05,7.565498203641867e-05
2236,2016-12-21,2.646922722061369e-05,8.136286869235772e-05
2237,2016-12-22,4.0245437491215454e-05,7.975810966910548e-05
2238,2016-12-23,3.4516112483404216e-05,7.915729748042438e-05
2239,2016-12-26,3.819431780625482e-05,7.641763056561494e-05
2240,2016-12-27,0.00010602981968662448,8.854203966776131e-05
2241,2016-12-28,4.0734867884223486e-05,8.291225022409151e-05
2242,2016-12-29,4.248865271212373e-05,7.950770377169004e-05
2243,2016-12-30,3.8328055072668e-05,8.095302201471532e-05
2244,2017-01-02,4.8658917316123446e-05,7.772572754129603e-05
2245,2017-01-03,3.069614340482501e-05,8.062215466200118e-05
2246,2017-01-04,8.760079111152476e-06,7.645013926947012e-05
2247,2017-01-05,3.672454055878484e-05,7.276044173289211e-05
2248,2017-01-06,2.82863669262662e-05,7.711356407449582e-05
2249,2017-01-09,9.76819988238459e-06,8.019709923563534e-05
2250,2017-01-10,1.5774978609482168e-05,6.884451566471876e-05
2251,2017-01-11,4.375820340054775e-05,6.481779931114537e-05
2252,2017-01-12,7.278796066182223e-06,6.366138086877437e-05
2253,2017-01-13,7.491015943159706e-05,5.65643217423014e-05
2254,2017-01-16,1.4146453316105498e-05,6.013180999919293e-05
2255,2017-01-17,1.8569306627761794e-05,5.452116368410804e-05
2256,2017-01-18,2.51693371577335e-05,4.8179162817224005e-05
2257,2017-01-19,8.008972014563225e-06,4.7325247754498366e-05
2258,2017-01-20,4.643853823998745e-05,4.5911049062743236e-05
2259,2017-01-23,3.4568028667580596e-05,4.387555800005562e-05
2260,2017-01-24,3.5922463050167545e-05,4.338884307483874e-05
2261,2017-01-25,7.280821379085595e-05,4.598878130498139e-05
2262,2017-01-27,2.348924831791798e-05,5.074632207088978e-05
2263,2017-01-30,9.964372394989812e-06,4.9503870593638186e-05
2264,2017-01-31,2.911808868666895e-05,4.9743313521073084e-05
2265,2017-02-01,0.0001587482934566071,4.9213042732895826e-05
2266,2017-02-02,2.436789674284356e-05,5.084895775664887e-05
2267,2017-02-03,8.876817930028001e-06,4.6813748391618385e-05
2268,2017-02-06,3.406681217931385e-05,4.0626988237078135e-05
2269,2017-02-07,2.28352851977605e-05,4.317442063138892e-05
2270,2017-02-08,3.1602699584836655e-05,4.1324754491561404e-05
2271,2017-02-09,5.326815296821516e-05,3.545899496079469e-05
2272,2017-02-10,2.6676404852540967e-05,3.522381002511099e-05
2273,2017-02-13,3.969122507688247e-05,3.893026765118209e-05
2274,2017-02-14,1.4329607345083635e-05,3.2871064006643265e-05
2275,2017-02-15,4.277595249296048e-05,3.825003087462624e-05
2276,2017-02-16,2.1509214491655848e-05,3.47251030616656e-05
2277,2017-02-17,0.0001796743463127946,3.5120917416797636e-05
2278,2017-02-20,2.5247211683134655e-05,3.5590023730615336e-05
2279,2017-02-21,1.787765993659879e-05,3.3486479336638426e-05
2280,2017-02-22,2.0058054621642804e-05,3.558649445970468e-05
2281,2017-02-23,2.3964552313110645e-05,3.625930095594911e-05
2282,2017-02-27,1.7037093564097862e-05,3.726993794272976e-05
2283,2017-02-28,9.450411292000101e-06,4.044172542087957e-05
2284,2017-03-01,2.4351464364551258e-05,3.90169830606184e-05
2285,2017-03-02,7.088750052706836e-05,3.444500801567612e-05
2286,2017-03-03,1.3410144644256254e-05,3.535294029161217e-05
2287,2017-03-06,1.6167128510647676e-05,4.109260542320954e-05
2288,2017-03-07,1.182002862676494e-05,3.61515117470317e-05
2289,2017-03-08,2.064503992680895e-05,3.2587824115286414e-05
2290,2017-03-09,1.017050508012567e-05,3.695695765999858e-05
2291,2017-03-10,3.0536830987972844e-05,3.562591444557008e-05
2292,2017-03-14,0.00031938305655894277,3.392059290872955e-05
2293,2017-03-15,4.280266426866462e-06,3.716377776094082e-05
2294,2017-03-16,2.7903497926724253e-05,3.815591890937472e-05
2295,2017-03-17,5.4625854587875576e-05,3.8824933839580763e-05
2296,2017-03-20,1.153956949808972e-05,3.735526832725476e-05
2297,2017-03-21,1.685989222322642e-05,3.874840704715054e-05
2298,2017-03-22,7.936113469499421e-05,3.6791667247595034e-05
2299,2017-03-23,1.5104706616368448e-05,4.505909273044325e-05
2300,2017-03-24,1.2009571739656923e-05,4.1229190677324456e-05
2301,2017-03-27,2.4136056632467014e-05,4.177283378420666e-05
2302,2017-03-28,2.0069818278399382e-05,3.9921952740191454e-05
2303,2017-03-29,1.7496782330682278e-05,3.997047558323225e-05
2304,2017-03-30,8.786137944873559e-06,3.540609189911157e-05
2305,2017-03-31,9.287198821635768e-06,3.177827243399474e-05
2306,2017-04-03,3.854201798541387e-05,3.323843741415019e-05
2307,2017-04-05,2.7722125620935037e-05,3.7979806217618886e-05
2308,2017-04-06,1.5415920025714867e-05,3.4301756435634625e-05
2309,2017-04-07,3.337951633686071e-05,3.267855662822065e-05
2310,2017-04-10,1.924203718704489e-05,3.205689044570737e-05
2311,2017-04-11,1.9572033392986674e-05,3.311515725507159e-05
2312,2017-04-12,3.3999227406551724e-05,2.906326276278117e-05
2313,2017-04-13,1.351107323296168e-05,3.148074150971951e-05
2314,2017-04-17,6.740676158408304e-06,4.0581964232436365e-05
2315,2017-04-18,7.407288729647297e-05,3.158533278484667e-05
2316,2017-04-19,1.0417324931744038e-05,3.406316611036544e-05
2317,2017-04-20,7.1139213546514225e-06,3.7432518912971244e-05
2318,2017-04-21,6.0492358617786335e-05,3.404398880521293e-05
2319,2017-04-24,3.91358025481625e-05,2.9976534088604457e-05
2320,2017-04-25,5.047605449995543e-05,3.64219836208291e-05
2321,2017-04-26,2.7921398005893785e-05,3.194890260138052e-05
2322,2017-04-27,8.628607729765679e-06,2.9337786214365124e-05
2323,2017-04-28,1.560077252135661e-05,3.102144466915749e-05
2324,2017-05-02,4.456539032207974e-05,3.102613779161665e-05
2325,2017-05-03,2.035103330390376e-05,2.8880163136703634e-05
2326,2017-05-04,3.820164245790223e-05,2.7226234603452902e-05
2327,2017-05-05,4.573068578701604e-05,2.700208035992722e-05
2328,2017-05-08,1.4690164112931832e-05,2.9075974456896758e-05
2329,2017-05-09,1.0215109313771378e-05,2.8496294159366932e-05
2330,2017-05-10,2.983154502485927e-05,2.7893603435044702e-05
2331,2017-05-11,2.5317009671558285e-05,3.063653475293447e-05
2332,2017-05-12,2.1069634830386977e-05,3.138706030089564e-05
2333,2017-05-15,1.473233523424625e-05,3.0492071218268982e-05
2334,2017-05-16,1.6592434414745827e-05,3.2095368003753423e-05
2335,2017-05-17,1.043874279335704e-05,3.0455098563238787e-05
2336,2017-05-18,7.933509405596313e-05,2.5520877556449586e-05
2337,2017-05-19,6.742032866542055e-05,3.096074252738598e-05
2338,2017-05-22,4.953775850459483e-05,2.788848807085283e-05
2339,2017-05-23,2.426873086112516e-05,2.4728307339362044e-05
2340,2017-05-24,3.7742595477921535e-05,2.908024679833217e-05
2341,2017-05-25,8.504352945871144e-05,3.1445507278029134e-05
2342,2017-05-26,4.429042070016859e-05,3.09387039162348e-05
2343,2017-05-29,4.4177478342821896e-05,3.209598146411768e-05
2344,2017-05-30,1.2796533630048106e-05,3.099772767294211e-05
2345,2017-05-31,7.375703310211218e-06,2.9515000929152928e-05
2346,2017-06-01,1.0644289205186812e-05,3.1167290460991205e-05
2347,2017-06-02,2.2748404051033123e-05,2.9362516153147314e-05
2348,2017-06-05,7.806672175144673e-06,3.136313100664368e-05
2349,2017-06-06,3.162717882672092e-05,3.489677191494603e-05
2350,2017-06-07,1.712045560772506e-05,3.286845239419631e-05
2351,2017-06-08,1.166122868228682e-05,2.9897476507473746e-05
2352,2017-06-09,1.9163958971651436e-05,3.183309519637909e-05
2353,2017-06-12,1.4579820519592179e-05,3.092869559829926e-05
2354,2017-06-13,1.491464882719624e-05,2.9842568385860964e-05
2355,2017-06-14,1.3845953008029953e-05,2.928140105169541e-05
2356,2017-06-15,1.4030677002702763e-05,2.9432641555587493e-05
2357,2017-06-16,1.2413095658854464e-05,2.7607719236122874e-05
2358,2017-06-19,2.820216210962336e-05,3.2636507184134714e-05
2359,2017-06-20,5.669832497002004e-06,3.392015442010414e-05
2360,2017-06-21,8.398878126773637e-06,3.644570849097781e-05
2361,2017-06-22,3.0963889725139255e-05,3.718465637606064e-05
2362,2017-06-23,2.6747068131287057e-05,3.922690416297062e-05
2363,2017-06-27,7.875595330857597e-05,4.103342251361137e-05
2364,2017-06-28,1.0211563375588857e-05,3.9481890276470346e-05
2365,2017-06-29,4.209983213826359e-05,3.963199948641721e-05
2366,2017-06-30,3.6050985311516475e-05,3.7538745100489634e-05
2367,2017-07-03,7.71139805742713e-05,3.3978910240338235e-05
2368,2017-07-04,2.1859992963678212e-05,3.0641993374683455e-05
2369,2017-07-05,5.322527804814414e-06,3.058800458531833e-05
2370,2017-07-06,1.6366488294788588e-05,2.6523569887646883e-05
2371,2017-07-07,6.611300467329398e-06,2.839322251469649e-05
2372,2017-07-10,0.00010861317146423544,2.886921886251664e-05
2373,2017-07-11,1.850002207461352e-05,2.8819992089939185e-05
2374,2017-07-12,9.873425818746856e-06,2.8704688675950737e-05
2375,2017-07-13,2.2949391170935385e-05,2.879127893226552e-05
2376,2017-07-14,2.6068223569900177e-05,2.7693463819507467e-05
2377,2017-07-17,8.633089829355597e-06,2.7350591230920237e-05
2378,2017-07-18,0.00010178571188602759,2.7401886508623557e-05
2379,2017-07-19,1.8406268990113508e-05,2.6996707170498362e-05
2380,2017-07-20,1.6514057965716125e-05,2.769805887540381e-05
2381,2017-07-21,4.1739087510356195e-05,2.3965627266066276e-05
2382,2017-07-24,1.780840640292259e-05,2.279806546203451e-05
2383,2017-07-25,3.328666131191012e-05,2.456000284849071e-05
2384,2017-07-26,1.620595813102399e-05,2.506595209365964e-05
2385,2017-07-27,6.147011452921705e-05,2.688555152072847e-05
2386,2017-07-28,3.325393361947144e-05,2.515991241772375e-05
2387,2017-07-31,2.0032680774487673e-05,2.8006291538468987e-05
2388,2017-08-01,1.9925850761656354e-05,2.871923200616555e-05
2389,2017-08-02,2.967983867624305e-05,3.236804193390961e-05
2390,2017-08-03,2.3734695257749996e-05,3.0111569973977755e-05
2391,2017-08-04,2.5783073628637503e-05,2.7189098435536916e-05
2392,2017-08-07,6.417032676236576e-06,2.7480849966758605e-05
2393,2017-08-08,6.443597728006273e-05,2.39951317396761e-05
2394,2017-08-09,2.317804997830433e-05,2.759610604169442e-05
2395,2017-08-10,6.127221845828908e-05,2.63388141557357e-05
2396,2017-08-11,0.00015242004057003473,2.616744595985993e-05
2397,2017-08-14,3.8025601267983315e-05,2.7543040750718606e-05
2398,2017-08-16,7.575647122906958e-05,2.964834696488981e-05
2399,2017-08-17,3.8705861525993506e-05,2.5670717479420236e-05
2400,2017-08-18,4.808000104598623e-05,3.086493200895358e-05
2401,2017-08-21,8.011529431703144e-05,3.053769546997065e-05
2402,2017-08-22,5.94453928281125e-05,2.9709569962440684e-05
2403,2017-08-23,3.266952769634482e-05,3.2582312879130306e-05
2404,2017-08-24,1.2347711039919e-05,3.3390649732257997e-05
2405,2017-08-28,3.265055595520532e-05,3.2441704602486616e-05
2406,2017-08-29,4.5012069470175416e-05,3.127062434497875e-05
2407,2017-08-30,5.4271876787531064e-05,3.405971029100054e-05
2408,2017-08-31,2.615798454006605e-05,3.413165080148511e-05
2409,2017-09-01,2.3347009679682733e-05,3.322626628646256e-05
2410,2017-09-04,6.350993186281627e-05,3.206131276572685e-05
2411,2017-09-05,1.8671693721567243e-05,3.25346232407282e-05
2412,2017-09-06,3.6567147844552075e-05,3.112473950711379e-05
2413,2017-09-07,1.6651360561601247e-05,3.2039117838662035e-05
2414,2017-09-08,1.7788930841056456e-05,2.8759793081959043e-05
2415,2017-09-11,2.6991636742127862e-05,3.3919275332871294e-05
2416,2017-09-12,4.345137254469303e-05,3.145913158476771e-05
2417,2017-09-13,1.6612112137841947e-05,3.457891908823652e-05
2418,2017-09-14,1.8021229991162165e-05,4.061845206181964e-05
2419,2017-09-15,2.28409557689492e-05,4.254988808674664e-05
2420,2017-09-18,2.8430060400650136e-05,4.467442027678988e-05
2421,2017-09-19,1.3313408466347835e-05,4.639135057903386e-05
2422,2017-09-20,6.158235038534547e-06,4.5269316936760375e-05
2423,2017-09-21,3.8849920093834524e-05,4.6168630273962445e-05
2424,2017-09-22,7.596340885040726e-05,4.804660476534449e-05
2425,2017-09-25,8.212720682165013e-05,4.5465301920058405e-05
2426,2017-09-26,2.708755906513826e-05,4.195974341842099e-05
2427,2017-09-27,0.00017589518260709434,4.2390659976084083e-05
2428,2017-09-28,3.8961242526113025e-05,4.2878714702224254e-05
2429,2017-09-29,4.508568989228581e-05,4.28134047104081e-05
2430,2017-10-03,0.00012972528658953812,4.1353127531886976e-05
2431,2017-10-04,3.269684958396696e-05,4.248310782061461e-05
2432,2017-10-05,1.5919271197449515e-05,4.6088083797248576e-05
2433,2017-10-06,2.7429530623726068e-05,4.25268925832024e-05
2434,2017-10-09,1.1221873647704073e-05,4.305961820036918e-05
2435,2017-10-10,9.632886118707531e-06,4.091401490499178e-05
2436,2017-10-11,4.78383475917553e-05,4.146763794828085e-05
2437,2017-10-12,6.303511592999649e-05,3.97103634012507e-05
2438,2017-10-13,2.535317069439369e-05,4.2279536350987074e-05
2439,2017-10-16,3.131103288664536e-05,3.864058361953406e-05
2440,2017-10-17,4.974809169054282e-06,3.6912956775429366e-05
2441,2017-10-18,1.7888312745639345e-05,3.6989819193179634e-05
2442,2017-10-19,2.695411062805133e-05,3.640692807816177e-05
2443,2017-10-23,4.0983977238474716e-05,3.3107263337007595e-05
2444,2017-10-24,2.0742350107581793e-05,2.9647388669731517e-05
2445,2017-10-25,0.00015704366465436634,3.164377449295905e-05
2446,2017-10-26,2.2367871875639995e-05,3.417135871407432e-05
2447,2017-10-27,1.2819868191313316e-05,3.649537465882216e-05
2448,2017-10-30,1.4238818740416066e-05,3.7016826962237735e-05
2449,2017-10-31,6.2241499351426164e-06,4.6437739663619236e-05
2450,2017-11-01,4.280634844171145e-05,4.4195750553202386e-05
2451,2017-11-02,4.990976924028228e-06,4.325642022321341e-05
2452,2017-11-03,3.052274921830456e-05,4.6903736075013056e-05
2453,2017-11-06,2.302938095191947e-05,4.585744616451018e-05
2454,2017-11-07,7.130102620834614e-05,3.95414602964308e-05
2455,2017-11-08,3.181357784745931e-05,4.0000100965569086e-05
2456,2017-11-09,6.427596662087807e-05,3.593559466788295e-05
2457,2017-11-10,2.8210278952494895e-05,3.195002211699675e-05
2458,2017-11-13,4.437624775951654e-05,3.4650749169301365e-05
2459,2017-11-14,1.733720230174111e-05,3.761511353268678e-05
2460,2017-11-15,2.503567429055782e-05,3.609016178006386e-05
2461,2017-11-16,3.977530022808129e-05,3.8348128851422715e-05
2462,2017-11-17,0.00013224260203689188,3.4522477964566254e-05
2463,2017-11-20,8.09632388827759e-06,3.420414378763515e-05
2464,2017-11-21,1.5582235524083175e-05,3.329790414915711e-05
2465,2017-11-22,1.6839164755705246e-05,3.51885786395984e-05
2466,2017-11-23,1.8333880582881358e-05,3.50325219933904e-05
2467,2017-11-24,8.869055083073786e-06,4.362731307910193e-05
2468,2017-11-27,2.205198763118219e-05,4.081637649493356e-05
2469,2017-11-28,1.045902114573604e-05,3.737165704694361e-05
2470,2017-11-29,7.198774131475007e-06,3.5258384894079363e-05
2471,2017-11-30,5.5579146194044484e-05,3.0294712168876102e-05
2472,2017-12-01,0.00010077703212312568,3.017153395267288e-05
2473,2017-12-04,5.265548416055481e-05,2.56537242855749e-05
2474,2017-12-05,2.2200160724306474e-05,2.6804403676404447e-05
2475,2017-12-06,2.5101632003823217e-05,2.6899201476362698e-05
2476,2017-12-07,5.236743737004551e-05,3.156672780473234e-05
2477,2017-12-08,2.817732746797424e-05,3.07476408991262e-05
2478,2017-12-11,2.7366528788596584e-05,3.6111209394391014e-05
2479,2017-12-12,2.9716174425947025e-05,3.6222367463601803e-05
2480,2017-12-13,5.509887789063815e-05,3.7498280276265466e-05
2481,2017-12-14,8.304889781940409e-05,3.3613851896991614e-05
2482,2017-12-15,9.19201856281325e-05,3.36254098764094e-05
2483,2017-12-18,0.0005323057887534672,3.357892409137757e-05
2484,2017-12-19,1.9758045997267172e-05,3.994046737859769e-05
2485,2017-12-20,1.9135392353583114e-05,3.426074297801827e-05
2486,2017-12-21,1.542758947151026e-05,3.413761672794104e-05
2487,2017-12-22,1.116689953750842e-05,3.2907006419992286e-05
2488,2017-12-26,1.8271389921030036e-05,3.182966929685243e-05
2489,2017-12-27,2.080159505914494e-05,2.6155763379362886e-05
2490,2017-12-28,1.804126831765644e-05,2.7818442950515765e-05
2491,2017-12-29,9.56522989562545e-06,2.6730205480111086e-05
2492,2018-01-02,5.1711152345409854e-05,2.512525998606675e-05
2493,2018-01-03,3.176436393467116e-05,2.9169773703411466e-05
2494,2018-01-04,2.2965006941833536e-05,3.332388012603619e-05
2495,2018-01-05,1.4316766440468319e-05,3.5940972996915926e-05
2496,2018-01-08,1.5130103270764797e-05,3.597676135682025e-05
2497,2018-01-09,1.4203308880338319e-05,3.797209864212882e-05
2498,2018-01-10,1.737505242104902e-05,3.8209538251125995e-05
2499,2018-01-11,8.56202792220579e-06,3.563138031942097e-05
2500,2018-01-12,5.098298522228729e-05,3.391851732108384e-05
2501,2018-01-15,2.9478171225733893e-05,3.4441152402122766e-05
2502,2018-01-16,2.0088697954974724e-05,3.6256107578995455e-05
2503,2018-01-17,5.516302730483575e-05,3.872489107767743e-05
2504,2018-01-18,9.389544297821404e-05,4.202177024213782e-05
2505,2018-01-19,3.892048874761976e-05,5.269739355961443e-05
2506,2018-01-22,2.609019025702643e-05,4.5566915958561064e-05
2507,2018-01-23,3.496248951499831e-05,4.449046099918984e-05
2508,2018-01-24,1.2699413529315203e-05,4.1390430618611666e-05
2509,2018-01-25,3.086538441504956e-05,3.73432984329163e-05
2510,2018-01-29,2.9130026837322363e-05,3.322842405693697e-05
2511,2018-01-30,2.2248335545029476e-05,3.411449880121126e-05
2512,2018-01-31,2.5084725827419814e-05,3.37110759436996e-05
2513,2018-02-01,0.00016971636612586537,3.2443554030229945e-05
2514,2018-02-02,0.00018864376244969157,3.79115949124958e-05
2515,2018-02-05,0.00025458024514201586,3.7800699245692026e-05
2516,2018-02-06,0.0015833993371257753,3.632601467628139e-05
2517,2018-02-07,0.00019340538100059737,3.455370030422055e-05
2518,2018-02-08,9.166015320058885e-05,3.4933397998513086e-05
2519,2018-02-09,0.00025401068066716666,3.283978592734916e-05
2520,2018-02-12,5.1949587526022354e-05,3.152126422010524e-05
2521,2018-02-14,7.772835094865775e-05,2.9000377036196304e-05
2522,2018-02-15,5.238916191633619e-05,3.237609912612191e-05
2523,2018-02-16,0.00012020625075814326,3.270438078239863e-05
2524,2018-02-19,0.0001371185883911354,3.200395385883558e-05
2525,2018-02-20,2.395409870370307e-05,3.396676691819974e-05
2526,2018-02-21,6.480398350951336e-05,3.749226801948396e-05
2527,2018-02-22,2.7270334347436223e-05,3.400319435911543e-05
2528,2018-02-23,3.836764725155878e-05,3.370875007855472e-05
2529,2018-02-26,2.7412414245690685e-05,3.518551553957213e-05
2530,2018-02-27,3.604350550608012e-05,3.2326529750831474e-05
2531,2018-02-28,5.5636332967020066e-05,3.2670068827777974e-05
2532,2018-03-01,2.3497134828637427e-05,3.268663087864271e-05
2533,2018-03-05,4.607329097053941e-05,3.2308545423253453e-05
2534,2018-03-06,0.0001957195644063695,3.2314583781908044e-05
2535,2018-03-07,3.606748617135036e-05,4.015239380387024e-05
2536,2018-03-08,9.15434713656269e-05,4.431321030258363e-05
2537,2018-03-09,3.0892729888288394e-05,5.0905733217199746e-05
2538,2018-03-12,0.00011315702123015208,6.897698469062689e-05
2539,2018-03-13,4.516823988369781e-05,7.489462869645227e-05
2540,2018-03-14,3.9102035203575866e-05,7.474162534306896e-05
2541,2018-03-15,1.7136852771313495e-05,8.319833826424963e-05
2542,2018-03-16,9.122021077547936e-05,7.67195460502658e-05
2543,2018-03-19,7.701234451565826e-05,7.434846981467321e-05
2544,2018-03-20,5.786868646378787e-05,7.043041773867712e-05
2545,2018-03-21,6.226446386333083e-05,7.544375530289658e-05
2546,2018-03-22,3.8342157666918726e-05,7.789741146546016e-05
2547,2018-03-23,0.00023086637202875097,7.064563626790846e-05
2548,2018-03-26,0.00011558612441370944,7.162918456596936e-05
2549,2018-03-27,4.866387801379975e-05,6.781709422606107e-05
2550,2018-03-28,2.8168157225227275e-05,6.653610115084017e-05
2551,2018-04-02,4.2354137951103795e-05,6.202167870032289e-05
2552,2018-04-03,2.8888013846540334e-05,6.502153434647749e-05
2553,2018-04-04,0.00010102761163256124,6.638554203773366e-05
2554,2018-04-05,0.00013161175310502613,6.41583594686429e-05
2555,2018-04-06,1.1600833780437695e-05,6.71003131168212e-05
2556,2018-04-09,1.54768190670522e-05,7.842281890277059e-05
2557,2018-04-10,1.6393903963003617e-05,7.192119404434968e-05
2558,2018-04-11,3.3869247169855435e-05,7.356385879232031e-05
2559,2018-04-12,1.7551976063535963e-05,6.844905729016053e-05
2560,2018-04-13,2.6384204669979085e-05,6.839222340064606e-05
2561,2018-04-16,0.0001262560511426069,6.109312495266043e-05
2562,2018-04-17,2.7473457495825348e-05,5.9766200275577064e-05
2563,2018-04-18,2.9589890121781605e-05,5.1506449525465365e-05
2564,2018-04-19,1.4944373607751591e-05,5.672709863633277e-05
2565,2018-04-20,9.78572448507828e-06,5.5642459362775533e-05
2566,2018-04-23,5.409091579775338e-05,5.579053283224571e-05
2567,2018-04-24,1.451712432942822e-05,5.589351095656076e-05
2568,2018-04-25,2.0708309665634574e-05,5.497776840853554e-05
2569,2018-04-26,1.704241304757745e-05,6.293428000043997e-05
2570,2018-04-27,2.6942382527553863e-05,6.353450088502804e-05
2571,2018-04-30,1.113516468073619e-05,6.268711911948641e-05
2572,2018-05-02,4.539682489856144e-05,5.958177001278825e-05
2573,2018-05-03,1.8577029039122285e-05,6.105825940168031e-05
2574,2018-05-04,3.361791518428578e-05,5.5912766331694936e-05
2575,2018-05-07,3.4700793838251424e-05,5.835660228239135e-05
2576,2018-05-08,3.167447934642717e-05,6.348613390366814e-05
2577,2018-05-09,2.341812614485739e-05,5.5873446639635573e-05
2578,2018-05-10,3.142013730893148e-05,5.0892233566461826e-05
2579,2018-05-11,2.82142701986204e-05,4.8961191747525695e-05
2580,2018-05-14,1.1279238469398682e-05,4.684424096077173e-05
2581,2018-05-15,8.723172680494422e-05,4.220988145254019e-05
2582,2018-05-16,4.50157574425826e-05,4.2393876474640945e-05
2583,2018-05-17,4.8328410000689583e-05,4.8793232372312844e-05
2584,2018-05-18,2.3105166387128064e-05,4.727853447882611e-05
2585,2018-05-21,4.438869814121862e-05,4.778094882542195e-05
2586,2018-05-22,1.3964942552652112e-05,4.456612133250295e-05
2587,2018-05-23,4.323635026609398e-05,4.0336467404238226e-05
2588,2018-05-24,5.2852629561736e-05,4.0983064988972486e-05
2589,2018-05-25,3.629144017970868e-05,3.727677133276291e-05
2590,2018-05-28,3.106570111319208e-05,3.6605650792052524e-05
2591,2018-05-29,3.0276199122504455e-05,3.4233853005001915e-05
2592,2018-05-30,5.07746314002575e-05,3.460590697972846e-05
2593,2018-05-31,8.863442754153774e-05,3.081178444846318e-05
2594,2018-06-01,2.0470127594864743e-05,3.37633814982197e-05
2595,2018-06-04,0.00011062234796533318,3.213291879587475e-05
2596,2018-06-05,2.4747261676618764e-05,3.36001981763433e-05
2597,2018-06-06,3.7341779315133754e-05,3.300828130524539e-05
2598,2018-06-07,4.56268009417493e-05,3.2936626515244514e-05
2599,2018-06-08,2.3780756259939078e-05,3.251686438333177e-05
2600,2018-06-11,2.6726342877657237e-05,3.396651272153905e-05
2601,2018-06-12,2.0557795572653024e-05,3.4120319920454926e-05
2602,2018-06-13,2.4315808292360276e-05,3.112636406034878e-05
2603,2018-06-14,1.8317670223431767e-05,3.5463562271305215e-05
2604,2018-06-15,2.139558201061215e-05,3.608542908898504e-05
2605,2018-06-18,7.04153094163182e-06,3.579171434318848e-05
2606,2018-06-19,2.3973707240441083e-05,3.464597881746264e-05
2607,2018-06-20,1.4735512086618884e-05,3.730667363922059e-05
2608,2018-06-21,3.2276349969023786e-05,3.38889750371433e-05
2609,2018-06-22,4.694568814966676e-05,3.6203930890284424e-05
2610,2018-06-25,1.756647002099438e-05,3.649486178066584e-05
2611,2018-06-26,2.0376848167941144e-05,3.754097418272299e-05
2612,2018-06-27,5.5363655935367225e-05,3.7300538694189054e-05
2613,2018-06-28,4.215467339412913e-05,3.8854797058388005e-05
2614,2018-06-29,4.1656286135887054e-05,4.024562747633505e-05
2615,2018-07-02,6.042405202109738e-05,4.3824203459597544e-05
2616,2018-07-03,2.3016468945651213e-05,4.054547901820806e-05
2617,2018-07-04,3.318841144969248e-05,4.630329945476521e-05
2618,2018-07-05,1.4139338169435691e-05,4.3852088743670046e-05
2619,2018-07-06,2.2507553034526007e-05,4.389965774049047e-05
2620,2018-07-09,4.647385968889792e-05,4.354201274000872e-05
2621,2018-07-10,3.975774427415636e-05,4.301934175757979e-05
2622,2018-07-11,8.697741357174599e-06,4.0964319340577415e-05
2623,2018-07-12,5.148409738711664e-05,4.004345012734397e-05
2624,2018-07-13,2.3390093824588877e-05,4.044657107069636e-05
2625,2018-07-16,2.4671341668647213e-05,3.736930925308521e-05
2626,2018-07-17,2.4149428992657494e-05,3.66687324760834e-05
2627,2018-07-18,6.214298953384793e-05,3.234502394873975e-05
2628,2018-07-19,1.7588253692670795e-05,3.367842030854333e-05
2629,2018-07-20,1.9848683567997918e-05,3.173761754770909e-05
2630,2018-07-23,1.947812061069429e-05,3.373135502398599e-05
2631,2018-07-24,1.1891995928168909e-05,3.503854080988102e-05
2632,2018-07-25,7.020721237630722e-06,3.42254709146779e-05
2633,2018-07-26,1.003122186018189e-05,3.360693936345716e-05
2634,2018-07-27,4.907431416584799e-05,3.6619457962140625e-05
2635,2018-07-30,1.6007671152954225e-05,3.702125012035322e-05
2636,2018-07-31,2.8566848567090093e-05,3.6640478936572017e-05
2637,2018-08-01,1.5292012055500212e-05,3.823479007322156e-05
2638,2018-08-02,2.6018014134579094e-05,3.7517344547359116e-05
2639,2018-08-03,3.640874627011528e-05,3.605780600358039e-05
2640,2018-08-06,2.130389272136837e-05,3.347181694222887e-05
2641,2018-08-07,2.3734335681877755e-05,3.272097893946258e-05
2642,2018-08-08,2.2034615997627374e-05,3.305899341122423e-05
2643,2018-08-09,1.902610515700148e-05,3.398013248630822e-05
2644,2018-08-10,9.180751963672784e-06,3.0274235856076984e-05
2645,2018-08-13,3.9882282043824726e-05,3.393247065958922e-05
2646,2018-08-14,2.242634266065871e-05,3.323129844221718e-05
2647,2018-08-16,3.1675582313525366e-05,3.280124823039715e-05
2648,2018-08-17,2.8705528183952844e-05,3.2325324518879955e-05
2649,2018-08-20,1.863200075512075e-05,3.75326550348177e-05
2650,2018-08-21,1.0499693922936726e-05,3.4658287573180586e-05
2651,2018-08-23,3.5225099953725895e-05,3.4800850242377316e-05
2652,2018-08-24,1.5354278407348518e-05,3.405465737403517e-05
2653,2018-08-27,4.5263151495580326e-05,3.16196237041101e-05
2654,2018-08-28,1.7586486217915675e-05,2.8254907684483068e-05
2655,2018-08-29,1.3853461141200638e-05,2.745201133965843e-05
2656,2018-08-30,1.1201656427755056e-05,2.9464753668155114e-05
2657,2018-08-31,1.8843113775740517e-05,2.7625739375032903e-05
2658,2018-09-03,0.00012223836622577775,2.863467233175617e-05
2659,2018-09-04,3.1067296147533436e-05,2.7975777979083626e-05
2660,2018-09-05,6.367028582700778e-05,2.943744130251023e-05
2661,2018-09-06,5.727568434337352e-05,2.949902541286927e-05
2662,2018-09-07,4.7284245015891795e-05,2.9694175588867516e-05
2663,2018-09-10,5.710539943424408e-05,2.9647666061210834e-05
2664,2018-09-11,0.00012209341278036697,2.9417954144049516e-05
2665,2018-09-12,8.18053240334535e-05,2.848931504374936e-05
2666,2018-09-14,6.361412641418819e-05,2.6691548563732517e-05
2667,2018-09-17,4.4353354171903604e-05,2.8225292176272835e-05
2668,2018-09-18,5.4041745382628226e-05,2.7728105627052734e-05
2669,2018-09-19,5.7499916882426685e-05,2.8548624990880848e-05
2670,2018-09-21,0.0007420449193022255,2.9039033396560797e-05
2671,2018-09-24,0.00014627458760951622,2.8642075138213225e-05
2672,2018-09-25,0.0001230366296344477,2.6625926633689075e-05
2673,2018-09-26,0.00012278999324804424,2.840300615137419e-05
2674,2018-09-27,5.7292007019212644e-05,2.697489991266274e-05
2675,2018-09-28,0.00010959056939052557,2.920052690831605e-05
2676,2018-10-01,0.00014608633159750013,2.9130447090995608e-05
2677,2018-10-03,6.537422450061196e-05,2.9524082020841837e-05
2678,2018-10-04,0.0002271176477747916,2.7193649183788752e-05
2679,2018-10-05,0.0003082530039243635,2.7958772153955676e-05
2680,2018-10-08,0.00013698904651112296,3.159374452436268e-05
2681,2018-10-09,6.117233098245656e-05,3.174402378998943e-05
2682,2018-10-10,9.280951600144411e-05,3.494754518502911e-05
2683,2018-10-11,0.0009303691074887392,3.7362728877977274e-05
2684,2018-10-12,0.00017932507538972046,3.9402617361566504e-05
2685,2018-10-15,9.520366060810037e-05,3.950984270324029e-05
2686,2018-10-16,3.169001697239451e-05,4.431155676898148e-05
2687,2018-10-17,0.0003216876629753496,4.578915944157556e-05
2688,2018-10-19,0.00017242044879141964,4.803353205526946e-05
2689,2018-10-22,0.00020672895679812295,4.7668162416654383e-05
2690,2018-10-23,0.000130305539769772,4.89873637589512e-05
2691,2018-10-24,0.00027421598257593583,4.8437103545485056e-05
2692,2018-10-25,0.00010284905608556067,6.121672294947643e-05
2693,2018-10-26,5.24074837128055e-05,6.362618427299624e-05
2694,2018-10-29,0.00023782847301749582,6.981860564526861e-05
2695,2018-10-30,4.097359581404956e-05,7.446765833111398e-05
2696,2018-10-31,0.0002989836696757268,7.508582426913093e-05
2697,2018-11-01,6.341984347429038e-05,7.265235049891397e-05
2698,2018-11-02,0.00013586473833494193,7.696007614154374e-05
2699,2018-11-05,2.6963025168953302e-05,7.623321818812569e-05
2700,2018-11-06,4.249239744705516e-05,8.670498120599433e-05
2701,2018-11-07,6.784168299463405e-05,9.975077106038778e-05
2702,2018-11-09,2.2614270007426083e-05,9.87104493712852e-05
2703,2018-11-12,0.00010458714689386885,9.475623210310811e-05
2704,2018-11-13,8.224834607667027e-05,9.802241792146014e-05
2705,2018-11-14,6.84516394190721e-05,0.00011768678434148736
2706,2018-11-15,2.3662388932408935e-05,0.00011375756192326627
2707,2018-11-16,1.8611399145073515e-05,0.00011155826007520374
2708,2018-11-19,4.502291101364887e-05,0.00010213151067172502
2709,2018-11-20,3.4805848114532606e-05,0.00011777076736149477
2710,2018-11-21,4.1222893738405304e-05,0.00011104135402986832
2711,2018-11-22,5.623678654831454e-05,0.00011632397726892974
2712,2018-11-26,9.501478693890645e-05,0.00011871295898617775
2713,2018-11-27,2.9955177823847688e-05,0.00013651801692478638
2714,2018-11-28,1.549207682136705e-05,0.00012134858023979209
2715,2018-11-29,8.372646363120459e-05,0.00011095660472417255
2716,2018-11-30,3.109419617247006e-05,0.00011802653373314767
2717,2018-12-03,5.2403837389330836e-05,0.0001049002621744004
2718,2018-12-04,1.1057080385732409e-05,0.00011541803980634207
2719,2018-12-05,3.909889853338298e-05,0.00010717238287034991
2720,2018-12-06,9.019395613501434e-05,0.00011307652042961387
2721,2018-12-07,5.2799243910989774e-05,9.767129684591778e-05
2722,2018-12-10,0.00032956706411893473,9.500585232292048e-05
2723,2018-12-11,0.00034456211980572163,8.770074446113566e-05
2724,2018-12-12,0.00012476657920491716,7.867924388477252e-05
2725,2018-12-13,6.919856041255021e-05,8.209484013731325e-05
2726,2018-12-14,1.3356303839515079e-05,8.486959759518905e-05
2727,2018-12-17,2.818181574228739e-05,8.06913099057299e-05
2728,2018-12-18,3.9844448887874645e-05,7.186667641424806e-05
2729,2018-12-19,1.3735321283693179e-05,6.815685771177636e-05
2730,2018-12-20,7.575071241517942e-05,6.786349050979916e-05
2731,2018-12-21,0.00014546932074520038,6.185771899892668e-05
2732,2018-12-24,5.8796771026690814e-05,5.896868727323938e-05
2733,2018-12-26,0.00016042529393079795,5.9614749023877314e-05
2734,2018-12-27,8.068522272737673e-05,6.396058975192381e-05
2735,2018-12-28,3.3503405361845565e-05,5.795668303242006e-05
2736,2018-12-31,3.796485694945857e-05,5.275731764260982e-05
2737,2019-01-02,7.611069936290559e-05,5.734457341398446e-05
2738,2019-01-03,6.843791666059308e-05,5.20125288956925e-05
2739,2019-01-04,5.2757530367792114e-05,5.1868455255538595e-05
2740,2019-01-07,7.301308824151146e-05,4.426668303859713e-05
2741,2019-01-08,2.6303974617544044e-05,4.6934656723912964e-05
2742,2019-01-09,9.933751797817317e-05,4.7644319706002625e-05
2743,2019-01-10,1.069512775557744e-05,4.8735095499747955e-05
2744,2019-01-11,4.09594851403159e-05,5.7617585410524555e-05
2745,2019-01-14,4.548306949510718e-05,6.83736445712872e-05
2746,2019-01-15,5.5153907589188115e-05,7.243456309922715e-05
2747,2019-01-16,9.319694219404381e-06,6.98742504748841e-05
2748,2019-01-17,3.565687438006458e-05,6.043425078627301e-05
2749,2019-01-18,2.1649838050152016e-05,5.501793792183398e-05
2750,2019-01-21,3.016341160990839e-05,5.19266897814347e-05
2751,2019-01-22,3.116994782259973e-05,4.608641127647485e-05
2752,2019-01-23,5.0730819107695466e-05,4.9171544888564527e-05
2753,2019-01-24,1.6642206141435042e-05,5.6628454058441e-05
2754,2019-01-25,9.385666647079034e-05,5.711548533823274e-05
2755,2019-01-28,9.021455771707543e-05,6.344430810461385e-05
2756,2019-01-29,3.676134649385087e-05,6.621128169487494e-05
2757,2019-01-30,5.2525837221005654e-05,6.280099006200502e-05
2758,2019-01-31,8.749857090077217e-05,6.127402181523644e-05
2759,2019-02-01,9.131242517305968e-05,6.295707251057566e-05
2760,2019-02-04,4.486039956269826e-05,6.200188027857526e-05
2761,2019-02-05,1.3720503042165358e-05,6.0591336102316094e-05
2762,2019-02-06,4.166342572229514e-05,6.581660072164694e-05
2763,2019-02-07,1.6709323386779658e-05,6.247973254804441e-05
2764,2019-02-08,5.444796560189154e-05,6.564591569535256e-05
2765,2019-02-11,1.9446965299753782e-05,5.530698509618283e-05
2766,2019-02-12,2.363786180242947e-05,5.41358122604922e-05
2767,2019-02-14,3.4535306141061293e-05,5.0803313479087125e-05
2768,2019-02-15,0.0001172719196225772,5.148621138583116e-05
2769,2019-02-18,5.2706139743754945e-05,4.264133057647246e-05
2770,2019-02-19,6.808196287481062e-05,4.7529612478522074e-05
2771,2019-02-20,5.643055227649151e-05,4.5460651287971174e-05
2772,2019-02-21,2.2595667000653866e-05,4.492990185196801e-05
2773,2019-02-22,6.3253363644903935e-06,4.4871371069993076e-05
2774,2019-02-25,3.288576896126192e-05,4.791372333622871e-05
2775,2019-02-26,0.0001659400755211656,4.278089068899758e-05
2776,2019-02-27,0.00011805052479990061,4.810479621110839e-05
2777,2019-02-28,4.872610771117822e-05,4.943668770907735e-05
2778,2019-03-01,3.0023256586041368e-05,4.755538880199086e-05
2779,2019-03-05,9.36937256252971e-05,4.86216017943031e-05
2780,2019-03-06,2.329335100470423e-05,5.360586861477217e-05
2781,2019-03-07,1.6560115268693683e-05,5.380545321041074e-05
2782,2019-03-08,8.143458835290319e-06,5.0778734627706215e-05
2783,2019-03-11,4.904616295291065e-05,4.571231525061829e-05
2784,2019-03-12,5.554600789192477e-05,4.6199205997976234e-05
2785,2019-03-13,2.3612373127526662e-05,4.185861082008336e-05
2786,2019-03-14,2.7558287767508766e-05,4.189187632866507e-05
2787,2019-03-15,5.04001927206632e-05,3.996213212857091e-05
2788,2019-03-18,5.1670490039361626e-05,4.047710205203619e-05
2789,2019-03-19,3.6049595740118755e-05,4.038573062342505e-05
2790,2019-03-20,1.0921649691932307e-05,4.580068007524778e-05
2791,2019-03-22,5.426503202101839e-05,4.653692558286524e-05
2792,2019-03-25,5.162649937574494e-05,4.9882345084145423e-05
2793,2019-03-26,5.716491065123408e-05,5.24484135715795e-05
2794,2019-03-27,6.33091994131181e-05,4.997140137548681e-05
2795,2019-03-28,4.9640118670516385e-05,4.16421260209424e-05
2796,2019-04-01,9.383654137298826e-05,4.240406682125864e-05
2797,2019-04-02,2.998560505696535e-05,4.8492006276042575e-05
2798,2019-04-03,4.63849382936267e-05,4.9596707315215706e-05
2799,2019-04-04,3.165053485627737e-05,4.908905710323823e-05
2800,2019-04-05,2.783763287464684e-05,5.108451746135208e-05
2801,2019-04-08,8.097500794329322e-05,5.5524768443208173e-05
2802,2019-04-09,3.480813485713258e-05,4.813348564511289e-05
2803,2019-04-10,3.458649485419237e-05,4.252085341854575e-05
2804,2019-04-11,1.0796688641310073e-05,3.742813681732037e-05
2805,2019-04-12,1.8093593055402338e-05,4.130513917628394e-05
2806,2019-04-15,1.185837991376299e-05,4.089846699707986e-05
2807,2019-04-16,3.1391917728313683e-05,4.021782330153408e-05
2808,2019-04-18,6.814366415150907e-05,4.049408806195986e-05
2809,2019-04-22,5.6118799023555525e-05,4.514204782430385e-05
2810,2019-04-23,1.993793814930579e-05,4.612825984792943e-05
2811,2019-04-24,6.987007108420605e-05,4.4957662801180595e-05
2812,2019-04-25,7.735296590896093e-05,3.991804092624094e-05
2813,2019-04-26,3.837909867684011e-05,4.284165862970389e-05
2814,2019-04-30,4.1825354270115414e-05,4.2534877096765066e-05
2815,2019-05-02,2.650959090968962e-05,4.282789618194941e-05
2816,2019-05-03,1.529876669200082e-05,4.495303488818857e-05
2817,2019-05-06,9.255005952718524e-05,4.966047608964686e-05
2818,2019-05-07,9.633517623690252e-05,5.290504515573327e-05
2819,2019-05-08,4.8502747170757953e-05,4.8273696106626636e-05
2820,2019-05-09,3.821213102634147e-05,4.7376258899717374e-05
2821,2019-05-10,2.453251240010182e-05,4.5200532706723074e-05
2822,2019-05-13,8.510235220929301e-05,4.3969121354886445e-05
2823,2019-05-14,9.409219303625134e-05,4.485094031394847e-05
2824,2019-05-15,7.955436107158022e-05,4.454691967681571e-05
2825,2019-05-16,5.5406627738507596e-05,4.485078260252384e-05
2826,2019-05-17,7.348421273632228e-05,4.202142885321321e-05
2827,2019-05-20,0.0006119996436182463,4.0953263266873375e-05
2828,2019-05-21,0.00010654849803701458,3.639270237617973e-05
2829,2019-05-22,2.7731318533717902e-05,3.7465880342117e-05
2830,2019-05-23,0.0006461561990106561,4.003297984158478e-05
2831,2019-05-24,0.000171022790168542,4.2666109910977835e-05
2832,2019-05-27,5.0502448297255924e-05,4.069558200986155e-05
2833,2019-05-28,3.7821981290226135e-05,4.5695989242946465e-05
2834,2019-05-29,2.4988235285753668e-05,4.9643043232226574e-05
2835,2019-05-30,2.892567008658311e-05,4.7255231530474515e-05
2836,2019-05-31,0.0001295852519233086,4.661269093809453e-05
2837,2019-06-03,8.540400750910678e-05,4.56745969672297e-05
2838,2019-06-04,2.8664509497748812e-05,4.115208721165261e-05
2839,2019-06-06,0.00010713395503213644,4.418895203946402e-05
2840,2019-06-07,5.31387935439218e-05,4.582231309592105e-05
2841,2019-06-10,5.4199320997675435e-05,4.571209747428232e-05
2842,2019-06-11,3.1981882400404824e-05,4.5798393341812956e-05
2843,2019-06-12,2.547047330907554e-05,4.5706289014573666e-05
2844,2019-06-13,4.177092112495471e-05,4.849688954414676e-05
2845,2019-06-14,3.2589522651245954e-05,4.876692273697375e-05
2846,2019-06-17,8.864529282355704e-05,5.0385378915100305e-05
2847,2019-06-18,1.8090415653083832e-05,5.1139772318032037e-05
2848,2019-06-19,9.650538244726807e-05,5.613560756323089e-05
2849,2019-06-20,0.00011696206525766538,6.983088181488117e-05
2850,2019-06-21,3.770551758362649e-05,7.037427466015902e-05
2851,2019-06-24,1.696954982762716e-05,6.486196627253773e-05
2852,2019-06-25,6.788564249441038e-05,8.213836440465512e-05
2853,2019-06-26,3.754229963512311e-05,8.341360045417286e-05
2854,2019-06-27,2.2372981577819922e-05,7.516974512608564e-05
2855,2019-06-28,2.4974732907164583e-05,7.068480602092679e-05
2856,2019-07-01,2.5755034130982613e-05,6.752259641670213e-05
2857,2019-07-02,4.011447631172587e-05,6.051842828855252e-05
2858,2019-07-03,1.1883930403233584e-05,6.477852367101436e-05
2859,2019-07-04,6.5456237132787784e-06,6.68018897684516e-05
2860,2019-07-05,8.287055865960618e-05,6.481486573738035e-05
2861,2019-07-08,0.0001684185004579936,7.131819387392287e-05
2862,2019-07-09,4.71011660024487e-05,7.02847353606305e-05
2863,2019-07-10,4.047218799724261e-05,6.839026566589212e-05
2864,2019-07-11,4.67382300909713e-05,6.469902111899114e-05
2865,2019-07-12,2.9151363884750205e-05,6.40149075654787e-05
2866,2019-07-15,5.3974348768764976e-05,6.179130565804227e-05
2867,2019-07-16,2.3973169876833275e-05,5.871912888721974e-05
2868,2019-07-17,7.961669480053565e-06,6.178734519180777e-05
2869,2019-07-18,2.3812500059353163e-05,5.596195826824774e-05
2870,2019-07-19,0.00015508332191909165,6.218293806237704e-05
2871,2019-07-22,3.363316078638941e-05,6.242294992312508e-05
2872,2019-07-23,2.869529796611789e-05,5.904277001583157e-05
2873,2019-07-24,4.451817590944424e-05,5.3601640961089174e-05
2874,2019-07-25,5.0164716094407475e-05,5.55908898081728e-05
2875,2019-07-26,2.5585642149202854e-05,5.0842279739187935e-05
2876,2019-07-29,7.403447669210043e-05,4.6200960630634357e-05
2877,2019-07-30,0.00011082852514632,4.5242244011320025e-05
2878,2019-07-31,7.959051850983467e-05,4.60325272419562e-05
2879,2019-08-01,0.00015148083737343034,4.6189983835188774e-05
2880,2019-08-02,0.00016769341646961068,4.0313780496932253e-05
2881,2019-08-05,0.00014017935841941092,3.567866152149366e-05
2882,2019-08-06,0.00014945783590689186,4.132035369983615e-05
2883,2019-08-07,5.589732643099565e-05,4.5714118176735063e-05
2884,2019-08-08,0.00014764669645900443,4.406249315355257e-05
2885,2019-08-09,6.84841917317922e-05,4.545411837574717e-05
2886,2019-08-13,0.00017386884690120667,4.933159374348296e-05
2887,2019-08-14,0.00010625949111391006,4.710172046348724e-05
2888,2019-08-16,8.514909680203475e-05,4.645737067097265e-05
2889,2019-08-19,5.350057052528297e-05,4.393569402185895e-05
2890,2019-08-20,2.448088201552056e-05,3.7843389709891294e-05
2891,2019-08-21,4.548418878454542e-05,3.84718201292051e-05
2892,2019-08-22,0.00010680224806177121,4.375316518409204e-05
2893,2019-08-23,0.00016428603798208794,3.983473859766437e-05
2894,2019-08-26,0.0006678413178280442,3.965360209203111e-05
2895,2019-08-27,4.328578394186385e-05,4.377817117652391e-05
2896,2019-08-28,5.7298472223770476e-05,4.476435320864413e-05
2897,2019-08-29,4.752072714151409e-05,4.0784387092204395e-05
2898,2019-08-30,0.00011476142967588795,4.4651014742584e-05
2899,2019-09-03,0.00014135285410310817,4.9187605516409815e-05
2900,2019-09-04,3.903340759997137e-05,5.10728256620208e-05
2901,2019-09-05,3.458722848049226e-05,5.595799653749266e-05
2902,2019-09-06,3.357775931058769e-05,6.382508318599418e-05
2903,2019-09-09,5.550662827915424e-05,6.977240234710153e-05
2904,2019-09-11,1.0402477887393914e-05,7.162819071747038e-05
2905,2019-09-12,4.1783554359788234e-05,6.64966004144872e-05
2906,2019-09-13,5.602333096481956e-05,7.046022467212303e-05
2907,2019-09-16,7.475303217527683e-05,6.751972097970397e-05
2908,2019-09-17,0.00011933194429033839,7.241470034600488e-05
2909,2019-09-18,4.564437098900575e-05,7.274055245358838e-05
2910,2019-09-19,9.260392273327104e-05,7.402998348865813e-05
2911,2019-09-20,0.0013384984816024936,7.188067456503982e-05
2912,2019-09-23,0.0006782967570183897,6.972755976956111e-05
2913,2019-09-24,3.415995805522195e-05,6.90978939171497e-05
2914,2019-09-25,6.207776248167778e-05,7.023277761344419e-05
2915,2019-09-26,6.243182784157211e-05,7.562896231838614e-05
2916,2019-09-27,2.5076438552678264e-05,9.286012346277104e-05
2917,2019-09-30,4.937640372771174e-05,8.73553921392756e-05
2918,2019-10-01,0.00026688881847943045,8.89842319635798e-05
2919,2019-10-03,4.4174532638993384e-05,8.745383077604777e-05
2920,2019-10-04,0.00019852328870832687,8.943055818386746e-05
2921,2019-10-07,4.438205674814502e-05,8.575302518855243e-05
2922,2019-10-09,0.00015647229338620438,8.097021097887305e-05
2923,2019-10-10,2.780178470682451e-05,7.652958775350731e-05
2924,2019-10-11,8.285969531215829e-05,7.258896434366836e-05
2925,2019-10-14,5.375278810425236e-05,7.01792855139449e-05
2926,2019-10-15,4.064400838224526e-05,5.727695022688862e-05
2927,2019-10-16,2.6002386289212537e-05,5.924272748718928e-05
2928,2019-10-17,6.485065756964877e-05,5.9271270104511615e-05
2929,2019-10-18,4.311839224215728e-05,6.160612120717703e-05
2930,2019-10-22,5.303461514085077e-05,6.352488710655303e-05
2931,2019-10-23,2.3695540558823736e-05,6.385562404989366e-05
2932,2019-10-24,7.865118212339078e-05,6.710392494670285e-05
2933,2019-10-25,0.00011151951765950427,8.749447009044666e-05
2934,2019-10-29,0.0001079488164962948,0.00010067865813746643
2935,2019-10-30,9.908113307162571e-05,8.786234405318173e-05
2936,2019-10-31,3.6495351271525765e-05,8.920124915777341e-05
2937,2019-11-01,1.4300742597755168e-05,8.576540997355877e-05
2938,2019-11-04,2.7939331850351768e-05,6.69299281481648e-05
2939,2019-11-05,4.5871469248293104e-05,6.264188687263109e-05
2940,2019-11-06,5.59278097852526e-05,7.350603694766658e-05
2941,2019-11-07,4.3529678165291166e-05,6.858416911310997e-05
2942,2019-11-08,5.522520442758901e-05,7.573531308534439e-05
2943,2019-11-11,2.0545896804921544e-05,7.168903617716316e-05
2944,2019-11-13,3.723811137196346e-05,8.015082119704287e-05
2945,2019-11-14,2.5240405854116552e-05,6.992440778901712e-05
2946,2019-11-15,3.451904631879856e-05,7.552772204721241e-05
2947,2019-11-18,1.7643990479744643e-05,7.119923585126683e-05
2948,2019-11-19,2.3301917174142088e-05,7.268721850153004e-05
2949,2019-11-20,4.12203466095418e-05,6.658837557823128e-05
2950,2019-11-21,1.6962982830109254e-05,7.08066810696485e-05
2951,2019-11-22,1.8923678504490143e-05,6.73474758637891e-05
2952,2019-11-25,6.437331232027267e-05,6.636594772040616e-05
2953,2019-11-26,4.5667409254993015e-05,6.247377960465082e-05
2954,2019-11-27,1.4668932619668745e-05,6.718534057756012e-05
2955,2019-11-28,1.5860754515563225e-05,6.512498783748565e-05
2956,2019-11-29,4.2120686254761266e-05,6.421791589187116e-05
2957,2019-12-02,7.583944015975865e-05,6.716641280451297e-05
2958,2019-12-03,3.489023315192242e-05,6.530008441964144e-05
2959,2019-12-04,3.841482924253673e-05,5.760859648965678e-05
2960,2019-12-05,2.1298095962925037e-05,5.615219132365582e-05
2961,2019-12-06,7.325954756858859e-05,5.5221882848839795e-05
2962,2019-12-09,2.2710180705747405e-05,5.246467851038466e-05
2963,2019-12-10,2.945148255575621e-05,5.2310764467916215e-05
2964,2019-12-11,2.1393385999571705e-05,5.358510672071659e-05
2965,2019-12-12,2.1278110771796102e-05,5.0422681134596357e-05
2966,2019-12-13,3.399820158725481e-05,4.9236380269704154e-05
2967,2019-12-16,3.167099530170572e-05,4.715995020201209e-05
2968,2019-12-17,3.446115146060638e-05,4.6244196884639024e-05
2969,2019-12-18,1.9850578768432568e-05,4.231011388632534e-05
2970,2019-12-19,1.4495516865727665e-05,4.22780938911115e-05
2971,2019-12-20,4.167972118365906e-06,4.365758765691249e-05
2972,2019-12-23,2.0868635031057054e-05,4.043262267128651e-05
2973,2019-12-24,1.5148669810308273e-05,3.8893597094508916e-05
2974,2019-12-26,2.4048448141046533e-05,4.25434005989671e-05
2975,2019-12-27,3.7309814937814494e-05,4.3792121809336865e-05
2976,2019-12-30,1.932123533430303e-05,3.908402201503125e-05
2977,2019-12-31,2.168211834458705e-05,3.727646242899188e-05
2978,2020-01-01,1.4877800452855948e-05,3.869893946096144e-05
2979,2020-01-02,2.1967312543763787e-05,3.93827860157248e-05
2980,2020-01-03,1.7305184297794668e-05,3.799097956934585e-05
2981,2020-01-06,0.00011852481223656642,4.040431362626188e-05
2982,2020-01-07,0.0001013233332539548,3.987098204822688e-05
2983,2020-01-08,0.00012137910391386572,4.279084761125123e-05
2984,2020-01-09,0.0001310013792497741,3.865377436969091e-05
2985,2020-01-10,4.137299551486008e-05,3.8399721552310064e-05
2986,2020-01-13,1.652600467077061e-05,3.6376160434546404e-05
2987,2020-01-14,9.787647948357239e-06,3.637566128645777e-05
2988,2020-01-15,2.1322288615254492e-05,3.5759925451767006e-05
2989,2020-01-16,1.1713819248965148e-05,3.630489614156699e-05
2990,2020-01-17,1.5196620683045977e-05,3.658067362658835e-05
2991,2020-01-20,0.00014183789039935734,3.5938554326047406e-05
2992,2020-01-21,1.759926232283318e-05,3.4732602082646305e-05
2993,2020-01-22,5.900830441348911e-05,2.9240578018459727e-05
2994,2020-01-23,2.330951123055538e-05,3.0428650837579974e-05
2995,2020-01-24,3.3806484803544675e-05,2.9058529225677342e-05
2996,2020-01-27,4.4847845987563625e-05,2.8996063105680998e-05
2997,2020-01-28,5.0539653569428996e-05,3.031435911788876e-05
2998,2020-01-29,3.550437832294879e-05,3.168265619097885e-05
2999,2020-01-30,4.842329340191289e-05,3.2081783663545616e-05
3000,2020-01-31,8.713487078206058e-05,3.09264282419659e-05
3001,2020-02-03,0.0008518918464742616,3.0312420432928303e-05
3002,2020-02-04,0.00014320923881507334,2.8860382641279096e-05
3003,2020-02-05,5.746430651412088e-05,3.364270990044894e-05
3004,2020-02-06,1.9838653088094105e-05,3.6823949538314584e-05
3005,2020-02-07,1.7017291127540288e-05,4.0437878530179234e-05
3006,2020-02-10,3.296494974400387e-05,4.503154697088336e-05
3007,2020-02-11,5.939803108367244e-05,4.525224332645638e-05
3008,2020-02-12,3.1038875393057186e-05,4.076361692464326e-05
3009,2020-02-13,2.063119912706229e-05,3.6133390067681315e-05
3010,2020-02-14,5.8472062686674975e-05,3.4294565898896523e-05
3011,2020-02-17,3.7486765244932315e-05,3.0134049196881076e-05
3012,2020-02-18,5.2418551066311234e-05,2.8724582066311662e-05
3013,2020-02-19,8.940065944193173e-05,3.485216732692373e-05
3014,2020-02-20,1.6262641535284617e-05,3.359341972991403e-05
3015,2020-02-24,0.00012733507172376396,3.85519552753232e-05
3016,2020-02-25,4.2371750488497084e-05,3.849500894263482e-05
3017,2020-02-26,7.541902676828718e-05,4.0870483777380115e-05
3018,2020-02-27,6.362410671263391e-05,4.018806532390514e-05
3019,2020-02-28,0.0005950919329509915,4.221627031669581e-05
3020,2020-03-02,0.0006941063132975494,4.1655109862748436e-05
3021,2020-03-03,0.00015389609356761437,4.410841475094661e-05
3022,2020-03-04,0.00028718333412456357,4.855474478661833e-05
3023,2020-03-05,8.690780573322371e-05,6.362199241917114e-05
3024,2020-03-06,0.0009966520344470763,6.548235163339281e-05
3025,2020-03-09,0.0012158773352649369,6.380590399325146e-05
3026,2020-03-11,0.00028576822914082333,5.7799520584463924e-05
3027,2020-03-12,0.002693186145034291,5.189705045139393e-05
3028,2020-03-13,0.01308174412816012,4.529469873143107e-05
3029,2020-03-16,0.0021489477899013757,4.484889922487118e-05
3030,2020-03-17,0.001056525694906474,4.374636756694974e-05
3031,2020-03-18,0.002464930386654642,4.417411609697497e-05
3032,2020-03-19,0.005144415989199362,4.8943155757155155e-05
3033,2020-03-20,0.002293346802053906,5.004904352009489e-05
3034,2020-03-23,0.011157190095124536,5.18121109493015e-05
3035,2020-03-24,0.0025259320814660447,5.438368494868718e-05
3036,2020-03-25,0.002367746711097736,5.1202042741619104e-05
3037,2020-03-26,0.0011613698871895976,5.7108371845155845e-05
3038,2020-03-27,0.0023866406922694143,5.6450631568072725e-05
3039,2020-03-30,0.0016578950826092766,5.9382296823701606e-05
3040,2020-03-31,0.0013794985304174858,5.887972691230336e-05
3041,2020-04-01,0.0007427582149944734,7.645905959477179e-05
3042,2020-04-03,0.0006113939356230489,8.824324783049246e-05
3043,2020-04-07,0.0028972288727045488,9.075561602001346e-05
3044,2020-04-08,0.0015901671022629312,0.00010115399740454882
3045,2020-04-09,0.0008578595313641988,9.430104178580338e-05
3046,2020-04-13,0.00018644042322208724,0.00011000700627463816
3047,2020-04-15,0.0011070845308223391,0.0001214427028330221
3048,2020-04-16,0.00029789779260388735,0.00012690671462521494
3049,2020-04-17,0.0016346614006695723,0.00016897747326209656
3050,2020-04-20,0.0002781140862416629,0.0002574989965127636
3051,2020-04-21,0.000801201677410225,0.0002690005213268731
3052,2020-04-22,0.0003205072539756703,0.000283441816916427
3053,2020-04-23,0.00014478661314180406,0.00035669460671966676
3054,2020-04-24,0.0004132048980997975,0.0004104771056966325
3055,2020-04-27,0.0002196167214306619,0.00040191221337177753
3056,2020-04-28,0.0002546311019990722,0.00051110000680153
3057,2020-04-29,0.00017182812986957135,0.0005364332521440988
3058,2020-04-30,0.000516364628312252,0.0005882864769421698
3059,2020-05-04,0.0014078474253375213,0.0005627824227863902
3060,2020-05-05,0.00047377136815568725,0.0006339087139841011
3061,2020-05-06,0.00021601199569663487,0.0006140036468844746
3062,2020-05-07,5.791058634082894e-05,0.0006315008213056568
3063,2020-05-08,0.00044837005248972385,0.0005842743722282921
3064,2020-05-11,0.00031227510270942786,0.0005622079631607895
3065,2020-05-12,0.00023779322209300244,0.0006374063228595031
3066,2020-05-13,0.0019135948676708764,0.0006420643640426044
3067,2020-05-14,0.0004422001966624835,0.0006487030154098209
3068,2020-05-15,0.00011868776545425456,0.0005567330183255091
3069,2020-05-18,0.000526139267426089,0.0006041037561602651
3070,2020-05-19,0.0003777977319420824,0.0005209759690644422
3071,2020-05-20,0.00020097999969475767,0.0005500619342514427
3072,2020-05-21,7.102099189161913e-05,0.000449262135663808
3073,2020-05-22,0.00015013940778996963,0.00048373995796367134
3074,2020-05-26,0.00015745098962372084,0.0004292328768428582
3075,2020-05-27,0.00048202139238493174,0.0003788388187592889
3076,2020-05-28,0.00014411932990880056,0.0003528503938635141
3077,2020-05-29,0.00023767708363993438,0.00032371071383852513
3078,2020-06-01,0.0004288008870213064,0.00028616772083349683
3079,2020-06-02,0.00013627517792763957,0.0002601641009107735
3080,2020-06-03,0.00023518796900675337,0.0002779333746115559
3081,2020-06-04,0.00010716124874410749,0.00030616943309125987
3082,2020-06-05,0.00010325493698820981,0.0002936925315684952
3083,2020-06-08,0.000471316447825842,0.00027132857818869244
3084,2020-06-09,0.000258692209896061,0.00023126822322006425
3085,2020-06-10,4.7443973352503686e-05,0.0002452056936025941
3086,2020-06-11,0.0001785645973356767,0.00022219268169378098
3087,2020-06-12,0.0020752116419897344,0.00020276523625300722
3088,2020-06-15,0.00020485078025377326,0.00024352341042085333
3089,2020-06-16,0.0008351468615587157,0.0002499024230321249
3090,2020-06-17,0.00013185207593368768,0.00022270449959786856
3091,2020-06-18,0.0002433438612565675,0.0002369385242069713
3092,2020-06-19,0.00013723538301658328,0.00024023633477220915
3093,2020-06-22,9.910028874790498e-05,0.00020303728362005608
3094,2020-06-23,0.00011962407174890053,0.00017485044812831784
3095,2020-06-24,0.0002590695661300437,0.00017558123780831532
3096,2020-06-25,0.00013688287888100425,0.00016423452264193713
3097,2020-06-26,0.0001109078795133648,0.00017720217973809008
3098,2020-06-29,0.00010037587860091429,0.00016337736975448558
3099,2020-06-30,0.00010271732781004213,0.00017598936540837818
3100,2020-07-01,7.232431255786066e-05,0.00019050684334618966
3101,2020-07-02,7.87338518126361e-05,0.0001805362353468751
3102,2020-07-03,5.19487323921337e-05,0.00017525862702660365
3103,2020-07-06,0.00015905395260603527,0.0001594929757389391
3104,2020-07-07,8.523296123144928e-05,0.00014874803802913898
3105,2020-07-08,8.779794588611376e-05,0.0001602485917948918
3106,2020-07-09,5.2425738353919956e-05,0.0001661912594548473
3107,2020-07-10,5.315686107546728e-05,0.00013881197881214602
3108,2020-07-13,0.00011399952024562725,0.00014727460567133218
3109,2020-07-14,0.0001375144686788117,0.00019300676748895972
3110,2020-07-15,0.0002782679020684888,0.0001633310577531233
3111,2020-07-16,0.00016913806715753454,0.00018373709073919492
3112,2020-07-17,0.00010040748166788291,0.00018066253063677017
3113,2020-07-20,0.0001020034273471472,0.00018434865207799585
3114,2020-07-21,9.985777843563946e-05,0.0001560387037318419
3115,2020-07-22,0.00013908678323928798,0.00014700807940708967
3116,2020-07-23,5.0100836350326306e-05,0.00013676653727239693
3117,2020-07-24,8.503615269121945e-05,0.0001465704670900484
3118,2020-07-27,6.330690534282055e-05,0.00013897532745818245
3119,2020-07-28,7.8599845896217e-05,0.00013259531315653944
3120,2020-07-29,0.00010097191128807613,0.00013119802344636316
3121,2020-07-30,0.00014668429117304044,0.00012824105417046783
3122,2020-07-31,5.623676977306531e-05,0.00011528294256722728
3123,2020-08-03,8.932071542574453e-05,0.0001114314279687754
3124,2020-08-04,0.00014201476873174285,0.00010284918563498208
3125,2020-08-05,0.00010188025928600013,0.00011037250265276755
3126,2020-08-06,0.00010109836350791939,0.00010653289737229502
3127,2020-08-07,2.4710193891919758e-05,0.00010414593390722396
3128,2020-08-10,5.365012100498883e-05,9.70895979383786e-05
3129,2020-08-11,3.7502746131747744e-05,9.739919022028468e-05
3130,2020-08-12,2.7931676077255212e-05,9.769432197800565e-05
3131,2020-08-13,2.6228093054568053e-05,9.5357827225684e-05
3132,2020-08-14,0.0002016294723231509,0.000103819721568537
3133,2020-08-17,9.782724565896924e-05,0.00010457732733418101
3134,2020-08-18,5.949400633256152e-05,0.00010517902394008703
3135,2020-08-19,4.55579713346615e-05,0.00010291724564440311
3136,2020-08-20,7.846543803425588e-05,0.0001006302532360338
3137,2020-08-21,8.175191806186402e-05,9.923295366411411e-05
3138,2020-08-24,3.383791948087453e-05,8.873250603039402e-05
3139,2020-08-25,4.6265170917271145e-05,8.784615647601098e-05
3140,2020-08-26,4.1222216993235845e-05,8.368608134619421e-05
3141,2020-08-27,4.154719640437663e-05,8.285060454613804e-05
3142,2020-08-28,3.863987606347643e-05,8.237012060740126e-05
3143,2020-08-31,0.000681689222406693,8.843592494733975e-05
3144,2020-09-01,0.0001332754517744667,8.331002383884062e-05
3145,2020-09-02,4.144919024704067e-05,8.639490116072265e-05
3146,2020-09-03,2.2202916901327794e-05,9.214596867101194e-05
3147,2020-09-04,0.0002964312343067586,9.02112758809042e-05
3148,2020-09-07,6.56703500420397e-05,8.894599059699827e-05
3149,2020-09-08,6.216109788409436e-05,7.919705181047122e-05
3150,2020-09-09,0.00011090358106176342,7.962775696643638e-05
3151,2020-09-10,0.00010595200177924861,7.330940154867719e-05
3152,2020-09-11,1.3658993465720842e-05,6.642450696428734e-05
3153,2020-09-14,0.00013215857606702818,6.011899625364142e-05
3154,2020-09-15,4.1351158773938385e-05,7.134865388703314e-05
3155,2020-09-16,2.791382046802762e-05,7.061900965498782e-05
3156,2020-09-17,5.3462202419013054e-05,7.01125053682069e-05
3157,2020-09-18,9.120731807900921e-05,6.995840908556325e-05
3158,2020-09-21,0.0002608036650908777,7.485041755348594e-05
3159,2020-09-22,0.00015956365395906468,7.112252174870461e-05
3160,2020-09-23,0.0002668357534596149,6.498215878211808e-05
3161,2020-09-24,0.0002637245547925327,6.424529599175475e-05
3162,2020-09-25,0.00022819086053700105,6.31889834715623e-05
3163,2020-09-28,0.00012104461114140284,6.061818924319606e-05
3164,2020-09-29,7.176271146664911e-05,5.730514775284437e-05
3165,2020-09-30,3.63472173797733e-05,7.54699872542785e-05
3166,2020-10-01,0.00012413310292521453,7.600623924721521e-05
3167,2020-10-05,8.141062086128452e-05,7.192835768981145e-05
3168,2020-10-06,0.00010932424711095035,6.592626344000209e-05
3169,2020-10-07,4.709510834917732e-05,8.118059854659302e-05
3170,2020-10-08,9.960377095665353e-05,6.832929374522444e-05
3171,2020-10-09,4.532136387951421e-05,6.694617080031006e-05
3172,2020-10-12,8.085202449354192e-05,7.256383259811078e-05
3173,2020-10-13,2.30653895929716e-05,7.963624362555417e-05
3174,2020-10-14,8.481621836424595e-05,6.320602573369591e-05
3175,2020-10-15,0.00034019520844844975,7.284844539614047e-05
3176,2020-10-16,5.443431853951542e-05,6.663930102386271e-05
3177,2020-10-19,0.00011443774324085889,6.01018772348026e-05
3178,2020-10-20,3.227974967483041e-05,5.9408160625375317e-05
3179,2020-10-21,0.00018904311001723698,6.708206638107493e-05
3180,2020-10-22,4.8824444481476777e-05,7.356615196448109e-05
3181,2020-10-23,3.6675330235208445e-05,7.807397836099874e-05
3182,2020-10-26,0.00013460510126841769,9.19848061896515e-05
3183,2020-10-27,9.819924331903148e-05,0.00010261255481908216
3184,2020-10-28,0.0001555069046289618,0.00011021293264566826
3185,2020-10-29,0.00011913056399482923,0.0001061983878921803
3186,2020-10-30,0.00011491049063837805,0.00010163756253808669
3187,2020-11-02,0.00010829799158958092,8.537618584846158e-05
3188,2020-11-03,6.221451999196341e-05,8.576745017823038e-05
3189,2020-11-04,7.83578646196029e-05,8.152971463474506e-05
3190,2020-11-05,0.00019066073897966603,8.449051858902136e-05
3191,2020-11-06,5.876085388420394e-05,7.770991148844649e-05
3192,2020-11-09,0.0001467548196348167,8.430482483439013e-05
3193,2020-11-10,0.00012784034799315268,7.776170938657024e-05
3194,2020-11-11,0.00011314889042316898,7.882183015777977e-05
3195,2020-11-12,4.291508222626066e-05,6.811812674574667e-05
3196,2020-11-13,4.2745833691928004e-05,7.582923985628096e-05
3197,2020-11-17,0.0003236607603110979,8.582298443444322e-05
3198,2020-11-18,3.673691045402734e-05,8.175963728029596e-05
3199,2020-11-19,0.0001720025151535234,8.766173353632845e-05
3200,2020-11-20,6.87118654152713e-05,8.432095145632328e-05
3201,2020-11-23,0.00011917724808530264,9.462578918298935e-05
3202,2020-11-24,5.4535418301741205e-05,7.962062037561033e-05
3203,2020-11-25,0.00022786564339154886,7.517589058489925e-05
3204,2020-11-26,0.00013154805285755521,7.837944051175186e-05
3205,2020-11-27,3.448471637311303e-05,8.016530195782599e-05
3206,2020-12-01,0.00011717292849585772,8.013618083729882e-05
3207,2020-12-02,7.095637524048128e-05,8.277300458507444e-05
3208,2020-12-03,8.35635902178609e-05,8.80271691382409e-05
3209,2020-12-04,4.189800581448844e-05,8.878530728077271e-05
3210,2020-12-07,2.9958017954734718e-05,8.401986247846085e-05
3211,2020-12-08,3.970549785100705e-05,8.193587326992686e-05
3212,2020-12-09,4.190973312192007e-05,8.744041439365961e-05
3213,2020-12-10,3.6347319693203926e-05,8.150146853244357e-05
3214,2020-12-11,6.641994974331248e-05,8.6089168856149e-05
3215,2020-12-14,5.2725863639056965e-05,9.037212282341074e-05
3216,2020-12-15,4.855461683454311e-05,9.210624273973732e-05
3217,2020-12-16,6.595820638299687e-05,8.390481083818444e-05
3218,2020-12-17,2.2630277295622962e-05,8.15561650580317e-05
3219,2020-12-18,4.1230156316505906e-05,9.105949603293829e-05
3220,2020-12-21,0.0008222634813983543,7.867155284726224e-05
3221,2020-12-22,0.00022301855490095793,8.553872280566088e-05
3222,2020-12-23,6.539996076097611e-05,8.591730055088932e-05
3223,2020-12-24,6.52891072558501e-05,9.110361941576389e-05
3224,2020-12-28,3.252166008811165e-05,8.168297752953278e-05
3225,2020-12-29,2.7366311709987136e-05,9.697928934832557e-05
3226,2020-12-30,5.898384653972317e-05,9.379793655205434e-05
3227,2020-12-31,1.4081341366799207e-05,8.487041866801168e-05
3228,2021-01-01,8.007103611700786e-06,8.804422871882535e-05
3229,2021-01-04,0.00013121895423687995,8.658177278866118e-05
3230,2021-01-05,6.407667539611348e-05,8.261344976184623e-05
3231,2021-01-06,9.546974953176518e-05,7.499563229850552e-05
3232,2021-01-07,8.727089303000721e-05,7.258953932497951e-05
3233,2021-01-08,0.0001078031055049479,6.881621324326044e-05
3234,2021-01-11,0.0001079298793825198,6.53586009939953e-05
3235,2021-01-12,4.028326318236103e-05,6.200050377290642e-05
3236,2021-01-13,0.0001225277682698967,6.371783553589454e-05
3237,2021-01-14,3.9522388407913524e-05,6.381066276942733e-05
3238,2021-01-15,0.00011168200036537829,6.316016060872497e-05
3239,2021-01-18,9.742973639919144e-05,6.578473074272343e-05
3240,2021-01-19,0.00010110137317960069,6.116941438179739e-05
3241,2021-01-20,3.628826300731775e-05,5.8764836536939005e-05
3242,2021-01-21,0.0001254517413309716,7.89220674644284e-05
3243,2021-01-22,0.0001111552023839714,8.131256856145605e-05
3244,2021-01-25,0.00017567699760499757,7.764453828402574e-05
3245,2021-01-27,0.00016466626739689336,8.066280487808623e-05
3246,2021-01-28,0.00018770950359436428,7.70848666800364e-05
3247,2021-01-29,0.000330129321241973,6.279058241303661e-05
3248,2021-02-01,0.0008658767713808923,5.969825634887857e-05
3249,2021-02-02,0.000309113032063498,5.1998227131265096e-05
3250,2021-02-03,0.00020152469005796988,4.399695842857993e-05
3251,2021-02-04,6.486852749623855e-05,5.2254987567402534e-05
3252,2021-02-05,4.782766863438668e-05,5.28520081450089e-05
3253,2021-02-08,0.00010841839658414442,5.564560440125919e-05
3254,2021-02-09,6.692963194786728e-05,6.170049953324126e-05
3255,2021-02-10,6.28778665150844e-05,7.149864824603224e-05
3256,2021-02-11,2.7222994413662455e-05,7.216058193140825e-05
3257,2021-02-12,3.957775090493032e-05,6.84378636849339e-05
3258,2021-02-15,6.27430199344549e-05,7.269568223879896e-05
3259,2021-02-16,6.441562476771497e-05,6.708565910398313e-05
3260,2021-02-17,3.4319429999537395e-05,7.07155935974166e-05
3261,2021-02-18,4.8470063620663535e-05,7.057176024992504e-05
3262,2021-02-19,9.76750692698071e-05,7.59002103375728e-05
3263,2021-02-22,0.00021874707341082696,6.917007022527879e-05
3264,2021-02-23,0.0001152264564545709,7.333045225916198e-05
3265,2021-02-24,0.0004513591292940083,7.205871468332423e-05
3266,2021-02-25,6.623197332001495e-05,7.673078462735595e-05
3267,2021-02-26,0.0005132887465611668,7.973310046187102e-05
3268,2021-03-01,0.00018448779023019313,8.958635525271737e-05
3269,2021-03-02,0.00011427372423314657,0.0001003329183006551
3270,2021-03-03,0.00020870947552380443,0.0001202229939501966
3271,2021-03-04,0.0002887156365263204,0.0001266981853622796
3272,2021-03-05,0.00012692726473621945,0.00013434844828496788
3273,2021-03-08,7.967867702532859e-05,0.00012124740393673038
3274,2021-03-09,0.00011200027832744764,0.00010881169400364336
3275,2021-03-10,7.158693076391061e-05,0.00010175797944395134
3276,2021-03-12,0.0003122593050496065,9.263500509626814e-05
3277,2021-03-15,0.00018865623521681173,8.666667359919677e-05
3278,2021-03-16,6.012686319940967e-05,7.877732472552367e-05
3279,2021-03-17,0.00011039509430949162,7.90417021594366e-05
3280,2021-03-18,0.00033307904571396453,7.729873795577119e-05
3281,2021-03-19,0.000347312424045856,7.810832353662005e-05
3282,2021-03-22,6.142787139782576e-05,7.276125803868584e-05
3283,2021-03-23,4.925922803012349e-05,7.459283854454135e-05
3284,2021-03-24,0.0001229322487659712,7.96147867050812e-05
3285,2021-03-25,0.00016383166512035273,8.987784771174099e-05
3286,2021-03-26,0.00019902583581480157,9.014457177757075e-05
3287,2021-03-30,0.00017354383429719526,0.0001095158119366579
3288,2021-03-31,3.7499144246154634e-05,0.00010174595570667764
3289,2021-04-01,0.00012083925501310483,0.00012084347068817615
3290,2021-04-05,0.00028315532404050406,0.0001154441341577774
3291,2021-04-06,0.00011736477594212301,0.00011116308736120629
3292,2021-04-07,8.561888390908754e-05,0.00010671782963813796
3293,2021-04-08,5.859843830479637e-05,0.00011533651318884279
3294,2021-04-09,2.712037122514251e-05,0.00010397677502057049
3295,2021-04-12,0.0004343388336664408,9.867080254264543e-05
3296,2021-04-13,0.00012488648023782574,0.00010160435096107243
3297,2021-04-15,0.0001328621405335557,9.445537867563497e-05
3298,2021-04-16,3.357073291260141e-05,0.0001030397402597201
3299,2021-04-19,0.0005361904843244016,0.0001051880373302121
3300,2021-04-20,0.0003128449166294328,0.00010131228868235242
3301,2021-04-22,0.00015586253539506714,0.00010561363480506127
3302,2021-04-23,9.429282374115425e-05,0.00012174569827654435
3303,2021-04-26,8.866585651044321e-05,0.00012658986034334838
3304,2021-04-27,5.3454400294993774e-05,0.00011443267070249316
3305,2021-04-28,7.406812055865878e-05,0.0001124715490487981
3306,2021-04-29,0.00013777606559426235,0.00011723893507654883
3307,2021-04-30,0.00020693542060403697,0.00011402376992737285
3308,2021-05-03,0.000211924989918987,0.00011317865386541507
3309,2021-05-04,0.00012113252097080003,0.00011596603498986561
3310,2021-05-05,9.0918329200988e-05,0.00010718514652245951
3311,2021-05-06,4.110192152102255e-05,0.00010859363233259241
3312,2021-05-07,5.334981993855365e-05,0.00011573259027852041
3313,2021-05-10,5.831007861775901e-05,0.00010946166964647319
3314,2021-05-11,0.00013182419474772842,0.00010296361124458903
3315,2021-05-12,5.3578942917620266e-05,0.00010050497989084656
3316,2021-05-14,6.26055752041939e-05,8.857040429244573e-05
3317,2021-05-17,9.791983625955918e-05,0.00010318389819331961
3318,2021-05-18,0.00010508465464234393,9.910864362988695e-05
3319,2021-05-19,3.747199411377885e-05,0.00010257347041093344
3320,2021-05-20,5.186154481690646e-05,9.106854962122606e-05
3321,2021-05-21,9.210976078581005e-05,0.00011773403204256264
3322,2021-05-24,2.3252467451626042e-05,0.00011741178778232125
3323,2021-05-25,6.52156376942405e-05,0.00011634167954663114
3324,2021-05-26,3.512079948112127e-05,0.00010974545236905278
3325,2021-05-27,1.9835226006066742e-05,0.00011136664485672847
3326,2021-05-28,3.7231664916915963e-05,9.807641611509159e-05
3327,2021-05-31,7.742289241749166e-05,9.372499777577698e-05
3328,2021-06-01,3.327491161525992e-05,9.558844481078255e-05
3329,2021-06-02,4.046119218603134e-05,0.00010092290192898929
3330,2021-06-03,3.89917636694734e-05,0.00010512844885450821
3331,2021-06-04,1.9654778210026475e-05,0.00010611530622017726
3332,2021-06-07,2.5225300031915728e-05,0.0001077618502682138
3333,2021-06-08,1.9135539150517806e-05,9.69783416525411e-05
3334,2021-06-09,7.827379486845665e-05,8.906647175692189e-05
3335,2021-06-10,2.8568137809426368e-05,8.319805516637178e-05
3336,2021-06-11,2.3737544189769985e-05,8.680155987890894e-05
3337,2021-06-14,0.00010337458279311847,8.171344462053185e-05
3338,2021-06-15,1.6770956096745588e-05,8.515317926879255e-05
3339,2021-06-16,2.745409336577071e-05,8.637930875876783e-05
3340,2021-06-17,9.176126276309946e-05,8.861318933140994e-05
3341,2021-06-18,0.00021856786065420635,7.859376509206323e-05
3342,2021-06-21,0.00019477558508569745,8.014905148497944e-05
3343,2021-06-22,6.436044345777884e-05,8.054801837405624e-05
3344,2021-06-23,8.128419882934974e-05,6.821888949825708e-05
3345,2021-06-24,2.9117268408039392e-05,6.816455918208145e-05
3346,2021-06-25,2.660606072566692e-05,6.515813233803065e-05
3347,2021-06-28,3.306587283885488e-05,5.929675886511943e-05
3348,2021-06-29,1.694704755278313e-05,5.777827753795387e-05
3349,2021-06-30,2.9135761414535058e-05,6.269398221812373e-05
3350,2021-07-01,1.54513691295415e-05,5.7312430204352864e-05
3351,2021-07-02,2.0676463525137483e-05,5.6253532399850075e-05
3352,2021-07-05,3.030320316863344e-05,5.6090382003934676e-05
3353,2021-07-06,2.7576086279067653e-05,5.127604215438616e-05
3354,2021-07-07,1.8104861305286375e-05,4.789592322253694e-05
3355,2021-07-08,5.779041601866431e-05,4.549968671100779e-05
3356,2021-07-09,1.9571724454818346e-05,4.978308820312646e-05
3357,2021-07-12,5.2946287701330686e-05,4.661597839046536e-05
3358,2021-07-13,5.141902098781883e-05,4.521700738281904e-05
3359,2021-07-14,1.761086925578745e-05,5.1590065177431424e-05
3360,2021-07-15,1.3943305597108534e-05,4.682996266806514e-05
3361,2021-07-16,1.4673128883410915e-05,4.423912477518827e-05
3362,2021-07-19,0.00013776920709983507,4.8661635466138044e-05
3363,2021-07-20,4.111920576321744e-05,5.771809659438593e-05
3364,2021-07-22,6.027049809971032e-05,6.0693031107186715e-05
3365,2021-07-23,2.9652741984923264e-05,6.166593811823376e-05
3366,2021-07-26,1.2764101863426972e-05,6.694893601634051e-05
3367,2021-07-27,4.9646553542544205e-05,5.999816866242827e-05
3368,2021-07-28,0.00013701055928596966,5.395408728183325e-05
3369,2021-07-29,2.0127950099952033e-05,5.064609584747683e-05
3370,2021-07-30,2.294493660397889e-05,4.5735369703955866e-05
3371,2021-08-02,5.583618567294292e-05,4.364691491460371e-05
3372,2021-08-03,8.86833605716897e-05,4.079935221697662e-05
3373,2021-08-04,3.2552791939152964e-05,4.027226315699625e-05
3374,2021-08-05,2.8265484536939327e-05,4.047576081035291e-05
3375,2021-08-06,1.6926476844384864e-05,4.1507770943981534e-05
3376,2021-08-09,3.4163109973205345e-05,3.9691313448021834e-05
3377,2021-08-10,3.177259121724171e-05,4.498216072604679e-05
3378,2021-08-11,6.196952744181406e-05,4.197104034458904e-05
3379,2021-08-12,1.1616715863464127e-05,4.521785172702243e-05
3380,2021-08-13,3.657356537634457e-05,4.715230777753002e-05
3381,2021-08-16,1.4898733277785643e-05,4.3783090230508826e-05
3382,2021-08-17,2.4226273032221237e-05,4.044565284571997e-05
3383,2021-08-18,5.569451346546776e-05,3.948229273695009e-05
3384,2021-08-20,0.0001532144009988534,4.5180143727679306e-05
3385,2021-08-23,0.0001332536701896174,4.14665848182536e-05
3386,2021-08-24,4.5589701115517084e-05,4.3575327933212366e-05
3387,2021-08-25,1.5864474527447625e-05,4.3268000990782536e-05
3388,2021-08-26,8.431778128614065e-06,4.012585755967449e-05
3389,2021-08-27,3.375476825257028e-05,4.071948584972082e-05
3390,2021-08-30,5.92132673796762e-05,4.6217388075583734e-05
3391,2021-08-31,6.647744722103444e-05,4.036160313411361e-05
3392,2021-09-01,4.321545424611917e-05,4.0352887756430945e-05
3393,2021-09-02,4.13085703389634e-05,4.527811664932378e-05
3394,2021-09-03,2.2175752373428414e-05,4.8975986857633485e-05
3395,2021-09-06,2.6759041475978494e-05,4.4455573148436914e-05
3396,2021-09-07,2.8174926629034088e-05,4.482541193343461e-05
3397,2021-09-08,2.8264463812203358e-05,4.290218313791281e-05
3398,2021-09-09,1.2104105716888661e-05,4.365619755742459e-05
3399,2021-09-13,1.8835452779121716e-05,4.103646943990107e-05
3400,2021-09-14,1.9649229126080005e-05,4.435156567057679e-05
3401,2021-09-15,2.394331599631233e-05,3.8692323485201585e-05
3402,2021-09-16,2.095764396073206e-05,4.163769847881911e-05
3403,2021-09-17,9.130384229260417e-05,3.8551291469747546e-05
3404,2021-09-20,0.0001607054307877023,3.925693783638241e-05
3405,2021-09-21,9.15945193277602e-05,4.146211096336485e-05
3406,2021-09-22,9.236150374684734e-06,4.8659497365155825e-05
3407,2021-09-23,9.131307404769492e-05,5.238819815910228e-05
3408,2021-09-24,3.470360134423471e-05,5.264673535322241e-05
3409,2021-09-27,4.184334698787978e-05,4.895870493200527e-05
3410,2021-09-28,0.00015710542679162222,4.3479698482800416e-05
3411,2021-09-29,5.850703600903111e-05,4.253303804238028e-05
3412,2021-09-30,2.6614418817555967e-05,4.1184026587645894e-05
3413,2021-10-01,3.893018754177212e-05,4.3051939598667756e-05
3414,2021-10-04,5.3825061588024496e-05,4.490660471050344e-05
3415,2021-10-05,4.2667928413000683e-05,4.79426992301203e-05
3416,2021-10-06,8.359887405216313e-05,4.4727580380535576e-05
3417,2021-10-07,9.573997179007082e-05,4.3285195121436786e-05
3418,2021-10-08,3.9887499043288253e-05,4.17068276638319e-05
3419,2021-10-11,4.939135318342821e-05,4.131319909994536e-05
3420,2021-10-12,2.5397678099023358e-05,3.709797799309158e-05
3421,2021-10-13,5.641789866063538e-05,3.7032366241498656e-05
3422,2021-10-14,4.772702017195964e-05,3.57735380557023e-05
3423,2021-10-18,8.62984896926461e-05,3.628180081477197e-05
3424,2021-10-19,9.776548031510568e-05,3.525954888679123e-05
3425,2021-10-20,6.457082986242415e-05,4.233650580390702e-05
3426,2021-10-21,0.0001704487273778101,4.948910392818282e-05
3427,2021-10-22,8.703399958794068e-05,5.254452208139516e-05
3428,2021-10-25,0.00013641712120268033,4.364468681906854e-05
3429,2021-10-26,4.754220124857418e-05,5.062332988847692e-05
3430,2021-10-27,3.25121439586948e-05,4.6468116708281944e-05
3431,2021-10-28,0.00016412822105424943,4.482170609953955e-05
3432,2021-10-29,9.908628498726991e-05,5.1119680509966326e-05
3433,2021-11-01,0.0001128456818160581,5.4201396265296325e-05
3434,2021-11-02,3.331829366585014e-05,4.899332308340371e-05
3435,2021-11-03,6.730288602974832e-05,4.943603456987552e-05
3436,2021-11-04,3.7328507441237866e-05,5.085347397495675e-05
3437,2021-11-08,0.00014703738111101493,4.750947059263362e-05
3438,2021-11-09,1.8929494245153255e-05,5.0852665356495906e-05
3439,2021-11-10,3.754893818775758e-05,5.551226245828225e-05
3440,2021-11-11,4.4158847158227364e-05,5.4130902506857996e-05
3441,2021-11-12,8.480489864915494e-05,5.493352221848093e-05
3442,2021-11-15,2.475858442764725e-05,5.309248286481595e-05
3443,2021-11-16,3.331240337793726e-05,5.486153508506601e-05
3444,2021-11-17,3.63589257420679e-05,5.371232598442863e-05
3445,2021-11-18,6.9919715982552e-05,5.831760045830195e-05
3446,2021-11-22,0.0003209273918715601,6.228501842513177e-05
3447,2021-11-23,0.00018673432028314585,6.359486719261946e-05
3448,2021-11-24,7.352945784505207e-05,6.953011399613231e-05
3449,2021-11-25,5.100028813254928e-05,6.958393349490808e-05
3450,2021-11-26,0.0002852654650513096,7.612929415177911e-05
3451,2021-11-29,0.00019941290226644466,6.99105637528616e-05
3452,2021-11-30,0.00022871515458618556,6.673992919603209e-05
3453,2021-12-01,7.561476081747312e-05,7.274409378834651e-05
3454,2021-12-02,8.391576129769645e-05,7.118355083555227e-05
3455,2021-12-03,0.00011094983989920059,7.181044861498147e-05
3456,2021-12-06,0.00012362592149751828,6.778520042118482e-05
3457,2021-12-07,0.00013968647483721995,7.275884920352783e-05
3458,2021-12-08,9.905168675333036e-05,6.600864990906683e-05
3459,2021-12-09,5.3963367200208186e-05,7.243664595414351e-05
3460,2021-12-10,2.5984657671600997e-05,6.0074183036117914e-05
3461,2021-12-13,0.0001264491032037191,6.081998539965434e-05
3462,2021-12-14,4.9139059349450056e-05,6.013936503245709e-05
3463,2021-12-15,2.8326395808200454e-05,6.467037119568751e-05
3464,2021-12-16,0.00012272756045921814,5.682591858961968e-05
3465,2021-12-17,0.0001291581486041179,5.842346676368729e-05
3466,2021-12-20,0.0003558954189542848,5.8246773942965214e-05
3467,2021-12-21,0.00016999969910503655,6.07523377425578e-05
3468,2021-12-22,5.961437228882499e-05,6.994382728311571e-05
3469,2021-12-23,5.492388800703176e-05,7.67825901681836e-05
3470,2021-12-24,9.867805126374194e-05,7.571341006647165e-05
3471,2021-12-27,0.00011220368660763778,7.51208239216956e-05
3472,2021-12-28,3.738617736590271e-05,8.65845176549969e-05
3473,2021-12-29,1.477953256615218e-05,8.586469111588928e-05
3474,2021-12-30,1.596848554535841e-05,9.028998844390596e-05
3475,2021-12-31,3.6733163710500155e-05,8.55356806410701e-05
3476,2022-01-03,8.040252097999786e-05,8.744881302517248e-05
3477,2022-01-04,7.265861192794253e-05,8.457247865263542e-05
3478,2022-01-05,4.360034649940229e-05,8.521461679348903e-05
3479,2022-01-06,0.00010237775430550511,8.486391902063518e-05
3480,2022-01-07,5.02988663457977e-05,8.650780071861932e-05
3481,2022-01-10,5.197823303250117e-05,8.136886468128047e-05
3482,2022-01-11,1.413506723232182e-05,7.468749668450059e-05
3483,2022-01-12,5.061592863613087e-05,8.099374368633692e-05
3484,2022-01-13,2.3868123475463672e-05,7.478605189537339e-05
3485,2022-01-14,4.516995021938485e-05,6.776165052326018e-05
3486,2022-01-17,9.921939048031073e-06,7.654164215987116e-05
3487,2022-01-18,7.40697125377207e-05,8.452706583188153e-05
3488,2022-01-19,6.559903092629053e-05,9.603196770789189e-05
3489,2022-01-20,0.00010043846027659016,0.00010068675687714664
3490,2022-01-21,0.000119608701660118,9.716376555122067e-05
3491,2022-01-24,0.0004293209304016739,9.12100482624384e-05
3492,2022-01-25,0.00035066490146106605,9.256142377768029e-05
3493,2022-01-27,0.00028932512021758307,8.954192671253344e-05
3494,2022-01-28,0.00015246906777207058,7.732475145915314e-05
3495,2022-01-31,0.00015857511769031465,6.681534693974386e-05
3496,2022-02-01,0.0003361951068224068,6.01762529103891e-05
3497,2022-02-02,6.92919853717404e-05,5.8397544470135424e-05
3498,2022-02-03,8.049393743182274e-05,5.896517377603102e-05
3499,2022-02-04,2.969198761443339e-05,6.0126106607597966e-05
3500,2022-02-07,0.00020544480763482544,6.084968004669938e-05
3501,2022-02-08,0.000135417160192396,6.777093805534194e-05
3502,2022-02-09,5.703430282107675e-05,6.6310274074193e-05
3503,2022-02-10,8.451830930644932e-05,6.501656575794123e-05
3504,2022-02-11,0.00010847648498847341,5.711718886807623e-05
3505,2022-02-14,0.00039897458894548463,5.891922478492024e-05
3506,2022-02-15,0.000364385587258246,5.3086240435106415e-05
3507,2022-02-16,7.024408008922654e-05,5.449701166490298e-05
3508,2022-02-17,6.62563249011977e-05,4.5840110104929e-05
3509,2022-02-18,5.3027565780390344e-05,5.215801020563275e-05
3510,2022-02-21,0.00011188282118349227,5.0858160093478764e-05
3511,2022-02-22,0.0005550528258938551,5.449397952722261e-05
3512,2022-02-23,7.815222727539217e-05,5.8157038857280606e-05
3513,2022-02-24,0.0012619741092888316,7.489200031899833e-05
3514,2022-02-25,0.000358548338295604,8.230424807265148e-05
3515,2022-02-28,0.0003839845226567027,8.938633044722124e-05
3516,2022-03-02,0.0001948197581921794,9.185744866049797e-05
3517,2022-03-03,0.00017865458178188546,9.776151955333888e-05
3518,2022-03-04,0.00022269082799894176,0.00010542585986038597
3519,2022-03-07,0.0006316788562367229,9.353960174760858e-05
3520,2022-03-08,0.00022884060295560532,8.876622942722812e-05
3521,2022-03-09,0.0002495754058873497,7.802212870072776e-05
3522,2022-03-10,0.0007605570271204136,8.696738146482611e-05
3523,2022-03-11,7.628825399964866e-05,8.259681581540253e-05
3524,2022-03-14,9.539641600482704e-05,7.959171045404259e-05
3525,2022-03-15,0.0001765582456169969,8.162259396467491e-05
3526,2022-03-16,0.0001894374638305055,9.107389186865974e-05
3527,2022-03-17,0.00021013177618245334,0.00010229678377046869
3528,2022-03-21,8.097131546712282e-05,0.0001126642373991405
3529,2022-03-22,0.0001321462334770925,0.00010828241279138791
3530,2022-03-23,9.239408674373636e-05,0.00011070349957738497
3531,2022-03-24,0.00012722658724855618,0.00010544494043096096
3532,2022-03-25,7.425210681409988e-05,0.00010284989978791389
3533,2022-03-28,9.380104779044398e-05,0.00011459348055445897
3534,2022-03-29,3.394196128966752e-05,0.00010670683461938413
3535,2022-03-30,9.079139209586026e-05,0.00013823906535730617
3536,2022-03-31,1.8390435467509046e-05,0.00014507297659884863
3537,2022-04-01,8.916837863336007e-05,0.0001547015791376246
3538,2022-04-04,0.00017182168639097887,0.00014430415005871306
3539,2022-04-05,3.396345598914384e-05,0.00015005206681167757
3540,2022-04-06,5.723158627768318e-05,0.00013782130940042376
3541,2022-04-07,5.3447365217517516e-05,0.00015294969555142447
3542,2022-04-08,7.45487392994263e-05,0.0001468199086328656
3543,2022-04-11,2.358390959482132e-05,0.00015504026496808212
3544,2022-04-12,5.786199505635653e-05,0.0001764800707364919
3545,2022-04-13,6.390699740703463e-05,0.0001533004638032641
3546,2022-04-18,0.00031972108401797695,0.00014266646325313464
3547,2022-04-19,0.0002744964912129372,0.0001461186839369102
3548,2022-04-20,7.543723889356312e-05,0.00014621481723394356
3549,2022-04-21,7.706856190533879e-05,0.0001364738145272082
3550,2022-04-22,0.0001084292510084747,0.00012865812583587064
3551,2022-04-25,0.00012285137398428461,0.00013441911827536334
3552,2022-04-26,0.00012652763451595424,0.00012964291849529977
3553,2022-04-27,8.380816519588428e-05,0.00013081504993873116
3554,2022-04-28,0.0001505676303497513,0.00012133311703643733
3555,2022-04-29,0.00014264351415466776,0.00011909598385304561
3556,2022-05-02,0.0001455466937414941,0.0001062918608463278
3557,2022-05-04,0.0003091931199663895,0.00010452164425112344
3558,2022-05-05,0.00021779392874083126,8.56237086955391e-05
3559,2022-05-06,0.00028566759719593726,8.874297962554152e-05
3560,2022-05-09,0.00021228898637530428,9.325481281230124e-05
3561,2022-05-10,7.963303059265942e-05,8.553429141901929e-05
3562,2022-05-11,0.0001587162429715556,8.307014231883775e-05
3563,2022-05-12,0.00021020507967521587,8.298878229040174e-05
3564,2022-05-13,0.00027307000499523745,8.152396679648616e-05
3565,2022-05-16,9.14881512218051e-05,6.846882867407838e-05
3566,2022-05-17,0.00021183716071622447,6.883656807919525e-05
3567,2022-05-18,6.0807789379821846e-05,6.922370515806933e-05
3568,2022-05-19,0.0004626477655614385,8.119237918511556e-05
3569,2022-05-20,0.0003179178631955709,8.656198598530375e-05
3570,2022-05-23,7.867329788264526e-05,8.546749117907312e-05
3571,2022-05-24,4.3770575727571875e-05,8.495448571928542e-05
3572,2022-05-25,8.011693617069067e-05,8.853319818593514e-05
3573,2022-05-26,0.00017638495057944559,8.513126629317545e-05
3574,2022-05-27,9.225224614185706e-05,8.288451218080183e-05
3575,2022-05-30,0.00015764968393505252,8.134333968298664e-05
3576,2022-05-31,6.19330961030904e-05,8.685531184716038e-05
3577,2022-06-01,5.495088719822794e-05,8.84444246829211e-05
3578,2022-06-02,5.7343889909498844e-05,9.17150857281778e-05
3579,2022-06-03,0.00012605501982068448,0.00010046526748538502
3580,2022-06-06,4.64438455583853e-05,0.0001085695250014521
3581,2022-06-07,6.405028188874296e-05,0.00011532076275398572
3582,2022-06-08,7.380278560351611e-05,0.00011648703878125989
3583,2022-06-09,0.00011018551615747801,0.00011117010340987342
3584,2022-06-10,0.00016980738411294068,0.00011297568744665386
3585,2022-06-13,0.00047218498816848,0.0001170931497953252
3586,2022-06-14,0.00010938029686769312,0.00012112113296524107
3587,2022-06-15,1.6964663564420705e-05,0.00011505258886161642
3588,2022-06-16,0.0004664002721930307,0.00012701298639812293
3589,2022-06-17,9.984753601390387e-05,0.00011611102876057041
3590,2022-06-20,7.64512939673875e-05,0.00013074467096503716
3591,2022-06-21,0.00016245906030709,0.00013007594429408135
3592,2022-06-22,8.087800094330828e-05,0.00012271527923338155
3593,2022-06-23,0.00010040304097743227,0.00011070964474929269
3594,2022-06-24,6.453254294009407e-05,0.00011397254769122477
3595,2022-06-27,0.00022307666226604122,0.00011332925454512147
3596,2022-06-28,6.645315791159055e-05,0.00010412037003246459
3597,2022-06-29,0.0001321432976244825,0.00011088607218562496
3598,2022-06-30,4.208487662778365e-05,0.00010678405651200466
3599,2022-07-01,0.00016251391164761374,0.00010255410331331866
3600,2022-07-04,5.722511851170587e-05,9.605307302294527e-05
3601,2022-07-05,0.00010802981972297729,9.860258363411624e-05
3602,2022-07-06,5.916997142899018e-05,8.726011194055795e-05
3603,2022-07-07,7.678640678350477e-05,8.591707262962525e-05
3604,2022-07-08,9.758085170702768e-05,8.573385912436053e-05
3605,2022-07-11,4.997334424598034e-05,9.01852540394952e-05
3606,2022-07-12,5.179126147424656e-05,9.300428196008934e-05
3607,2022-07-13,6.611130039492038e-05,0.00010880126328366806
3608,2022-07-14,7.054968506069627e-05,0.00010348634908907795
3609,2022-07-15,5.121604528476015e-05,8.743342339693016e-05
3610,2022-07-18,6.757065334934608e-05,0.00010735523726500437
3611,2022-07-19,7.013207628086063e-05,9.977011189425893e-05
3612,2022-07-20,0.00019396205798753426,8.799997539164271e-05
3613,2022-07-21,2.5304934745739647e-05,9.09915856118965e-05
3614,2022-07-22,3.5525830616900845e-05,9.494335195966431e-05
3615,2022-07-25,3.629549131951419e-05,9.087706281210014e-05
3616,2022-07-26,3.7167532447374065e-05,8.726914784959839e-05
3617,2022-07-27,5.760752181883472e-05,9.632894617573186e-05
3618,2022-07-28,0.0001115522607788719,8.785449981238402e-05
3619,2022-07-29,0.00010742534985954176,9.184139626538852e-05
3620,2022-08-01,7.552021322172924e-05,8.400300658658008e-05
3621,2022-08-02,3.9261027088225254e-05,9.405833790310713e-05
3622,2022-08-03,4.83944473652559e-05,8.512661792264064e-05
3623,2022-08-04,0.00017944879508622873,8.880198314158136e-05
3624,2022-08-05,2.2939749521887737e-05,8.419390964821122e-05
3625,2022-08-08,3.9632717423079334e-05,8.757556076640571e-05
3626,2022-08-10,3.098784965064304e-05,8.686421035979611e-05
3627,2022-08-11,0.0001093099297517245,8.285292922763142e-05
3628,2022-08-12,1.8391877871956007e-05,7.850037141946103e-05
3629,2022-08-16,3.7427551960516585e-05,7.660127454902446e-05
3630,2022-08-17,2.425000164441683e-05,7.583841741058165e-05
3631,2022-08-18,2.1760575054756012e-05,7.43393582167061e-05
3632,2022-08-19,8.422898493923485e-05,7.331687071405652e-05
3633,2022-08-22,7.262267768929373e-05,7.391886759509132e-05
3634,2022-08-23,0.0001463577119803449,8.208359973888478e-05
3635,2022-08-24,2.5621177521199154e-05,6.998229469785228e-05
3636,2022-08-25,7.939666511142933e-05,6.861969942461972e-05
3637,2022-08-26,6.078349488102893e-05,6.551638653949976e-05
3638,2022-08-29,0.0005075152772336074,6.307819821464837e-05
3639,2022-08-30,0.00018932064657208324,5.9300051784094175e-05
3640,2022-09-01,0.0003157371491169953,6.56769657812521e-05
3641,2022-09-02,4.045852564615826e-05,6.863805492447029e-05
3642,2022-09-05,2.2447142687073064e-05,7.066587765358494e-05
3643,2022-09-06,3.60010258855636e-05,6.712257876126428e-05
3644,2022-09-07,9.004027435552379e-05,6.69316912805503e-05
3645,2022-09-08,6.541613810337178e-05,7.272326221993266e-05
3646,2022-09-09,7.127593402659034e-05,6.148796539591144e-05
3647,2022-09-12,2.0845708963988883e-05,6.032275218652138e-05
3648,2022-09-13,4.161828442451868e-05,5.779610346924355e-05
3649,2022-09-14,0.0003930734561534302,6.394049261373423e-05
3650,2022-09-15,6.38334584229306e-05,5.283644933633145e-05
3651,2022-09-16,0.00013308807347084907,5.49556535526444e-05
3652,2022-09-19,6.573528128886885e-05,5.179397708566852e-05
3653,2022-09-20,0.00010801295780820407,4.995274812150499e-05
3654,2022-09-21,4.035975181590162e-05,5.2417265241352716e-05
3655,2022-09-22,7.65890018518376e-05,5.53284675360821e-05
3656,2022-09-23,0.00013953733262047157,6.0067808950975785e-05
3657,2022-09-26,0.000152857352610591,5.613347618003387e-05
3658,2022-09-27,9.324790063030532e-05,6.317622097659669e-05
3659,2022-09-28,0.0001385820919051843,6.224832295727803e-05
3660,2022-09-29,0.00012979206031747662,7.765496686131235e-05
3661,2022-09-30,0.00022773176678360417,7.727424768503828e-05
3662,2022-10-03,7.903369125252285e-05,8.991598521219338e-05
3663,2022-10-04,0.0002667270473276094,7.871780999396816e-05
3664,2022-10-06,5.197251470175006e-05,7.209455276515852e-05
3665,2022-10-07,2.520795099909071e-05,6.525363137437938e-05
3666,2022-10-10,0.0002167383650806816,6.63256060840103e-05
3667,2022-10-11,0.00011360271679757509,5.9954112130587946e-05
3668,2022-10-12,4.666519274779238e-05,6.305455535923967e-05
3669,2022-10-13,3.3351101665366934e-05,5.9000759481324684e-05
3670,2022-10-14,0.0003579171783068199,6.142581283726942e-05
3671,2022-10-17,6.652611948286359e-05,7.371575674974274e-05
3672,2022-10-18,6.435594639823107e-05,6.996476893720962e-05
3673,2022-10-19,4.104052268161858e-05,7.594116839146384e-05
3674,2022-10-20,5.572018913326995e-05,7.905293694004949e-05
3675,2022-10-21,3.5147355021873317e-05,8.673588256837624e-05
3676,2022-10-24,8.766087517667024e-05,7.433948806835989e-05
3677,2022-10-25,5.204572131140197e-05,7.701648345682607e-05
3678,2022-10-27,6.498675348877271e-05,7.90211939706796e-05
3679,2022-10-28,1.5468269757342537e-05,8.516456882580733e-05
3680,2022-10-31,6.357223559560953e-05,8.313774179766221e-05
3681,2022-11-01,5.8084406463862034e-05,9.057466131678029e-05
3682,2022-11-02,2.162578128824187e-05,9.001527090408219e-05
3683,2022-11-03,6.45178999689579e-05,9.432980178753462e-05
3684,2022-11-04,1.4519551966435138e-05,8.548285803644351e-05
3685,2022-11-07,7.250440265149771e-05,9.738321279259753e-05
3686,2022-11-09,5.5304098561575715e-05,8.874546948598507e-05
3687,2022-11-10,5.687444954197942e-05,7.971058639838267e-05
3688,2022-11-11,0.00019156177503069734,8.839989412720366e-05
3689,2022-11-14,9.80069306369844e-06,8.838674978541071e-05
3690,2022-11-15,2.7386530713943893e-05,7.836130273840371e-05
3691,2022-11-16,9.910635647669969e-06,7.647285728377347e-05
3692,2022-11-17,1.9159724683758495e-05,9.866292807999378e-05
3693,2022-11-18,4.57037311839673e-05,8.434789208339603e-05
3694,2022-11-21,2.8143119232413823e-05,8.218951430706073e-05
3695,2022-11-22,1.7171788553531722e-05,7.838881443888471e-05
3696,2022-11-23,2.6385488958340904e-05,8.085540695013045e-05
3697,2022-11-24,6.522139203822352e-05,7.017800189844313e-05
3698,2022-11-25,1.7155926183496926e-05,7.492236420061617e-05
3699,2022-11-28,8.018493461525707e-05,7.201381666941904e-05
3700,2022-11-29,1.8927290914388984e-05,7.30728475638703e-05
3701,2022-11-30,4.0363482205094125e-05,6.224633332064043e-05
3702,2022-12-01,4.801632312106969e-05,6.724011510998537e-05
3703,2022-12-02,3.0254182169184216e-05,6.46927107334963e-05
3704,2022-12-05,2.9057497697425363e-05,5.7693550724378086e-05
3705,2022-12-06,3.478320803273597e-05,5.890591143927527e-05
3706,2022-12-07,1.8901557476284388e-05,5.340937979585374e-05
3707,2022-12-08,8.08525093335532e-06,5.6029409673137795e-05
3708,2022-12-09,7.80258911131964e-05,5.526793101749486e-05
3709,2022-12-12,5.7521069908326924e-05,5.8667196334124644e-05
3710,2022-12-13,1.844645741000852e-05,6.46067871890233e-05
3711,2022-12-14,1.5308024941328103e-05,5.3587012893858196e-05
3712,2022-12-15,7.500867420817274e-05,5.292022140303555e-05
3713,2022-12-16,7.249575301058946e-05,4.59329514712338e-05
3714,2022-12-19,3.700545758216845e-05,4.2575213283322974e-05
3715,2022-12-20,7.31727452895391e-05,4.1137383311659834e-05
3716,2022-12-21,0.00010387487612088369,4.160184269935107e-05
3717,2022-12-22,8.820257034710112e-05,3.9290111727367956e-05
3718,2022-12-23,0.00014723829634533784,4.1193989983404116e-05
3719,2022-12-26,0.00010153416417393139,4.571631175077237e-05
3720,2022-12-27,6.21576743531073e-05,4.014850628805713e-05
3721,2022-12-28,1.9133626838603018e-05,4.5235685757458234e-05
3722,2022-12-29,7.535756913568543e-05,4.173253926794642e-05
3723,2022-12-30,4.9218970289800955e-05,4.4709254123340645e-05
3724,2023-01-02,1.9598539143773132e-05,4.4199093530242e-05
3725,2023-01-03,1.4123582434622003e-05,4.3875325824874055e-05
3726,2023-01-04,5.083568271999611e-05,4.2114497226949e-05
3727,2023-01-05,7.058673703318422e-05,4.306202873473145e-05
3728,2023-01-06,6.72874714231065e-05,4.0834243260721675e-05
3729,2023-01-09,7.100040410773952e-05,3.498201375620535e-05
3730,2023-01-10,8.054005225167609e-05,4.0318341499792965e-05
3731,2023-01-11,2.453182135955816e-05,4.105922962368205e-05
3732,2023-01-12,4.256207709648432e-05,3.6417366555007105e-05
3733,2023-01-13,5.547270396556227e-05,3.6119888756828905e-05
3734,2023-01-16,5.8666748816725685e-05,4.333671781812325e-05
3735,2023-01-17,3.82464356822584e-05,4.4829015707389905e-05
3736,2023-01-18,2.5205252759415015e-05,4.331218652795964e-05
3737,2023-01-19,1.4800851470818553e-05,4.7717553938661356e-05
3738,2023-01-20,1.7620517134528122e-05,5.390419301133363e-05
3739,2023-01-23,3.5252517590586284e-05,5.558280668980639e-05
3740,2023-01-24,2.8693333087189935e-05,6.046963560038983e-05
3741,2023-01-25,7.083623848914866e-05,6.270434234905278e-05
3742,2023-01-27,0.00017591000038860374,6.259242980877065e-05
3743,2023-01-30,0.00011804748494907168,5.4028736447592374e-05
3744,2023-01-31,7.899722482375285e-05,5.8247414913259674e-05
3745,2023-02-01,0.0004894501556108085,5.481071418618106e-05
3746,2023-02-02,7.935381430410922e-05,4.838116013889927e-05
3747,2023-02-03,0.00014187081343666055,4.411786134884298e-05
3748,2023-02-06,2.441244373654654e-05,4.896462896236882e-05
3749,2023-02-07,3.104130203395865e-05,5.01025480594268e-05
3750,2023-02-08,2.8365881900702483e-05,5.1937513817734034e-05
3751,2023-02-09,2.7105323070715236e-05,5.74129746143337e-05
3752,2023-02-10,1.3291115348667962e-05,6.232361487345049e-05
3753,2023-02-13,2.81710764708769e-05,5.672621233534135e-05
3754,2023-02-14,4.0369412517417055e-05,5.753936371161768e-05
3755,2023-02-15,3.783393116231181e-05,5.907085757819972e-05
3756,2023-02-16,3.740292620596214e-05,5.8416049889638635e-05
3757,2023-02-17,3.4420561624022176e-05,5.492685962057545e-05
3758,2023-02-20,3.759412530737032e-05,5.371677186538194e-05
3759,2023-02-21,2.803242767714815e-05,4.8707859937170544e-05
3760,2023-02-22,8.002021889903077e-05,4.503001618103462e-05
3761,2023-02-23,3.068452196584485e-05,4.444760395779005e-05
3762,2023-02-24,5.6801122690701884e-05,4.2179784775632076e-05
3763,2023-02-27,3.554468644520618e-05,4.5396315700050795e-05
3764,2023-02-28,3.820662447882867e-05,5.3470365420129914e-05
3765,2023-03-01,2.7116022928460667e-05,5.929679657265807e-05
3766,2023-03-02,2.4608584019034968e-05,6.054104992001185e-05
3767,2023-03-03,0.00010732427653816046,7.674132821763131e-05
3768,2023-03-06,4.770416362849865e-05,7.401657883266788e-05
3769,2023-03-08,3.820610057847355e-05,7.83132427891198e-05
3770,2023-03-09,4.4052192834559184e-05,6.733082117063921e-05
3771,2023-03-10,9.411508690834299e-05,6.416197357717667e-05
3772,2023-03-13,0.0001981848814616442,5.555640178859849e-05
3773,2023-03-14,6.430537895392705e-05,5.197325501979689e-05
3774,2023-03-15,0.00013728915811411516,4.406050396960046e-05
3775,2023-03-16,5.8835650743987174e-05,4.578461399589958e-05
3776,2023-03-17,0.00010806258156219224,4.6902489903010804e-05
3777,2023-03-20,9.883434009403769e-05,4.7062152182199166e-05
3778,2023-03-21,3.276055705893315e-05,4.731247599184213e-05
3779,2023-03-22,2.79802014113892e-05,4.903174695293953e-05
3780,2023-03-23,4.550416282085908e-05,5.018947502960385e-05
3781,2023-03-24,4.269971781164651e-05,4.9467292677450735e-05
3782,2023-03-27,4.104018410444867e-05,5.474862825521781e-05
3783,2023-03-28,3.2676745553334046e-05,5.220312824912791e-05
3784,2023-03-29,4.1886812883156944e-05,5.5322054193595605e-05
3785,2023-03-31,9.27631358175725e-05,5.349217124489175e-05
3786,2023-04-03,3.789558379174822e-05,5.278382837374749e-05
3787,2023-04-05,3.298176252684842e-05,4.831045837083983e-05
3788,2023-04-06,2.168792434504679e-05,4.659789515039877e-05
3789,2023-04-10,1.50724877644139e-05,4.9160406008034576e-05
3790,2023-04-11,3.070546775398388e-05,4.777908541087941e-05
3791,2023-04-12,1.7680269192959156e-05,4.618127795245623e-05
3792,2023-04-13,1.75200890241467e-05,4.793974295241723e-05
3793,2023-04-17,0.00011108440733316023,5.3384858091995486e-05
3794,2023-04-18,4.015689467130366e-05,5.8590110203720295e-05
3795,2023-04-19,8.828845788178649e-06,5.785279199340058e-05
3796,2023-04-20,1.1940789484588461e-05,6.574182978245226e-05
3797,2023-04-21,1.579394348169556e-05,6.532889410250724e-05
3798,2023-04-24,5.1128829992348785e-05,6.843842829275028e-05
3799,2023-04-25,9.67872895340405e-06,6.747392478885796e-05
3800,2023-04-26,1.6128088973461152e-05,6.267742165769187e-05
3801,2023-04-27,1.8811495781099764e-05,5.796906609053016e-05
3802,2023-04-28,4.841755261083794e-05,5.862081130883515e-05
3803,2023-05-02,1.7207042539650144e-05,5.671953385504348e-05
3804,2023-05-03,1.1063078855544259e-05,5.384407008002422e-05
3805,2023-05-04,4.146906066493288e-05,5.3390749058154034e-05
3806,2023-05-05,9.163434359214939e-05,5.449125882763138e-05
3807,2023-05-08,4.349295881416483e-05,5.9024754260267575e-05
3808,2023-05-09,1.755875370597264e-05,5.671713255583747e-05
3809,2023-05-10,2.7839082557141078e-05,5.608938124226732e-05
3810,2023-05-11,1.9537833819233534e-05,5.40882889740543e-05
3811,2023-05-12,2.6005622730971484e-05,4.909489054644243e-05
3812,2023-05-15,3.054423884982234e-05,4.774609998510763e-05
3813,2023-05-16,3.2090922245532606e-05,4.453619850146679e-05
3814,2023-05-17,4.167719872619448e-05,4.254563108343871e-05
3815,2023-05-18,7.147969782974101e-05,4.919321339910549e-05
3816,2023-05-19,4.6937434814902875e-05,4.774144272485891e-05
3817,2023-05-22,2.4621231564201113e-05,4.1007382059984746e-05
3818,2023-05-23,1.698829450624282e-05,3.887394430630695e-05
3819,2023-05-24,3.050284397086269e-05,3.810866944827987e-05
3820,2023-05-25,2.1546352582521176e-05,3.81012328870405e-05
3821,2023-05-26,3.7711135489762996e-05,3.2025105946924816e-05
3822,2023-05-29,4.512422017356809e-05,3.3072885454231615e-05
3823,2023-05-30,7.409655785465655e-06,3.366853114210192e-05
3824,2023-05-31,2.0083070975098402e-05,3.666906023738328e-05
3825,2023-06-01,1.949327395593865e-05,3.29785110459874e-05
3826,2023-06-02,2.13938104646995e-05,3.1740372848401057e-05
3827,2023-06-05,2.101232185550716e-05,3.498660221306173e-05
3828,2023-06-06,1.0067085419679763e-05,3.9214373950914926e-05
3829,2023-06-07,2.3175062163321868e-05,3.728341123427332e-05
3830,2023-06-08,2.6158110648505613e-05,3.546067677513296e-05
3831,2023-06-09,1.5710352120241727e-05,3.741672569219291e-05
3832,2023-06-12,8.117510906395407e-06,3.563013866402737e-05
3833,2023-06-13,1.1922430091548254e-05,3.448745207205262e-05
3834,2023-06-14,9.856509171675544e-06,3.416360051090406e-05
3835,2023-06-15,1.58969429907351e-05,3.550204486054515e-05
3836,2023-06-16,2.668962538394642e-05,3.710449406261044e-05
3837,2023-06-19,3.2030887511726894e-05,3.9682058686867964e-05
3838,2023-06-20,3.4706844267877766e-05,4.0133864626586545e-05
3839,2023-06-21,1.0303976201111935e-05,3.95691162983895e-05
3840,2023-06-22,1.5683397832902332e-05,3.8175264958366756e-05
3841,2023-06-23,1.3910122248286537e-05,3.905232708052996e-05
3842,2023-06-26,6.205985710813148e-06,3.596677831354972e-05
3843,2023-06-27,2.238218550288777e-05,3.7424157535187883e-05
3844,2023-06-28,4.3996941052915664e-05,3.946115040486827e-05
3845,2023-06-30,6.04265598503702e-05,3.477085298433396e-05
3846,2023-07-03,2.0055301160137857e-05,3.4963058491417897e-05
3847,2023-07-04,3.802179800198069e-05,3.4848329424781354e-05
3848,2023-07-05,8.320679660918517e-06,3.461488740159444e-05
3849,2023-07-06,1.76845568182863e-05,3.299831507154553e-05
3850,2023-07-07,6.181437307668081e-05,3.1029691529696825e-05
3851,2023-07-10,2.300925975482766e-05,3.188658404156555e-05
3852,2023-07-11,2.6401403416929162e-05,3.2692656593300595e-05
3853,2023-07-12,2.7974542652523245e-05,3.125531893370639e-05
3854,2023-07-13,6.293232876232865e-05,2.8731795043970017e-05
3855,2023-07-14,4.03641378892828e-05,2.8950760407149173e-05
3856,2023-07-17,3.128058313915976e-05,2.7101392274119956e-05
3857,2023-07-18,2.962189025975202e-05,2.666538643174015e-05
3858,2023-07-19,2.3151939378561892e-05,2.7585001044490657e-05
3859,2023-07-20,4.9188271324349426e-05,2.896283578761093e-05
3860,2023-07-21,0.00011183818307833433,3.0228672638588677e-05
3861,2023-07-24,1.3665652086199198e-05,2.839711488104274e-05
3862,2023-07-25,2.2970341834468797e-05,2.8787880214955e-05
3863,2023-07-26,1.8015551124002944e-05,2.7432014381496e-05
3864,2023-07-27,7.47739735211871e-05,2.4162521385530517e-05
3865,2023-07-28,1.70006757390236e-05,2.4741483233556352e-05
3866,2023-07-31,2.9523023846197452e-05,2.6985438812603204e-05
3867,2023-08-01,9.661361867121821e-06,3.0174581134217025e-05
3868,2023-08-02,7.780704184704464e-05,2.93020042690106e-05
3869,2023-08-03,6.160445382756249e-05,3.2904824605354935e-05
3870,2023-08-04,2.6665024949096476e-05,2.9212019754992527e-05
3871,2023-08-07,1.7991169161866024e-05,2.883749349947056e-05
3872,2023-08-08,1.204360466937657e-05,3.1418348827693825e-05
3873,2023-08-09,3.5966754159909565e-05,3.037534074039611e-05
3874,2023-08-10,1.6938337537629635e-05,3.0078800506150522e-05
3875,2023-08-11,1.914482872885466e-05,3.2088071005345594e-05
3876,2023-08-14,5.132887078697601e-05,3.638382524356906e-05
3877,2023-08-16,3.67205978045929e-05,3.601592883643498e-05
3878,2023-08-17,1.7500552008709357e-05,3.698136237446838e-05
3879,2023-08-18,2.3779235798464058e-05,3.752650878182814e-05
3880,2023-08-21,1.5289393020563453e-05,3.675392146203377e-05
3881,2023-08-22,4.975753438708527e-06,3.775270800340834e-05
3882,2023-08-23,1.632427265490677e-05,4.15780967704686e-05
3883,2023-08-24,6.368877520954462e-05,3.723670177108338e-05
3884,2023-08-25,3.208089241849139e-05,3.788655554834479e-05
3885,2023-08-28,1.5126303900065214e-05,3.7337343802414596e-05
3886,2023-08-29,1.7678843481551104e-05,4.216722668108511e-05
3887,2023-08-30,3.439462533402483e-05,3.660645068668091e-05
3888,2023-08-31,2.675326557207079e-05,3.82932113873951e-05
3889,2023-09-01,3.7506795448738734e-05,3.409685918924123e-05
3890,2023-09-04,3.7194827679649464e-05,4.032622118833006e-05
3891,2023-09-05,7.228048567167161e-06,4.003712370356037e-05
3892,2023-09-06,2.182906732542623e-05,4.045626438600703e-05
3893,2023-09-07,3.200862075424759e-05,3.90469138662713e-05
3894,2023-09-08,2.2424123135267215e-05,3.755224490037066e-05
3895,2023-09-11,2.9802038305468966e-05,3.818972629139219e-05
3896,2023-09-12,6.919025157218269e-05,3.484129773622586e-05
3897,2023-09-13,1.9706792697958046e-05,3.4267814586777496e-05
3898,2023-09-14,2.125202630403073e-05,3.698537711072835e-05
3899,2023-09-15,1.4038095827246752e-05,3.819917968620938e-05
3900,2023-09-18,8.805331637208436e-06,3.560796369837206e-05
3901,2023-09-20,8.428020663019033e-05,3.63370073282075e-05
3902,2023-09-21,2.637311426466243e-05,3.512802964656179e-05
3903,2023-09-22,1.8190753529521495e-05,2.9124512213498278e-05
3904,2023-09-25,1.5294907357455867e-05,2.826843552702486e-05
3905,2023-09-26,3.5513118528628212e-06,3.2400120928599506e-05
3906,2023-09-27,3.292703241632052e-05,3.2116493507000174e-05
3907,2023-09-28,7.192603368458712e-05,3.113736162353062e-05
3908,2023-09-29,3.787031426434055e-05,3.212392572174189e-05
3909,2023-10-03,2.0698514693361625e-05,3.4460639428780655e-05
3910,2023-10-04,3.871362829391695e-05,3.28279844222067e-05
3911,2023-10-05,2.63563838097851e-05,3.439205900127955e-05
3912,2023-10-06,2.13335975347476e-05,3.519235098040716e-05
3913,2023-10-09,4.432745796235078e-05,3.057268773339606e-05
3914,2023-10-10,2.8339439153826833e-05,3.106707910691999e-05
3915,2023-10-11,2.1303866281586466e-05,3.210592582472115e-05
3916,2023-10-12,4.547745705125378e-06,3.139919094582476e-05
3917,2023-10-13,7.580833345031414e-05,3.124758287804494e-05
3918,2023-10-16,7.281904986128643e-06,3.6532613813087376e-05
3919,2023-10-17,3.7088500930491824e-05,3.47809516652419e-05
3920,2023-10-18,2.8563470438242738e-05,3.365242060155427e-05
3921,2023-10-19,6.655907643794617e-05,3.187232823556513e-05
3922,2023-10-20,2.329414125342848e-05,2.936852453134973e-05
3923,2023-10-23,8.112706771550856e-05,3.2853064348266765e-05
3924,2023-10-25,6.764341994129652e-05,3.234235186709736e-05
3925,2023-10-26,6.381119808423657e-05,3.2579081147538654e-05
3926,2023-10-27,3.579153707446537e-05,3.247253065971366e-05
3927,2023-10-30,5.214953978135324e-05,2.797150201747432e-05
3928,2023-10-31,5.2398849131931166e-05,2.9077367868880685e-05
3929,2023-11-01,1.4699890759008256e-05,3.2225463303775645e-05
3930,2023-11-02,5.848168940262964e-05,3.2997838453250855e-05
3931,2023-11-03,3.555942424734914e-05,3.241912258894303e-05
3932,2023-11-06,4.766327559190287e-05,3.698176172143068e-05
3933,2023-11-07,1.096993275209749e-05,3.5897362142243146e-05
3934,2023-11-08,8.982714005867097e-06,3.34085937168322e-05
3935,2023-11-09,7.112734352835008e-06,3.5772027786478795e-05
3936,2023-11-10,1.8216078279475803e-05,3.584645345837843e-05
3937,2023-11-13,1.5932174334883717e-05,3.4297077128420045e-05
3938,2023-11-15,0.0001266204866389606,2.917288451357473e-05
3939,2023-11-16,5.556888228416017e-05,3.459750397097996e-05
3940,2023-11-17,4.115891839071012e-05,2.8272103434078586e-05
3941,2023-11-20,6.312088296493996e-06,3.061613144192021e-05
3942,2023-11-21,2.0635241762635412e-05,3.087227888906219e-05
3943,2023-11-22,1.6276399982085682e-05,3.677076810575698e-05
3944,2023-11-23,8.102691455063175e-06,3.443186389086068e-05
3945,2023-11-24,3.606317804252489e-06,3.970993399970032e-05
3946,2023-11-28,1.808936897684283e-05,4.1193099654834606e-05
3947,2023-11-29,3.756928732740244e-05,4.363881331334272e-05
3948,2023-11-30,2.0757970396784295e-05,4.246216069715339e-05
3949,2023-12-01,1.8782246137713395e-05,4.700042992271691e-05
3950,2023-12-04,0.0003017367917804396,4.6555062784254626e-05
3951,2023-12-05,5.85789329728682e-05,4.0582960997638676e-05
3952,2023-12-06,3.422679964200314e-05,4.264002412735519e-05
3953,2023-12-07,7.575096064481483e-06,4.243172734204048e-05
3954,2023-12-08,1.8912181087912807e-05,4.2811212827393e-05
3955,2023-12-11,8.047791298168635e-06,3.752454371396708e-05
3956,2023-12-12,2.354869384514218e-05,3.580020389080816e-05
3957,2023-12-13,4.014118803109188e-05,3.125362377341883e-05
3958,2023-12-14,9.05883615745151e-05,3.104599276127738e-05
3959,2023-12-15,7.292409251490227e-05,2.9371728722055132e-05
3960,2023-12-18,1.098318110355093e-05,3.741574297561534e-05
3961,2023-12-19,3.330065838580229e-05,3.899243707299226e-05
3962,2023-12-20,0.00020652281018842142,4.314390387874204e-05
3963,2023-12-21,0.00010361182480409157,3.7492914736070784e-05
3964,2023-12-22,2.2260382053183398e-05,3.912271693028916e-05
3965,2023-12-26,1.638915363409479e-05,3.454016338526964e-05
3966,2023-12-27,3.05985866784983e-05,3.0440667037185286e-05
3967,2023-12-28,1.8590875661454774e-05,2.5075474007101053e-05
3968,2023-12-29,9.997065326695357e-06,2.6809613145171144e-05
3969,2024-01-01,1.7888493455006124e-05,2.778381449170851e-05
3970,2024-01-02,3.640591591478041e-05,2.7240175797915972e-05
3971,2024-01-03,2.258660044815092e-05,2.7576436189422145e-05
3972,2024-01-04,2.7381834774672697e-05,3.7668417924515496e-05
3973,2024-01-05,1.5906210945777803e-05,3.87721921743322e-05
3974,2024-01-08,5.5884176637429444e-05,3.752924540423552e-05
3975,2024-01-09,7.41579257741679e-05,3.327274658902468e-05
3976,2024-01-10,2.9603645994134834e-05,3.361082265556345e-05
3977,2024-01-11,2.283497702239127e-05,2.7830653951353494e-05
3978,2024-01-12,6.608383856282555e-05,2.816523577371905e-05
3979,2024-01-15,7.132222454989736e-05,2.9894005562373338e-05
3980,2024-01-16,1.705841539123622e-05,3.528395650825993e-05
3981,2024-01-17,0.0003977419616537098,3.83133546712159e-05
3982,2024-01-18,0.00010226204750087475,3.4916945124159425e-05
3983,2024-01-19,5.6922193333614534e-05,3.6318802834662486e-05
3984,2024-01-23,0.0002466416249473236,4.2584702453434664e-05
3985,2024-01-24,9.483318200340763e-05,4.459900954889999e-05
3986,2024-01-25,4.0188293965094754e-05,4.0472222506753055e-05
3987,2024-01-29,9.525864118768265e-05,4.079925044769132e-05
3988,2024-01-30,7.280284127480797e-05,4.263562304572826e-05
3989,2024-01-31,6.476465830943518e-05,3.908752563380907e-05
3990,2024-02-01,2.7828522827051026e-05,3.4205746786623367e-05
3991,2024-02-02,0.00014690153518791865,3.395586165116569e-05
3992,2024-02-05,4.886666372360611e-05,3.639742302764231e-05
3993,2024-02-06,4.0889537781928074e-05,3.5542112305016706e-05
3994,2024-02-07,5.613478918045584e-05,3.461904294603489e-05
3995,2024-02-08,9.932511155579733e-05,3.3839668836768236e-05
3996,2024-02-09,2.553460945634915e-05,3.7349042049723076e-05
3997,2024-02-12,4.7767039500329635e-05,4.0706474999870335e-05
3998,2024-02-13,4.6971203133058884e-05,4.04338821064916e-05
3999,2024-02-14,0.00014109378331623082,4.0664121748823245e-05
4000,2024-02-15,2.9962615359689537e-05,4.5664304633841985e-05
4001,2024-02-16,3.2024712451872316e-05,4.679506684863504e-05
4002,2024-02-19,2.6838411000038984e-05,4.0626546475031825e-05
4003,2024-02-20,2.151787250110406e-05,5.176820871189406e-05
4004,2024-02-21,5.102541213471816e-05,5.548955234681964e-05
4005,2024-02-22,0.00011842659967061898,5.4792370671380295e-05
4006,2024-02-23,1.927291492209343e-05,6.063311695454987e-05
4007,2024-02-26,1.488167197163079e-05,6.334975919606594e-05
4008,2024-02-27,1.4296089238096574e-05,5.646522809028189e-05
4009,2024-02-28,6.869649717965768e-05,5.9768433822640186e-05
4010,2024-02-29,2.7924473919451214e-05,6.1021043650476704e-05
4011,2024-03-01,7.320646945596204e-05,5.8912581659745686e-05
4012,2024-03-04,1.2930172487966649e-05,5.571702514011036e-05
4013,2024-03-05,1.7939862585990952e-05,6.461332800345072e-05
4014,2024-03-06,5.550496710372643e-05,6.111916007308369e-05
4015,2024-03-07,9.132562056562576e-06,6.006273142379683e-05
4016,2024-03-11,3.3586427307326235e-05,6.114014058677684e-05
4017,2024-03-12,2.6471641944902283e-05,6.818821257993651e-05
4018,2024-03-13,0.0002230468094600393,5.979453620103284e-05
4019,2024-03-14,5.695882949083673e-05,6.033162058805406e-05
4020,2024-03-15,3.895796438949868e-05,6.124414821850608e-05
4021,2024-03-18,3.1600063821565494e-05,6.83129185507394e-05
4022,2024-03-19,4.8673410071425126e-05,6.101975516536669e-05
4023,2024-03-20,3.6476564055918964e-05,6.0701645413743975e-05
4024,2024-03-21,6.0923926470157054e-05,5.946995030921974e-05
4025,2024-03-22,7.466658000951208e-05,5.3784267927210175e-05
4026,2024-03-26,5.9661179152713095e-05,5.205959329305328e-05
4027,2024-03-27,2.1640391970354953e-05,5.744108779677497e-05
4028,2024-03-28,0.0001093863698213286,5.0563030233199316e-05
4029,2024-04-01,4.062933671819645e-05,4.711593110263848e-05
4030,2024-04-02,8.328636284173247e-06,4.525507803856828e-05
4031,2024-04-03,3.0575252166428714e-05,4.757080541244735e-05
4032,2024-04-04,0.00013630818035969216,4.2694099007611295e-05
4033,2024-04-05,1.029107466540285e-05,4.663473070025597e-05
4034,2024-04-08,2.230180122197048e-05,4.3390365777695265e-05
4035,2024-04-09,3.531362426262244e-05,4.230653111280363e-05
4036,2024-04-10,1.873668331846955e-05,4.34022926296862e-05
4037,2024-04-12,4.451036614003541e-05,3.807952945145532e-05
4038,2024-04-15,8.712156743445176e-05,3.779775282682915e-05
4039,2024-04-16,5.637934832438504e-05,3.769252485224155e-05
4040,2024-04-18,0.00010317642202925749,4.668551134123335e-05
4041,2024-04-19,0.0001514305192478012,4.51526068712916e-05
4042,2024-04-22,0.00010043912687806717,4.73508147082607e-05
4043,2024-04-23,3.108922731281847e-05,4.552641683650919e-05
4044,2024-04-24,1.2201342978770627e-05,4.7787102962302836e-05
4045,2024-04-25,8.438623080344674e-05,4.3936691801054716e-05
4046,2024-04-26,4.24205272123722e-05,4.551905202409972e-05
4047,2024-04-29,3.668292060174757e-05,4.831338128301417e-05
4048,2024-04-30,3.518890308972049e-05,4.946563898266781e-05
4049,2024-05-02,1.8402227348809935e-05,4.4762618170908806e-05
4050,2024-05-03,0.0001645087431702994,5.099011802349828e-05
4051,2024-05-06,3.57750772262955e-05,4.9723014929736394e-05
4052,2024-05-07,5.4612686763200844e-05,4.269838299137322e-05
4053,2024-05-08,3.299707472778452e-05,4.2449119253232844e-05
4054,2024-05-09,0.000110867299151106,4.961148321401932e-05
4055,2024-05-10,2.5495823758050453e-05,3.985528617572566e-05
4056,2024-05-13,8.969784076963733e-05,4.022608256485594e-05
4057,2024-05-14,2.4581056935298087e-05,4.4006625669305236e-05
4058,2024-05-15,1.7179136409904252e-05,4.1317385365305175e-05
4059,2024-05-16,0.00016121727155031548,4.181113752333371e-05
4060,2024-05-17,1.7133049047756826e-05,4.7714657708462567e-05
4061,2024-05-21,3.3018993959740606e-05,4.969198755517987e-05
4062,2024-05-22,2.0834244235488415e-05,5.2114313090284326e-05
4063,2024-05-23,0.00011308965653168591,5.87407796079193e-05
4064,2024-05-24,1.2717314837157743e-05,6.127308841699343e-05
4065,2024-05-27,4.878621647561241e-05,5.64948208915408e-05
4066,2024-05-28,1.6299056493684606e-05,5.0001047817071826e-05
4067,2024-05-29,4.394549977415766e-05,5.355259972722923e-05
4068,2024-05-30,6.936986253936597e-05,4.931383451667881e-05
4069,2024-05-31,3.5792637504024e-05,4.6380278211391865e-05
4070,2024-06-03,0.0013107721804514305,4.60408246964948e-05
4071,2024-06-04,0.002712500813659214,4.578450615804961e-05
4072,2024-06-05,0.0006997220907914263,5.0847161273559966e-05
4073,2024-06-06,0.0001100967848323987,4.81275773369599e-05
4074,2024-06-07,0.0001793068884263922,5.159691012506085e-05
4075,2024-06-10,2.454283548996708e-05,5.074162602760171e-05
4076,2024-06-11,2.2787682798320993e-05,5.656048073482315e-05
4077,2024-06-12,2.7544696437669882e-05,5.090232914031236e-05
4078,2024-06-13,5.6653090823012544e-05,5.665436568379467e-05
4079,2024-06-14,2.939451264981131e-05,5.2196169026011374e-05
4080,2024-06-18,2.5250741689252275e-05,5.0119398268528446e-05
4081,2024-06-19,4.9958071243862005e-05,5.62066564875064e-05
4082,2024-06-20,3.297792043079558e-05,4.968890901631525e-05
4083,2024-06-21,6.509324580527519e-05,4.8153461506449184e-05
4084,2024-06-24,5.2192060708018735e-05,4.556696264816337e-05
4085,2024-06-25,2.5088802907523065e-05,5.172435824293672e-05
4086,2024-06-26,2.907550502430386e-05,4.1544754462428656e-05
4087,2024-06-27,4.7184472753783184e-05,4.572457236645398e-05
4088,2024-06-28,2.547675559027942e-05,4.3124021646144244e-05
4089,2024-07-01,1.7895426912320505e-05,4.529281554764653e-05
4090,2024-07-02,3.343693286376157e-05,4.549720618235041e-05
4091,2024-07-03,5.6106779472118254e-05,4.645010451850313e-05
4092,2024-07-04,1.991749745206919e-05,6.450674635086026e-05
4093,2024-07-05,3.475108209447212e-05,9.010352865387965e-05
4094,2024-07-08,8.464910821527445e-06,9.96472185441596e-05
4095,2024-07-09,8.644292989571375e-06,9.760645952258872e-05
4096,2024-07-10,7.695411474542827e-05,0.00010683300613274317
4097,2024-07-11,4.082763826627449e-05,8.539853987028186e-05
4098,2024-07-12,4.71328066872799e-05,6.822836745936303e-05
4099,2024-07-15,1.91597624086022e-05,6.069132564607973e-05
4100,2024-07-16,4.573672980360866e-06,5.991118898662285e-05
4101,2024-07-18,6.924819414289151e-05,5.4856569772494076e-05
4102,2024-07-19,7.161709905689162e-05,5.5122590032908184e-05
4103,2024-07-22,4.2033048981674364e-05,5.6621828362448146e-05
4104,2024-07-23,0.00023590615611328856,5.706456169888009e-05
4105,2024-07-24,2.4701640787734017e-05,5.953450570470201e-05
4106,2024-07-25,8.273030051208439e-05,6.162229606981382e-05
4107,2024-07-26,0.00011362131703898884,5.829005487841575e-05
4108,2024-07-29,4.6197471683151066e-05,5.840670127737283e-05
4109,2024-07-30,1.8865321897916464e-05,6.00672993758327e-05
4110,2024-07-31,1.0188785085925345e-05,5.733845526905136e-05
4111,2024-08-01,1.806541756350721e-05,5.326390247592799e-05
4112,2024-08-02,9.470012759035145e-05,5.400954369671753e-05
4113,2024-08-05,0.00041329486043020775,5.6908754269569144e-05
4114,2024-08-06,0.00014668427551726786,4.872993092360756e-05
4115,2024-08-07,0.00016663088657429306,4.572827856160372e-05
4116,2024-08-08,4.430932657027558e-05,3.8621497074218925e-05
4117,2024-08-09,0.00013067468963815016,3.473171644472333e-05
4118,2024-08-12,4.182661467190444e-05,3.7026007415018226e-05
4119,2024-08-13,3.404647105578148e-05,3.772655232728865e-05
4120,2024-08-14,9.442086645061289e-06,3.894818569435159e-05
4121,2024-08-16,0.0001410787469106989,3.8739169204195946e-05
4122,2024-08-19,2.3610229721568624e-05,3.4282459905678985e-05
4123,2024-08-20,1.842115807409597e-05,3.781297703541817e-05
4124,2024-08-21,1.0335163338046175e-05,3.953530124249536e-05
4125,2024-08-22,1.8114392740977706e-05,3.854335861228973e-05
4126,2024-08-23,6.701915472631185e-06,4.666075339882257e-05
4127,2024-08-26,2.6453639930492276e-05,4.5609062939376865e-05
4128,2024-08-27,5.544138624383295e-06,4.79721315931682e-05
4129,2024-08-28,1.4653183168347023e-05,5.080354899971076e-05
4130,2024-08-29,2.048975365233161e-05,5.014550165186004e-05
4131,2024-08-30,1.7678136000851415e-05,4.3473123538999094e-05
4132,2024-09-02,2.0913044432174243e-05,4.043864613932642e-05
4133,2024-09-03,6.371698305373101e-06,3.879882332935132e-05
4134,2024-09-04,6.622522592278352e-05,4.1374913195189464e-05
4135,2024-09-05,1.5756222092146475e-05,4.9109968406732565e-05
4136,2024-09-06,7.6791191317978e-05,5.365350924017438e-05
4137,2024-09-09,2.5156916249522743e-05,6.199185610904555e-05
4138,2024-09-10,3.529973545718913e-05,6.395084803869443e-05
4139,2024-09-11,2.899486918974774e-05,7.083345135887633e-05
4140,2024-09-12,0.00016243249502181166,6.199133209606428e-05
4141,2024-09-13,1.4644069795831043e-05,5.816421565757765e-05
4142,2024-09-16,1.0087548858991236e-05,4.8534807635867255e-05
4143,2024-09-17,6.678424457483183e-06,5.736845402617797e-05
4144,2024-09-18,2.02999130667608e-05,5.286547632754655e-05
4145,2024-09-19,5.0515703720638375e-05,4.93890754637227e-05
4146,2024-09-20,0.00011034456408061658,4.448688456260912e-05
4147,2024-09-23,1.588563596991459e-05,4.553147657415525e-05
4148,2024-09-24,8.73701213053647e-06,3.642476938584992e-05
4149,2024-09-25,1.543085201277853e-05,3.8048737284904805e-05
4150,2024-09-26,3.185122249113048e-05,3.265210424983039e-05
4151,2024-09-27,9.195345979278155e-06,3.2543849172295784e-05
4152,2024-09-30,7.95522409117627e-05,3.236460509509961e-05
4153,2024-10-01,1.664296956450031e-05,3.344558817813297e-05
4154,2024-10-03,0.0002803383614560176,3.381239192760974e-05
4155,2024-10-04,0.00018040860282069057,3.215495901404884e-05
4156,2024-10-07,0.00011702846873596604,3.624313065201179e-05
4157,2024-10-08,4.7665277497243715e-05,3.204247222728781e-05
4158,2024-10-09,5.68487178097216e-05,3.499149106399992e-05
4159,2024-10-10,2.5411157978598225e-05,3.269523652462936e-05
4160,2024-10-11,6.5243688279380266e-06,3.502558360894039e-05
4161,2024-10-14,1.6740579810877413e-05,3.260635868564272e-05
4162,2024-10-15,2.769723210798208e-05,3.8570205041339036e-05
4163,2024-10-16,2.2130441860561655e-05,3.309906982547403e-05
4164,2024-10-17,5.4647185475792453e-05,3.1670827244247414e-05
4165,2024-10-18,6.949531557355325e-05,2.7506071161145465e-05
4166,2024-10-21,6.847910616657593e-05,2.7990366473550228e-05
4167,2024-10-22,0.00010719861210772868,2.8170750665777395e-05
4168,2024-10-23,5.8609204719346165e-05,3.281743182378437e-05
4169,2024-10-24,1.1694421035105916e-05,3.13952817887728e-05
4170,2024-10-25,8.09045229912571e-05,3.128462032748807e-05
4171,2024-10-28,8.071024104220938e-05,3.117580205162848e-05
4172,2024-10-29,8.276942096814165e-05,3.258568871603524e-05
4173,2024-10-30,4.02592560205642e-05,2.8359727361393887e-05
4174,2024-10-31,2.2922403340671912e-05,3.310289560530244e-05
4175,2024-11-01,2.14020018521235e-05,3.2297915433791785e-05
4176,2024-11-04,0.00016311110185374394,4.141710976618221e-05
4177,2024-11-05,9.956033874860683e-05,4.7053791413394784e-05
4178,2024-11-06,7.931099218488842e-05,5.1679563232476396e-05
4179,2024-11-07,6.0076220804129035e-05,5.05462300007715e-05
4180,2024-11-08,2.507312512148224e-05,5.2856623841382486e-05
4181,2024-11-11,7.584368927862418e-05,4.7095842122018524e-05
4182,2024-11-12,0.0001073684051885504,3.8484997341969386e-05
4183,2024-11-13,8.567812699078306e-05,3.648770998489151e-05
4184,2024-11-14,2.661583930335124e-05,3.494484282721767e-05
4185,2024-11-18,5.551823089387348e-05,3.381327580922116e-05
4186,2024-11-19,9.229078171888819e-05,3.7132911499312195e-05
4187,2024-11-21,4.076928273216185e-05,4.302751226996993e-05
4188,2024-11-22,0.00022164954387297246,4.6527812927419875e-05
4189,2024-11-25,0.0002331276423960867,5.0465249181335205e-05
4190,2024-11-26,5.474949975867566e-05,5.066303956602586e-05
4191,2024-11-27,2.4980628922794003e-05,4.516887598047493e-05
4192,2024-11-28,0.00012944116831195015,5.072323610086401e-05
4193,2024-11-29,4.1805329855461424e-05,5.2941775192138975e-05
4194,2024-12-02,5.5538433083159256e-05,5.359202870018658e-05
4195,2024-12-03,3.90250281046655e-05,5.334137404878439e-05
4196,2024-12-04,2.5429017258090136e-05,5.223234613337314e-05
4197,2024-12-05,0.00018688242631257352,4.988499728239144e-05
4198,2024-12-06,1.0693659568880977e-05,5.405534819014108e-05
4199,2024-12-09,1.221480453396439e-05,5.280299504820806e-05
4200,2024-12-10,2.0163214784524682e-05,5.326250499923599e-05
4201,2024-12-11,6.611545226700714e-06,5.4979350216039217e-05
4202,2024-12-12,1.553991634149351e-05,5.2797029619682164e-05
4203,2024-12-13,0.0002593826092060663,5.4392376722170396e-05
4204,2024-12-16,1.873964910574598e-05,5.8713793746175265e-05
4205,2024-12-17,6.923406459162058e-05,6.0584113923403244e-05
4206,2024-12-18,3.736659596747889e-05,5.664549116757898e-05
4207,2024-12-19,0.00019087105452993329,6.0892527484086804e-05
4208,2024-12-20,0.00016695886529810957,6.306600862873527e-05
4209,2024-12-23,6.98215945669919e-05,5.8647577033308386e-05
4210,2024-12-24,2.1721190302998113e-05,6.574398575129091e-05
4211,2024-12-26,2.792255268446223e-05,7.244162660443684e-05
4212,2024-12-27,2.4704034231101094e-05,6.911030380757702e-05
4213,2024-12-30,6.23339527117138e-05,6.536940837207185e-05
4214,2024-12-31,4.5962759891149514e-05,7.247470208491424e-05
4215,2025-01-01,4.0041319971705624e-05,6.491042674790626e-05
4216,2025-01-02,0.00013519920562083938,6.16037733258711e-05
4217,2025-01-03,2.88512484816153e-05,6.0162666113629286e-05
4218,2025-01-06,0.00017480533164085772,5.952798999177965e-05
4219,2025-01-07,2.302541281494055e-05,6.733769520787943e-05
4220,2025-01-08,6.226078603936175e-05,5.528147087172205e-05
4221,2025-01-09,2.1404395226618577e-05,5.013596057453441e-05
4222,2025-01-10,4.065139354719227e-05,4.815716772030439e-05
4223,2025-01-13,0.0001626148930739721,4.2196125514926246e-05
4224,2025-01-14,2.4436082973320673e-05,3.920474775786941e-05
4225,2025-01-15,2.3905429431504844e-05,4.9138532578977395e-05
4226,2025-01-16,5.873608666308657e-05,4.442044553513505e-05
4227,2025-01-17,2.963140555609234e-05,4.8039537267195894e-05
4228,2025-01-20,4.703379198686998e-05,5.0689844678254223e-05
4229,2025-01-21,0.00013874701931593635,5.9864104694294177e-05
4230,2025-01-22,3.914566000707164e-05,5.949290870244126e-05
4231,2025-01-23,2.1873248032654662e-05,6.163161139926304e-05
4232,2025-01-24,6.411467403698332e-05,5.4200113226095996e-05
4233,2025-01-27,7.487711115052694e-05,5.153592442205456e-05
4234,2025-01-28,8.562172547936757e-05,4.680682973370098e-05
4235,2025-01-29,3.655980837451269e-05,4.729197570435836e-05
4236,2025-01-30,2.1718029704000057e-05,4.511461246718765e-05
4237,2025-01-31,4.884740191121427e-05,4.591220095335043e-05
4238,2025-02-01,6.21019679840293e-05,5.137196899307151e-05
4239,2025-02-03,6.751702666277877e-05,4.914624157984464e-05
4240,2025-02-04,0.00011207787303285446,5.6064950014458306e-05
4241,2025-02-05,1.6592146998772343e-05,4.928549094977314e-05
4242,2025-02-06,3.6679085875405385e-05,5.3554409872694e-05
4243,2025-02-07,4.458058769392907e-05,4.9113374270679284e-05
4244,2025-02-10,4.017657069750629e-05,5.146170018839588e-05
4245,2025-02-11,0.0001055449571250911,5.735678583282591e-05
4246,2025-02-12,9.069172344364436e-05,5.495449990551266e-05
4247,2025-02-13,4.891259683176449e-05,5.0302490881770786e-05
4248,2025-02-14,9.787262882449031e-05,5.4968002592026386e-05
4249,2025-02-17,6.988061195988246e-05,5.227153751001904e-05
4250,2025-02-18,3.135568915880249e-05,5.088681522663683e-05
4251,2025-02-19,5.761193006362841e-05,5.557404765381656e-05
4252,2025-02-20,3.1837487720710085e-05,5.2816438397184464e-05
4253,2025-02-21,3.166812248396109e-05,4.879163143706649e-05
4254,2025-02-24,8.235510684366715e-05,5.305319551104131e-05
4255,2025-02-25,1.439754390417271e-05,5.542119783206881e-05
4256,2025-02-27,8.08277424911203e-06,5.6164504124761494e-05
4257,2025-02-28,0.0001059504550064698,5.398254498805912e-05
4258,2025-03-03,5.6063405052489144e-05,5.230304575620294e-05
4259,2025-03-04,5.6921682635274695e-05,5.323390924922945e-05
4260,2025-03-05,7.48509873136129e-05,5.232242973508675e-05
4261,2025-03-06,0.0001336562136464444,5.2987923101990726e-05
4262,2025-03-07,2.2040611864430842e-05,5.550001337653351e-05
4263,2025-03-10,5.157694515756426e-05,5.1631865462955995e-05
4264,2025-03-11,5.479191527734367e-05,5.1650192504719015e-05
4265,2025-03-12,4.981229098824429e-05,5.215270619855404e-05
4266,2025-03-13,3.1718705142723275e-05,5.100000297404896e-05
4267,2025-03-17,4.014720135961756e-05,5.180292163915377e-05
4268,2025-03-18,9.050389010975108e-05,5.652388785623278e-05
4269,2025-03-19,1.5030146732063203e-05,5.7038909053130906e-05
4270,2025-03-20,6.9281791016611e-05,6.054869185682533e-05
4271,2025-03-21,4.611502420202492e-05,6.237993758570759e-05
4272,2025-03-24,9.556044945028004e-05,5.777052540594128e-05
4273,2025-03-25,5.917422438774678e-05,5.6707324186799426e-05
4274,2025-03-26,5.076705255886208e-05,5.463021555284822e-05
4275,2025-03-27,3.8872022051658774e-05,5.2831982468792013e-05
4276,2025-03-28,2.4065842239742383e-05,5.4924899166623026e-05
4277,2025-04-01,0.0001923739329774665,4.894805135023614e-05
4278,2025-04-02,2.4269076332983453e-05,4.255979642772919e-05
4279,2025-04-03,7.89776286053253e-05,4.892564403145633e-05
4280,2025-04-04,8.785443659691299e-05,5.014774514911511e-05
4281,2025-04-07,0.0028198923139253888,4.96750374605485e-05
4282,2025-04-08,0.00028245047120501506,5.3508708256081154e-05
4283,2025-04-09,2.103659173719947e-05,6.120709660443723e-05
4284,2025-04-11,0.00021183249050540313,5.2836469922224614e-05
4285,2025-04-15,0.0005710589427488225,5.5441269521352935e-05
4286,2025-04-16,2.1920902456476593e-05,5.6000421904044286e-05
4287,2025-04-17,0.00020541530256456774,5.514768713901786e-05
4288,2025-04-21,6.401421521434143e-05,5.141104900737319e-05
4289,2025-04-22,2.343349958059068e-05,5.177928133797474e-05
4290,2025-04-23,0.00011791047435176909,5.4086931752969515e-05
4291,2025-04-24,1.4998327572089077e-05,4.772878613793365e-05
4292,2025-04-25,0.0001640319874589658,5.010847130527688e-05
4293,2025-04-28,5.389810387612486e-05,4.97392775749673e-05
4294,2025-04-29,1.9453212319718093e-05,5.37727702243218e-05
4295,2025-04-30,2.557510990598748e-05,5.2210861227097724e-05
4296,2025-05-02,8.458340231862679e-05,5.4867953339509096e-05
4297,2025-05-05,1.884400399124463e-05,5.3563279713539374e-05
4298,2025-05-06,2.120909794890567e-05,5.016476141255761e-05
4299,2025-05-07,6.64214406534436e-05,5.799003210412319e-05
4300,2025-05-08,5.679489638185779e-05,5.40778245379628e-05
4301,2025-05-09,0.000240453096007628,5.656318131740334e-05
4302,2025-05-12,0.0004679065077484526,5.905318309634997e-05
4303,2025-05-13,0.00010836545342841863,8.512299335372639e-05
4304,2025-05-14,3.1612637337699084e-05,8.28476969032306e-05
4305,2025-05-15,0.00022258783628151577,7.28925860385411e-05
4306,2025-05-16,9.251175802110015e-06,8.543988496114039e-05
4307,2025-05-19,1.213475366316508e-05,9.89124520598794e-05
4308,2025-05-20,6.777547968939183e-05,7.389940165634381e-05
4309,2025-05-21,4.538006135754184e-05,8.05190316093151e-05
4310,2025-05-22,6.315305759396991e-05,8.221123081362596e-05
4311,2025-05-23,4.9535326891456265e-05,7.3008846296479e-05
4312,2025-05-26,2.5896415184952496e-05,7.283865337732403e-05
4313,2025-05-27,7.221590594210996e-05,6.766735088314654e-05
4314,2025-05-28,8.99120315453556e-06,7.335385514534779e-05
4315,2025-05-29,3.776521218781642e-05,7.077310090975327e-05
4316,2025-05-30,1.2481667620473114e-05,6.593086651591138e-05
4317,2025-06-02,4.522195367551009e-05,6.165329231079306e-05
4318,2025-06-03,7.28362694634093e-05,6.862133035950372e-05
4319,2025-06-04,7.682867858200698e-06,5.987585457818313e-05
4320,2025-06-05,5.527154344371308e-05,5.779868143635233e-05
4321,2025-06-06,7.097521091818979e-05,6.098518379885815e-05
4322,2025-06-09,4.321258735092265e-05,6.368228329320278e-05
4323,2025-06-10,2.5668788857208985e-05,7.067262456242534e-05
4324,2025-06-11,1.2211082034553745e-05,8.385874068569408e-05
4325,2025-06-12,7.490868648137895e-05,7.937536065373008e-05
4326,2025-06-13,0.00032782808281901294,7.118437657665589e-05
4327,2025-06-16,3.823881093891531e-05,8.316319456554829e-05
4328,2025-06-17,1.7589865473981867e-05,6.335896330950634e-05
4329,2025-06-18,3.270108382067702e-05,5.109365740249149e-05
4330,2025-06-19,9.154603223282224e-06,5.395139993827765e-05
4331,2025-06-20,6.778760550180692e-05,5.2240247520801444e-05
4332,2025-06-23,7.668974618041899e-05,5.0307241702396776e-05
4333,2025-06-24,0.0001262720487614688,5.4067149771221015e-05
4334,2025-06-25,2.842951706099139e-05,5.283065310079886e-05
4335,2025-06-26,4.981986192405583e-05,5.63685231697314e-05
4336,2025-06-27,1.0512654240261301e-05,4.7067334423444464e-05
4337,2025-06-30,2.124282561382167e-05,4.762167766592212e-05
4338,2025-07-01,6.049985999702376e-06,4.344912705126164e-05
4339,2025-07-02,3.1841790959335445e-05,4.650941327809077e-05
4340,2025-07-03,2.7140270989752154e-05,4.699126029648427e-05
4341,2025-07-04,1.4664992537706565e-05,4.295035487592109e-05
4342,2025-07-07,3.757077303343957e-06,4.7035960789936014e-05
4343,2025-07-08,9.906974204108824e-06,5.0520174355947687e-05
4344,2025-07-09,8.135007761032555e-06,4.941008400804242e-05
4345,2025-07-10,1.952481257809667e-05,4.454817220496643e-05
4346,2025-07-11,3.621194731948125e-05,4.0965418931343146e-05
4347,2025-07-14,1.5010229071224873e-05,4.321176401305258e-05
4348,2025-07-15,1.4275464499215775e-05,5.0157978992870685e-05
4349,2025-07-16,9.9275443348441e-06,4.5272602937042723e-05
4350,2025-07-17,1.0605566035019687e-05,4.4315599692106064e-05
4351,2025-07-18,2.7318360613431804e-05,4.774046671896498e-05
4352,2025-07-21,3.425700566505373e-05,4.0755253855572866e-05
4353,2025-07-22,2.0592554068112573e-05,4.0938325130636444e-05
4354,2025-07-23,2.2140354931284905e-05,4.2317588633560035e-05
4355,2025-07-24,2.9293713515287665e-05,4.7130412751998715e-05
4356,2025-07-25,2.7394941970494887e-05,4.513932890242721e-05
4357,2025-07-28,3.945369899132725e-05,4.8418473334940134e-05
4358,2025-07-29,4.256313855029285e-05,4.345494431993902e-05
4359,2025-07-30,1.960360576905629e-05,4.165661232230518e-05
4360,2025-07-31,0.000147132911496031,3.5347299214869894e-05
4361,2025-08-01,3.616152697102896e-05,3.68600047064499e-05
4362,2025-08-04,2.0318438956516346e-05,3.510004641827974e-05
4363,2025-08-05,1.2331402826329362e-05,3.546335956835179e-05
4364,2025-08-06,9.725680038864724e-06,3.017170630366414e-05
4365,2025-08-07,7.046488387197727e-05,3.0125327671699253e-05
4366,2025-08-08,3.9056424725223165e-05,2.7455273505960874e-05
4367,2025-08-11,3.62905911534575e-05,2.7600805409987455e-05
4368,2025-08-12,3.902302074531413e-05,2.9753401210155425e-05
4369,2025-08-13,2.536737755439557e-05,2.955092020465007e-05
4370,2025-08-14,4.0094866707036926e-06,2.790097518294584e-05
4371,2025-08-18,0.00017045292636589334,2.6972638603031084e-05
4372,2025-08-19,1.0778444521782814e-05,2.6156529544169817e-05
4373,2025-08-20,1.380889732452863e-05,2.6411536081254717e-05
4374,2025-08-21,1.8594238374665146e-05,2.8206398604221615e-05
4375,2025-08-22,2.8221159106487062e-05,2.747131580645985e-05
4376,2025-08-25,1.864936748243749e-05,2.759857776739126e-05
4377,2025-08-26,3.64528535601747e-05,2.7957133536004635e-05
4378,2025-08-28,2.7809737979562853e-05,2.7895951470263637e-05
4379,2025-08-29,2.1290558293087407e-05,2.816847783352665e-05
4380,2025-09-01,2.3303393239618813e-05,2.991630228720892e-05
4381,2025-09-02,3.219553675083698e-05,2.9120398425647074e-05
4382,2025-09-03,2.7068731112941546e-05,3.503112726135715e-05
4383,2025-09-04,0.000155409127933443,3.421207829500853e-05
4384,2025-09-05,4.180039395774945e-05,3.272427177097936e-05
4385,2025-09-08,1.781482680378254e-05,3.0708691585229756e-05
4386,2025-09-09,1.7051329078739193e-05,3.0329030033034125e-05
4387,2025-09-10,3.1908455168293295e-05,3.242692781795058e-05
4388,2025-09-11,6.636673622394212e-06,3.3156516103350295e-05
4389,2025-09-12,1.306119769817317e-05,3.4262865796999624e-05
4390,2025-09-15,4.294410603605652e-06,3.590595305183287e-05
4391,2025-09-16,1.965226900159887e-05,3.721590052167086e-05
4392,2025-09-17,4.9725254027111204e-06,3.093033362478081e-05
4393,2025-09-18,3.011674497726976e-05,3.84422776607473e-05
4394,2025-09-19,1.1055333376667001e-05,3.407561284747812e-05
4395,2025-09-22,3.021527647936391e-05,3.246209538256556e-05
4396,2025-09-23,1.6996367833472985e-05,3.190793919240106e-05
4397,2025-09-24,1.38067718544312e-05,3.497175644961146e-05
4398,2025-09-25,2.6520390803704654e-05,3.1668493766046844e-05
4399,2025-09-26,4.003749508426587e-05,3.393677339689984e-05
4400,2025-09-29,2.8242723464946728e-05,3.460279267191605e-05
4401,2025-09-30,1.6871097163050238e-05,3.4049389405692335e-05
4402,2025-10-01,3.8080992683124044e-05,3.342232328124291e-05
4403,2025-10-03,2.3114451379395062e-05,3.4810095567867795e-05
4404,2025-10-06,2.5636163503641185e-05,3.2977540874362225e-05
4405,2025-10-07,1.6601232906083284e-05,3.814430270746591e-05
4406,2025-10-08,2.1978634742524714e-05,3.833101552944568e-05
4407,2025-10-09,1.8022645858504564e-05,3.73726995147477e-05
4408,2025-10-10,1.6808816628883533e-05,3.6881000196281794e-05
4409,2025-10-13,2.535937663492826e-05,3.706692695927007e-05
4410,2025-10-14,3.812818153688006e-05,3.0298650210846984e-05
4411,2025-10-15,2.4496203215804194e-05,2.8887610456508944e-05
4412,2025-10-16,4.006493266566564e-05,2.5273184916779853e-05
4413,2025-10-17,4.058112898790718e-05,2.635278469834744e-05
4414,2025-10-20,3.0276580040898867e-05,2.3802197464575216e-05
4415,2025-10-21,1.0902234311457442e-05,2.5457486154788867e-05
4416,2025-10-23,8.18974887067974e-05,2.4604672554882066e-05
4417,2025-10-24,3.068424606878333e-05,2.771666933931498e-05
4418,2025-10-27,1.9693919439444325e-05,2.709029994148298e-05
4419,2025-10-28,2.766215037258047e-05,2.7534194643015624e-05
4420,2025-10-29,1.264302194539933e-05,2.8111663236244858e-05
4421,2025-10-30,2.4526621633144613e-05,2.987148550854644e-05
4422,2025-10-31,3.2755662839928514e-05,2.952435494490497e-05
4423,2025-11-03,1.3487020998700613e-05,2.8961994801757303e-05
4424,2025-11-04,2.297260864972215e-05,3.1071467832733776e-05
4425,2025-11-06,2.0168824325871388e-05,3.026573376363131e-05
4426,2025-11-07,3.822713489557517e-05,2.9802350448387612e-05
4427,2025-11-10,1.4758096005035971e-05,2.746270932663152e-05
4428,2025-11-11,4.963846371841662e-05,2.7528481577055595e-05
4429,2025-11-12,4.090769210839308e-05,2.6648202237788612e-05
4430,2025-11-13,2.2049118734990795e-05,2.6284459429933568e-05
4431,2025-11-14,3.851625076466666e-05,2.6425748572459507e-05
4432,2025-11-17,9.501705509449492e-06,2.867753232062583e-05
4433,2025-11-18,1.2130672580438098e-05,2.8833021614837876e-05
4434,2025-11-19,2.451248960063856e-05,3.163491336827411e-05
4435,2025-11-20,2.5663253076516383e-05,3.3238046914689563e-05
4436,2025-11-21,1.9195288784145097e-05,3.4573401048005416e-05
4437,2025-11-24,3.1065890631786665e-05,3.13661908432666e-05
4438,2025-11-25,1.7497954315185827e-05,3.62301567368597e-05
4439,2025-11-26,7.208259209966738e-05,3.49399137519311e-05
4440,2025-11-27,1.850170133223124e-05,3.374007728276767e-05
4441,2025-11-28,6.4236153795229435e-06,3.4455902991909966e-05
4442,2025-12-01,4.299007106907079e-05,3.334144947734987e-05
4443,2025-12-02,2.375960067976785e-05,3.208659371925838e-05
4444,2025-12-03,1.671419089834875e-05,3.2514942275774227e-05
4445,2025-12-04,1.265871391443563e-05,3.114726251324945e-05
4446,2025-12-05,2.509049018214858e-05,3.099460760173238e-05
4447,2025-12-08,4.277520394607434e-05,3.133119503117273e-05
4448,2025-12-09,3.347617155252424e-05,3.2699453149861845e-05
4449,2025-12-10,2.5272206405504482e-05,3.0867680485826285e-05
4450,2025-12-11,2.8077268438790303e-05,3.40861814008164e-05
4451,2025-12-12,1.5103069372832571e-05,3.529662919029658e-05
4452,2025-12-15,3.0305397183621505e-05,3.504126116828859e-05
4453,2025-12-16,1.9174420430068784e-05,3.590552247853934e-05
4454,2025-12-17,1.5461363115780272e-05,3.297684570533197e-05
4455,2025-12-18,2.0894787911032446e-05,3.096804735708639e-05
4456,2025-12-19,2.0069018051553627e-05,3.060759070659101e-05
4457,2025-12-22,2.057189724084423e-05,3.0491729899910206e-05
4458,2025-12-23,8.323385161266924e-06,2.9167975653003297e-05
4459,2025-12-24,7.308972961434864e-06,3.1599352409845304e-05
4460,2025-12-26,9.709081404147127e-06,3.0440915675586553e-05
4461,2025-12-29,1.8056808923603175e-05,3.353285800019018e-05
4462,2025-12-30,5.098273165423469e-06,3.189544634601508e-05
4463,2025-12-31,2.669909217884558e-05,2.875433029853119e-05
4464,2026-01-01,6.257570085325034e-06,3.148241003655016e-05
4465,2026-01-02,2.4409051252097723e-05,3.1293926136923696e-05
4466,2026-01-05,1.2846403133802323e-05,2.8899042544064096e-05
4467,2026-01-06,1.648136237301268e-05,2.8225990703555876e-05
4468,2026-01-07,9.130759683230814e-06,3.029917456749763e-05
4469,2026-01-08,3.939444326418805e-05,3.122953356973138e-05
4470,2026-01-09,5.319997507649683e-05,3.134214512621433e-05
4471,2026-01-12,7.35558592792686e-05,3.199870192477352e-05
4472,2026-01-13,6.935555053249644e-05,3.265326793596367e-05
4473,2026-01-14,3.155720243241255e-05,3.082361488273541e-05
4474,2026-01-16,3.404285117431094e-05,3.121537722333971e-05
4475,2026-01-19,1.95842994863944e-05,2.972578336221708e-05
4476,2026-01-20,9.125093905675152e-05,2.9330763628593717e-05
4477,2026-01-21,9.251423824854684e-05,2.9622890612618866e-05
4478,2026-01-22,9.198101511878666e-05,2.979564341431974e-05
4479,2026-01-23,6.041484744076756e-05,2.9256829002781833e-05
4480,2026-01-27,5.417552995692636e-05,2.717988689279161e-05
4481,2026-01-28,2.954414073260386e-05,2.550088963697187e-05
4482,2026-01-29,5.7018643013266475e-05,2.4632387842530092e-05
4483,2026-01-30,5.8688435248688786e-05,2.418076385106456e-05
4484,2026-02-02,0.000541940592515345,2.1588481738440372e-05
4485,2026-02-03,0.0024990980999761475,2.439700700166612e-05
4486,2026-02-04,3.9119038450109134e-05,2.2469261975879644e-05
4487,2026-02-05,1.8604809317917493e-05,2.4127292513059674e-05
4488,2026-02-06,3.0285570232476644e-05,2.327806319056285e-05
4489,2026-02-09,6.842527150494805e-05,2.459949679767836e-05
4490,2026-02-10,1.1523315781545032e-05,2.2783094849663092e-05
4491,2026-02-11,1.2540340351126475e-05,2.5258300625239306e-05
4492,2026-02-12,1.6721836407759667e-05,2.6444585413698003e-05
4493,2026-02-13,0.00010262526870907719,2.9090093685819862e-05
4494,2026-02-16,5.843581118941146e-05,3.128459946667867e-05
4495,2026-02-17,2.2454938844857765e-05,3.259868582134986e-05
4496,2026-02-18,2.2735833418351037e-05,3.255696483282065e-05
4497,2026-02-19,0.0001323155668265276,3.092948663711601e-05
4498,2026-02-20,4.689901183363182e-05,3.391037550420141e-05
4499,2026-02-23,3.070028255477098e-05,3.547677341146578e-05
4500,2026-02-24,6.340152566264084e-05,3.8168829354253037e-05
4501,2026-02-25,4.1093461279607835e-05,3.9518154502136925e-05
4502,2026-02-26,2.6629823425138152e-05,4.2669038477547694e-05
4503,2026-02-27,6.139188587047657e-05,4.155486115377548e-05
4504,2026-03-02,0.00051749008115891,4.328983891388475e-05
4505,2026-03-04,0.0004246357085066715,4.385064556750512e-05
4506,2026-03-05,8.791602333405176e-05,5.618410011525493e-05
4507,2026-03-06,6.487876517103031e-05,7.484894763335074e-05
4508,2026-03-09,0.0006737986674335998,7.029425708413663e-05
4509,2026-03-10,0.00015199530506031464,6.615691244972336e-05
4510,2026-03-11,0.00012750026668761124,6.674179772254067e-05
4511,2026-03-12,0.0001135959918000216,6.498879648337784e-05
4512,2026-03-13,0.00014605231585888628,5.086708541310234e-05
4513,2026-03-16,0.00018970613775188638,4.762233088912368e-05
4514,2026-03-17,7.366821473264992e-05,4.661830471081498e-05
4515,2026-03-18,4.2822254727269474e-05,5.1373250003207234e-05
4516,2026-03-19,0.0007415183840268445,5.0189297830885114e-05
4517,2026-03-20,9.072578836609362e-05,5.003858393225845e-05
4518,2026-03-23,0.0002546142722787373,5.0736691284976524e-05
4519,2026-03-24,0.0003863003194908714,5.974397193967259e-05
4520,2026-03-25,0.0001584249330765248,5.578153159244602e-05
4521,2026-03-27,0.0001259316442982423,5.258652616843848e-05
4522,2026-03-30,0.0002719480012616607,5.518850896723232e-05
4523,2026-04-01,0.000697369220981819,5.534421505447833e-05
4524,2026-04-02,0.00042136289462010054,5.081445352101469e-05
4525,2026-04-06,0.00016911886205643953,5.328571362357285e-05
4526,2026-04-07,0.0001571027083229217,6.551369347624238e-05
4527,2026-04-08,0.0009926078325014694,7.32475924456051e-05
4528,2026-04-09,6.905948275092434e-05,6.957632822450759e-05
4529,2026-04-10,4.7321503598967164e-05,6.568760988527975e-05
4530,2026-04-13,0.0004487706655313657,8.140467734698615e-05
4531,2026-04-15,0.0001899241210163562,7.865635634706321e-05
4532,2026-04-16,9.403615506871695e-05,7.739325736956092e-05
4533,2026-04-17,4.649729546582539e-05,7.879322938467207e-05
4534,2026-04-20,3.498824110425352e-05,8.650727815050692e-05
4535,2026-04-21,3.440142395676707e-05,8.825261330607207e-05
4536,2026-04-22,3.3648140761524e-05,8.647501353943197e-05
4537,2026-04-23,7.237414740470293e-05,8.018757264847712e-05
4538,2026-04-24,9.808902650579066e-05,9.852117756980878e-05
4539,2026-04-27,2.639917737150998e-05,9.418315321127517e-05
4540,2026-04-28,3.6895961678364544e-05,0.00010342314370139418
4541,2026-04-29,6.842394787822978e-05,0.00011384926167605242
4542,2026-04-30,0.0001119839566651127,0.00011971501479896612
4543,2026-05-04,6.0736830648948004e-05,0.00011503543690940095
4544,2026-05-05,3.907405610317405e-05,0.00012638088748417666
4545,2026-05-06,0.000118344894684602,0.0001433263023616004
4546,2026-05-07,3.0471961219897118e-05,0.0001508331041139345
4547,2026-05-08,2.433488915651375e-05,0.00015066188551694255
4548,2026-05-11,9.647601894317674e-05,0.00014732390170484378
4549,2026-05-12,0.00011710797076956928,0.00016559382655043008
4550,2026-05-13,6.523080964795629e-05,0.0001406231555374473
4551,2026-05-14,9.859638976772168e-05,0.00012755623677705426
4552,2026-05-15,3.722723226679789e-05,0.0001394774653386298
4553,2026-05-18,0.00014162418641440277,0.0001376442609376271
4554,2026-05-19,2.698740677804476e-05,0.00012313162201446132
4555,2026-05-20,9.917835583305923e-05,0.00011652723708973397
4556,2026-05-21,9.355625962705775e-05,0.00011072449111544428
4557,2026-05-22,2.4257868867235933e-05,9.703681981912007e-05
4558,2026-05-25,9.606353937146771e-05,8.929362073045606e-05
4559,2026-05-26,2.7284801965780234e-05,9.146974500018119e-05
4560,2026-05-27,1.2634904816099784e-05,9.038844963496975e-05
4561,2026-05-29,0.00016014704133478284,8.366175411142826e-05
4562,2026-06-01,7.035957504700808e-05,8.118880296364144e-05
