index,date,y_true,y_pred
1000,2011-12-22,0.00032389769330620766,0.00011872156028402969
1001,2011-12-23,0.00011842889216495678,0.00012104972847737372
1002,2011-12-27,0.00028149064746685326,0.00012174066068837419
1003,2011-12-28,8.235060522565618e-05,0.00012602339847944677
1004,2011-12-29,9.039683209266514e-05,0.00012841782881878316
1005,2011-12-30,0.00011413051834097132,0.0001291434164159
1006,2012-01-03,0.0002671204274520278,0.00012792475172318518
1007,2012-01-04,4.939059363096021e-05,0.00012794170470442623
1008,2012-01-05,3.7725763831986114e-05,0.00013032510469201952
1009,2012-01-06,0.00020161826978437603,0.00013518673949874938
1010,2012-01-09,8.049752068473026e-05,0.00013243260036688298
1011,2012-01-10,0.00014948916214052588,0.00012809652253054082
1012,2012-01-11,2.5958202968467958e-05,0.00012841122224926949
1013,2012-01-12,7.720218854956329e-05,0.00012967211659997702
1014,2012-01-13,9.870477515505627e-05,0.00013548965216614306
1015,2012-01-16,6.282116373768076e-05,0.00013966091501060873
1016,2012-01-17,0.0001108271098928526,0.00014224798360373825
1017,2012-01-18,4.4127384171588346e-05,0.00014611289952881634
1018,2012-01-19,7.615089270984754e-05,0.00016045050870161504
1019,2012-01-20,8.251670806203038e-05,0.0001661983405938372
1020,2012-01-23,4.154467023909092e-05,0.00017036304052453488
1021,2012-01-24,0.00012083716137567535,0.00017430495063308626
1022,2012-01-25,4.64308395748958e-05,0.00017585595196578652
1023,2012-01-27,0.00018525829364079982,0.00016949247219599783
1024,2012-01-30,0.00016672108904458582,0.000163937802426517
1025,2012-01-31,0.0001708689087536186,0.00015346256259363145
1026,2012-02-01,0.00010126766574103385,0.0001433234428986907
1027,2012-02-02,0.00010556263441685587,0.00013673005742020905
1028,2012-02-03,7.789536903146654e-05,0.00013195228530094028
1029,2012-02-06,0.0001522990787634626,0.00012531521497294307
1030,2012-02-07,0.00018798215023707598,0.0001199269900098443
1031,2012-02-08,6.299478263827041e-05,0.0001192095223814249
1032,2012-02-09,0.00010552769526839256,0.0001182818305096589
1033,2012-02-10,9.297080396208912e-05,0.00011746380187105387
1034,2012-02-13,5.521338971448131e-05,0.00011448665463831276
1035,2012-02-14,3.2782278140075505e-05,0.0001129708398366347
1036,2012-02-15,0.00014233033289201558,0.00011213488323846832
1037,2012-02-16,4.0214094042312354e-05,0.00011119712144136429
1038,2012-02-17,0.00013073252921458334,0.00011050173634430394
1039,2012-02-21,4.063430242240429e-05,0.00010947776172542945
1040,2012-02-22,0.00020914482593070716,0.00010766345803858712
1041,2012-02-23,7.840455509722233e-05,0.00010714189556892961
1042,2012-02-24,0.00015262290253303945,0.00010606385330902413
1043,2012-02-27,0.00040240370435640216,0.00010644485882949084
1044,2012-02-28,0.00011625031038420275,0.00010609096352709457
1045,2012-02-29,0.00021262078371364623,0.00010628651216393337
1046,2012-03-01,9.313417103840038e-05,0.00010718584235291928
1047,2012-03-02,0.00010525360994506627,0.00010844600183190778
1048,2012-03-05,8.596130646765232e-05,0.00010965476394630969
1049,2012-03-06,0.00048717911704443395,0.00011024584819097072
1050,2012-03-07,7.439791806973517e-05,0.00011058301606681198
1051,2012-03-09,0.0002272686833748594,0.00011075092334067449
1052,2012-03-12,0.0003733602643478662,0.00011121578427264467
1053,2012-03-13,6.150236731627956e-05,0.00011127646575914696
1054,2012-03-14,0.00017046443826984614,0.0001112633035518229
1055,2012-03-15,0.00011925080616492778,0.00011173937673447654
1056,2012-03-16,0.00025795932742767036,0.00011174981773365289
1057,2012-03-19,0.0001414730359101668,0.00011045810970244929
1058,2012-03-20,4.905285459244624e-05,0.00010985751578118652
1059,2012-03-21,0.0001638748071854934,0.00010874572035390884
1060,2012-03-22,0.0003893985121976584,0.00010834272688953206
1061,2012-03-23,0.0001278936251765117,0.00010753107926575467
1062,2012-03-26,0.00012545417121145874,0.00010882053175009787
1063,2012-03-27,0.0002386254636803642,0.00010975050099659711
1064,2012-03-28,6.500864401459694e-05,0.00011155294487252831
1065,2012-03-29,0.0001319584553129971,0.00011485398863442242
1066,2012-03-30,0.00016016401059459895,0.00011643949255812913
1067,2012-04-02,3.300235766801052e-05,0.00011839456419693306
1068,2012-04-03,5.879352102056146e-05,0.00011901153629878536
1069,2012-04-04,4.470958447200246e-05,0.00011912486661458388
1070,2012-04-09,0.00010172540351049975,0.0001182176565635018
1071,2012-04-10,4.833184357266873e-05,0.00012224522652104497
1072,2012-04-11,0.00011078325769631192,0.00012337967928033322
1073,2012-04-12,3.986117008025758e-05,0.00012118615268263966
1074,2012-04-13,0.00020327384117990732,0.00012081387831130996
1075,2012-04-16,4.138294389122166e-05,0.00011736471788026392
1076,2012-04-17,0.00018591544358059764,0.00011535928206285462
1077,2012-04-18,6.4314910559915e-05,0.00011459928646218032
1078,2012-04-19,5.001083991373889e-05,0.00011639496369753033
1079,2012-04-20,0.00011571904178708792,0.00011781597277149558
1080,2012-04-23,0.00019549101125448942,0.00011733046267181635
1081,2012-04-24,4.976164564141072e-05,0.00011766797979362309
1082,2012-04-25,7.902694778749719e-05,0.0001216212403960526
1083,2012-04-26,2.3576409148517996e-05,0.00012438755948096514
1084,2012-04-27,5.8013647503685206e-05,0.00012521535973064601
1085,2012-04-30,5.1923012506449595e-05,0.00012669713760260493
1086,2012-05-02,3.710264718392864e-05,0.00012507200881373137
1087,2012-05-03,4.5238975872052833e-05,0.0001222157443407923
1088,2012-05-04,0.00016335691907443106,0.00012062668974976987
1089,2012-05-07,0.000436797650763765,0.00011716396693373099
1090,2012-05-08,0.00024726075935177505,0.00011361609358573332
1091,2012-05-09,0.00010067814582725987,0.00011039851233363152
1092,2012-05-10,0.00012902941671200097,0.00010880942136282101
1093,2012-05-11,9.866609616437927e-05,0.00010736600233940408
1094,2012-05-14,9.649305866332725e-05,0.00010729721543611959
1095,2012-05-15,0.00016682512068655342,0.00010643379937391728
1096,2012-05-16,0.000220612739212811,0.00010778437717817724
1097,2012-05-17,9.683572716312483e-05,0.0001076559565262869
1098,2012-05-18,0.00043886134517379105,0.000108694912341889
1099,2012-05-22,0.0003254402836319059,0.00010849109821720049
1100,2012-05-23,5.4404212278313935e-05,0.00010791170643642545
1101,2012-05-24,0.00018494353571441025,0.00010861761984415352
1102,2012-05-25,3.9498878322774544e-05,0.00011062880366807804
1103,2012-05-28,6.1771810578648e-05,0.00011078240640927106
1104,2012-05-29,3.530581670929678e-05,0.0001110494922613725
1105,2012-05-30,4.769478618982248e-05,0.00010942202061414719
1106,2012-05-31,0.00013573707838077098,0.00010884698713198304
1107,2012-06-01,0.0001302587625104934,0.00010805021156556904
1108,2012-06-04,0.00019988356507383287,0.00010729915084084496
1109,2012-06-05,5.836898708366789e-05,0.00010607862350298092
1110,2012-06-06,0.00023836323816794902,0.00010684425797080621
1111,2012-06-07,9.739132656250149e-05,0.00010937172919511795
1112,2012-06-08,0.00012053239333909005,0.00011240406456636265
1113,2012-06-11,0.00012396537931635976,0.00011361532233422622
1114,2012-06-12,0.00023071010946296155,0.00011505493603181094
1115,2012-06-13,3.090958489337936e-05,0.0001158176310127601
1116,2012-06-14,0.00010166275023948401,0.00011649591033346951
1117,2012-06-15,8.606794290244579e-05,0.00011692186672007665
1118,2012-06-18,0.0003292095789220184,0.00011625840124906972
1119,2012-06-19,6.363209104165435e-05,0.00011594506213441491
1120,2012-06-20,2.6207493647234514e-05,0.00011739572073565796
1121,2012-06-21,9.65812723734416e-05,0.00011919883399968967
1122,2012-06-22,0.00020735975704155862,0.00011841072409879416
1123,2012-06-25,0.0001139795349445194,0.0001188931055366993
1124,2012-06-26,2.1323961846064776e-05,0.000116882954898756
1125,2012-06-27,4.306856499169953e-05,0.00011469965829746798
1126,2012-06-28,1.8468841517460532e-05,0.00011180311412317678
1127,2012-06-29,0.00018318834190722555,0.00010969619324896485
1128,2012-07-02,1.879494266177062e-05,0.00010734757233876735
1129,2012-07-03,4.560370507533662e-05,0.0001073136882041581
1130,2012-07-04,4.684719897340983e-05,0.00010834314161911607
1131,2012-07-05,2.492241583240684e-05,0.00010853704588953406
1132,2012-07-06,2.686639163584914e-05,0.00010987459972966462
1133,2012-07-09,6.112509436206892e-05,0.00011002621613442898
1134,2012-07-10,5.37589548912365e-05,0.00011095740046584979
1135,2012-07-11,4.986753629054874e-05,0.00011192345846211538
1136,2012-07-12,0.00018162136257160455,0.00011322549835313112
1137,2012-07-13,3.4842447348637506e-05,0.00011261736653978005
1138,2012-07-16,4.0650269511388615e-05,0.00011262810585321859
1139,2012-07-17,7.223813736345619e-05,0.00011212483514100313
1140,2012-07-18,4.374320269562304e-05,0.00011403401003917679
1141,2012-07-19,4.841419286094606e-05,0.00011394856119295582
1142,2012-07-20,2.3996723029995337e-05,0.00011215403355890885
1143,2012-07-23,0.00010631784243742004,0.00011111210187664255
1144,2012-07-24,2.6573097784421407e-05,0.0001107669886550866
1145,2012-07-25,4.070038630743511e-05,0.00011121207353426144
1146,2012-07-26,0.00012757739750668406,0.00010997512436006218
1147,2012-07-27,0.00032235783874057233,0.00010806649515870959
1148,2012-07-30,0.00010954638128168881,0.00010620221291901544
1149,2012-07-31,0.00012523696932476014,0.0001061567454598844
1150,2012-08-01,1.643144787522033e-05,0.00010528041457291692
1151,2012-08-02,1.3170366401027422e-05,0.00010479738557478413
1152,2012-08-03,8.459946548100561e-05,0.00010434353316668421
1153,2012-08-06,8.82021413417533e-05,0.00010366984497522935
1154,2012-08-07,6.122678314568475e-05,0.00010300228314008564
1155,2012-08-08,3.491053212201223e-05,0.00010277963883709162
1156,2012-08-09,4.128604268771596e-05,0.00010271123755956069
1157,2012-08-10,2.314065204700455e-05,0.00010243196447845548
1158,2012-08-13,2.2894491849001497e-05,0.00010276698594680056
1159,2012-08-14,4.094741598237306e-05,0.00010299717541784048
1160,2012-08-16,1.4506732441077475e-05,0.00010315376857761294
1161,2012-08-17,4.042603904963471e-05,0.00010340581502532586
1162,2012-08-21,3.743682100321166e-05,0.00010362298780819401
1163,2012-08-22,4.29142419307027e-05,0.00010288644261891022
1164,2012-08-23,3.972811464336701e-05,0.00010228192695649341
1165,2012-08-24,2.7932766897720285e-05,0.00010239592666039243
1166,2012-08-27,3.2711352105252445e-05,0.00010229363397229463
1167,2012-08-29,4.877376341028139e-05,0.00010229783219983801
1168,2012-08-30,0.00010678955004550517,0.00010328851931262761
1169,2012-08-31,6.238509376998991e-05,0.00010488306725164875
1170,2012-09-03,4.5686498197028413e-05,0.0001058345878846012
1171,2012-09-04,2.6968202291755006e-05,0.00010715160897234455
1172,2012-09-05,5.632595275528729e-05,0.00010629989992594346
1173,2012-09-06,3.0614777642767876e-05,0.00010469659173395485
1174,2012-09-07,0.00019888281531166285,0.00010434572322992608
1175,2012-09-10,2.1663812731276266e-05,0.00010362279863329604
1176,2012-09-11,7.020126940915361e-05,0.00010374560952186584
1177,2012-09-12,2.7290750949759968e-05,0.00010358909639762715
1178,2012-09-13,7.938397175166756e-06,0.00010362843022448942
1179,2012-09-14,0.0003273159090895206,0.00010307814227417111
1180,2012-09-17,0.00014053925406187773,0.00010242922871839255
1181,2012-09-18,1.4273070519266184e-05,0.0001023638978949748
1182,2012-09-20,0.0001582251425134018,0.0001016144742607139
1183,2012-09-21,0.0002445458376314491,0.0001017975082504563
1184,2012-09-24,2.404629958618898e-05,0.00010168786684516817
1185,2012-09-25,2.712238892854657e-05,0.00010153098264709115
1186,2012-09-26,2.547038093325682e-05,0.00010182255937252194
1187,2012-09-27,3.449065116001293e-05,0.00010137772187590599
1188,2012-09-28,7.534485484939069e-05,0.00010134417243534699
1189,2012-10-01,9.057196621142793e-06,0.000101540754258167
1190,2012-10-03,9.997076631407253e-06,0.00010274768283125013
1191,2012-10-04,4.747931598103605e-05,0.00010359937732573599
1192,2012-10-05,0.018615230917930603,0.00010401041072327644
1193,2012-10-08,7.775190897518769e-05,0.00010379330342402682
1194,2012-10-09,5.844033876201138e-05,0.00010361152817495167
1195,2012-10-10,5.176163904252462e-05,0.00010326518531655893
1196,2012-10-11,7.902182551333681e-05,0.00010285100870532915
1197,2012-10-12,7.243701838888228e-05,0.00010200722317676991
1198,2012-10-15,2.1707886844524182e-05,0.0001019089249894023
1199,2012-10-16,7.456882303813472e-05,0.00010157901851925999
1200,2012-10-17,6.603905785595998e-05,0.00010065529932035133
1201,2012-10-18,6.499606388388202e-05,0.00010108288552146405
1202,2012-10-19,3.726168506545946e-05,0.00010208498133579269
1203,2012-10-22,5.074359069112688e-05,0.00010186160216107965
1204,2012-10-23,1.6208450688282028e-05,0.0001022026626742445
1205,2012-10-25,1.2459206118364818e-05,0.00010414241842227057
1206,2012-10-29,8.038167288759723e-05,0.000104390004707966
1207,2012-10-30,0.00011413442553021014,0.00010426674271002412
1208,2012-10-31,1.903904922073707e-05,0.00010348483920097351
1209,2012-11-01,2.7401642000768334e-05,0.0001031721694744192
1210,2012-11-02,9.024687460623682e-05,0.00010314824612578377
1211,2012-11-05,1.0431483133288566e-05,0.00010208040475845337
1212,2012-11-06,1.7736123481881805e-05,0.00010093329183291644
1213,2012-11-07,4.596072176354937e-05,0.00010077218030346557
1214,2012-11-08,0.00010634127102093771,0.00010810080857481807
1215,2012-11-09,5.910125037189573e-05,0.00011171039659529924
1216,2012-11-12,3.048876351385843e-05,0.00011236589489271864
1217,2012-11-15,6.601469067391008e-05,0.00011115852248622105
1218,2012-11-16,8.902498666429892e-05,0.00011077026283601299
1219,2012-11-19,2.095999661833048e-05,0.00011036492651328444
1220,2012-11-20,8.353200246347114e-05,0.0001088275748770684
1221,2012-11-21,4.3325871956767514e-05,0.00010820447641890496
1222,2012-11-22,1.932292252604384e-05,0.00010744118480943143
1223,2012-11-23,3.2260064472211525e-05,0.00010712503717513755
1224,2012-11-26,2.371104528720025e-05,0.00010645511792972684
1225,2012-11-27,7.528811693191528e-05,0.00010591597674647346
1226,2012-11-29,9.90985645330511e-05,0.0001046734323608689
1227,2012-11-30,3.589560219552368e-05,0.00010318397107766941
1228,2012-12-03,1.9243736460339278e-05,0.00010290409409208223
1229,2012-12-04,1.303787485085195e-05,0.00010391612158855423
1230,2012-12-05,1.532501119072549e-05,0.00010364138142904267
1231,2012-12-06,0.00017608953930903226,0.00010310104698874056
1232,2012-12-07,3.583844591048546e-05,0.00010242551798000932
1233,2012-12-10,1.4472186194325332e-05,0.0001014484150800854
1234,2012-12-11,0.0001008168765110895,0.00010057526378659531
1235,2012-12-12,3.510138776618987e-05,0.00010072463192045689
1236,2012-12-13,4.6958437451394275e-05,0.00010101649240823463
1237,2012-12-14,2.2110294594313018e-05,0.00010185314749833196
1238,2012-12-17,2.5962832296499982e-05,0.00010227442544419318
1239,2012-12-18,8.95083649083972e-05,0.00010256148379994556
1240,2012-12-19,1.9876481019309722e-05,0.00010366233618697152
1241,2012-12-20,4.015614467789419e-05,0.00010366411879658699
1242,2012-12-21,4.458984039956704e-05,0.00010408463276689872
1243,2012-12-24,2.1025964088039473e-05,0.00010423432831885293
1244,2012-12-26,3.5052486055064946e-05,0.00010354337427997962
1245,2012-12-27,5.999115455779247e-05,0.00010303332965122536
1246,2012-12-28,2.1009247575420886e-05,0.00010192330955760553
1247,2012-12-31,6.898551418998977e-06,0.00010189978638663888
1248,2013-01-02,0.00017672040848992765,0.00010260492854285985
1249,2013-01-03,2.6949768653139472e-05,0.00010270907660014927
1250,2013-01-04,2.036810474237427e-05,5.9776757552754134e-05
1251,2013-01-07,5.916762529523112e-05,5.8922454627463594e-05
1252,2013-01-08,1.927315679495223e-05,5.8480083680478856e-05
1253,2013-01-09,3.586788443499245e-05,5.931609484832734e-05
1254,2013-01-10,5.408626748248935e-05,5.939398397458717e-05
1255,2013-01-11,0.00011106601596111432,5.9454512665979564e-05
1256,2013-01-14,5.9791240346385166e-05,6.035606929799542e-05
1257,2013-01-15,2.8329330234555528e-05,6.023726746207103e-05
1258,2013-01-16,3.9399779780069366e-05,6.0152764490339905e-05
1259,2013-01-17,3.899553485098295e-05,5.9837675507878885e-05
1260,2013-01-18,2.31985432037618e-05,5.950250124442391e-05
1261,2013-01-21,2.06575477932347e-05,5.9967580455122516e-05
1262,2013-01-22,3.502067193039693e-05,5.945842349319719e-05
1263,2013-01-23,2.4283503080368973e-05,5.949155456619337e-05
1264,2013-01-24,3.2388270483352244e-05,5.908997627557255e-05
1265,2013-01-25,4.100442674825899e-05,5.857335781911388e-05
1266,2013-01-28,8.489547326462343e-06,5.873164991498925e-05
1267,2013-01-29,5.976313696010038e-05,5.884406346012838e-05
1268,2013-01-30,1.338356378255412e-05,5.870919267181307e-05
1269,2013-01-31,1.2673745004576631e-05,5.76837410335429e-05
1270,2013-02-01,4.600584725267254e-05,5.79916377319023e-05
1271,2013-02-04,4.995955532649532e-05,5.7933153584599495e-05
1272,2013-02-05,4.931909643346444e-05,5.792569209006615e-05
1273,2013-02-06,4.071766306878999e-05,5.838557262904942e-05
1274,2013-02-07,4.758002978633158e-05,5.842512473464012e-05
1275,2013-02-08,4.928298949380405e-05,5.798698839498684e-05
1276,2013-02-11,2.9256403649924323e-05,5.823187893838622e-05
1277,2013-02-12,1.6706177120795473e-05,5.900258111068979e-05
1278,2013-02-13,3.484045373625122e-05,5.918573879171163e-05
1279,2013-02-14,2.9897288186475635e-05,5.920516196056269e-05
1280,2013-02-15,4.1532668547006324e-05,5.907549711992033e-05
1281,2013-02-18,1.0195572940574493e-05,5.918410897720605e-05
1282,2013-02-19,4.04909769713413e-05,5.8948247897205874e-05
1283,2013-02-20,3.053919499507174e-05,5.825076004839502e-05
1284,2013-02-21,8.900673856260255e-05,5.820156366098672e-05
1285,2013-02-22,2.4304676117026247e-05,5.7990968343801796e-05
1286,2013-02-25,4.41539850726258e-05,5.798576967208646e-05
1287,2013-02-26,9.123938070842996e-05,5.824787149322219e-05
1288,2013-02-27,6.492735701613128e-05,5.7607707276474684e-05
1289,2013-02-28,0.00036294577876105905,5.7744393416214734e-05
1290,2013-03-01,3.879856376443058e-05,5.744257941842079e-05
1291,2013-03-04,3.861189907183871e-05,5.7271314290119335e-05
1292,2013-03-05,6.472383392974734e-05,5.721323032048531e-05
1293,2013-03-06,4.303267996874638e-05,5.750759009970352e-05
1294,2013-03-07,6.899653817526996e-05,5.763963417848572e-05
1295,2013-03-08,5.9472888096934184e-05,5.763458102592267e-05
1296,2013-03-11,1.714350401016418e-05,5.783251617685892e-05
1297,2013-03-12,3.406324685784057e-05,5.8030913351103663e-05
1298,2013-03-13,5.0512408051872626e-05,5.792729280074127e-05
1299,2013-03-14,0.00017879449296742678,5.754165613325313e-05
1300,2013-03-15,7.278013072209433e-05,5.741465065511875e-05
1301,2013-03-18,0.00010540267248870805,5.734023216064088e-05
1302,2013-03-19,0.00021491995721589774,5.739745756727643e-05
1303,2013-03-20,4.221278868499212e-05,5.6968332501128316e-05
1304,2013-03-21,0.00014389949501492083,5.720902845496312e-05
1305,2013-03-22,3.816001844825223e-05,5.719435284845531e-05
1306,2013-03-25,0.00018941241432912648,5.744910231442191e-05
1307,2013-03-26,3.395527528482489e-05,5.737392348237336e-05
1308,2013-03-28,9.292222966905683e-05,5.754664380219765e-05
1309,2013-04-01,2.765925273706671e-05,5.784845779999159e-05
1310,2013-04-02,4.742500823340379e-05,5.8473229728406295e-05
1311,2013-04-03,9.812277858145535e-05,5.959938789601438e-05
1312,2013-04-04,9.941500320564955e-05,6.020251748850569e-05
1313,2013-04-05,2.184428376494907e-05,6.033862882759422e-05
1314,2013-04-08,1.3068623047729488e-05,6.042402674211189e-05
1315,2013-04-09,0.0001750723022269085,6.013108213664964e-05
1316,2013-04-10,0.0001732005475787446,6.0386068071238697e-05
1317,2013-04-11,0.00012700054503511637,6.0710815887432545e-05
1318,2013-04-12,0.00020171406504232436,6.011330697219819e-05
1319,2013-04-15,0.00010901289351750165,5.9756017435574904e-05
1320,2013-04-16,0.00022062599600758404,5.9743706515291706e-05
1321,2013-04-17,5.2704686822835356e-05,6.109181413194165e-05
1322,2013-04-18,0.00013209859025664628,6.182592187542468e-05
1323,2013-04-22,3.254726834711619e-05,6.260012014536187e-05
1324,2013-04-23,4.8393972974736243e-05,6.393459625542164e-05
1325,2013-04-25,6.0488717281259596e-05,6.532554107252508e-05
1326,2013-04-26,2.8865024432889186e-05,6.62704769638367e-05
1327,2013-04-29,2.521297210478224e-05,6.736603972967714e-05
1328,2013-04-30,0.0001177152298623696,6.850864883745089e-05
1329,2013-05-02,0.00012497053830884397,6.887905328767374e-05
1330,2013-05-03,4.775168054038659e-05,6.915853009559214e-05
1331,2013-05-06,2.2858777811052278e-05,6.84208280290477e-05
1332,2013-05-07,4.727359919343144e-05,6.738068623235449e-05
1333,2013-05-08,4.815893407794647e-05,6.654939352301881e-05
1334,2013-05-09,2.0120562112424523e-05,6.684274558210745e-05
1335,2013-05-10,3.378685505595058e-05,6.636047328356653e-05
1336,2013-05-13,0.00016193039482459426,6.45973632344976e-05
1337,2013-05-14,3.243234823457897e-05,6.527024379465729e-05
1338,2013-05-15,0.0001907853438751772,6.615492020500824e-05
1339,2013-05-16,4.2508258047746494e-05,6.706277781631798e-05
1340,2013-05-17,2.7123111067339778e-05,6.945172208361328e-05
1341,2013-05-20,6.69679357088171e-05,7.10625245119445e-05
1342,2013-05-21,5.6265926104970276e-05,7.3670205892995e-05
1343,2013-05-22,5.2046165365027264e-05,7.215619552880526e-05
1344,2013-05-23,0.00020214715914335102,7.323282625293359e-05
1345,2013-05-24,0.00012680763029493392,7.370099046966061e-05
1346,2013-05-27,0.00014341736095957458,7.270000060088933e-05
1347,2013-05-28,4.879758125753142e-05,7.381254545180127e-05
1348,2013-05-29,3.7404883187264204e-05,7.214106153696775e-05
1349,2013-05-30,6.305711576715112e-05,7.161079702200368e-05
1350,2013-05-31,0.00017525955627206713,7.156907668104395e-05
1351,2013-06-03,8.853636973071843e-05,7.410278340103105e-05
1352,2013-06-04,5.6800214224494994e-05,7.334801921388134e-05
1353,2013-06-05,3.0370101740118116e-05,7.34687055228278e-05
1354,2013-06-06,9.63845377555117e-05,7.308101339731365e-05
1355,2013-06-07,0.00014689951785840094,7.275063398992643e-05
1356,2013-06-10,7.352940156124532e-05,7.179316162364557e-05
1357,2013-06-11,0.00010188355372520164,7.140592788346112e-05
1358,2013-06-12,3.801266211667098e-05,7.226363231893629e-05
1359,2013-06-13,0.00010100223153131083,7.069083221722394e-05
1360,2013-06-14,0.0001401548506692052,7.068637933116406e-05
1361,2013-06-17,9.471437806496397e-05,6.967455556150526e-05
1362,2013-06-18,3.74646442651283e-05,6.841521826572716e-05
1363,2013-06-19,3.1544361263513565e-05,6.7320310336072e-05
1364,2013-06-20,0.00026375349261797965,6.5619133238215e-05
1365,2013-06-21,5.811775918118656e-05,6.539336027344689e-05
1366,2013-06-24,9.048291394719854e-05,6.522743206005543e-05
1367,2013-06-25,0.00010946094698738307,6.657446647295728e-05
1368,2013-06-26,4.4590095058083534e-05,6.80071534588933e-05
1369,2013-06-27,0.00015969332889653742,6.79572913213633e-05
1370,2013-06-28,0.0002466336009092629,6.844269228167832e-05
1371,2013-07-01,6.833279621787369e-05,6.851335638202727e-05
1372,2013-07-02,2.664036765054334e-05,6.817234680056572e-05
1373,2013-07-03,9.150419646175578e-05,6.774182838853449e-05
1374,2013-07-04,5.526522727450356e-05,6.868259515613317e-05
1375,2013-07-05,9.869564382825047e-05,6.897620187373832e-05
1376,2013-07-08,8.096067904261872e-05,6.931171083124354e-05
1377,2013-07-09,2.506641067157034e-05,7.040636410238221e-05
1378,2013-07-10,6.108750676503405e-05,7.240870763780549e-05
1379,2013-07-11,0.00021242338698357344,7.324281614273787e-05
1380,2013-07-12,0.000176884641405195,7.245899178087711e-05
1381,2013-07-15,3.9261671190615743e-05,7.251629722304642e-05
1382,2013-07-16,0.00030893919756636024,7.115292100934312e-05
1383,2013-07-17,5.29674616700504e-05,7.24619603715837e-05
1384,2013-07-18,5.7982288126368076e-05,7.27582664694637e-05
1385,2013-07-19,2.986614163091872e-05,7.175750215537846e-05
1386,2013-07-22,4.957955388817936e-05,7.268891931744292e-05
1387,2013-07-23,3.950467726099305e-05,7.277964323293418e-05
1388,2013-07-24,0.00012433857773430645,7.239379192469642e-05
1389,2013-07-25,9.61518962867558e-05,7.199940591817722e-05
1390,2013-07-26,8.139677811414003e-05,6.986598600633442e-05
1391,2013-07-29,4.393137351144105e-05,7.055047171888873e-05
1392,2013-07-30,0.00013216625666245818,7.31389518477954e-05
1393,2013-07-31,9.537216101307422e-05,7.439232285832986e-05
1394,2013-08-01,0.00021490809740498662,7.366402132902294e-05
1395,2013-08-02,0.00014874640328343958,7.350606028921902e-05
1396,2013-08-05,3.8858179323142394e-05,7.362020551227033e-05
1397,2013-08-06,0.00023837073240429163,7.474105223082006e-05
1398,2013-08-07,6.654971366515383e-05,7.434657891280949e-05
1399,2013-08-08,5.4215477575780824e-05,7.273475057445467e-05
1400,2013-08-12,0.00013713972293771803,7.215702498797327e-05
1401,2013-08-13,0.00017469370504841208,7.378699956461787e-05
1402,2013-08-14,5.163680179975927e-05,7.604841084685177e-05
1403,2013-08-16,0.000564722518902272,7.620159885846078e-05
1404,2013-08-19,0.0002528539043851197,7.635582005605102e-05
1405,2013-08-20,0.0002841560635715723,7.571156311314553e-05
1406,2013-08-21,0.0009431832586415112,7.649772305740044e-05
1407,2013-08-22,0.00033868037280626595,7.580142846563831e-05
1408,2013-08-23,0.00015078322030603886,7.48109450796619e-05
1409,2013-08-26,8.644980698591098e-05,7.344124605879188e-05
1410,2013-08-27,0.0003630327119026333,7.335969712585211e-05
1411,2013-08-28,0.0006698400247842073,7.26517682778649e-05
1412,2013-08-29,0.00022038878523744643,7.272871152963489e-05
1413,2013-08-30,0.0002077972749248147,7.081674266373739e-05
1414,2013-09-02,8.588797209085897e-05,6.929868686711416e-05
1415,2013-09-03,0.0007729994831606746,6.927107460796833e-05
1416,2013-09-04,0.00024907197803258896,7.134058978408575e-05
1417,2013-09-05,0.00043631900916807353,7.26420694263652e-05
1418,2013-09-06,0.00019633700139820576,7.18271330697462e-05
1419,2013-09-10,0.00038199525442905724,7.237156387418509e-05
1420,2013-09-11,0.00010116003250004724,7.24495985195972e-05
1421,2013-09-12,0.00015150956460274756,7.250226190080866e-05
1422,2013-09-13,5.939109905739315e-05,7.266728789545596e-05
1423,2013-09-16,0.00042972026858478785,7.263756560860202e-05
1424,2013-09-17,3.656223998405039e-05,7.159856613725424e-05
1425,2013-09-18,7.34234563424252e-05,7.408922101603821e-05
1426,2013-09-19,0.0006863299640826881,7.618968083988875e-05
1427,2013-09-20,0.00038803002098575234,7.844052743166685e-05
1428,2013-09-23,0.0002603050379548222,8.153809903888032e-05
1429,2013-09-24,0.00012167810200480744,8.616936975158751e-05
1430,2013-09-25,0.00012565628276206553,8.851307211443782e-05
1431,2013-09-26,3.406214455026202e-05,9.180339111480862e-05
1432,2013-09-27,9.573722491040826e-05,9.624721860745922e-05
1433,2013-09-30,0.00011597004777286202,0.0001045862227329053
1434,2013-10-01,0.00011036334763048217,0.00011933373752981424
1435,2013-10-03,0.00017532493802718818,0.00019955272728111595
1436,2013-10-04,6.288458098424599e-05,0.00019194843480363488
1437,2013-10-07,0.00011245798668824136,0.00022654139320366085
1438,2013-10-08,0.00017969707550946623,0.0002249864483019337
1439,2013-10-09,0.00021848359028808773,0.00021324175759218633
1440,2013-10-10,2.8701942937914282e-05,0.00021047781046945602
1441,2013-10-11,0.0002448249433655292,0.0002055395598290488
1442,2013-10-14,1.5430559869855642e-05,0.0001988850999623537
1443,2013-10-15,0.00012639000487979501,0.00020005233818665147
1444,2013-10-17,5.7912380725611e-05,0.00018351533799432218
1445,2013-10-18,0.00017147370090242475,0.00019187394354958087
1446,2013-10-21,3.61296915798448e-05,0.00017122320423368365
1447,2013-10-22,1.7173841115436517e-05,0.0001537332427687943
1448,2013-10-23,0.00011549797636689618,0.00015096811694093049
1449,2013-10-24,0.00014904074487276375,0.00017529599426779896
1450,2013-10-25,2.3646845875191502e-05,0.00019655752112157643
1451,2013-10-28,5.282026904751547e-05,0.00019369294750504196
1452,2013-10-29,0.0002016525249928236,0.00018980247841682285
1453,2013-10-30,2.1731664674007334e-05,0.0001637009554542601
1454,2013-10-31,5.190934825805016e-05,0.0001482951338402927
1455,2013-11-01,2.3794747903593816e-05,0.00013985522673465312
1456,2013-11-05,4.8242600314551964e-05,0.00013016536831855774
1457,2013-11-06,3.353172360220924e-05,0.00012459712161216885
1458,2013-11-07,0.00012876243272330612,0.00011659216397674754
1459,2013-11-08,4.402549166115932e-05,0.00011374065798008814
1460,2013-11-11,7.673139043617994e-05,0.0001109253425966017
1461,2013-11-12,8.971081115305424e-05,0.00011090925545431674
1462,2013-11-13,6.100605605752207e-05,0.00010588698933133855
1463,2013-11-14,0.00011828995047835633,0.00010191494948230684
1464,2013-11-18,0.0001485408574808389,9.744751878315583e-05
1465,2013-11-19,1.1251103387621697e-05,9.649223648011684e-05
1466,2013-11-20,9.081176540348679e-05,9.575074363965541e-05
1467,2013-11-21,0.0001360993628622964,9.380673873238266e-05
1468,2013-11-22,7.630260370206088e-05,9.296113421441987e-05
1469,2013-11-25,0.00011605246982071549,8.834416075842455e-05
1470,2013-11-26,4.5078082621330395e-05,8.400429942412302e-05
1471,2013-11-27,1.9750352294067852e-05,8.281732152681798e-05
1472,2013-11-28,5.0807797379093245e-05,8.081904525170103e-05
1473,2013-11-29,5.979255729471333e-05,7.899673073552549e-05
1474,2013-12-02,3.0648690881207585e-05,7.94492952991277e-05
1475,2013-12-03,1.5665904356865212e-05,7.875699520809576e-05
1476,2013-12-04,3.643501622718759e-05,7.766742055537179e-05
1477,2013-12-05,0.00031362270237877965,7.568881846964359e-05
1478,2013-12-06,1.927431731019169e-05,7.352134707616642e-05
1479,2013-12-09,0.0006425078609026968,7.075348548823968e-05
1480,2013-12-10,2.9432458177325316e-05,7.077265036059543e-05
1481,2013-12-11,3.4891258110292256e-05,6.964572821743786e-05
1482,2013-12-12,5.171891098143533e-05,6.879154534544796e-05
1483,2013-12-13,5.25460418430157e-05,6.748666783096269e-05
1484,2013-12-16,1.240004348801449e-05,6.771068728994578e-05
1485,2013-12-17,4.405169966048561e-05,6.710199522785842e-05
1486,2013-12-18,0.00010430662950966507,6.890256918268278e-05
1487,2013-12-19,0.00014651671517640352,6.6887449065689e-05
1488,2013-12-20,0.00011782204092014581,6.669813592452556e-05
1489,2013-12-23,3.15526376652997e-05,6.572434358531609e-05
1490,2013-12-24,1.687244002823718e-05,6.64106773911044e-05
1491,2013-12-26,1.7219055735040456e-05,6.804503937019035e-05
1492,2013-12-27,1.594345667399466e-05,6.705977284582332e-05
1493,2013-12-30,5.5863001762190834e-05,6.516861321870238e-05
1494,2013-12-31,1.451751359127229e-05,6.528817175421864e-05
1495,2014-01-02,0.000200590118765831,6.533171108458191e-05
1496,2014-01-03,4.172326225670986e-05,6.328905874397606e-05
1497,2014-01-06,3.074122651014477e-05,6.289921293500811e-05
1498,2014-01-07,5.533600415219553e-05,6.244265387067571e-05
1499,2014-01-08,1.528155007690657e-05,6.448460044339299e-05
1500,2014-01-09,1.6758676792960614e-05,4.194764551357366e-05
1501,2014-01-10,9.496574057266116e-05,4.543674731394276e-05
1502,2014-01-13,9.486816270509735e-05,4.467812323127873e-05
1503,2014-01-14,2.3338165192399174e-05,4.371859904495068e-05
1504,2014-01-15,4.5600485464092344e-05,4.301602530176751e-05
1505,2014-01-16,3.012924935319461e-05,4.189227911410853e-05
1506,2014-01-17,5.9205834986642e-05,3.8894104363862425e-05
1507,2014-01-20,3.6764333344763145e-05,3.71790119970683e-05
1508,2014-01-21,1.5563466149615124e-05,3.803202343988232e-05
1509,2014-01-22,3.402565198484808e-05,4.1885607060976326e-05
1510,2014-01-23,1.694392085482832e-05,4.607341907103546e-05
1511,2014-01-24,9.268751455238089e-05,4.6236724301707e-05
1512,2014-01-27,0.00019728073675651103,4.272627120371908e-05
1513,2014-01-28,5.415641135186888e-05,3.950362224713899e-05
1514,2014-01-29,6.464253965532407e-05,3.715937418746762e-05
1515,2014-01-30,0.00011267817171756178,3.69808440154884e-05
1516,2014-01-31,1.0974017641274258e-05,3.5157838283339515e-05
1517,2014-02-03,8.568245539208874e-05,3.782526619033888e-05
1518,2014-02-04,0.00014913517225068063,3.8456964830402285e-05
1519,2014-02-05,5.2741139370482415e-05,3.839173587039113e-05
1520,2014-02-06,8.77827187650837e-05,3.909764200216159e-05
1521,2014-02-07,7.644441211596131e-05,3.667419878183864e-05
1522,2014-02-10,1.4745666703674942e-05,3.5096869396511465e-05
1523,2014-02-11,1.7178543203044683e-05,3.604558514780365e-05
1524,2014-02-12,2.338909871468786e-05,3.810317866737023e-05
1525,2014-02-13,9.892500384012237e-05,3.765649671549909e-05
1526,2014-02-14,7.018420001259074e-05,3.750153337023221e-05
1527,2014-02-18,6.575124280061573e-05,3.6884721339447424e-05
1528,2014-02-19,1.124867867474677e-05,3.7848250940442085e-05
1529,2014-02-20,3.390030178707093e-05,3.800298145506531e-05
1530,2014-02-21,3.175261736032553e-05,3.586497768992558e-05
1531,2014-02-24,3.8672518712701276e-05,3.541389014571905e-05
1532,2014-02-25,2.525053423596546e-05,3.3962238376261666e-05
1533,2014-02-26,1.7262726032640785e-05,3.4559630876174197e-05
1534,2014-02-28,2.874374513339717e-05,3.618265691329725e-05
1535,2014-03-03,4.095499389222823e-05,3.8137059164000675e-05
1536,2014-03-04,6.529557867906988e-05,3.919309892808087e-05
1537,2014-03-05,5.185823465581052e-05,4.038465704070404e-05
1538,2014-03-06,4.3603133235592395e-05,3.822696817223914e-05
1539,2014-03-07,0.0001294135581701994,3.844218736048788e-05
1540,2014-03-10,7.599881791975349e-05,4.1234263335354626e-05
1541,2014-03-11,3.7047699152026325e-05,4.265095412847586e-05
1542,2014-03-12,3.469132207101211e-05,4.505998731474392e-05
1543,2014-03-13,9.267301356885582e-05,4.611029726220295e-05
1544,2014-03-14,0.00010886017844313756,4.2906056478386745e-05
1545,2014-03-18,6.919124280102551e-05,3.856218245346099e-05
1546,2014-03-19,1.4173048839438707e-05,3.5534259950509295e-05
1547,2014-03-20,2.6031881134258583e-05,3.635639950516634e-05
1548,2014-03-21,3.53039285982959e-05,3.752754128072411e-05
1549,2014-03-24,5.9261761634843424e-05,3.858090713038109e-05
1550,2014-03-25,4.588596129906364e-05,3.662054950837046e-05
1551,2014-03-26,3.266437488491647e-05,3.5130356991430745e-05
1552,2014-03-27,4.73975196655374e-05,3.457393540884368e-05
1553,2014-03-28,5.164158210391179e-05,3.427564661251381e-05
1554,2014-03-31,5.927837992203422e-05,3.3783697290346026e-05
1555,2014-04-01,5.140641223988496e-05,3.293755435151979e-05
1556,2014-04-02,4.484032979235053e-05,3.267564898123965e-05
1557,2014-04-03,6.36881886748597e-05,3.26465888065286e-05
1558,2014-04-04,2.53912166954251e-05,3.345953155076131e-05
1559,2014-04-07,4.266356700100005e-05,3.3715587051119655e-05
1560,2014-04-09,9.507756476523355e-05,3.4195069019915536e-05
1561,2014-04-10,1.3542164197133388e-05,3.642202136688866e-05
1562,2014-04-11,4.7010998969199136e-05,3.7708101444877684e-05
1563,2014-04-15,8.118846017168835e-05,3.834193921647966e-05
1564,2014-04-16,5.34107384737581e-05,3.8310758100124076e-05
1565,2014-04-17,8.18757398519665e-05,4.031042772112414e-05
1566,2014-04-21,1.3078821211820468e-05,4.3688258301699534e-05
1567,2014-04-22,8.004863957467023e-06,4.697613258031197e-05
1568,2014-04-23,1.552609319332987e-05,4.4746520870830864e-05
1569,2014-04-25,7.279019337147474e-05,4.2432038753759116e-05
1570,2014-04-28,9.837074685492553e-06,3.9523518353234977e-05
1571,2014-04-29,3.869177453452721e-05,3.888627907144837e-05
1572,2014-04-30,0.00011516944505274296,3.861458753817715e-05
1573,2014-05-02,2.4766417482169345e-05,3.818134791799821e-05
1574,2014-05-05,4.282740337657742e-05,3.866694896714762e-05
1575,2014-05-06,2.224922354798764e-05,3.889933577738702e-05
1576,2014-05-07,4.4239342969376594e-05,3.9966078475117683e-05
1577,2014-05-08,2.5338171326438896e-05,4.0878585423342884e-05
1578,2014-05-09,0.0003575386945158243,4.0291673940373585e-05
1579,2014-05-12,0.0001745150366332382,4.1231000068364665e-05
1580,2014-05-13,0.00017585509340278804,3.971144542447291e-05
1581,2014-05-14,2.480400144122541e-05,3.9827315049478784e-05
1582,2014-05-15,3.2077343348646536e-05,4.154344060225412e-05
1583,2014-05-16,0.001850779983215034,3.902288153767586e-05
1584,2014-05-19,0.0001836618612287566,3.788591857301071e-05
1585,2014-05-20,0.00011177486885571852,3.938062218367122e-05
1586,2014-05-21,4.806083961739205e-05,4.076327968505211e-05
1587,2014-05-22,5.019786476623267e-05,4.232457285979763e-05
1588,2014-05-23,6.42340601189062e-05,3.960113099310547e-05
1589,2014-05-26,0.0004059036145918071,3.646063487394713e-05
1590,2014-05-27,6.696474156342447e-05,3.5170985938748345e-05
1591,2014-05-28,1.2164647159806918e-05,3.580448901630007e-05
1592,2014-05-29,6.806340388720855e-05,3.455297337495722e-05
1593,2014-05-30,0.00021514719992410392,3.406795804039575e-05
1594,2014-06-02,0.00012921130110044032,3.65191008313559e-05
1595,2014-06-03,4.8403388063889e-05,3.633539381553419e-05
1596,2014-06-04,1.0803263648995198e-05,3.607120015658438e-05
1597,2014-06-05,9.853464143816382e-05,3.496734279906377e-05
1598,2014-06-06,9.426427277503535e-05,3.486352215986699e-05
1599,2014-06-09,7.792293035890907e-05,3.4406810300424695e-05
1600,2014-06-10,0.00010172249312745407,3.882091914420016e-05
1601,2014-06-11,7.491088763345033e-05,4.3439027649583295e-05
1602,2014-06-12,3.582976933103055e-05,4.9515478167450055e-05
1603,2014-06-13,0.0001426605595042929,5.021036122343503e-05
1604,2014-06-16,2.8786347684217617e-05,4.9836020480142906e-05
1605,2014-06-17,9.862357546808198e-05,6.991971895331517e-05
1606,2014-06-18,0.00012754954514093697,7.990893936948851e-05
1607,2014-06-19,7.186748553067446e-05,8.394871838390827e-05
1608,2014-06-20,2.3640510335098952e-05,8.291389531223103e-05
1609,2014-06-23,5.7038621889660135e-05,7.814723358023912e-05
1610,2014-06-24,4.5528697228292e-05,7.649619510630146e-05
1611,2014-06-25,8.006048119568732e-06,8.936541416915134e-05
1612,2014-06-26,5.081559720565565e-05,9.425519237993285e-05
1613,2014-06-27,2.6504838388063945e-05,8.549456106266007e-05
1614,2014-06-30,6.155792652862146e-05,8.655391866341233e-05
1615,2014-07-01,1.1022928447346203e-05,9.594250150257722e-05
1616,2014-07-02,5.704020077246241e-05,9.650392166804522e-05
1617,2014-07-03,1.4951132470741868e-05,9.680229413788766e-05
1618,2014-07-04,6.649432907579467e-05,8.679999882588163e-05
1619,2014-07-07,2.3486129066441208e-05,8.91580421011895e-05
1620,2014-07-08,0.000265389506239444,9.22839026316069e-05
1621,2014-07-09,6.22039515292272e-05,9.308630978921428e-05
1622,2014-07-10,0.00037760063423775136,9.019378921948373e-05
1623,2014-07-11,0.00019767471530940384,8.974744559964165e-05
1624,2014-07-14,2.3515398424933665e-05,8.34449747344479e-05
1625,2014-07-15,6.201766518643126e-05,8.946134767029434e-05
1626,2014-07-16,9.329499152954668e-05,8.350834832526743e-05
1627,2014-07-17,1.4239245501812547e-05,8.055979560595006e-05
1628,2014-07-18,4.835075014852919e-05,8.425855776295066e-05
1629,2014-07-21,3.765682049561292e-05,8.505119330948219e-05
1630,2014-07-22,3.6624009226216e-05,7.916188769740984e-05
1631,2014-07-23,3.382728391443379e-05,7.665458542760462e-05
1632,2014-07-24,2.4482293156324886e-05,7.074471795931458e-05
1633,2014-07-25,5.1313149015186355e-05,5.87435279157944e-05
1634,2014-07-28,3.5127977753290907e-05,5.5138141760835424e-05
1635,2014-07-30,5.144187161931768e-05,5.2177369070705026e-05
1636,2014-07-31,3.723770350916311e-05,5.1582068408606574e-05
1637,2014-08-01,0.00015547334623988718,4.5068150939187035e-05
1638,2014-08-04,5.385147233027965e-05,4.105913467356004e-05
1639,2014-08-05,0.00010421624028822407,3.8062429666751996e-05
1640,2014-08-06,4.4886881369166076e-05,3.891888991347514e-05
1641,2014-08-07,5.0501763325883076e-05,3.643922173068859e-05
1642,2014-08-08,8.256040018750355e-05,3.933171683456749e-05
1643,2014-08-11,5.418193177320063e-05,4.130825982429087e-05
1644,2014-08-12,0.00010773987014545128,5.188940849620849e-05
1645,2014-08-13,2.26125539484201e-05,6.556958396686241e-05
1646,2014-08-14,2.3746822989778593e-05,6.497622962342575e-05
1647,2014-08-18,5.721584602724761e-05,6.249418220249936e-05
1648,2014-08-19,1.890694329631515e-05,6.203819066286087e-05
1649,2014-08-20,2.3942180632730015e-05,5.396900087362155e-05
1650,2014-08-21,2.1994583221385255e-05,5.105308082420379e-05
1651,2014-08-22,8.01881560619222e-06,4.692513175541535e-05
1652,2014-08-25,3.562271740520373e-05,4.410188921610825e-05
1653,2014-08-26,3.129467222606763e-05,4.152637120569125e-05
1654,2014-08-27,1.859228177636396e-05,3.962058326578699e-05
1655,2014-08-28,5.462352419272065e-06,4.023871952085756e-05
1656,2014-09-01,3.399224442546256e-05,4.000069748144597e-05
1657,2014-09-02,2.5251183615182526e-05,4.0688046283321455e-05
1658,2014-09-03,2.4510118237230927e-05,4.0216931665781885e-05
1659,2014-09-04,2.0711913748527877e-05,4.4779219024349004e-05
1660,2014-09-05,2.808793942676857e-05,4.5625889470102265e-05
1661,2014-09-08,4.706958497990854e-05,4.9106634833151475e-05
1662,2014-09-09,1.4594221283914521e-05,4.91518949274905e-05
1663,2014-09-10,1.9973520466010086e-05,5.0048438424710184e-05
1664,2014-09-11,3.327496597194113e-05,5.011463872506283e-05
1665,2014-09-12,9.49212335399352e-06,4.6338915126398206e-05
1666,2014-09-15,3.052621104870923e-05,4.495864050113596e-05
1667,2014-09-16,7.636025839019567e-05,4.2591731471475214e-05
1668,2014-09-17,4.0542639908380806e-05,4.060315768583678e-05
1669,2014-09-18,0.00018198649922851473,4.0026381611824036e-05
1670,2014-09-19,1.9827537471428514e-05,3.738747545867227e-05
1671,2014-09-22,6.697642675135285e-05,3.64300467481371e-05
1672,2014-09-23,0.00011882123362738639,3.537261000019498e-05
1673,2014-09-24,4.7288664063671604e-05,3.3596290450077504e-05
1674,2014-09-25,0.00010844942153198645,3.323189957882278e-05
1675,2014-09-26,0.0001348896330455318,3.2764677598606795e-05
1676,2014-09-29,1.907532350742258e-05,3.1792464142199606e-05
1677,2014-09-30,6.97335199220106e-05,3.055157503695227e-05
1678,2014-10-01,9.345559192297515e-06,3.0332386813824996e-05
1679,2014-10-07,9.738287189975381e-05,3.0238255931180902e-05
1680,2014-10-08,2.5930961783160456e-05,3.0189994504326023e-05
1681,2014-10-09,7.129705772968009e-05,3.0046552637941204e-05
1682,2014-10-10,6.97424984537065e-05,3.025807745871134e-05
1683,2014-10-13,7.511291187256575e-05,3.031662527064327e-05
1684,2014-10-14,8.699292811797932e-05,3.0035120289539918e-05
1685,2014-10-16,0.00016637468070257455,2.9742497645202093e-05
1686,2014-10-17,5.823654282721691e-05,3.005386133736465e-05
1687,2014-10-20,0.00023754128778818995,2.971332833112683e-05
1688,2014-10-21,3.482586907921359e-05,2.9484484912245534e-05
1689,2014-10-22,8.322316716657951e-05,3.0300150683615357e-05
1690,2014-10-27,0.00010544580436544493,3.0649716791231185e-05
1691,2014-10-28,1.1314447874610778e-05,3.260408993810415e-05
1692,2014-10-29,4.9833070079330355e-05,3.2455616747029126e-05
1693,2014-10-30,4.855345832766034e-05,3.3201966289198026e-05
1694,2014-10-31,0.0001023070071823895,3.533225753926672e-05
1695,2014-11-03,2.5894338250509463e-05,3.700003435369581e-05
1696,2014-11-05,1.8969578377436846e-05,4.039532723254524e-05
1697,2014-11-07,2.5608796931919642e-05,4.5862387196393684e-05
1698,2014-11-10,2.943125036836136e-05,4.535219704848714e-05
1699,2014-11-11,1.7953887436306104e-05,4.8004865675466135e-05
1700,2014-11-12,1.561445969855413e-05,4.397391603561118e-05
1701,2014-11-13,4.913483644486405e-05,4.476820686249994e-05
1702,2014-11-14,1.3934100934420712e-05,4.3009255023207515e-05
1703,2014-11-17,4.16579787270166e-05,4.2400442907819524e-05
1704,2014-11-18,1.208578578371089e-05,4.2025410948554054e-05
1705,2014-11-19,4.602897752192803e-05,4.3670344894053414e-05
1706,2014-11-20,3.3227686799364164e-05,4.6490564272971824e-05
1707,2014-11-21,3.976184962084517e-05,5.5523029004689306e-05
1708,2014-11-24,1.1624159924394917e-05,5.924204015173018e-05
1709,2014-11-25,5.6007029343163595e-05,6.026214032317512e-05
1710,2014-11-26,2.062138810288161e-05,5.736139792134054e-05
1711,2014-11-27,1.2117419828427956e-05,5.2173880249029025e-05
1712,2014-11-28,5.694779974874109e-05,4.95200147270225e-05
1713,2014-12-01,3.153500802000053e-05,4.311393422540277e-05
1714,2014-12-02,1.9826460629701614e-05,4.031465869047679e-05
1715,2014-12-03,7.550551345048007e-06,3.901149466400966e-05
1716,2014-12-04,7.290753273991868e-05,4.044879460707307e-05
1717,2014-12-05,2.4854840376065113e-05,3.901004674844444e-05
1718,2014-12-08,6.102706538513303e-05,3.6977387935621664e-05
1719,2014-12-09,6.248226418392733e-05,3.5596192901721224e-05
1720,2014-12-10,2.643995867401827e-05,3.56386553903576e-05
1721,2014-12-11,3.247806307626888e-05,3.462544555077329e-05
1722,2014-12-12,5.660062379320152e-05,3.393300357856788e-05
1723,2014-12-15,0.0001010229461826384,3.400248897378333e-05
1724,2014-12-16,0.00012814466026611626,3.334402572363615e-05
1725,2014-12-17,8.946005982579663e-05,3.336966983624734e-05
1726,2014-12-18,0.00022976439504418522,3.261677920818329e-05
1727,2014-12-19,9.131946717388928e-05,3.2715754059609026e-05
1728,2014-12-22,6.652401498286054e-05,3.2554627978242934e-05
1729,2014-12-23,6.351205229293555e-05,3.282757825218141e-05
1730,2014-12-24,8.589361823396757e-05,3.171778371324763e-05
1731,2014-12-26,5.359054557629861e-05,3.209172064089216e-05
1732,2014-12-29,2.842808680725284e-05,3.197588011971675e-05
1733,2014-12-30,1.5849494957365096e-05,3.146450035274029e-05
1734,2014-12-31,1.159694238594966e-05,3.207238842151128e-05
1735,2015-01-02,7.357353024417534e-05,3.2291460229316726e-05
1736,2015-01-05,3.598945477278903e-05,3.193339944118634e-05
1737,2015-01-06,0.0002760977658908814,3.097110675298609e-05
1738,2015-01-07,3.8190999475773424e-05,3.1569368729833513e-05
1739,2015-01-08,0.00015004062152002007,3.148737232550047e-05
1740,2015-01-09,0.00012737838551402092,3.222482337150723e-05
1741,2015-01-12,4.351353345555253e-05,3.32533018081449e-05
1742,2015-01-13,4.7788897063583136e-05,3.3065018214983866e-05
1743,2015-01-14,4.213170905131847e-05,3.3015483495546505e-05
1744,2015-01-15,0.00041012055589817464,3.3849097235361114e-05
1745,2015-01-16,3.5176453820895404e-05,3.493997428449802e-05
1746,2015-01-19,2.5087887479458004e-05,3.7901889299973845e-05
1747,2015-01-20,8.931207412388176e-05,4.1661358409328386e-05
1748,2015-01-21,2.0872947061434388e-05,4.578158404910937e-05
1749,2015-01-22,1.3277144716994371e-05,4.5722023060079664e-05
1750,2015-01-23,7.86151722422801e-05,5.24825845786836e-05
1751,2015-01-27,6.223160744411871e-05,5.429997690953314e-05
1752,2015-01-28,5.898379095015116e-05,5.851048626936972e-05
1753,2015-01-29,5.137239713803865e-05,5.966968456050381e-05
1754,2015-01-30,0.00023870720178820193,5.842846439918503e-05
1755,2015-02-02,3.514000854920596e-05,5.561672514886595e-05
1756,2015-02-03,6.259600195335224e-05,5.097897883388214e-05
1757,2015-02-04,4.91610771859996e-05,5.134115053806454e-05
1758,2015-02-05,0.00012960944150108844,5.233609044807963e-05
1759,2015-02-06,3.235425174352713e-05,6.0060072428314015e-05
1760,2015-02-09,0.00011585353058762848,6.103486521169543e-05
1761,2015-02-10,0.00019616463396232575,6.227975245565176e-05
1762,2015-02-11,3.547710366547108e-05,6.567071977769956e-05
1763,2015-02-12,0.00012535968562588096,6.676820339635015e-05
1764,2015-02-13,4.902544606011361e-05,6.757766823284328e-05
1765,2015-02-16,3.574110451154411e-05,6.78694705129601e-05
1766,2015-02-18,3.332705091452226e-05,7.410554098896682e-05
1767,2015-02-19,8.314756269101053e-05,7.446777453878894e-05
1768,2015-02-20,3.0620532925240695e-05,6.938922160770744e-05
1769,2015-02-23,8.367703412659466e-05,6.960675091249868e-05
1770,2015-02-24,2.784935168165248e-05,6.513785046990961e-05
1771,2015-02-25,5.687317025149241e-05,6.0252950788708404e-05
1772,2015-02-26,6.212380685610697e-05,5.811647861264646e-05
1773,2015-02-27,0.00011237908620387316,5.907583181397058e-05
1774,2015-03-02,0.00019356906705070287,6.145575025584549e-05
1775,2015-03-03,3.13993041345384e-05,6.34415919193998e-05
1776,2015-03-04,0.000367730826837942,7.361465395661071e-05
1777,2015-03-05,6.454341928474605e-05,7.642553828191012e-05
1778,2015-03-09,0.00012739672092720866,7.776614074828103e-05
1779,2015-03-10,4.959677244187333e-05,7.437196472892538e-05
1780,2015-03-11,2.7429723559180275e-05,7.821784674888477e-05
1781,2015-03-12,3.467580972937867e-05,7.6184885983821e-05
1782,2015-03-13,0.00027047545881941915,7.557398930657655e-05
1783,2015-03-16,1.3827840120939072e-05,7.996177737368271e-05
1784,2015-03-17,0.0001032643995131366,7.464809459634125e-05
1785,2015-03-18,3.699922308442183e-05,7.609578460687771e-05
1786,2015-03-19,0.00018762449326459318,7.515682955272496e-05
1787,2015-03-20,2.7580785172176547e-05,7.274598465301096e-05
1788,2015-03-23,2.6830264687305316e-05,6.765066063962877e-05
1789,2015-03-24,7.176242070272565e-05,6.980192119954154e-05
1790,2015-03-25,2.4588172891526483e-05,6.97776340530254e-05
1791,2015-03-26,0.00018724086112342775,7.0480331487488e-05
1792,2015-03-27,0.0001548579166410491,6.952110561542213e-05
1793,2015-03-30,9.470237273490056e-05,6.912463868502527e-05
1794,2015-03-31,6.065057095838711e-05,6.884956383146346e-05
1795,2015-04-01,8.931140473578125e-05,7.031994027784094e-05
1796,2015-04-06,5.6439675972796977e-05,7.236031524371356e-05
1797,2015-04-07,7.685273885726929e-05,7.124988769646734e-05
1798,2015-04-08,3.1097039027372375e-05,8.030888420762494e-05
1799,2015-04-09,8.815554610919207e-05,8.407835412072018e-05
1800,2015-04-10,1.755081939336378e-05,8.89085786184296e-05
1801,2015-04-13,3.741083855857141e-05,8.818211790639907e-05
1802,2015-04-16,0.00014866088167764246,8.150389476213604e-05
1803,2015-04-17,4.9318299716105685e-05,7.395833381451666e-05
1804,2015-04-20,0.00018567837832961231,7.838100282242522e-05
1805,2015-04-21,8.170616638381034e-05,7.153775368351489e-05
1806,2015-04-22,0.00017954461509361863,7.09093947079964e-05
1807,2015-04-23,0.00012930361845064908,6.774583016522229e-05
1808,2015-04-24,9.793711069505662e-05,7.235589873744175e-05
1809,2015-04-27,9.57631491473876e-05,7.070006540743634e-05
1810,2015-04-28,7.433862629113719e-05,6.622663204325363e-05
1811,2015-04-29,4.0933398850029334e-05,6.419193232432008e-05
1812,2015-04-30,4.4021548092132434e-05,6.057877544662915e-05
1813,2015-05-04,0.0001124248665291816,6.368017056956887e-05
1814,2015-05-05,3.099069363088347e-05,6.916387064848095e-05
1815,2015-05-06,0.000311795505695045,6.988325185375288e-05
1816,2015-05-07,8.7271626398433e-05,7.016144809313118e-05
1817,2015-05-08,0.00013859533646609634,7.107018609531224e-05
1818,2015-05-11,9.74354479694739e-05,7.031752465991303e-05
1819,2015-05-12,0.0002246324875159189,7.228141475934535e-05
1820,2015-05-13,0.00020625331671908498,6.758263771189377e-05
1821,2015-05-14,8.24246890260838e-05,6.777219095965847e-05
1822,2015-05-15,2.6310945031582378e-05,6.46963162580505e-05
1823,2015-05-18,6.899634172441438e-05,6.293335900409147e-05
1824,2015-05-19,5.26196054124739e-05,6.618950283154845e-05
1825,2015-05-20,2.282906098116655e-05,6.726158608216792e-05
1826,2015-05-21,2.4142369511537254e-05,7.360398740274832e-05
1827,2015-05-22,2.550170938775409e-05,7.912762521300465e-05
1828,2015-05-25,3.5027620469918475e-05,8.386925037484616e-05
1829,2015-05-26,1.8725830159382895e-05,8.900504326447845e-05
1830,2015-05-27,4.0941515180747956e-05,9.031825175043195e-05
1831,2015-05-28,4.8710262490203604e-05,9.129491081694141e-05
1832,2015-05-29,9.304007835453376e-05,9.044408216141164e-05
1833,2015-06-01,2.3711498215561733e-05,8.772381261223927e-05
1834,2015-06-02,0.00023610061907675117,8.360404899576679e-05
1835,2015-06-03,0.00010900467168539762,8.230286766774952e-05
1836,2015-06-04,8.372237061848864e-05,7.821717008482665e-05
1837,2015-06-05,5.930128099862486e-05,8.630276715848595e-05
1838,2015-06-08,5.364290336729027e-05,8.966292080003768e-05
1839,2015-06-09,1.9570057702367194e-05,8.867672295309603e-05
1840,2015-06-10,8.858062938088551e-05,8.702187187736854e-05
1841,2015-06-11,0.00023501331452280283,9.166596282739192e-05
1842,2015-06-12,1.670587334956508e-05,9.327728912467137e-05
1843,2015-06-15,6.599246989935637e-05,9.302125545218587e-05
1844,2015-06-16,7.073857705108821e-05,9.040192526299506e-05
1845,2015-06-17,6.0354574088705704e-05,8.800333307590336e-05
1846,2015-06-18,4.406329753692262e-05,8.651371899759397e-05
1847,2015-06-19,2.7449899789644405e-05,7.985226693563163e-05
1848,2015-06-22,7.957653724588454e-05,7.444056973326951e-05
1849,2015-06-23,3.0598406738135964e-05,7.001819903962314e-05
1850,2015-06-24,3.6682209611171857e-05,6.60321966279298e-05
1851,2015-06-25,5.204670742386952e-05,6.112905248301104e-05
1852,2015-06-26,2.597219281597063e-05,5.7810790167422965e-05
1853,2015-06-29,0.00035525450948625803,5.683716881321743e-05
1854,2015-06-30,3.0414070351980627e-05,5.821977538289502e-05
1855,2015-07-01,6.173212750582024e-05,5.674114800058305e-05
1856,2015-07-02,1.4967797142162453e-05,6.226218101801351e-05
1857,2015-07-03,2.5621622626204044e-05,6.672122981399298e-05
1858,2015-07-06,0.00023982826678548008,6.908766226843e-05
1859,2015-07-07,2.781909097393509e-05,6.898554420331493e-05
1860,2015-07-08,0.00013530706928577274,6.763757119188085e-05
1861,2015-07-09,3.262636164436117e-05,6.123344064690173e-05
1862,2015-07-10,4.3267940782243386e-05,5.965932723484002e-05
1863,2015-07-13,8.696206350577995e-05,6.56799238640815e-05
1864,2015-07-14,1.8201835700892843e-05,6.085375935072079e-05
1865,2015-07-15,2.336152465431951e-05,6.075071360100992e-05
1866,2015-07-16,3.150182237732224e-05,6.249530997592956e-05
1867,2015-07-17,1.4352060134115163e-05,6.207428668858483e-05
1868,2015-07-20,3.04376026178943e-05,6.158641190268099e-05
1869,2015-07-21,8.014262857614085e-05,6.013744859956205e-05
1870,2015-07-22,0.00010089777788380161,6.174160807859153e-05
1871,2015-07-23,3.112537524430081e-05,6.131992995506153e-05
1872,2015-07-24,2.6696625354816206e-05,6.193686567712575e-05
1873,2015-07-27,0.00010686361929401755,6.337060040095821e-05
1874,2015-07-28,2.9212380468379706e-05,6.210378342075273e-05
1875,2015-07-29,2.2522141080116853e-05,6.719792872900143e-05
1876,2015-07-30,4.057609839946963e-05,6.533239502459764e-05
1877,2015-07-31,6.41844017081894e-05,6.687475251965225e-05
1878,2015-08-03,2.2574353351956233e-05,6.249269790714607e-05
1879,2015-08-04,8.964735752670094e-05,5.9266625612508506e-05
1880,2015-08-05,2.4615599613753147e-05,6.15982135059312e-05
1881,2015-08-06,1.9052324205404148e-05,6.154748552944511e-05
1882,2015-08-07,9.314380804426037e-06,6.512313120765612e-05
1883,2015-08-10,7.264137821039185e-05,6.506509089376777e-05
1884,2015-08-11,6.938326987437904e-05,6.0999136621830985e-05
1885,2015-08-12,6.135924195405096e-05,6.155693699838594e-05
1886,2015-08-13,5.930931365583092e-05,5.935514491284266e-05
1887,2015-08-14,0.00013546794070862234,5.5604101362405345e-05
1888,2015-08-17,6.178425246616825e-05,5.293236245051958e-05
1889,2015-08-18,5.129661440150812e-05,4.9957598093897104e-05
1890,2015-08-19,4.25150319642853e-05,4.8271132982335985e-05
1891,2015-08-20,0.00010387510701548308,4.963334504282102e-05
1892,2015-08-21,0.0001271100773010403,5.150244396645576e-05
1893,2015-08-24,0.0013520627981051803,5.1910090405726805e-05
1894,2015-08-25,0.000667813525069505,5.08109042129945e-05
1895,2015-08-26,0.00014304147043731064,5.206080822972581e-05
1896,2015-08-27,0.000337564037181437,5.166423579794355e-05
1897,2015-08-28,0.00025861061294563115,4.846075171371922e-05
1898,2015-08-31,4.8880021495278925e-05,4.671469287131913e-05
1899,2015-09-01,0.00024710895377211273,4.6577239118050784e-05
1900,2015-09-02,0.00023131970374379307,4.620784966391511e-05
1901,2015-09-03,0.00010088671115227044,4.7465277020819485e-05
1902,2015-09-04,0.0001897537731565535,4.600764441420324e-05
1903,2015-09-07,0.0001628621103009209,4.5010121539235115e-05
1904,2015-09-08,0.00020433349709492177,4.3439478758955374e-05
1905,2015-09-09,0.00026751664699986577,4.425790757522918e-05
1906,2015-09-10,0.0002451358886901289,4.5540902647189796e-05
1907,2015-09-11,9.412198414793238e-05,4.623015411198139e-05
1908,2015-09-14,9.310744644608349e-05,4.72808642371092e-05
1909,2015-09-15,3.6727080441778526e-05,4.9798720283433795e-05
1910,2015-09-16,7.543178071500733e-05,5.154892278369516e-05
1911,2015-09-18,0.00014413696771953255,5.305820741341449e-05
1912,2015-09-21,0.00011252321564825252,5.370760118239559e-05
1913,2015-09-22,0.00031934294383972883,5.64811889489647e-05
1914,2015-09-23,0.00023501244140788913,5.821977538289502e-05
1915,2015-09-24,4.5235610741656274e-05,7.332955283345655e-05
1916,2015-09-28,7.15896239853464e-05,9.007636253954843e-05
1917,2015-09-29,0.0003956483560614288,9.250383300241083e-05
1918,2015-09-30,0.00015087729843799025,9.246943227481097e-05
1919,2015-10-01,6.0954767832299694e-05,9.269006841350347e-05
1920,2015-10-05,0.00012634457380045205,9.215514728566632e-05
1921,2015-10-06,0.00010756749543361366,9.289175068261102e-05
1922,2015-10-07,1.637802051845938e-05,9.374762885272503e-05
1923,2015-10-08,5.0072405429091305e-05,9.305649291491136e-05
1924,2015-10-09,9.110365499509498e-05,9.36496871872805e-05
1925,2015-10-12,9.37081131269224e-05,9.441687143407762e-05
1926,2015-10-13,2.7238722395850345e-05,9.49469831539318e-05
1927,2015-10-14,2.5481193006271496e-05,9.431966464035213e-05
1928,2015-10-15,2.94102883344749e-05,9.489386138739064e-05
1929,2015-10-16,5.824731488246471e-05,9.525817586109042e-05
1930,2015-10-19,1.9212689949199557e-05,9.524355118628591e-05
1931,2015-10-20,2.2496124074677937e-05,9.322997357230633e-05
1932,2015-10-21,2.906823283410631e-05,8.983315638033673e-05
1933,2015-10-23,5.752118886448443e-05,8.970098133431748e-05
1934,2015-10-26,5.6101598602253944e-05,8.919018728192896e-05
1935,2015-10-27,1.6525958926649764e-05,9.931758540915325e-05
1936,2015-10-28,6.015517647028901e-05,0.00010887542885029688
1937,2015-10-29,3.4521581255830824e-05,0.000108931097202003
1938,2015-10-30,5.471082477015443e-05,9.817229147301987e-05
1939,2015-11-02,3.5996628866996616e-05,0.00010806484351633117
1940,2015-11-03,4.4535405322676525e-05,0.00010014705185312778
1941,2015-11-04,7.050345448078588e-05,9.392561332788318e-05
1942,2015-11-05,4.219681432005018e-05,9.261337982024997e-05
1943,2015-11-06,3.211045986972749e-05,9.220534411724657e-05
1944,2015-11-09,0.0005953341023996472,8.663806511322036e-05
1945,2015-11-10,9.201568173011765e-05,8.405462722294033e-05
1946,2015-11-13,1.9885921574314125e-05,8.427415014011785e-05
1947,2015-11-16,0.00010100039798999205,8.64806497702375e-05
1948,2015-11-17,5.9375928685767576e-05,8.220880408771336e-05
1949,2015-11-18,8.201303717214614e-05,7.472522702300921e-05
1950,2015-11-19,9.781725384527817e-05,6.864153692731634e-05
1951,2015-11-20,4.610550604411401e-05,6.724196282448247e-05
1952,2015-11-23,1.8812212147167884e-05,6.226900586625561e-05
1953,2015-11-24,2.140979268006049e-05,5.885191785637289e-05
1954,2015-11-26,2.381472586421296e-05,5.65387454116717e-05
1955,2015-11-27,4.636919766198844e-05,5.36588704562746e-05
1956,2015-11-30,1.197423625853844e-05,5.2409061026992276e-05
1957,2015-12-01,1.608023012522608e-05,4.871625787927769e-05
1958,2015-12-02,3.4043634514091536e-05,4.725827602669597e-05
1959,2015-12-03,3.219020800315775e-05,4.6561959607061e-05
1960,2015-12-04,4.681959399022162e-05,4.697895565186627e-05
1961,2015-12-07,5.506063826032914e-05,4.607469600159675e-05
1962,2015-12-08,5.4413758334703743e-05,4.539668225334026e-05
1963,2015-12-09,5.368942947825417e-05,4.568514850689098e-05
1964,2015-12-10,5.7903267588699237e-05,4.538892972050235e-05
1965,2015-12-11,0.0001039093840518035,4.522426752373576e-05
1966,2015-12-14,0.00012185345258330926,4.917069600196555e-05
1967,2015-12-15,4.264611561666243e-05,5.192514436203055e-05
1968,2015-12-16,3.186805042787455e-05,4.959222860634327e-05
1969,2015-12-17,9.753175982041284e-05,5.0492042646510527e-05
1970,2015-12-18,4.187274680589326e-05,5.06959440826904e-05
1971,2015-12-21,6.857342668808997e-05,5.285266161081381e-05
1972,2015-12-22,2.7116800993098877e-05,5.4197123972699046e-05
1973,2015-12-23,4.348975926404819e-05,5.461475666379556e-05
1974,2015-12-24,2.713664434850216e-05,5.3306932386476547e-05
1975,2015-12-28,3.053867112612352e-05,5.160977161722258e-05
1976,2015-12-29,9.352075721835718e-06,5.0054928578902036e-05
1977,2015-12-30,1.763337968441192e-05,4.9965979997068644e-05
1978,2015-12-31,2.2247528249863535e-05,4.8206497012870386e-05
1979,2016-01-04,0.00014123268192633986,4.715598697657697e-05
1980,2016-01-05,4.983606413588859e-05,4.618780440068804e-05
1981,2016-01-06,3.5673609090736136e-05,4.5541379222413525e-05
1982,2016-01-07,0.00015923405590001494,4.449655534699559e-05
1983,2016-01-08,4.871114651905373e-05,4.462923971004784e-05
1984,2016-01-11,0.00016704306472092867,4.518839705269784e-05
1985,2016-01-12,7.188900781329721e-05,4.5756747567793354e-05
1986,2016-01-13,0.0002630242670420557,4.6355889935512096e-05
1987,2016-01-14,0.0003229341527912766,4.827067459700629e-05
1988,2016-01-15,0.00012753640476148576,4.985013583791442e-05
1989,2016-01-18,0.00010882529750233516,5.0306796765653417e-05
1990,2016-01-19,7.694961095694453e-05,4.9623169616097584e-05
1991,2016-01-20,0.00044495731708593667,5.0803144404198974e-05
1992,2016-01-21,0.0002221770555479452,5.115884414408356e-05
1993,2016-01-22,0.00018676150648389012,5.2361552661750466e-05
1994,2016-01-25,6.475779809989035e-05,5.126668474986218e-05
1995,2016-01-27,4.104707477381453e-05,4.9410951760364696e-05
1996,2016-01-28,2.7639345717034303e-05,4.827347947866656e-05
1997,2016-01-29,0.0001821528421714902,4.78573128930293e-05
1998,2016-02-01,3.218971687601879e-05,4.6070959797361866e-05
1999,2016-02-02,0.00013499593478627503,4.454699592315592e-05
2000,2016-02-03,0.00010272819054080173,5.097339453641325e-05
2001,2016-02-04,9.53682538238354e-05,5.2784056606469676e-05
2002,2016-02-05,5.992865044390783e-05,5.326907557900995e-05
2003,2016-02-08,0.00013498049520421773,5.380152288125828e-05
2004,2016-02-09,0.00014313781866803765,5.628749931929633e-05
2005,2016-02-10,8.402745879720896e-05,5.61222514079418e-05
2006,2016-02-11,0.0004207736346870661,5.8567598898662254e-05
2007,2016-02-12,0.00030390601023100317,6.064478657208383e-05
2008,2016-02-15,0.00022642474505119026,6.554320134455338e-05
2009,2016-02-16,0.00021479027054738253,7.201808330137283e-05
2010,2016-02-17,0.00022613773762714118,7.562820246675983e-05
2011,2016-02-18,0.00014654983533546329,7.83767391112633e-05
2012,2016-02-19,5.132939986651763e-05,7.702487346250564e-05
2013,2016-02-22,1.767263893270865e-05,8.165622421074659e-05
2014,2016-02-23,0.00015248001727741212,8.347482798853889e-05
2015,2016-02-24,6.828335608588532e-05,8.175230323104188e-05
2016,2016-02-25,3.911490784958005e-05,7.837845623726025e-05
2017,2016-02-26,0.00013350490189623088,7.356686546700075e-05
2018,2016-02-29,0.0005983382579870522,6.979546742513776e-05
2019,2016-03-01,0.0003209379210602492,7.199047831818461e-05
2020,2016-03-02,0.00021917915728408843,7.139415538404137e-05
2021,2016-03-03,0.00010520023352000862,7.649049803148955e-05
2022,2016-03-04,4.8290883569279686e-05,7.880425255279988e-05
2023,2016-03-08,4.262257425580174e-05,7.936076872283593e-05
2024,2016-03-09,0.0001228200417244807,7.89203040767461e-05
2025,2016-03-10,7.03224868630059e-05,8.3187609561719e-05
2026,2016-03-11,4.1384046198800206e-05,8.261018228949979e-05
2027,2016-03-14,4.754682595375925e-05,8.308042743010446e-05
2028,2016-03-15,5.127083568368107e-05,8.991175855044276e-05
2029,2016-03-16,7.423880015267059e-05,9.366638551000506e-05
2030,2016-03-17,0.00012646295363083482,8.889874152373523e-05
2031,2016-03-18,6.261457019718364e-05,8.94414697540924e-05
2032,2016-03-21,5.6970071454998106e-05,9.027699707075953e-05
2033,2016-03-22,4.946549597661942e-05,8.785215322859585e-05
2034,2016-03-23,2.5167903004330583e-05,8.423477993346751e-05
2035,2016-03-28,0.0001615698856767267,7.793200347805396e-05
2036,2016-03-29,3.529716195771471e-05,7.976306369528174e-05
2037,2016-03-30,0.00010565922275418416,7.919474592199549e-05
2038,2016-03-31,3.344370998092927e-05,7.709365308983251e-05
2039,2016-04-01,4.091118898941204e-05,7.650954648852348e-05
2040,2016-04-04,2.9739265301031992e-05,8.572724618716165e-05
2041,2016-04-05,0.00013519407366402447,8.682574116392061e-05
2042,2016-04-06,3.347044548718259e-05,8.596164116170257e-05
2043,2016-04-07,5.7949779147747904e-05,8.422802784480155e-05
2044,2016-04-08,1.0874566214624792e-05,8.232869004132226e-05
2045,2016-04-11,0.00017706135986372828,8.119821723084897e-05
2046,2016-04-12,1.6681071429047734e-05,8.22303700260818e-05
2047,2016-04-13,0.0001252172514796257,8.35244354675524e-05
2048,2016-04-18,0.00010468541586305946,8.268442616099492e-05
2049,2016-04-20,5.5208965932251886e-05,8.055672515183687e-05
2050,2016-04-21,7.107310375431553e-05,7.96232998254709e-05
2051,2016-04-22,1.9962360966019332e-05,7.94840743765235e-05
2052,2016-04-25,3.895405461662449e-05,8.041795081226155e-05
2053,2016-04-26,0.0001370044337818399,7.961926894495264e-05
2054,2016-04-27,2.068757385131903e-05,7.739879220025614e-05
2055,2016-04-28,0.00013627976295538247,7.621133408974856e-05
2056,2016-04-29,5.571477231569588e-05,7.336368435062468e-05
2057,2016-05-02,2.9462391466950066e-05,7.743674359517172e-05
2058,2016-05-03,0.0001521669764770195,7.629641913808882e-05
2059,2016-05-04,2.492030216671992e-05,7.541667582700029e-05
2060,2016-05-05,3.9290291169891134e-05,7.377714791800827e-05
2061,2016-05-06,3.213055242667906e-05,7.204947905847803e-05
2062,2016-05-09,8.808798156678677e-05,6.867080082884058e-05
2063,2016-05-10,2.3464950572815724e-05,6.982449122006074e-05
2064,2016-05-11,0.00018245553656015545,6.645217217737809e-05
2065,2016-05-12,3.2024894608184695e-05,6.52810704195872e-05
2066,2016-05-13,6.227030826266855e-05,6.156996823847294e-05
2067,2016-05-16,7.178809028118849e-05,6.343384302454069e-05
2068,2016-05-17,4.568323493003845e-05,6.077551734051667e-05
2069,2016-05-18,6.175161252031103e-05,6.0663933254545555e-05
2070,2016-05-19,6.779048999305815e-05,6.148494139779359e-05
2071,2016-05-20,3.3861466363305226e-05,6.178666808409616e-05
2072,2016-05-23,0.00012224291276652366,6.313039921224117e-05
2073,2016-05-24,1.2881174370704684e-05,6.0916816437384114e-05
2074,2016-05-25,0.0001605576544534415,5.9997964854119346e-05
2075,2016-05-26,0.00011989646009169519,6.169269181555137e-05
2076,2016-05-27,4.120843732380308e-05,5.955325468676165e-05
2077,2016-05-30,1.3592081813840196e-05,6.24622407485731e-05
2078,2016-05-31,4.849024480790831e-05,6.48081477265805e-05
2079,2016-06-01,1.8753655240288936e-05,6.297352229012176e-05
2080,2016-06-02,3.635581015259959e-05,6.664453394478187e-05
2081,2016-06-03,2.4394383217440918e-05,6.447439955081791e-05
2082,2016-06-06,1.303987573919585e-05,6.321576802292839e-05
2083,2016-06-07,4.80473245261237e-05,6.149514956632629e-05
2084,2016-06-08,1.3371493878366891e-05,6.165711238281801e-05
2085,2016-06-09,4.087741763214581e-05,5.99590057390742e-05
2086,2016-06-10,8.954542863648385e-05,6.253687024582177e-05
2087,2016-06-13,9.126165969064459e-05,6.195866444613785e-05
2088,2016-06-14,3.78122458641883e-05,6.317364750429988e-05
2089,2016-06-15,5.539645644603297e-05,6.376117380568758e-05
2090,2016-06-16,8.86818888830021e-05,6.310229218797758e-05
2091,2016-06-17,3.811189890257083e-05,6.22750012553297e-05
2092,2016-06-20,0.00013940315693616867,6.316665530903265e-05
2093,2016-06-21,2.0417015548446216e-05,6.288386066444218e-05
2094,2016-06-22,3.948027006117627e-05,6.37405100860633e-05
2095,2016-06-23,4.6875753469066694e-05,6.108890374889597e-05
2096,2016-06-24,0.0010747526539489627,6.151209527160972e-05
2097,2016-06-27,7.456207822542638e-05,6.317039515124634e-05
2098,2016-06-28,1.834163958847057e-05,6.357811071211472e-05
2099,2016-06-29,4.598001032718457e-05,6.076525824028067e-05
2100,2016-06-30,6.784714059904218e-05,5.973703810013831e-05
2101,2016-07-01,2.30476216529496e-05,5.784526001662016e-05
2102,2016-07-04,4.0088612877298146e-05,5.596549090114422e-05
2103,2016-07-05,2.0136569219175726e-05,5.5005632020765916e-05
2104,2016-07-07,9.81947232503444e-06,5.3390067478176206e-05
2105,2016-07-08,2.7825828510685824e-05,5.3090603614691645e-05
2106,2016-07-11,0.00013801893510390073,5.149050412001088e-05
2107,2016-07-12,2.848656731657684e-05,5.161567605682649e-05
2108,2016-07-13,2.1037056285422295e-05,5.242565748631023e-05
2109,2016-07-14,2.3509390302933753e-05,5.305755257722922e-05
2110,2016-07-15,3.2509269658476114e-05,5.303761281538755e-05
2111,2016-07-18,4.6682274842169136e-05,5.3010207921033725e-05
2112,2016-07-19,2.188206599385012e-05,5.4465781431645155e-05
2113,2016-07-20,1.7595113604329526e-05,5.4307329264702275e-05
2114,2016-07-21,3.490726521704346e-05,5.577006595558487e-05
2115,2016-07-22,1.9465822333586402e-05,5.49699216207955e-05
2116,2016-07-25,7.694345549680293e-05,5.502536441781558e-05
2117,2016-07-26,2.0753219359903596e-05,5.5412627261830494e-05
2118,2016-07-27,4.1534054616931826e-05,6.1012633523205295e-05
2119,2016-07-28,1.6960961147560738e-05,6.250336446100846e-05
2120,2016-07-29,7.07236949892831e-06,6.0795751778641716e-05
2121,2016-08-01,6.821969873271883e-05,5.9011694247601554e-05
2122,2016-08-02,3.0506011171382852e-05,5.792016600025818e-05
2123,2016-08-03,5.43545866094064e-05,5.618790601147339e-05
2124,2016-08-04,7.73531137383543e-05,5.411919119069353e-05
2125,2016-08-05,7.731977530056611e-05,5.3047835535835475e-05
2126,2016-08-08,1.4619017747463658e-05,5.19795466971118e-05
2127,2016-08-09,4.6322918933583423e-05,5.1422102842479944e-05
2128,2016-08-10,7.268891931744292e-05,5.1746585086220875e-05
2129,2016-08-11,1.9459399482002482e-05,5.1268591050757095e-05
2130,2016-08-16,0.00011563783482415602,5.0750943046296015e-05
2131,2016-08-17,1.818023702071514e-05,5.05157804582268e-05
2132,2016-08-18,1.8292326785740443e-05,5.082185089122504e-05
2133,2016-08-19,1.807817716326099e-05,5.1268929382786155e-05
2134,2016-08-22,2.236352338513825e-05,5.104052252136171e-05
2135,2016-08-23,2.3924538254505023e-05,5.0369544624118134e-05
2136,2016-08-24,1.1771696335927118e-05,5.026723010814749e-05
2137,2016-08-25,4.9258505896432325e-05,5.007398431189358e-05
2138,2016-08-26,3.3538985007908195e-05,5.054059874964878e-05
2139,2016-08-29,3.214490061509423e-05,5.0485927204135805e-05
2140,2016-08-30,7.325084879994392e-05,5.0831353291869164e-05
2141,2016-08-31,2.4144324925146066e-05,5.021247125114314e-05
2142,2016-09-01,1.2999979844607878e-05,4.936799086863175e-05
2143,2016-09-02,2.0260351448087022e-05,5.010173481423408e-05
2144,2016-09-06,6.853433296782896e-05,5.037992013967596e-05
2145,2016-09-07,2.129177300957963e-05,5.1100181735819206e-05
2146,2016-09-08,1.7958991520572454e-05,5.171220254851505e-05
2147,2016-09-09,3.173212462570518e-05,5.2151888667140156e-05
2148,2016-09-12,0.00024089048383757472,5.080881601315923e-05
2149,2016-09-14,1.195515778817935e-05,5.097805478726514e-05
2150,2016-09-15,1.7649766959948465e-05,5.1997692935401574e-05
2151,2016-09-16,6.524267519125715e-05,5.181013693800196e-05
2152,2016-09-19,1.171860276372172e-05,5.23855269420892e-05
2153,2016-09-20,1.6062940630945377e-05,5.212404721532948e-05
2154,2016-09-21,2.4533315809094347e-05,5.110057463753037e-05
2155,2016-09-22,0.00013218038657214493,5.032680928707123e-05
2156,2016-09-23,2.0488347217906266e-05,5.0232581997988746e-05
2157,2016-09-26,4.6643646783195436e-05,5.0171540351584554e-05
2158,2016-09-27,3.539572571753524e-05,4.954377800459042e-05
2159,2016-09-28,1.8934659237856977e-05,4.9985668738372624e-05
2160,2016-09-29,0.0002950638299807906,5.01941358379554e-05
2161,2016-09-30,3.140166882076301e-05,5.042870907345787e-05
2162,2016-10-03,9.685455734143034e-05,5.0751717935781926e-05
2163,2016-10-04,2.463076998537872e-05,5.0647569878492504e-05
2164,2016-10-05,4.353678014012985e-05,5.027020233683288e-05
2165,2016-10-06,4.943145177094266e-05,4.984024781151675e-05
2166,2016-10-07,2.2117381377029233e-05,5.0059232307830825e-05
2167,2016-10-10,2.6576215532259084e-05,4.968581924913451e-05
2168,2016-10-13,0.0001093912505893968,4.947304478264414e-05
2169,2016-10-14,2.161861448257696e-05,4.964248000760563e-05
2170,2016-10-17,6.73610920784995e-05,5.0200258556287736e-05
2171,2016-10-18,9.377855894854292e-05,4.985365012544207e-05
2172,2016-10-19,2.41722500504693e-05,4.943621388520114e-05
2173,2016-10-20,2.660175050550606e-05,4.997461292077787e-05
2174,2016-10-21,2.2600115698878653e-05,4.954991891281679e-05
2175,2016-10-24,1.587436236150097e-05,4.930606883135624e-05
2176,2016-10-25,2.0738973034895025e-05,4.9418296839576215e-05
2177,2016-10-26,3.348784593981691e-05,4.960755541105755e-05
2178,2016-10-27,3.583854777389206e-05,4.959118814440444e-05
2179,2016-10-28,2.772810694295913e-05,5.0089216529158875e-05
2180,2016-11-01,1.6677333405823447e-05,5.0446462410036474e-05
2181,2016-11-02,0.00010368952644057572,5.0192978960694745e-05
2182,2016-11-03,2.3859327484387904e-05,5.264460196485743e-05
2183,2016-11-04,6.0329541156534106e-05,5.3090854635229334e-05
2184,2016-11-07,0.00015931746747810394,5.37604428245686e-05
2185,2016-11-08,6.288650183705613e-05,5.287207386572845e-05
2186,2016-11-09,0.004401917569339275,5.263065031613223e-05
2187,2016-11-10,0.000250047305598855,5.317410614225082e-05
2188,2016-11-11,0.00021540238230954856,5.262683407636359e-05
2189,2016-11-15,0.00019494365551508963,5.1592451200122014e-05
2190,2016-11-16,0.00021725603437516838,5.3099411161383614e-05
2191,2016-11-17,4.575661296257749e-05,5.2729719755006954e-05
2192,2016-11-18,3.777465462917462e-05,5.3430099796969444e-05
2193,2016-11-21,0.00019552437879610807,5.445555143523961e-05
2194,2016-11-22,9.7018746600952e-05,5.406718628364615e-05
2195,2016-11-23,8.808478742139414e-05,5.285331644699909e-05
2196,2016-11-24,3.454813122516498e-05,5.2158957259962335e-05
2197,2016-11-25,0.00014063980779610574,5.1359169447096065e-05
2198,2016-11-28,4.9876052798936144e-05,5.0805134378606454e-05
2199,2016-11-29,3.722626934177242e-05,5.051491825724952e-05
2200,2016-11-30,6.104988278821111e-05,5.0718044803943485e-05
2201,2016-12-01,2.7125181077281013e-05,5.07520126120653e-05
2202,2016-12-02,6.439450953621417e-05,5.0339484005235136e-05
2203,2016-12-05,3.84895465685986e-05,5.027509541832842e-05
2204,2016-12-06,2.122343357768841e-05,5.016350405639969e-05
2205,2016-12-07,7.392314728349447e-05,5.087198951514438e-05
2206,2016-12-08,9.320241224486381e-05,5.089552723802626e-05
2207,2016-12-09,1.5665396858821623e-05,5.1347662520129234e-05
2208,2016-12-12,4.462919969228096e-05,5.8134661230724305e-05
2209,2016-12-13,4.142108446103521e-05,6.122987542767078e-05
2210,2016-12-14,2.2952555809752084e-05,6.72712194500491e-05
2211,2016-12-15,0.00011869449372170493,7.435522275045514e-05
2212,2016-12-16,2.3000542569207028e-05,7.673080108361319e-05
2213,2016-12-19,9.958052942238282e-06,7.567655120510608e-05
2214,2016-12-20,1.9873768906109035e-05,7.274244853761047e-05
2215,2016-12-21,2.6469222575542517e-05,7.554906187579036e-05
2216,2016-12-22,4.0245438867714256e-05,7.454692240571603e-05
2217,2016-12-23,3.451612064964138e-05,7.326587365241721e-05
2218,2016-12-26,3.8194313674466684e-05,7.084126264089718e-05
2219,2016-12-27,0.00010602977272355929,7.193495548563078e-05
2220,2016-12-28,4.073487070854753e-05,7.111357263056561e-05
2221,2016-12-29,4.248864934197627e-05,6.936685531400144e-05
2222,2016-12-30,3.8328045775415376e-05,6.903398752911016e-05
2223,2017-01-02,4.8658912419341505e-05,6.726807623635978e-05
2224,2017-01-03,3.069614103878848e-05,6.834622035967186e-05
2225,2017-01-04,8.760079253988806e-06,6.822132127126679e-05
2226,2017-01-05,3.672452658065595e-05,6.548796955030411e-05
2227,2017-01-06,2.82863784377696e-05,6.552119884872809e-05
2228,2017-01-09,9.768205018190201e-06,6.525201024487615e-05
2229,2017-01-10,1.577498551341705e-05,6.126609514467418e-05
2230,2017-01-11,4.3758183892350644e-05,5.8665256801759824e-05
2231,2017-01-12,7.278793873410905e-06,5.7027362345252186e-05
2232,2017-01-13,7.491017458960414e-05,5.581832374446094e-05
2233,2017-01-16,1.4146459761832375e-05,5.676772343576886e-05
2234,2017-01-17,1.856931521615479e-05,5.513283031177707e-05
2235,2017-01-18,2.5169345462927595e-05,5.305633385432884e-05
2236,2017-01-19,8.008972145034932e-06,5.204105036682449e-05
2237,2017-01-20,4.643854117603041e-05,5.1262963097542524e-05
2238,2017-01-23,3.456803460721858e-05,5.126584801473655e-05
2239,2017-01-24,3.5922450479120016e-05,5.148191485204734e-05
2240,2017-01-25,7.280823774635792e-05,5.177023194846697e-05
2241,2017-01-27,2.3489244995289482e-05,5.271287591313012e-05
2242,2017-01-30,9.964371201931499e-06,5.3074203606229275e-05
2243,2017-01-31,2.91180895146681e-05,5.323402729118243e-05
2244,2017-02-01,0.00015874826931394637,5.299595795804635e-05
2245,2017-02-02,2.4367896912735887e-05,5.335214518709108e-05
2246,2017-02-03,8.876815627445467e-06,5.331054126145318e-05
2247,2017-02-06,3.406682299100794e-05,5.1791317673632875e-05
2248,2017-02-07,2.2835287381894886e-05,5.100290582049638e-05
2249,2017-02-08,3.1602688977727666e-05,5.084832082502544e-05
2250,2017-02-09,5.3268155170371756e-05,5.2311941544758156e-05
2251,2017-02-10,2.6676414563553408e-05,5.184157271287404e-05
2252,2017-02-13,3.9691229176241904e-05,5.181408778298646e-05
2253,2017-02-14,1.4329603800433688e-05,5.1753002480836585e-05
2254,2017-02-15,4.277596963220276e-05,5.250501635600813e-05
2255,2017-02-16,2.1509211364900693e-05,5.2659317589132115e-05
2256,2017-02-17,0.0001796742872102186,5.285805673338473e-05
2257,2017-02-20,2.524720912333578e-05,5.293029244057834e-05
2258,2017-02-21,1.7877668142318726e-05,5.25857976754196e-05
2259,2017-02-22,2.0058045265614055e-05,5.310300912242383e-05
2260,2017-02-23,2.396454510744661e-05,5.320367927197367e-05
2261,2017-02-27,1.703708949207794e-05,5.309778862283565e-05
2262,2017-02-28,9.45041210798081e-06,5.338690971257165e-05
2263,2017-03-01,2.435147325741127e-05,5.321737990016118e-05
2264,2017-03-02,7.088748679962009e-05,5.276271986076608e-05
2265,2017-03-03,1.341015195066575e-05,5.2977407904108986e-05
2266,2017-03-06,1.6167123249033466e-05,5.435152706922963e-05
2267,2017-03-07,1.1820023246400524e-05,5.4262083722278476e-05
2268,2017-03-08,2.0645040422095917e-05,5.3200230468064547e-05
2269,2017-03-09,1.0170508176088333e-05,5.238592348177917e-05
2270,2017-03-10,3.0536833946825936e-05,5.2509371016640216e-05
2271,2017-03-14,0.00031938316533342004,5.283986320137046e-05
2272,2017-03-15,4.280268058209913e-06,5.3569136071018875e-05
2273,2017-03-16,2.7903506634174846e-05,5.327699545887299e-05
2274,2017-03-17,5.4625845223199576e-05,5.319536285242066e-05
2275,2017-03-20,1.153956418420421e-05,5.2832056098850444e-05
2276,2017-03-21,1.685989263933152e-05,5.328644692781381e-05
2277,2017-03-22,7.936115434858948e-05,5.3070252761244774e-05
2278,2017-03-23,1.5104709746083245e-05,5.340091229300015e-05
2279,2017-03-24,1.2009574675175827e-05,5.325312304194085e-05
2280,2017-03-27,2.4136059437296353e-05,5.283189966576174e-05
2281,2017-03-28,2.0069814127054997e-05,5.2508319640764967e-05
2282,2017-03-29,1.749678995111026e-05,5.234877244220115e-05
2283,2017-03-30,8.786141734162811e-06,5.250286267255433e-05
2284,2017-03-31,9.287195098295342e-06,5.242325642029755e-05
2285,2017-04-03,3.854203168884851e-05,5.2254999900469556e-05
2286,2017-04-05,2.772213156276848e-05,5.318948024068959e-05
2287,2017-04-06,1.541592246212531e-05,5.301344208419323e-05
2288,2017-04-07,3.33794996549841e-05,5.248013258096762e-05
2289,2017-04-10,1.924202842928935e-05,5.2268060244387016e-05
2290,2017-04-11,1.9572036762838252e-05,5.2420509746298194e-05
2291,2017-04-12,3.3999214792856947e-05,5.233973570284434e-05
2292,2017-04-13,1.3511074939742684e-05,5.253160998108797e-05
2293,2017-04-17,6.740674507454969e-06,5.246492219157517e-05
2294,2017-04-18,7.40729010431096e-05,5.2197472541593015e-05
2295,2017-04-19,1.041732684825547e-05,5.163305831956677e-05
2296,2017-04-20,7.113924766599666e-06,5.197696737013757e-05
2297,2017-04-21,6.049235526006669e-05,5.221918036113493e-05
2298,2017-04-24,3.913580803782679e-05,5.239692109171301e-05
2299,2017-04-25,5.047605372965336e-05,5.2780178521061316e-05
2300,2017-04-26,2.7921392756979913e-05,5.252279152045958e-05
2301,2017-04-27,8.628610885352828e-06,5.2233674068702385e-05
2302,2017-04-28,1.560076452733483e-05,5.252960181678645e-05
2303,2017-05-02,4.456539681996219e-05,5.207535650697537e-05
2304,2017-05-03,2.0351038983790204e-05,5.1856954087270424e-05
2305,2017-05-04,3.820163692580536e-05,5.180623702472076e-05
2306,2017-05-05,4.5730703277513385e-05,5.178489300305955e-05
2307,2017-05-08,1.4690167517983355e-05,5.17424414283596e-05
2308,2017-05-09,1.021510615828447e-05,5.199436782277189e-05
2309,2017-05-10,2.9831555366399698e-05,5.2146522648399696e-05
2310,2017-05-11,2.531701284169685e-05,5.257736484054476e-05
2311,2017-05-12,2.106964348058682e-05,5.2560171752702445e-05
2312,2017-05-15,1.4732341696799267e-05,5.2483839681372046e-05
2313,2017-05-16,1.6592426618444733e-05,5.294579023029655e-05
2314,2017-05-17,1.0438748176966328e-05,5.292928472044878e-05
2315,2017-05-18,7.933512097224593e-05,5.255285577732138e-05
2316,2017-05-19,6.74203474773094e-05,5.327994585968554e-05
2317,2017-05-22,4.953777533955872e-05,5.2965689974371344e-05
2318,2017-05-23,2.4268731067422777e-05,5.2381481509655714e-05
2319,2017-05-24,3.774260403588414e-05,5.271755071589723e-05
2320,2017-05-25,8.504356810590252e-05,5.283689097268507e-05
2321,2017-05-26,4.429042019182816e-05,5.2571806008927524e-05
2322,2017-05-29,4.417749005369842e-05,5.251668335404247e-05
2323,2017-05-30,1.2796530427294783e-05,5.234008494880982e-05
2324,2017-05-31,7.37570553610567e-06,5.2420808060560375e-05
2325,2017-06-01,1.06442885225988e-05,5.278753087623045e-05
2326,2017-06-02,2.2748410628992133e-05,5.2656254410976544e-05
2327,2017-06-05,7.806675057508983e-06,5.2260082156863064e-05
2328,2017-06-06,3.162716893712059e-05,5.2940995374228805e-05
2329,2017-06-07,1.712045013846364e-05,5.2599989430746064e-05
2330,2017-06-08,1.1661233656923287e-05,5.2140156185487285e-05
2331,2017-06-09,1.916395740408916e-05,5.201638850849122e-05
2332,2017-06-12,1.4579824892280158e-05,5.190019146539271e-05
2333,2017-06-13,1.4914646271790843e-05,5.218910882831551e-05
2334,2017-06-14,1.384595816489309e-05,5.180712469154969e-05
2335,2017-06-15,1.4030683814780787e-05,5.174836405785754e-05
2336,2017-06-16,1.241309382749023e-05,5.180070729693398e-05
2337,2017-06-19,2.820215013343841e-05,5.2509021770674735e-05
2338,2017-06-20,5.669833171850769e-06,5.357358168112114e-05
2339,2017-06-21,8.3988797996426e-06,5.3644951549358666e-05
2340,2017-06-22,3.096389991696924e-05,5.35659164597746e-05
2341,2017-06-23,2.674705501704011e-05,5.3642852435586974e-05
2342,2017-06-27,7.875594747019932e-05,5.392238745116629e-05
2343,2017-06-28,1.021156094793696e-05,5.3907479014014825e-05
2344,2017-06-29,4.209982216707431e-05,5.381711889640428e-05
2345,2017-06-30,3.6050980270374566e-05,5.308159234118648e-05
2346,2017-07-03,7.711395301157609e-05,5.2398467232706025e-05
2347,2017-07-04,2.1859996195416898e-05,5.20560861332342e-05
2348,2017-07-05,5.322527158568846e-06,5.170228905626573e-05
2349,2017-07-06,1.6366480849683285e-05,5.168292045709677e-05
2350,2017-07-07,6.611300250369823e-06,5.213588519836776e-05
2351,2017-07-10,0.00010861316695809364,5.2132301789242774e-05
2352,2017-07-11,1.850002445280552e-05,5.21398542332463e-05
2353,2017-07-12,9.87342900771182e-06,5.226865687291138e-05
2354,2017-07-13,2.29493834922323e-05,5.237863297224976e-05
2355,2017-07-14,2.606822454254143e-05,5.243791383691132e-05
2356,2017-07-17,8.633087418274954e-06,5.230046735960059e-05
2357,2017-07-18,0.00010178567026741803,5.241426333668642e-05
2358,2017-07-19,1.8406262825010344e-05,5.230724855209701e-05
2359,2017-07-20,1.6514064554939978e-05,5.213279655436054e-05
2360,2017-07-21,4.173910565441474e-05,5.197081918595359e-05
2361,2017-07-24,1.780841193976812e-05,5.191207310417667e-05
2362,2017-07-25,3.32866475218907e-05,5.2291041356511414e-05
2363,2017-07-26,1.6205962310777977e-05,5.2789950132137164e-05
2364,2017-07-27,6.147011299617589e-05,5.407987555372529e-05
2365,2017-07-28,3.325393481645733e-05,5.353634333005175e-05
2366,2017-07-31,2.00326758204028e-05,5.3270596254151314e-05
2367,2017-08-01,1.992584475374315e-05,5.3286195907276124e-05
2368,2017-08-02,2.967984983115457e-05,5.315692396834493e-05
2369,2017-08-03,2.373468851146754e-05,5.2828629122814164e-05
2370,2017-08-04,2.5783081582630984e-05,5.226531357038766e-05
2371,2017-08-07,6.4170349105552305e-06,5.2049730584258214e-05
2372,2017-08-08,6.44359752186574e-05,5.196452548261732e-05
2373,2017-08-09,2.317804319318384e-05,5.2652787417173386e-05
2374,2017-08-10,6.127222877694294e-05,5.2616098400903866e-05
2375,2017-08-11,0.00015241997607517987,5.2165425586281344e-05
2376,2017-08-14,3.8025602407287806e-05,5.178489300305955e-05
2377,2017-08-16,7.575647759949788e-05,5.206686182646081e-05
2378,2017-08-17,3.87058753403835e-05,5.185363988857716e-05
2379,2017-08-18,4.8080008127726614e-05,5.2736362704308704e-05
2380,2017-08-21,8.011527825146914e-05,5.2487594075500965e-05
2381,2017-08-22,5.944538861513138e-05,5.242890620138496e-05
2382,2017-08-23,3.266951171099208e-05,5.2656101615866646e-05
2383,2017-08-24,1.234770843439037e-05,5.255084761301987e-05
2384,2017-08-28,3.2650546927470714e-05,5.250366302789189e-05
2385,2017-08-29,4.501205694396049e-05,5.233050251263194e-05
2386,2017-08-30,5.4271866247290745e-05,5.296832023304887e-05
2387,2017-08-31,2.6157978936680593e-05,5.331303327693604e-05
2388,2017-09-01,2.33470018429216e-05,5.2989944379078224e-05
2389,2017-09-04,6.350992771331221e-05,5.2657505875686184e-05
2390,2017-09-05,1.8671689758775756e-05,5.2822833822574466e-05
2391,2017-09-06,3.6567154893418774e-05,5.3062656661495566e-05
2392,2017-09-07,1.6651363694109023e-05,5.303321813698858e-05
2393,2017-09-08,1.7788925106287934e-05,5.259768295218237e-05
2394,2017-09-11,2.6991641789209098e-05,5.333246008376591e-05
2395,2017-09-12,4.345136767369695e-05,5.350327046471648e-05
2396,2017-09-13,1.66121080837911e-05,5.41569315828383e-05
2397,2017-09-14,1.802123551897239e-05,5.4796146287117153e-05
2398,2017-09-15,2.2840953533886932e-05,5.3924391977488995e-05
2399,2017-09-18,2.8430065867723897e-05,5.3771054808748886e-05
2400,2017-09-19,1.331340718024876e-05,5.32166232005693e-05
2401,2017-09-20,6.158232281450182e-06,5.320012496667914e-05
2402,2017-09-21,3.884991383529268e-05,5.4309919505612925e-05
2403,2017-09-22,7.596338400617242e-05,5.4203017498366535e-05
2404,2017-09-25,8.212723332690075e-05,5.3373871196527034e-05
2405,2017-09-26,2.7087568014394492e-05,5.2356863307068124e-05
2406,2017-09-27,0.00017589516937732697,5.1664337661350146e-05
2407,2017-09-28,3.8961228710832074e-05,5.236564902588725e-05
2408,2017-09-29,4.5085689635016024e-05,5.226476423558779e-05
2409,2017-10-03,0.0001297253038501367,5.234592754277401e-05
2410,2017-10-04,3.269684748374857e-05,5.2379080443643034e-05
2411,2017-10-05,1.5919267752906308e-05,5.354563836590387e-05
2412,2017-10-06,2.7429538022261113e-05,5.334059824235737e-05
2413,2017-10-09,1.122186949942261e-05,5.291247725836001e-05
2414,2017-10-10,9.632889486965723e-06,5.247362423688173e-05
2415,2017-10-11,4.78383299196139e-05,5.2206185500836e-05
2416,2017-10-12,6.303510599536821e-05,5.1999079005327076e-05
2417,2017-10-13,2.5353179808007553e-05,5.1977913244627416e-05
2418,2017-10-16,3.1311032216763124e-05,5.2291339670773596e-05
2419,2017-10-17,4.97480914418702e-06,5.231807881500572e-05
2420,2017-10-18,1.7888311049318872e-05,5.2515577408485115e-05
2421,2017-10-19,2.695411239983514e-05,5.2135979785816744e-05
2422,2017-10-23,4.098398130736314e-05,5.2066065109102055e-05
2423,2017-10-24,2.0742354536196217e-05,5.191331001697108e-05
2424,2017-10-25,0.00015704370161984116,5.246802538749762e-05
2425,2017-10-26,2.2367874407791533e-05,5.3848136303713545e-05
2426,2017-10-27,1.2819872608815785e-05,5.5254211474675685e-05
2427,2017-10-30,1.4238824405765627e-05,5.4767886467743665e-05
2428,2017-10-31,6.224148364708526e-06,5.612942550214939e-05
2429,2017-11-01,4.280633220332675e-05,5.560208228416741e-05
2430,2017-11-02,4.990975867258385e-06,5.4467032896354795e-05
2431,2017-11-03,3.052274405490607e-05,5.348643389879726e-05
2432,2017-11-06,2.302938446518965e-05,5.304439764586277e-05
2433,2017-11-07,7.130099402274936e-05,5.2623418014263734e-05
2434,2017-11-08,3.181357169523835e-05,5.228186273598112e-05
2435,2017-11-09,6.42759696347639e-05,5.206065543461591e-05
2436,2017-11-10,2.8210273740114644e-05,5.1624148909468204e-05
2437,2017-11-13,4.437624738784507e-05,5.233069896348752e-05
2438,2017-11-14,1.733719909680076e-05,5.312939902069047e-05
2439,2017-11-15,2.5035664293682203e-05,5.3060080972500145e-05
2440,2017-11-16,3.9775313780410215e-05,5.280137702357024e-05
2441,2017-11-17,0.00013224266876932234,5.235460776020773e-05
2442,2017-11-20,8.096327292150818e-06,5.23145790793933e-05
2443,2017-11-21,1.558223993924912e-05,5.278642493067309e-05
2444,2017-11-22,1.683916343608871e-05,5.323676668922417e-05
2445,2017-11-23,1.8333874322706833e-05,5.294902439345606e-05
2446,2017-11-24,8.86905581864994e-06,5.316943861544132e-05
2447,2017-11-27,2.2051985069992952e-05,5.313188012223691e-05
2448,2017-11-28,1.0459025361342356e-05,5.274344948702492e-05
2449,2017-11-29,7.1987765295489226e-06,5.2183637308189645e-05
2450,2017-11-30,5.557912663789466e-05,5.202884858590551e-05
2451,2017-12-01,0.00010077698243549094,5.1823630201397464e-05
2452,2017-12-04,5.265549771138467e-05,5.185665577300824e-05
2453,2017-12-05,2.220015630882699e-05,5.185843474464491e-05
2454,2017-12-06,2.5101624487433583e-05,5.225250424700789e-05
2455,2017-12-07,5.2367446187417954e-05,5.351735308067873e-05
2456,2017-12-08,2.8177335479995236e-05,5.4058888053987175e-05
2457,2017-12-11,2.7366517315385863e-05,5.423549373517744e-05
2458,2017-12-12,2.9716160497628152e-05,5.398660505306907e-05
2459,2017-12-13,5.509887705557048e-05,5.4156520491233096e-05
2460,2017-12-14,8.30488934298046e-05,5.369439531932585e-05
2461,2017-12-15,9.192017751047388e-05,5.3390067478176206e-05
2462,2017-12-18,0.0005323058576323092,5.306585080688819e-05
2463,2017-12-19,1.9758039343287237e-05,5.288598913466558e-05
2464,2017-12-20,1.9135395632474683e-05,5.2445815526880324e-05
2465,2017-12-21,1.5427585822180845e-05,5.1950155466329306e-05
2466,2017-12-22,1.1166901458636858e-05,5.1865208661183715e-05
2467,2017-12-26,1.8271386579726823e-05,5.201122985454276e-05
2468,2017-12-27,2.0801584469154477e-05,5.1838112995028496e-05
2469,2017-12-28,1.804126804927364e-05,5.1974835514556617e-05
2470,2017-12-29,9.56522944761673e-06,5.214518023421988e-05
2471,2018-01-02,5.171116936253384e-05,5.210705057834275e-05
2472,2018-01-03,3.1764371669851243e-05,5.3022140491520986e-05
2473,2018-01-04,2.2965012249187566e-05,5.4520245612366125e-05
2474,2018-01-05,1.4316763554234058e-05,5.4458199883811176e-05
2475,2018-01-08,1.5130098290683236e-05,5.3876432502875105e-05
2476,2018-01-09,1.4203304090187885e-05,5.341058931662701e-05
2477,2018-01-10,1.7375055904267356e-05,5.3206011216389015e-05
2478,2018-01-11,8.562024959246628e-06,5.275028888718225e-05
2479,2018-01-12,5.098296605865471e-05,5.219816739554517e-05
2480,2018-01-15,2.9478160286089405e-05,5.254122879705392e-05
2481,2018-01-16,2.0088695237063803e-05,5.349041384761222e-05
2482,2018-01-17,5.516301825991832e-05,5.451234392239712e-05
2483,2018-01-18,9.389543265569955e-05,5.377561683417298e-05
2484,2018-01-19,3.8920486986171454e-05,5.75344092794694e-05
2485,2018-01-22,2.6090188839589246e-05,5.566787513089366e-05
2486,2018-01-23,3.496247518341988e-05,5.3667467000195757e-05
2487,2018-01-24,1.2699417311523575e-05,5.245596912573092e-05
2488,2018-01-25,3.086536889895797e-05,5.181799133424647e-05
2489,2018-01-29,2.913003299909178e-05,5.171886004973203e-05
2490,2018-01-30,2.2248332243179902e-05,5.21977199241519e-05
2491,2018-01-31,2.5084731532842852e-05,5.2534065616782755e-05
2492,2018-02-01,0.0001697163243079558,5.225559652899392e-05
2493,2018-02-02,0.00018864373851101846,5.282575511955656e-05
2494,2018-02-05,0.0002545803436078131,5.299681652104482e-05
2495,2018-02-06,0.0015833994839340448,5.2785620937356725e-05
2496,2018-02-07,0.00019340537255629897,5.229772432358004e-05
2497,2018-02-08,9.166018571704626e-05,5.1869512390112504e-05
2498,2018-02-09,0.00025401063612662256,5.1842063840013e-05
2499,2018-02-12,5.194956611376256e-05,5.2005972975166515e-05
2500,2018-02-14,7.772832759656012e-05,4.571735917124897e-05
2501,2018-02-15,5.2389172196853906e-05,4.684380110120401e-05
2502,2018-02-16,0.00012020627036690712,4.735441325465217e-05
2503,2018-02-19,0.00013711853534914553,4.738513962365687e-05
2504,2018-02-20,2.3954102289280854e-05,4.895028177998029e-05
2505,2018-02-21,6.480400770669803e-05,5.060484545538202e-05
2506,2018-02-22,2.7270330974715762e-05,5.149374919710681e-05
2507,2018-02-23,3.836765245068818e-05,5.096512541058473e-05
2508,2018-02-26,2.7412410418037325e-05,5.05000825796742e-05
2509,2018-02-27,3.604351877584122e-05,4.9417543777963147e-05
2510,2018-02-28,5.5636348406551406e-05,4.9454745749244466e-05
2511,2018-03-01,2.3497130314353853e-05,4.97484506922774e-05
2512,2018-03-05,4.607329174177721e-05,4.9673781177261844e-05
2513,2018-03-06,0.0001957195345312357,4.967520362697542e-05
2514,2018-03-07,3.606748578022234e-05,5.403785689850338e-05
2515,2018-03-08,9.154347935691476e-05,6.329842290142551e-05
2516,2018-03-09,3.0892730137566105e-05,6.777620001230389e-05
2517,2018-03-12,0.00011315705341985449,7.906268001534045e-05
2518,2018-03-13,4.5168235374148935e-05,7.831129914848134e-05
2519,2018-03-14,3.9102040318539366e-05,7.335850386880338e-05
2520,2018-03-15,1.7136851965915412e-05,7.012458809185773e-05
2521,2018-03-16,9.122024493990466e-05,6.230744475033134e-05
2522,2018-03-19,7.701231515966356e-05,6.14241071161814e-05
2523,2018-03-20,5.7868706790031865e-05,6.047931674402207e-05
2524,2018-03-21,6.226449477253482e-05,6.416138785425574e-05
2525,2018-03-22,3.8342157495208085e-05,7.033342262730002e-05
2526,2018-03-23,0.00023086636792868376,6.5600048401393e-05
2527,2018-03-26,0.00011558613914530724,6.0706650401698425e-05
2528,2018-03-27,4.8663878260413185e-05,5.6135635531973094e-05
2529,2018-03-28,2.8168147764517926e-05,5.476240403368138e-05
2530,2018-04-02,4.235412779962644e-05,5.325998063199222e-05
2531,2018-04-03,2.8888020096928813e-05,5.329030682332814e-05
2532,2018-04-04,0.00010102757369168103,5.355156827135943e-05
2533,2018-04-05,0.00013161169772502035,5.320306809153408e-05
2534,2018-04-06,1.1600837751757354e-05,5.418586079031229e-05
2535,2018-04-09,1.547682040836662e-05,6.085236600483768e-05
2536,2018-04-10,1.6393896657973528e-05,6.110224785516039e-05
2537,2018-04-11,3.3869247999973595e-05,6.076028148527257e-05
2538,2018-04-12,1.7551974451635033e-05,5.775783574790694e-05
2539,2018-04-13,2.6384213924757205e-05,5.704324576072395e-05
2540,2018-04-16,0.00012625603994820267,5.6740769650787115e-05
2541,2018-04-17,2.7473470254335552e-05,5.592446177615784e-05
2542,2018-04-18,2.9589893529191613e-05,5.422209869720973e-05
2543,2018-04-19,1.4944375834602397e-05,5.6592962209833786e-05
2544,2018-04-20,9.785724614630453e-06,6.01508108957205e-05
2545,2018-04-23,5.409091681940481e-05,5.941217750660144e-05
2546,2018-04-24,1.4517125237034634e-05,5.7778655900619924e-05
2547,2018-04-25,2.070831942546647e-05,5.6803139159455895e-05
2548,2018-04-26,1.704241913103033e-05,5.753369987360202e-05
2549,2018-04-27,2.6942392651108094e-05,5.991607758915052e-05
2550,2018-04-30,1.1135167369502597e-05,5.8000812714453787e-05
2551,2018-05-02,4.539680958259851e-05,5.540882557397708e-05
2552,2018-05-03,1.857702045526821e-05,5.455171412904747e-05
2553,2018-05-04,3.3617918234085664e-05,5.3762389143230394e-05
2554,2018-05-07,3.4700784453889355e-05,5.6555360060883686e-05
2555,2018-05-08,3.1674466299591586e-05,5.6992950703715906e-05
2556,2018-05-09,2.3418115233653225e-05,5.462516855914146e-05
2557,2018-05-10,3.1420120649272576e-05,5.246852379059419e-05
2558,2018-05-11,2.821428279276006e-05,5.0288810598431155e-05
2559,2018-05-14,1.1279239515715744e-05,4.964901745552197e-05
2560,2018-05-15,8.723168866708875e-05,4.925945177092217e-05
2561,2018-05-16,4.501574585447088e-05,4.897073085885495e-05
2562,2018-05-17,4.83283911307808e-05,5.0835518777603284e-05
2563,2018-05-18,2.310516902070958e-05,5.08256780449301e-05
2564,2018-05-21,4.438868927536532e-05,5.086694727651775e-05
2565,2018-05-22,1.3964937352284323e-05,4.844421346206218e-05
2566,2018-05-23,4.3236344936303794e-05,4.717092451755889e-05
2567,2018-05-24,5.285261431708932e-05,4.8491954657947645e-05
2568,2018-05-25,3.629145066952333e-05,4.844370414502919e-05
2569,2018-05-28,3.10657087538857e-05,4.8461446567671373e-05
2570,2018-05-29,3.0276201869128272e-05,4.81378156109713e-05
2571,2018-05-30,5.077461901237257e-05,4.789922968484461e-05
2572,2018-05-31,8.863444963935763e-05,4.704979437519796e-05
2573,2018-06-01,2.0470124582061544e-05,4.764732875628397e-05
2574,2018-06-04,0.00011062235716963187,4.789977538166568e-05
2575,2018-06-05,2.474727079970762e-05,4.864541187998839e-05
2576,2018-06-06,3.734179335879162e-05,4.9004273023456335e-05
2577,2018-06-07,4.562680624076165e-05,4.876088132732548e-05
2578,2018-06-08,2.378075078013353e-05,4.852693382417783e-05
2579,2018-06-11,2.6726351279648952e-05,4.8511894419789314e-05
2580,2018-06-12,2.0557788957376033e-05,4.85942728118971e-05
2581,2018-06-13,2.4315806513186544e-05,4.7939720388967544e-05
2582,2018-06-14,1.831767258408945e-05,5.005894126952626e-05
2583,2018-06-15,2.1395586372818798e-05,5.142901500221342e-05
2584,2018-06-18,7.041532626317348e-06,5.235625940258615e-05
2585,2018-06-19,2.3973709176061675e-05,5.176608465262689e-05
2586,2018-06-20,1.4735517652297858e-05,5.2161147323204204e-05
2587,2018-06-21,3.227634078939445e-05,5.0876456953119487e-05
2588,2018-06-22,4.6945675421739e-05,5.139121276442893e-05
2589,2018-06-25,1.7566477254149504e-05,5.219050217419863e-05
2590,2018-06-26,2.0376846805447713e-05,5.211490497458726e-05
2591,2018-06-27,5.536366006708704e-05,5.0973540055565536e-05
2592,2018-06-28,4.21546574216336e-05,5.1061604608548805e-05
2593,2018-06-29,4.165627251495607e-05,5.1606184570118785e-05
2594,2018-07-02,6.042402674211189e-05,5.344101009541191e-05
2595,2018-07-03,2.3016475097392686e-05,5.3088679123902693e-05
2596,2018-07-04,3.3188418456120417e-05,5.493145727086812e-05
2597,2018-07-05,1.4139338418317493e-05,5.4328469559550285e-05
2598,2018-07-06,2.2507561880047433e-05,5.37110936420504e-05
2599,2018-07-09,4.647385503631085e-05,5.330616477294825e-05
2600,2018-07-10,3.9757753256708384e-05,5.2148363465676084e-05
2601,2018-07-11,8.697744306118693e-06,5.131604120833799e-05
2602,2018-07-12,5.148407581145875e-05,5.027490624343045e-05
2603,2018-07-13,2.339010279683862e-05,4.8979742132360116e-05
2604,2018-07-16,2.467134800099302e-05,4.8119734856300056e-05
2605,2018-07-17,2.4149439923348837e-05,4.820934555027634e-05
2606,2018-07-18,6.214300083229318e-05,4.692397124017589e-05
2607,2018-07-19,1.758825237629935e-05,4.6983393986010924e-05
2608,2018-07-20,1.9848690499202348e-05,4.664369043894112e-05
2609,2018-07-23,1.947811324498616e-05,4.699110286310315e-05
2610,2018-07-24,1.1891990652657114e-05,4.851064659305848e-05
2611,2018-07-25,7.020719294814626e-06,4.869693293585442e-05
2612,2018-07-26,1.0031217243522406e-05,4.855674706050195e-05
2613,2018-07-27,4.90743295813445e-05,5.0041806389344856e-05
2614,2018-07-30,1.6007674275897443e-05,5.179472282179631e-05
2615,2018-07-31,2.8566852051881142e-05,5.166547271073796e-05
2616,2018-08-01,1.5292016541934572e-05,5.290904300636612e-05
2617,2018-08-02,2.601800770207774e-05,5.2256840717745945e-05
2618,2018-08-03,3.6408757296158e-05,5.176959166419692e-05
2619,2018-08-06,2.130390021193307e-05,5.0082911911886185e-05
2620,2018-08-07,2.373432471358683e-05,4.944437023368664e-05
2621,2018-08-08,2.2034620997146703e-05,4.8653808335075155e-05
2622,2018-08-09,1.902610711113084e-05,4.862208152189851e-05
2623,2018-08-10,9.180755114357453e-06,4.772199463332072e-05
2624,2018-08-13,3.9882277633296326e-05,4.804113632417284e-05
2625,2018-08-14,2.2426334908232093e-05,4.810564496438019e-05
2626,2018-08-16,3.167558315908536e-05,4.8439454985782504e-05
2627,2018-08-17,2.870552816602867e-05,4.8716439778218046e-05
2628,2018-08-20,1.8632004866958596e-05,5.017896182835102e-05
2629,2018-08-21,1.0499690688448027e-05,4.985597843187861e-05
2630,2018-08-23,3.522509723552503e-05,4.943026942783035e-05
2631,2018-08-24,1.5354284187196754e-05,4.880736014456488e-05
2632,2018-08-27,4.5263142965268344e-05,4.7529421863146126e-05
2633,2018-08-28,1.758649159455672e-05,4.626128793461248e-05
2634,2018-08-29,1.3853459677193314e-05,4.571739918901585e-05
2635,2018-08-30,1.1201650522707496e-05,4.60714909422677e-05
2636,2018-08-31,1.884311313915532e-05,4.624448774848133e-05
2637,2018-09-03,0.00012223835801705718,4.7125646233325824e-05
2638,2018-09-04,3.1067305826582015e-05,4.752352469949983e-05
2639,2018-09-05,6.367026799125597e-05,4.798825102625415e-05
2640,2018-09-06,5.727568350266665e-05,4.7755685955053195e-05
2641,2018-09-07,4.728424391942099e-05,4.719990101875737e-05
2642,2018-09-10,5.710541154257953e-05,4.703593731392175e-05
2643,2018-09-11,0.00012209342094138265,4.7224304580595344e-05
2644,2018-09-12,8.180533768609166e-05,4.6376051614061e-05
2645,2018-09-14,6.361413397826254e-05,4.573449768940918e-05
2646,2018-09-17,4.435335722519085e-05,4.6094864956103265e-05
2647,2018-09-18,5.4041724069975317e-05,4.654610529541969e-05
2648,2018-09-19,5.749991032644175e-05,4.733983223559335e-05
2649,2018-09-21,0.0007420447655022144,4.701140278484672e-05
2650,2018-09-24,0.0001462746295146644,4.65312841697596e-05
2651,2018-09-25,0.0001230365742230788,4.570920646074228e-05
2652,2018-09-26,0.00012278994836378843,4.59449875052087e-05
2653,2018-09-27,5.72920216654893e-05,4.6312321501318365e-05
2654,2018-09-28,0.00010959059000015259,4.7155768697848544e-05
2655,2018-10-01,0.00014608628407586366,4.674424053519033e-05
2656,2018-10-03,6.537420995300636e-05,4.652915595215745e-05
2657,2018-10-04,0.0002271176635986194,4.6225348341977224e-05
2658,2018-10-05,0.00030825290014036,4.6688819566043094e-05
2659,2018-10-08,0.00013698900875169784,4.9396716349292547e-05
2660,2018-10-09,6.11723298789002e-05,5.07018412463367e-05
2661,2018-10-10,9.280948870582506e-05,5.2954728744225577e-05
2662,2018-10-11,0.0009303693077526987,5.401441376307048e-05
2663,2018-10-12,0.00017932507034856826,5.41337467439007e-05
2664,2018-10-15,9.52036862145178e-05,5.5131884437287226e-05
2665,2018-10-16,3.169002593494952e-05,5.9250964113743976e-05
2666,2018-10-17,0.00032168772304430604,5.969950871076435e-05
2667,2018-10-19,0.00017242037574760616,5.6289918575203046e-05
2668,2018-10-22,0.00020672890241257846,5.4755615565227345e-05
2669,2018-10-23,0.00013030559057369828,5.549624256673269e-05
2670,2018-10-24,0.00027421602862887084,5.5980595789151266e-05
2671,2018-10-25,0.00010284905147273093,6.913004472153261e-05
2672,2018-10-26,5.240746759227477e-05,7.569177250843495e-05
2673,2018-10-29,0.00023782849893905222,7.490067218896002e-05
2674,2018-10-30,4.097358396393247e-05,7.276944234035909e-05
2675,2018-10-31,0.0002989836211781949,6.9930509198457e-05
2676,2018-11-01,6.341986590996385e-05,7.039576303213835e-05
2677,2018-11-02,0.00013586475688498467,7.177125371526927e-05
2678,2018-11-05,2.696303272387013e-05,7.193770579760894e-05
2679,2018-11-06,4.249241465004161e-05,7.736720726825297e-05
2680,2018-11-07,6.7841712734662e-05,9.596354357199743e-05
2681,2018-11-09,2.261427835037466e-05,9.419822890777141e-05
2682,2018-11-12,0.00010458711767569184,8.089122275123373e-05
2683,2018-11-13,8.224833436543122e-05,7.310735963983461e-05
2684,2018-11-14,6.845163443358615e-05,7.775613630656153e-05
2685,2018-11-15,2.36623891396448e-05,7.432714483002201e-05
2686,2018-11-16,1.861140481196344e-05,7.295295654330403e-05
2687,2018-11-19,4.502291267272085e-05,6.895903788972646e-05
2688,2018-11-20,3.4805849281838164e-05,7.314795220736414e-05
2689,2018-11-21,4.122290192754008e-05,7.763002213323489e-05
2690,2018-11-22,5.623680408461951e-05,8.585373871028423e-05
2691,2018-11-26,9.501474414719269e-05,8.869991143001243e-05
2692,2018-11-27,2.9955168429296464e-05,9.008744382299483e-05
2693,2018-11-28,1.549207627249416e-05,8.09554330771789e-05
2694,2018-11-29,8.37264524307102e-05,7.848991663195193e-05
2695,2018-11-30,3.109419412794523e-05,7.751550583634526e-05
2696,2018-12-03,5.240381869953126e-05,7.583295518998057e-05
2697,2018-12-04,1.105708179238718e-05,8.251002145698294e-05
2698,2018-12-05,3.909890801878646e-05,7.991862366907299e-05
2699,2018-12-06,9.019395656650886e-05,7.668815669603646e-05
2700,2018-12-07,5.279926335788332e-05,7.483227091142908e-05
2701,2018-12-10,0.0003295670903753489,7.38755043130368e-05
2702,2018-12-11,0.00034456214052625,6.783543358324096e-05
2703,2018-12-12,0.00012476656411308795,6.224288517842069e-05
2704,2018-12-13,6.91985769663006e-05,6.592290446860716e-05
2705,2018-12-14,1.3356301678868476e-05,6.726107676513493e-05
2706,2018-12-17,2.8181824745843187e-05,6.826186290709302e-05
2707,2018-12-18,3.984444629168138e-05,6.388863403117284e-05
2708,2018-12-19,1.373532631987473e-05,5.850558227393776e-05
2709,2018-12-20,7.575070776510984e-05,5.6753215176286176e-05
2710,2018-12-21,0.0001454692828701809,5.59783547942061e-05
2711,2018-12-24,5.8796773373615e-05,5.6417400628561154e-05
2712,2018-12-26,0.00016042527568060905,5.819673606310971e-05
2713,2018-12-27,8.068519673543051e-05,6.030290751368739e-05
2714,2018-12-28,3.350340193719603e-05,5.8236870245309547e-05
2715,2018-12-31,3.796486998908222e-05,5.456086728372611e-05
2716,2019-01-02,7.611066394019872e-05,5.416023850557394e-05
2717,2019-01-03,6.843792652944103e-05,5.354757740860805e-05
2718,2019-01-04,5.2757539378944784e-05,5.388126373873092e-05
2719,2019-01-07,7.301309233298525e-05,5.180939842830412e-05
2720,2019-01-08,2.6303971026209183e-05,5.113596489536576e-05
2721,2019-01-09,9.933747787727043e-05,5.292837886372581e-05
2722,2019-01-10,1.0695124728954397e-05,5.373194653657265e-05
2723,2019-01-11,4.095948315807618e-05,5.610304287984036e-05
2724,2019-01-14,4.5483051508199424e-05,6.213701271917671e-05
2725,2019-01-15,5.515392331290059e-05,6.442614539992064e-05
2726,2019-01-16,9.319694072473794e-06,6.220763316377997e-05
2727,2019-01-17,3.5656874388223514e-05,5.713531209039502e-05
2728,2019-01-18,2.164983015973121e-05,5.374972533900291e-05
2729,2019-01-21,3.0163402698235586e-05,5.302270074025728e-05
2730,2019-01-22,3.116995867458172e-05,5.124180097482167e-05
2731,2019-01-23,5.073081410955638e-05,5.096216409583576e-05
2732,2019-01-24,1.664220508246217e-05,5.534523734240793e-05
2733,2019-01-25,9.38566736294888e-05,5.833125760545954e-05
2734,2019-01-28,9.021451842272654e-05,6.357901293085888e-05
2735,2019-01-29,3.676135384012014e-05,5.980201967759058e-05
2736,2019-01-30,5.252585106063634e-05,5.6077529734466225e-05
2737,2019-01-31,8.749854896450415e-05,5.399154906626791e-05
2738,2019-02-01,9.131240949500352e-05,5.5595934099983424e-05
2739,2019-02-04,4.486039324547164e-05,5.890144166187383e-05
2740,2019-02-05,1.372050610370934e-05,5.920329931541346e-05
2741,2019-02-06,4.166342114331201e-05,5.790486829937436e-05
2742,2019-02-07,1.670931487751659e-05,5.59558866370935e-05
2743,2019-02-08,5.4447969887405634e-05,5.689150930265896e-05
2744,2019-02-11,1.944696850841865e-05,5.393962055677548e-05
2745,2019-02-12,2.363787280046381e-05,5.3822717745788395e-05
2746,2019-02-14,3.4535314625827596e-05,5.443945701699704e-05
2747,2019-02-15,0.00011727196397259831,5.411506208474748e-05
2748,2019-02-18,5.270614201435819e-05,5.156893894309178e-05
2749,2019-02-19,6.808197213103995e-05,5.107879769639112e-05
2750,2019-02-20,5.643053009407595e-05,4.2197294533252716e-05
2751,2019-02-21,2.2595675545744598e-05,4.233212166582234e-05
2752,2019-02-22,6.3253369262383785e-06,4.237821121932939e-05
2753,2019-02-25,3.2885764085222036e-05,4.38494207628537e-05
2754,2019-02-26,0.00016594002954661846,4.283079397282563e-05
2755,2019-02-27,0.00011805047688540071,4.616045771399513e-05
2756,2019-02-28,4.8726109525887296e-05,5.159432112122886e-05
2757,2019-03-01,3.002326593559701e-05,5.333083026926033e-05
2758,2019-03-05,9.369372855871916e-05,5.3109190048417076e-05
2759,2019-03-06,2.329335802642163e-05,5.5676104238955304e-05
2760,2019-03-07,1.6560115909669548e-05,6.187540566315874e-05
2761,2019-03-08,8.143462764564902e-06,6.408732588170096e-05
2762,2019-03-11,4.9046164349419996e-05,5.885001155547798e-05
2763,2019-03-12,5.554601375479251e-05,5.542742655961774e-05
2764,2019-03-13,2.361236693104729e-05,5.1028306188527495e-05
2765,2019-03-14,2.7558280635275878e-05,4.995645213057287e-05
2766,2019-03-15,5.0400201871525496e-05,4.688559056376107e-05
2767,2019-03-18,5.167049675947055e-05,4.457317845663056e-05
2768,2019-03-19,3.6049605114385486e-05,4.2772746382979676e-05
2769,2019-03-20,1.092164711735677e-05,4.56735651823692e-05
2770,2019-03-22,5.4265037761069834e-05,4.8396974307252094e-05
2771,2019-03-25,5.1626513595692813e-05,5.20153007528279e-05
2772,2019-03-26,5.716490704799071e-05,5.2947914809919894e-05
2773,2019-03-27,6.330922042252496e-05,5.114523446536623e-05
2774,2019-03-28,4.964011532138102e-05,4.513611565926112e-05
2775,2019-04-01,9.383653377881274e-05,4.3380034185247496e-05
2776,2019-04-02,2.99856073979754e-05,4.693457958637737e-05
2777,2019-04-03,4.638494283426553e-05,5.449384116218425e-05
2778,2019-04-04,3.1650524761062115e-05,5.3862971981288865e-05
2779,2019-04-05,2.7837642846861854e-05,4.9163238145411015e-05
2780,2019-04-08,8.097504178294912e-05,5.160534419701435e-05
2781,2019-04-09,3.4808137570507824e-05,4.917552359984256e-05
2782,2019-04-10,3.4586500987643376e-05,4.543652539723553e-05
2783,2019-04-11,1.0796692549774889e-05,4.083031672053039e-05
2784,2019-04-12,1.8093596736434847e-05,4.036517202621326e-05
2785,2019-04-15,1.1858378456963692e-05,4.0931172406999394e-05
2786,2019-04-16,3.139190812362358e-05,4.0805516619002447e-05
2787,2019-04-18,6.814368680352345e-05,4.0033213736023754e-05
2788,2019-04-22,5.6118769862223417e-05,4.128982618567534e-05
2789,2019-04-23,1.993793193832971e-05,4.3518597522052005e-05
2790,2019-04-24,6.987005326664075e-05,4.470003113965504e-05
2791,2019-04-25,7.73529609432444e-05,4.198719034320675e-05
2792,2019-04-26,3.837910480797291e-05,4.252021972206421e-05
2793,2019-04-30,4.182537304586731e-05,4.262561924406327e-05
2794,2019-05-02,2.650959140737541e-05,4.4558382796822116e-05
2795,2019-05-03,1.5298770449589938e-05,4.7294255637098104e-05
2796,2019-05-06,9.255006443709135e-05,4.9799622502177954e-05
2797,2019-05-07,9.633519221097231e-05,5.150774450157769e-05
2798,2019-05-08,4.8502737627131864e-05,4.969392466591671e-05
2799,2019-05-09,3.821213249466382e-05,4.991644891561009e-05
2800,2019-05-10,2.4532520910724998e-05,4.9111786211142316e-05
2801,2019-05-13,8.510238694725558e-05,4.705428364104591e-05
2802,2019-05-14,9.40921891015023e-05,4.9064830818679184e-05
2803,2019-05-15,7.955438195494935e-05,4.9902220780495554e-05
2804,2019-05-16,5.540660276892595e-05,4.9705915444064885e-05
2805,2019-05-17,7.34841960365884e-05,4.5382352254819125e-05
2806,2019-05-20,0.0006119996542111039,4.265099414624274e-05
2807,2019-05-21,0.00010654845391400158,3.97679177694954e-05
2808,2019-05-22,2.773130836430937e-05,3.853979069390334e-05
2809,2019-05-23,0.0006461563752964139,3.908962753484957e-05
2810,2019-05-24,0.00017102279525715858,4.059707498527132e-05
2811,2019-05-27,5.050244362792e-05,4.04408092435915e-05
2812,2019-05-28,3.782198473345488e-05,4.2842435505008325e-05
2813,2019-05-29,2.498824687791057e-05,4.769060615217313e-05
2814,2019-05-30,2.892567681556102e-05,4.894771336694248e-05
2815,2019-05-31,0.0001295852125622332,4.933848322252743e-05
2816,2019-06-03,8.540402632206678e-05,4.813395571545698e-05
2817,2019-06-04,2.8664497222052887e-05,4.513102976488881e-05
2818,2019-06-06,0.00010713392839534208,4.3128242396051064e-05
2819,2019-06-07,5.3138774092076346e-05,4.46250633103773e-05
2820,2019-06-10,5.419929584604688e-05,4.5675915316678584e-05
2821,2019-06-11,3.1981890060706064e-05,4.5895372750237584e-05
2822,2019-06-12,2.5470477339695208e-05,4.502596493694e-05
2823,2019-06-13,4.177091977908276e-05,4.7958696086425334e-05
2824,2019-06-14,3.2589512557024136e-05,5.386302655097097e-05
2825,2019-06-17,8.864527626428753e-05,5.8398101828061044e-05
2826,2019-06-18,1.8090424418915063e-05,6.0900263633811846e-05
2827,2019-06-19,9.65053986874409e-05,6.360315455822274e-05
2828,2019-06-20,0.00011696201545419171,7.294439274119213e-05
2829,2019-06-21,3.770551484194584e-05,8.064028224907815e-05
2830,2019-06-24,1.6969552234513685e-05,7.901670323917642e-05
2831,2019-06-25,6.788565224269405e-05,9.14433112484403e-05
2832,2019-06-26,3.754228964680806e-05,9.858314297161996e-05
2833,2019-06-27,2.237297303508967e-05,9.756292274687439e-05
2834,2019-06-28,2.4974737243610434e-05,8.927723683882505e-05
2835,2019-07-01,2.575504004198592e-05,7.997138163773343e-05
2836,2019-07-02,4.011446435470134e-05,7.257406832650304e-05
2837,2019-07-03,1.1883930710610002e-05,7.30748797650449e-05
2838,2019-07-04,6.545621999975992e-06,7.433246355503798e-05
2839,2019-07-05,8.287057426059619e-05,7.016667223069817e-05
2840,2019-07-08,0.0001684185554040596,7.064136298140511e-05
2841,2019-07-09,4.710115899797529e-05,6.909688818268478e-05
2842,2019-07-10,4.047217589686625e-05,6.610295531572774e-05
2843,2019-07-11,4.67382233182434e-05,6.171622953843325e-05
2844,2019-07-12,2.915137702075299e-05,5.6341908930335194e-05
2845,2019-07-15,5.397435597842559e-05,5.377167326514609e-05
2846,2019-07-16,2.397316347924061e-05,5.1388517022132874e-05
2847,2019-07-17,7.961672963574529e-06,5.300459815771319e-05
2848,2019-07-18,2.3812497602193616e-05,5.021041215513833e-05
2849,2019-07-19,0.00015508326760027558,5.3088526328792796e-05
2850,2019-07-22,3.3633154089329764e-05,5.8850851928582415e-05
2851,2019-07-23,2.8695294531644322e-05,5.9538946516113356e-05
2852,2019-07-24,4.451816494110972e-05,5.508773392648436e-05
2853,2019-07-25,5.016470458940603e-05,5.565317769651301e-05
2854,2019-07-26,2.5585632101865485e-05,5.485659494297579e-05
2855,2019-07-29,7.403447671094909e-05,5.212350151850842e-05
2856,2019-07-30,0.00011082847777288407,4.908724804408848e-05
2857,2019-07-31,7.959049980854616e-05,4.4723739847540855e-05
2858,2019-08-01,0.0001514808100182563,4.3612079025479034e-05
2859,2019-08-02,0.00016769349167589098,4.097065539099276e-05
2860,2019-08-05,0.00014017931243870407,3.7692752812290564e-05
2861,2019-08-06,0.00014945780276320875,3.85734711016994e-05
2862,2019-08-07,5.5897326092235744e-05,4.34168687206693e-05
2863,2019-08-08,0.0001476467150496319,4.6682940592290834e-05
2864,2019-08-09,6.848421617178246e-05,4.8245863581541926e-05
2865,2019-08-13,0.00017386881518177688,4.7259629354812205e-05
2866,2019-08-14,0.00010625946015352383,4.6318415115820244e-05
2867,2019-08-16,8.514906949130818e-05,4.566755160340108e-05
2868,2019-08-19,5.350057108444162e-05,4.461464050109498e-05
2869,2019-08-20,2.4480892534484155e-05,4.1520193917676806e-05
2870,2019-08-21,4.5484175643650815e-05,3.990159893874079e-05
2871,2019-08-22,0.00010680228297132999,4.32123924838379e-05
2872,2019-08-23,0.00016428604430984706,4.4354674173519015e-05
2873,2019-08-26,0.0006678412901237607,4.4162410631543025e-05
2874,2019-08-27,4.3285766878398135e-05,4.546986747300252e-05
2875,2019-08-28,5.729846452595666e-05,4.7222503781085834e-05
2876,2019-08-29,4.752071981783956e-05,4.714655005955137e-05
2877,2019-08-30,0.00011476147483335808,4.975006231688894e-05
2878,2019-09-03,0.00014135288074612617,5.581656296271831e-05
2879,2019-09-04,3.903341348632239e-05,6.015196049702354e-05
2880,2019-09-05,3.4587228583404794e-05,6.751563341822475e-05
2881,2019-09-06,3.357777313794941e-05,7.538366480730474e-05
2882,2019-09-09,5.55066108063329e-05,7.800063031027094e-05
2883,2019-09-11,1.0402474799775518e-05,8.138520934153348e-05
2884,2019-09-12,4.178355084150098e-05,8.050957694649696e-05
2885,2019-09-13,5.602332385024056e-05,8.266724034911022e-05
2886,2019-09-16,7.4753028457053e-05,8.159091521520168e-05
2887,2019-09-17,0.00011933190398849547,8.657273428980261e-05
2888,2019-09-18,4.564438495435752e-05,8.712767157703638e-05
2889,2019-09-19,9.260392107535154e-05,8.696471195435151e-05
2890,2019-09-20,0.0013384987832978368,8.2877762906719e-05
2891,2019-09-23,0.0006782967830076814,7.629940228071064e-05
2892,2019-09-24,3.41599625244271e-05,7.120709051378071e-05
2893,2019-09-25,6.207778642419726e-05,7.104599353624508e-05
2894,2019-09-26,6.243181269383058e-05,7.510818250011653e-05
2895,2019-09-27,2.5076431484194472e-05,8.618827996542677e-05
2896,2019-09-30,4.937642006552778e-05,8.494524809066206e-05
2897,2019-10-01,0.00026688873185776174,8.388268906855956e-05
2898,2019-10-03,4.4174543290864676e-05,7.942262891447172e-05
2899,2019-10-04,0.0001985233393497765,7.919202471384779e-05
2900,2019-10-07,4.4382042688084766e-05,8.19005654193461e-05
2901,2019-10-09,0.00015647232066839933,7.811057730577886e-05
2902,2019-10-10,2.7801770556834526e-05,7.297968113562092e-05
2903,2019-10-11,8.285966032417491e-05,6.647112604696304e-05
2904,2019-10-14,5.37527994310949e-05,6.463186582550406e-05
2905,2019-10-15,4.064398672198877e-05,5.497689198818989e-05
2906,2019-10-16,2.6002380764111876e-05,5.137107291375287e-05
2907,2019-10-17,6.485068297479302e-05,5.174703255761415e-05
2908,2019-10-18,4.3118372559547424e-05,5.1598752179415897e-05
2909,2019-10-22,5.303463331074454e-05,5.59993386559654e-05
2910,2019-10-23,2.3695540221524425e-05,5.441900793812238e-05
2911,2019-10-24,7.865116640459746e-05,5.693254206562415e-05
2912,2019-10-25,0.0001115195409511216,7.381501200143248e-05
2913,2019-10-29,0.00010794885747600347,8.78911159816198e-05
2914,2019-10-30,9.90811749943532e-05,9.095061250263825e-05
2915,2019-10-31,3.6495352105703205e-05,9.094635606743395e-05
2916,2019-11-01,1.4300741895567626e-05,8.746693492867053e-05
2917,2019-11-04,2.7939318897551857e-05,8.006875577848405e-05
2918,2019-11-05,4.5871478505432606e-05,7.57960879127495e-05
2919,2019-11-06,5.592781963059679e-05,8.118110417854041e-05
2920,2019-11-07,4.35296751675196e-05,7.947839912958443e-05
2921,2019-11-08,5.52251840417739e-05,8.246181096183136e-05
2922,2019-11-11,2.054589094768744e-05,7.921830547275022e-05
2923,2019-11-13,3.723809641087428e-05,8.069143223110586e-05
2924,2019-11-14,2.5240398827008903e-05,7.554746844107285e-05
2925,2019-11-15,3.451904922258109e-05,7.503594679292291e-05
2926,2019-11-18,1.7643995306571014e-05,7.402007759083062e-05
2927,2019-11-19,2.330191455257591e-05,7.158081280067563e-05
2928,2019-11-20,4.12203480664175e-05,6.531793769681826e-05
2929,2019-11-21,1.696298386377748e-05,6.401158316293731e-05
2930,2019-11-22,1.892368345579598e-05,6.346729787765071e-05
2931,2019-11-25,6.437332922359928e-05,6.404010491678491e-05
2932,2019-11-26,4.566742427414283e-05,6.118178134784102e-05
2933,2019-11-27,1.4668930816696957e-05,6.157536699902266e-05
2934,2019-11-28,1.5860759958741255e-05,6.431509245885536e-05
2935,2019-11-29,4.2120704165427014e-05,6.783252320019528e-05
2936,2019-12-02,7.583946717204526e-05,6.816656241426244e-05
2937,2019-12-03,3.489022856228985e-05,6.510357343358919e-05
2938,2019-12-04,3.841484431177378e-05,5.805322143714875e-05
2939,2019-12-05,2.1298090359778143e-05,5.259893441689201e-05
2940,2019-12-06,7.325957994908094e-05,5.08266020915471e-05
2941,2019-12-09,2.2710173652740195e-05,5.2490646339720115e-05
2942,2019-12-10,2.9451490263454616e-05,5.0778202421497554e-05
2943,2019-12-11,2.1393379938672297e-05,5.1765688112936914e-05
2944,2019-12-12,2.1278112399159e-05,4.891438948106952e-05
2945,2019-12-13,3.399821071070619e-05,4.805222852155566e-05
2946,2019-12-16,3.1670992029830813e-05,4.6663401008117944e-05
2947,2019-12-17,3.446115806582384e-05,4.56648958788719e-05
2948,2019-12-18,1.9850582248182036e-05,4.3645075493259355e-05
2949,2019-12-19,1.449551655241521e-05,4.200132752885111e-05
2950,2019-12-20,4.167973656876711e-06,4.0953313146019354e-05
2951,2019-12-23,2.0868626961600967e-05,3.91593603126239e-05
2952,2019-12-24,1.5148666534514632e-05,3.804323205258697e-05
2953,2019-12-26,2.4048451450653374e-05,3.9701484638499096e-05
2954,2019-12-27,3.730983007699251e-05,4.182936027063988e-05
2955,2019-12-30,1.932122540893033e-05,4.063391315867193e-05
2956,2019-12-31,2.1682126316591166e-05,3.869897045660764e-05
2957,2020-01-01,1.4877797184453811e-05,3.903966717189178e-05
2958,2020-01-02,2.1967311113257892e-05,4.027899922220968e-05
2959,2020-01-03,1.730518852127716e-05,4.126947533222847e-05
2960,2020-01-06,0.0001185248329420574,4.24827667302452e-05
2961,2020-01-07,0.00010132330498890951,4.184795398032293e-05
2962,2020-01-08,0.00012137908197473735,4.3902688048547134e-05
2963,2020-01-09,0.0001310013612965122,4.41089941887185e-05
2964,2020-01-10,4.137299401918426e-05,4.357304351287894e-05
2965,2020-01-13,1.6526006220374256e-05,4.268745760782622e-05
2966,2020-01-14,9.7876463769353e-06,4.1191109630744904e-05
2967,2020-01-15,2.1322295651771128e-05,3.9927635953063145e-05
2968,2020-01-16,1.1713820640579797e-05,3.9014841604512185e-05
2969,2020-01-17,1.519661964266561e-05,3.942789408029057e-05
2970,2020-01-20,0.0001418379251845181,3.902150274370797e-05
2971,2020-01-21,1.7599259081180207e-05,3.822948201559484e-05
2972,2020-01-22,5.900831820326857e-05,3.583362922654487e-05
2973,2020-01-23,2.3309516109293327e-05,3.476537676760927e-05
2974,2020-01-24,3.380648558959365e-05,3.4243006666656584e-05
2975,2020-01-27,4.48478567705024e-05,3.441009175730869e-05
2976,2020-01-28,5.053963832324371e-05,3.533076960593462e-05
2977,2020-01-29,3.550438486854546e-05,3.5551511246012524e-05
2978,2020-01-30,4.842328780796379e-05,3.570332410163246e-05
2979,2020-01-31,8.713490387890488e-05,3.500040475046262e-05
2980,2020-02-03,0.0008518919348716736,3.492088580969721e-05
2981,2020-02-04,0.00014320922491606325,3.470991941867396e-05
2982,2020-02-05,5.7464327255729586e-05,3.731157266884111e-05
2983,2020-02-06,1.9838660591631196e-05,4.1257630073232576e-05
2984,2020-02-07,1.7017295249388553e-05,4.45430887339171e-05
2985,2020-02-10,3.296495560789481e-05,4.6375655074371025e-05
2986,2020-02-11,5.939801485510543e-05,4.693005757872015e-05
2987,2020-02-12,3.10388786601834e-05,4.3393232772359625e-05
2988,2020-02-13,2.063120700768195e-05,4.0262326365336776e-05
2989,2020-02-14,5.8472054661251605e-05,3.856299372273497e-05
2990,2020-02-17,3.7486766814254224e-05,3.723578265635297e-05
2991,2020-02-18,5.241855978965759e-05,3.596626265789382e-05
2992,2020-02-19,8.940061525208876e-05,3.8079240766819566e-05
2993,2020-02-20,1.6262642020592466e-05,3.7970050470903516e-05
2994,2020-02-24,0.0001273350208066404,3.919885421055369e-05
2995,2020-02-25,4.237174289301038e-05,3.9590293454239145e-05
2996,2020-02-26,7.541904778918251e-05,4.073013042216189e-05
2997,2020-02-27,6.362408021232113e-05,4.1680672438815236e-05
2998,2020-02-28,0.0005950920167379081,4.343537875683978e-05
2999,2020-03-02,0.0006941063329577446,4.266173709766008e-05
3000,2020-03-03,0.00015389607870019972,5.291157140163705e-05
3001,2020-03-04,0.0002871833276003599,5.655336281051859e-05
3002,2020-03-05,8.690783579368144e-05,6.405451858881861e-05
3003,2020-03-06,0.0009966519428417087,6.59978250041604e-05
3004,2020-03-09,0.00121587747707963,6.57714408589527e-05
3005,2020-03-11,0.00028576815384440124,6.0909034800715744e-05
3006,2020-03-12,0.0026931860484182835,5.656333814840764e-05
3007,2020-03-13,0.013081747107207775,5.5845801398390904e-05
3008,2020-03-16,0.0021489476785063744,5.486287409439683e-05
3009,2020-03-17,0.0010565257398411632,5.377504930947907e-05
3010,2020-03-18,0.002464930061250925,5.246662112767808e-05
3011,2020-03-19,0.00514441542327404,5.486836744239554e-05
3012,2020-03-20,0.002293346682563424,5.6907028920250013e-05
3013,2020-03-23,0.011157187633216381,5.9038826293544844e-05
3014,2020-03-24,0.0025259326212108135,5.89828377997037e-05
3015,2020-03-25,0.002367747016251087,5.589119245996699e-05
3016,2020-03-26,0.0011613700771704316,6.0291062254691496e-05
3017,2020-03-27,0.0023866407573223114,6.0258003941271454e-05
3018,2020-03-30,0.001657895278185606,6.278210639720783e-05
3019,2020-03-31,0.0013794985134154558,6.420117279049009e-05
3020,2020-04-01,0.000742758100386709,7.336473936447874e-05
3021,2020-04-03,0.0006113941199146211,8.257087756646797e-05
3022,2020-04-07,0.002897229278460145,7.802622712915763e-05
3023,2020-04-08,0.0015901668230071664,8.03142465883866e-05
3024,2020-04-09,0.0008578597335144877,7.562409882666543e-05
3025,2020-04-13,0.0001864404621301219,8.145532774506137e-05
3026,2020-04-15,0.0011070843320339918,9.967797086574137e-05
3027,2020-04-16,0.0002978977863676846,9.360967669636011e-05
3028,2020-04-17,0.0016346618067473173,0.000112971814814955
3029,2020-04-20,0.00027811413747258484,0.00012128350499551743
3030,2020-04-21,0.0008012016769498587,0.00014682681648992002
3031,2020-04-22,0.00032050724257715046,0.00015545748465228826
3032,2020-04-23,0.00014478668163064867,0.00017916712386067957
3033,2020-04-24,0.0004132049507461488,0.00019361593876965344
3034,2020-04-27,0.0002196166751673445,0.0001717031409498304
3035,2020-04-28,0.0002546310715842992,0.00022375544358510524
3036,2020-04-29,0.00017182811279781163,0.00021120550809428096
3037,2020-04-30,0.0005163645837455988,0.00022609827283304185
3038,2020-05-04,0.0014078473905101418,0.00029774956055916846
3039,2020-05-05,0.0004737714189104736,0.0004052650183439255
3040,2020-05-06,0.00021601191838271916,0.0004897813778370619
3041,2020-05-07,5.791060902993195e-05,0.00041840915218926966
3042,2020-05-08,0.0004483700031414628,0.0004759920993819833
3043,2020-05-11,0.0003122751950286329,0.0004684226296376437
3044,2020-05-12,0.00023779312323313206,0.0003623519733082503
3045,2020-05-13,0.0019135945476591587,0.0004046590474899858
3046,2020-05-14,0.0004422002239152789,0.00032896664924919605
3047,2020-05-15,0.00011868781439261511,0.00031916514853946865
3048,2020-05-18,0.0005261393962427974,0.000348861824022606
3049,2020-05-19,0.0003777976962737739,0.0003157197788823396
3050,2020-05-20,0.00020097996457479894,0.00027680431958287954
3051,2020-05-21,7.102099334588274e-05,0.00025327506591565907
3052,2020-05-22,0.000150139385368675,0.00026993354549631476
3053,2020-05-26,0.00015745099517516792,0.0002426372084300965
3054,2020-05-27,0.0004820213362108916,0.00021288232528604567
3055,2020-05-28,0.00014411937445402145,0.00022415953571908176
3056,2020-05-29,0.00023767702805344015,0.00019527634140104055
3057,2020-06-01,0.00042880084947682917,0.00018209309200756252
3058,2020-06-02,0.00013627522275783122,0.0001751016970956698
3059,2020-06-03,0.00023518801026511937,0.00016296791727654636
3060,2020-06-04,0.00010716120596043766,0.00023227643396239728
3061,2020-06-05,0.00010325494804419577,0.0002567953779362142
3062,2020-06-08,0.0004713164526037872,0.0002475505170878023
3063,2020-06-09,0.0002586922491900623,0.0002069170877803117
3064,2020-06-10,4.7443962102988735e-05,0.0001860394113464281
3065,2020-06-11,0.00017856461636256427,0.000196855966350995
3066,2020-06-12,0.002075212076306343,0.0002102956350427121
3067,2020-06-15,0.00020485074492171407,0.00021290344011504203
3068,2020-06-16,0.0008351468131877482,0.0002441452816128731
3069,2020-06-17,0.00013185203715693206,0.00021923435269854963
3070,2020-06-18,0.00024334376212209463,0.00027931074146181345
3071,2020-06-19,0.00013723535812459886,0.00025383534375578165
3072,2020-06-22,9.910025983117521e-05,0.00021307446877472103
3073,2020-06-23,0.000119624070066493,0.00017959308752324432
3074,2020-06-24,0.000259069463936612,0.00018799542158376426
3075,2020-06-25,0.0001368828525301069,0.0001839205651776865
3076,2020-06-26,0.00011090787302237004,0.00018607561651151627
3077,2020-06-29,0.00010037587344413623,0.0001765586930559948
3078,2020-06-30,0.00010271732026012614,0.00017811154248192906
3079,2020-07-01,7.232429925352335e-05,0.00017536104132886976
3080,2020-07-02,7.873387221479788e-05,0.00015282942331396043
3081,2020-07-03,5.194872210267931e-05,0.0001292443193960935
3082,2020-07-06,0.00015905390318948776,0.00016386386414524168
3083,2020-07-07,8.523299038643017e-05,0.00015155074652284384
3084,2020-07-08,8.779796189628541e-05,0.0001569489249959588
3085,2020-07-09,5.2425762987695634e-05,0.00019643158884719014
3086,2020-07-10,5.315686576068401e-05,0.0001652398204896599
3087,2020-07-13,0.0001139995438279584,0.00018300970259588212
3088,2020-07-14,0.00013751440565101802,0.00022383633768185973
3089,2020-07-15,0.00027826798032037914,0.0002506809832993895
3090,2020-07-16,0.00016913804574869573,0.00027149883680976927
3091,2020-07-17,0.0001004074583761394,0.00025409567751921713
3092,2020-07-20,0.00010200343240285292,0.0002254536229884252
3093,2020-07-21,9.985779615817592e-05,0.0002000771346502006
3094,2020-07-22,0.00013908684195484966,0.00017123756697401404
3095,2020-07-23,5.0100825319532305e-05,0.00015741601237095892
3096,2020-07-24,8.503619028488174e-05,0.00018191745039075613
3097,2020-07-27,6.330692849587649e-05,0.00018394635117147118
3098,2020-07-28,7.85998854553327e-05,0.00015551855904050171
3099,2020-07-29,0.0001009718980640173,0.00014432912576012313
3100,2020-07-30,0.0001466843532398343,0.00013550478615798056
3101,2020-07-31,5.6236745876958594e-05,0.00011932963388971984
3102,2020-08-03,8.932067430578172e-05,0.00010366282367613167
3103,2020-08-04,0.00014201483281794935,8.821273513603956e-05
3104,2020-08-05,0.0001018802504404448,8.4375795267988e-05
3105,2020-08-06,0.00010109841241501272,8.230027015088126e-05
3106,2020-08-07,2.4710197976673953e-05,8.5398081864696e-05
3107,2020-08-10,5.3650117479264736e-05,8.08507320471108e-05
3108,2020-08-11,3.750274845515378e-05,7.839543104637414e-05
3109,2020-08-12,2.7931675504078157e-05,8.040030661504716e-05
3110,2020-08-13,2.6228097340208478e-05,8.569455530960113e-05
3111,2020-08-14,0.00020162943110335618,9.777715604286641e-05
3112,2020-08-17,9.782724373508245e-05,9.367576421936974e-05
3113,2020-08-18,5.9493988374015316e-05,8.830818842398003e-05
3114,2020-08-19,4.555797568173148e-05,7.827568333595991e-05
3115,2020-08-20,7.846544031053782e-05,7.284942694241181e-05
3116,2020-08-21,8.175191760528833e-05,7.458056643372402e-05
3117,2020-08-24,3.383793227840215e-05,7.431353151332587e-05
3118,2020-08-25,4.6265176933957264e-05,7.556404307251796e-05
3119,2020-08-26,4.1222232539439574e-05,7.598288357257843e-05
3120,2020-08-27,4.154720954829827e-05,7.531310257036239e-05
3121,2020-08-28,3.863989331875928e-05,7.907331746537238e-05
3122,2020-08-31,0.0006816894165240228,8.611556404503062e-05
3123,2020-09-01,0.00013327541819307953,8.214994886657223e-05
3124,2020-09-02,4.144917693338357e-05,8.250365499407053e-05
3125,2020-09-03,2.2202908439794555e-05,8.079569670371711e-05
3126,2020-09-04,0.00029643121524713933,8.004684787010774e-05
3127,2020-09-07,6.567034142790362e-05,7.748631469439715e-05
3128,2020-09-08,6.216108158696443e-05,7.33723645680584e-05
3129,2020-09-09,0.00011090355110354722,7.134010957088321e-05
3130,2020-09-10,0.00010595204366836697,6.889514770591632e-05
3131,2020-09-11,1.365898788208142e-05,6.443616439355537e-05
3132,2020-09-14,0.00013215855869930238,6.18869744357653e-05
3133,2020-09-15,4.135114431846887e-05,7.025491504464298e-05
3134,2020-09-16,2.7913831218029372e-05,7.143698894651607e-05
3135,2020-09-17,5.346221587387845e-05,7.081701187416911e-05
3136,2020-09-18,9.120727918343619e-05,6.561105692526326e-05
3137,2020-09-21,0.0002608037320896983,6.233376916497946e-05
3138,2020-09-22,0.00015956364222802222,5.809958020108752e-05
3139,2020-09-23,0.00026683579199016094,5.5624041124247015e-05
3140,2020-09-24,0.00026372456341050565,5.5594980949535966e-05
3141,2020-09-25,0.00022819085279479623,5.613900793832727e-05
3142,2020-09-28,0.00012104465713491663,5.4749398259446025e-05
3143,2020-09-29,7.176269718911499e-05,5.4408366850111634e-05
3144,2020-09-30,3.634720997069962e-05,6.846233736723661e-05
3145,2020-10-01,0.00012413313379511237,7.37940426915884e-05
3146,2020-10-05,8.141058788169175e-05,7.136692147469148e-05
3147,2020-10-06,0.00010932428995147347,6.475878035416827e-05
3148,2020-10-07,4.709509084932506e-05,6.820590351708233e-05
3149,2020-10-08,9.960376337403432e-05,6.890690565342084e-05
3150,2020-10-09,4.5321368816075847e-05,6.994405703153461e-05
3151,2020-10-12,8.085204171948135e-05,6.980318721616641e-05
3152,2020-10-13,2.3065387722454034e-05,6.944165215827525e-05
3153,2020-10-14,8.481621625833213e-05,6.343505083350465e-05
3154,2020-10-15,0.000340195168973878,6.717281212331727e-05
3155,2020-10-16,5.443431655294262e-05,6.567378295585513e-05
3156,2020-10-19,0.00011443775292718783,6.313750782283023e-05
3157,2020-10-20,3.227976048947312e-05,6.188951374497265e-05
3158,2020-10-21,0.0001890430285129696,6.465362821472809e-05
3159,2020-10-22,4.882444045506418e-05,7.457970787072554e-05
3160,2020-10-23,3.667531564133242e-05,8.027895091800019e-05
3161,2020-10-26,0.00013460511399898678,8.409664587816224e-05
3162,2020-10-27,9.819927072385326e-05,9.078752191271633e-05
3163,2020-10-28,0.0001555068593006581,8.325310045620427e-05
3164,2020-10-29,0.00011913054186152294,7.514113531215116e-05
3165,2020-10-30,0.00011491053010104224,7.21052274457179e-05
3166,2020-11-02,0.00010829800157807767,7.015757000772282e-05
3167,2020-11-03,6.221450894372538e-05,6.758180097676814e-05
3168,2020-11-04,7.835783617338166e-05,6.821617716923356e-05
3169,2020-11-05,0.00019066076492890716,6.956447759876028e-05
3170,2020-11-06,5.876084105693735e-05,7.034905138425529e-05
3171,2020-11-09,0.00014675485726911575,7.102106610545889e-05
3172,2020-11-10,0.00012784035061486065,7.135344640119001e-05
3173,2020-11-11,0.00011314886069158092,7.302499579964206e-05
3174,2020-11-12,4.291510413167998e-05,7.145381823647767e-05
3175,2020-11-13,4.274583261576481e-05,7.310729415621608e-05
3176,2020-11-17,0.0003236608754377812,8.440903184236959e-05
3177,2020-11-18,3.673689207062125e-05,7.94545267126523e-05
3178,2020-11-19,0.00017200257570948452,7.349232328124344e-05
3179,2020-11-20,6.871188088553026e-05,7.097231718944386e-05
3180,2020-11-23,0.00011917723895749077,7.419173198286444e-05
3181,2020-11-24,5.4535430535906926e-05,7.41258918424137e-05
3182,2020-11-25,0.00022786573390476406,7.021520286798477e-05
3183,2020-11-26,0.00013154807675164193,7.253975491039455e-05
3184,2020-11-27,3.4484728530514985e-05,7.394140993710607e-05
3185,2020-12-01,0.00011717290908563882,7.890923734521493e-05
3186,2020-12-02,7.095640467014164e-05,7.875249139033258e-05
3187,2020-12-03,8.356355829164386e-05,8.073508070083335e-05
3188,2020-12-04,4.1897994378814474e-05,7.954391185194254e-05
3189,2020-12-07,2.995802424266003e-05,7.350142550421879e-05
3190,2020-12-08,3.9705500967102125e-05,7.262489089043811e-05
3191,2020-12-09,4.1909737774403766e-05,7.159221422625706e-05
3192,2020-12-10,3.634731547208503e-05,7.14040215825662e-05
3193,2020-12-11,6.641991785727441e-05,7.12789042154327e-05
3194,2020-12-14,5.2725852583535016e-05,7.304442988242954e-05
3195,2020-12-15,4.855461520492099e-05,7.607387669850141e-05
3196,2020-12-16,6.595817831112072e-05,7.603659469168633e-05
3197,2020-12-17,2.263026726723183e-05,7.47513840906322e-05
3198,2020-12-18,4.1230174247175455e-05,7.586731226183474e-05
3199,2020-12-21,0.000822263362351805,7.44325589039363e-05
3200,2020-12-22,0.00022301854914985597,7.918817573226988e-05
3201,2020-12-23,6.539996684296057e-05,7.943035598145798e-05
3202,2020-12-24,6.528910307679325e-05,7.834198913769796e-05
3203,2020-12-28,3.25216751662083e-05,7.456861203536391e-05
3204,2020-12-29,2.736630995059386e-05,8.068219904089347e-05
3205,2020-12-30,5.8983849157812074e-05,8.432294998783618e-05
3206,2020-12-31,1.4081340850680135e-05,7.890458073234186e-05
3207,2021-01-01,8.007101314433385e-06,7.768719660816714e-05
3208,2021-01-04,0.0001312189269810915,7.70727128838189e-05
3209,2021-01-05,6.407669570762664e-05,7.452517456840724e-05
3210,2021-01-06,9.546970977680758e-05,7.220335828606039e-05
3211,2021-01-07,8.727087697479874e-05,7.02732868376188e-05
3212,2021-01-08,0.0001078030836652033,6.927047797944397e-05
3213,2021-01-11,0.00010792992543429136,6.64074468659237e-05
3214,2021-01-12,4.028325929539278e-05,6.382542778737843e-05
3215,2021-01-13,0.0001225277956109494,6.683872925350443e-05
3216,2021-01-14,3.952239057980478e-05,6.738004594808444e-05
3217,2021-01-15,0.00011168194760102779,6.809580372646451e-05
3218,2021-01-18,9.742977272253484e-05,6.518291047541425e-05
3219,2021-01-19,0.00010110139555763453,6.142932397779077e-05
3220,2021-01-20,3.6288263800088316e-05,6.009754361002706e-05
3221,2021-01-21,0.00012545177014544606,7.503472443204373e-05
3222,2021-01-22,0.00011115524102933705,8.075917867245153e-05
3223,2021-01-25,0.0001756769052008167,7.648058090126142e-05
3224,2021-01-27,0.00016466625675093383,7.248690963024274e-05
3225,2021-01-28,0.00018770949100144207,6.631422729697078e-05
3226,2021-01-29,0.0003301292017567903,6.155822484288365e-05
3227,2021-02-01,0.0008658768492750823,6.145879888208583e-05
3228,2021-02-02,0.0003091130929533392,5.8119137975154445e-05
3229,2021-02-03,0.00020152467186562717,5.259336830931716e-05
3230,2021-02-04,6.486850179499015e-05,5.4275231377687305e-05
3231,2021-02-05,4.782765608979389e-05,5.774390228907578e-05
3232,2021-02-08,0.00010841838957276195,6.390752969309688e-05
3233,2021-02-09,6.692962779197842e-05,6.488092913059518e-05
3234,2021-02-10,6.287785799941048e-05,6.531295366585255e-05
3235,2021-02-11,2.722298631852027e-05,6.500691961264238e-05
3236,2021-02-12,3.957775697926991e-05,6.533058331115171e-05
3237,2021-02-15,6.274302722886205e-05,7.0556256105192e-05
3238,2021-02-16,6.441563891712576e-05,7.056709728203714e-05
3239,2021-02-17,3.431944060139358e-05,7.36134679755196e-05
3240,2021-02-18,4.847004674957134e-05,7.701657159486786e-05
3241,2021-02-19,9.767510346136987e-05,7.442056084983051e-05
3242,2021-02-22,0.00021874711092095822,7.159372034948319e-05
3243,2021-02-23,0.00011522646673256531,7.320670556509867e-05
3244,2021-02-24,0.000451359199360013,7.684570300625637e-05
3245,2021-02-25,6.623199442401528e-05,8.130251080729067e-05
3246,2021-02-26,0.0005132886581122875,8.83527536643669e-05
3247,2021-03-01,0.00018448781338520348,8.852378960000351e-05
3248,2021-03-02,0.0001142737310146913,9.447100455872715e-05
3249,2021-03-03,0.0002087094762828201,9.510450036032125e-05
3250,2021-03-04,0.00028871564427390695,0.00011550667841220275
3251,2021-03-05,0.00012692729069385678,0.00013252369535621256
3252,2021-03-08,7.967866986291483e-05,0.00011495622311485931
3253,2021-03-09,0.00011200022709090263,9.765702998265624e-05
3254,2021-03-10,7.158696098485962e-05,8.567428449168801e-05
3255,2021-03-12,0.00031225942075252533,8.573951345169917e-05
3256,2021-03-15,0.00018865616584662348,8.259025344159454e-05
3257,2021-03-16,6.012684025336057e-05,7.809598173480481e-05
3258,2021-03-17,0.00011039514356525615,7.678233669139445e-05
3259,2021-03-18,0.00033307907870039344,7.442928472300991e-05
3260,2021-03-19,0.0003473124234005809,7.512380398111418e-05
3261,2021-03-22,6.142786151031032e-05,7.58899623178877e-05
3262,2021-03-23,4.92592116643209e-05,7.682159048272297e-05
3263,2021-03-24,0.00012293217878323048,7.785875641275197e-05
3264,2021-03-25,0.00016383168986067176,8.158174023265019e-05
3265,2021-03-26,0.00019902588974218816,8.056932711042464e-05
3266,2021-03-30,0.0001735437981551513,8.526917372364551e-05
3267,2021-03-31,3.7499135942198336e-05,7.951463339850307e-05
3268,2021-04-01,0.00012083924229955301,9.894802497001365e-05
3269,2021-04-05,0.0002831554156728089,8.681233157403767e-05
3270,2021-04-06,0.00011736481974367052,8.280167821794748e-05
3271,2021-04-07,8.561890717828646e-05,7.943035598145798e-05
3272,2021-04-08,5.859844168298878e-05,8.041196269914508e-05
3273,2021-04-09,2.7120369850308634e-05,8.147599146468565e-05
3274,2021-04-12,0.0004343389009591192,7.967806595843285e-05
3275,2021-04-13,0.000124886428238824,7.858915341785178e-05
3276,2021-04-15,0.000132862085592933,7.564458064734936e-05
3277,2021-04-16,3.357073001097888e-05,7.92399951023981e-05
3278,2021-04-19,0.0005361904622986913,8.185207843780518e-05
3279,2021-04-20,0.00031284484430216253,7.976390043040738e-05
3280,2021-04-22,0.00015586259542033076,8.009922748897225e-05
3281,2021-04-23,9.429277997696772e-05,8.642482862342149e-05
3282,2021-04-26,8.866582356858999e-05,9.111521649174392e-05
3283,2021-04-27,5.3454416047316045e-05,8.234125562012196e-05
3284,2021-04-28,7.406809163512662e-05,7.784672925481573e-05
3285,2021-04-29,0.00013777603453490883,7.935713801998645e-05
3286,2021-04-30,0.00020693542319349945,0.00011817865015473217
3287,2021-05-03,0.00021192501299083233,9.424944437341765e-05
3288,2021-05-04,0.00012113253615098074,7.795578858349472e-05
3289,2021-05-05,9.091835090657696e-05,7.509328133892268e-05
3290,2021-05-06,4.110191366635263e-05,0.00010135055345017463
3291,2021-05-07,5.334980596671812e-05,0.00010980954539263621
3292,2021-05-10,5.831006637890823e-05,9.075324487639591e-05
3293,2021-05-11,0.00013182424299884588,7.88310935604386e-05
3294,2021-05-12,5.35789476998616e-05,7.844217907404527e-05
3295,2021-05-14,6.260555528569967e-05,7.706836913712323e-05
3296,2021-05-17,9.791983029572293e-05,8.114201773423702e-05
3297,2021-05-18,0.00010508461855351925,7.90592166595161e-05
3298,2021-05-19,3.7472003896255046e-05,7.861187623348087e-05
3299,2021-05-20,5.186155249248259e-05,7.590226596221328e-05
3300,2021-05-21,9.210970893036574e-05,7.885703234933317e-05
3301,2021-05-24,2.325247805856634e-05,8.102571882773191e-05
3302,2021-05-25,6.521560862893239e-05,8.289808465633541e-05
3303,2021-05-26,3.512080729706213e-05,8.988029003376141e-05
3304,2021-05-27,1.983521542570088e-05,7.748579082544893e-05
3305,2021-05-28,3.723166446434334e-05,7.486875256290659e-05
3306,2021-05-31,7.742286106804386e-05,7.393245323328301e-05
3307,2021-06-01,3.327490412630141e-05,7.854308205423877e-05
3308,2021-06-02,4.046117828693241e-05,8.963701839093119e-05
3309,2021-06-03,3.8991776818875223e-05,8.981473365565762e-05
3310,2021-06-04,1.965478622878436e-05,8.60146974446252e-05
3311,2021-06-07,2.5225308490917087e-05,8.059391257120296e-05
3312,2021-06-08,1.913554297061637e-05,7.635742076672614e-05
3313,2021-06-09,7.827380613889545e-05,7.544199615949765e-05
3314,2021-06-10,2.8568132620421238e-05,7.198614912340418e-05
3315,2021-06-11,2.37375406868523e-05,7.136971544241533e-05
3316,2021-06-14,0.00010337455751141533,7.232726784422994e-05
3317,2021-06-15,1.677095497143455e-05,7.305125473067164e-05
3318,2021-06-16,2.7454085284261964e-05,7.853686111047864e-05
3319,2021-06-17,9.176129970001057e-05,7.537927740486339e-05
3320,2021-06-18,0.00021856778766959906,7.385085336863995e-05
3321,2021-06-21,0.00019477566820569336,7.45276702218689e-05
3322,2021-06-22,6.436043622670695e-05,7.669349724892527e-05
3323,2021-06-23,8.1284211773891e-05,7.538704812759534e-05
3324,2021-06-24,2.911725823651068e-05,7.423435454256833e-05
3325,2021-06-25,2.6606063329381868e-05,7.325727347051725e-05
3326,2021-06-28,3.306586586404592e-05,7.077136979205534e-05
3327,2021-06-29,1.69470404216554e-05,6.600304914172739e-05
3328,2021-06-30,2.9135753720765933e-05,6.657408812316135e-05
3329,2021-07-01,1.54513654706534e-05,6.608675903407857e-05
3330,2021-07-02,2.0676468921010382e-05,6.755221693310887e-05
3331,2021-07-05,3.0303213861770928e-05,6.461344310082495e-05
3332,2021-07-06,2.7576079446589574e-05,6.183140794746578e-05
3333,2021-07-07,1.8104870832758024e-05,5.797471385449171e-05
3334,2021-07-08,5.77903920202516e-05,5.4495088988915086e-05
3335,2021-07-09,1.9571720258682035e-05,5.725809751311317e-05
3336,2021-07-12,5.2946299547329545e-05,5.5448203056585044e-05
3337,2021-07-13,5.1419010560493916e-05,5.220075399847701e-05
3338,2021-07-14,1.761087878549006e-05,5.530445559998043e-05
3339,2021-07-15,1.3943299563834444e-05,5.072462226962671e-05
3340,2021-07-16,1.4673128134745639e-05,4.8912756028585136e-05
3341,2021-07-19,0.0001377691951347515,5.066969970357604e-05
3342,2021-07-20,4.1119208617601544e-05,5.841832535224967e-05
3343,2021-07-22,6.0270474932622164e-05,6.409086927305907e-05
3344,2021-07-23,2.9652746889041737e-05,6.339918763842434e-05
3345,2021-07-26,1.2764096936734859e-05,6.493404362117872e-05
3346,2021-07-27,4.964655454386957e-05,6.202257645782083e-05
3347,2021-07-28,0.00013701056013815105,5.8757759688887745e-05
3348,2021-07-29,2.0127949028392322e-05,5.7005610869964585e-05
3349,2021-07-30,2.2944937882130034e-05,5.477060403791256e-05
3350,2021-08-02,5.583621168625541e-05,5.306503953761421e-05
3351,2021-08-03,8.86833222466521e-05,4.9721038521965966e-05
3352,2021-08-04,3.255279443692416e-05,4.757377246278338e-05
3353,2021-08-05,2.8265478249522857e-05,4.5537603000411764e-05
3354,2021-08-06,1.692647856543772e-05,4.496160181588493e-05
3355,2021-08-09,3.4163123928010464e-05,4.412338603287935e-05
3356,2021-08-10,3.177258258801885e-05,4.676577736972831e-05
3357,2021-08-11,6.196954200277105e-05,4.573449768940918e-05
3358,2021-08-12,1.1616712072282098e-05,4.671687929658219e-05
3359,2021-08-13,3.6573572288034484e-05,4.5275661250343546e-05
3360,2021-08-16,1.4898738299962133e-05,4.399145473144017e-05
3361,2021-08-17,2.4226274035754614e-05,4.278690539649688e-05
3362,2021-08-18,5.569453787757084e-05,4.117088610655628e-05
3363,2021-08-20,0.00015321439423132688,4.2788171413121745e-05
3364,2021-08-23,0.00013325367763172835,4.440956763573922e-05
3365,2021-08-24,4.5589702494908124e-05,4.346057176007889e-05
3366,2021-08-25,1.5864479792071506e-05,4.3608873966149986e-05
3367,2021-08-26,8.431776223005727e-06,4.240327689331025e-05
3368,2021-08-27,3.375477535882965e-05,4.42657146777492e-05
3369,2021-08-30,5.921329284319654e-05,4.9696245696395636e-05
3370,2021-08-31,6.647746340604499e-05,4.720395372714847e-05
3371,2021-09-01,4.321544474805705e-05,4.654814983950928e-05
3372,2021-09-02,4.130857632844709e-05,4.4261330913286656e-05
3373,2021-09-03,2.217575820395723e-05,4.683326187659986e-05
3374,2021-09-06,2.6759049433167093e-05,4.6638218918815255e-05
3375,2021-09-07,2.8174918043077923e-05,4.727685154648498e-05
3376,2021-09-08,2.826445415848866e-05,4.648666799766943e-05
3377,2021-09-09,1.2104101188015193e-05,4.715409886557609e-05
3378,2021-09-13,1.88354588317452e-05,4.805534263141453e-05
3379,2021-09-14,1.964922012120951e-05,5.086815872346051e-05
3380,2021-09-15,2.3943321139086038e-05,4.779755909112282e-05
3381,2021-09-16,2.095763738907408e-05,4.785420969710685e-05
3382,2021-09-17,9.130388934863731e-05,4.6702178224222735e-05
3383,2021-09-20,0.00016070548736024648,4.66780002170708e-05
3384,2021-09-21,9.159446926787496e-05,4.8409568989882246e-05
3385,2021-09-22,9.23615152714774e-06,5.074378350400366e-05
3386,2021-09-23,9.13131152628921e-05,5.4672178521286696e-05
3387,2021-09-24,3.470359661150724e-05,5.525979577214457e-05
3388,2021-09-27,4.1843366489047185e-05,5.2512874390231445e-05
3389,2021-09-28,0.00015710541629232466,4.898282713838853e-05
3390,2021-09-29,5.8507030189502984e-05,4.833322964259423e-05
3391,2021-09-30,2.661441612872295e-05,4.8625239287503064e-05
3392,2021-10-01,3.893017492373474e-05,5.216517820372246e-05
3393,2021-10-04,5.38250787940342e-05,5.4543961596209556e-05
3394,2021-10-05,4.2667921661632136e-05,5.6312259403057396e-05
3395,2021-10-06,8.359886851394549e-05,5.42807683814317e-05
3396,2021-10-07,9.573996067047119e-05,5.182590030017309e-05
3397,2021-10-08,3.988748721894808e-05,5.1545928727136925e-05
3398,2021-10-11,4.9391350330552086e-05,5.15710016770754e-05
3399,2021-10-12,2.539768502174411e-05,4.768141661770642e-05
3400,2021-10-13,5.64178844797425e-05,4.561845344142057e-05
3401,2021-10-14,4.7727004130138084e-05,4.27464437962044e-05
3402,2021-10-18,8.629848889540881e-05,4.240242560626939e-05
3403,2021-10-19,9.776549268281087e-05,4.172844273853116e-05
3404,2021-10-20,6.457082054112107e-05,4.500050636124797e-05
3405,2021-10-21,0.00017044867854565382,5.10568315803539e-05
3406,2021-10-22,8.703400089871138e-05,5.47305571672041e-05
3407,2021-10-25,0.00013641707482747734,5.0253573135705665e-05
3408,2021-10-26,4.7542205720674247e-05,5.038506060373038e-05
3409,2021-10-27,3.251215457567014e-05,4.9762969865696505e-05
3410,2021-10-28,0.00016412818513344973,5.032536500948481e-05
3411,2021-10-29,9.908626816468313e-05,5.781068102805875e-05
3412,2021-11-01,0.00011284571519354358,6.002182999509387e-05
3413,2021-11-02,3.331827974761836e-05,5.902712291572243e-05
3414,2021-11-03,6.730291352141649e-05,5.644075645250268e-05
3415,2021-11-04,3.7328514736145735e-05,5.6354052503593266e-05
3416,2021-11-08,0.00014703742635902017,5.655503264279105e-05
3417,2021-11-09,1.8929496945929714e-05,6.153820868348703e-05
3418,2021-11-10,3.754895442398265e-05,6.098808444221504e-05
3419,2021-11-11,4.415883086039685e-05,5.8851241192314774e-05
3420,2021-11-12,8.480488759232685e-05,6.0683032643282786e-05
3421,2021-11-15,2.4758579456829466e-05,6.154119910206646e-05
3422,2021-11-16,3.331240441184491e-05,6.227030826266855e-05
3423,2021-11-17,3.635893153841607e-05,6.124366336734965e-05
3424,2021-11-18,6.991971895331517e-05,5.969626727164723e-05
3425,2021-11-22,0.0003209275018889457,6.209003913681954e-05
3426,2021-11-23,0.00018673425074666739,6.574032886419445e-05
3427,2021-11-24,7.352947432082146e-05,7.24615529179573e-05
3428,2021-11-25,5.100027919979766e-05,7.459706830559298e-05
3429,2021-11-26,0.000285265501588583,7.699087291257456e-05
3430,2021-11-29,0.00019941289792768657,7.456549064954743e-05
3431,2021-11-30,0.00022871526016388088,7.288063352461904e-05
3432,2021-12-01,7.56148001528345e-05,7.670241757296026e-05
3433,2021-12-02,8.391573646804318e-05,7.856735464883968e-05
3434,2021-12-03,0.00011094989167759195,7.67687160987407e-05
3435,2021-12-06,0.0001236259558936581,7.406081567751244e-05
3436,2021-12-07,0.00013968646817374974,7.427194941556081e-05
3437,2021-12-08,9.905169281410053e-05,6.753773050149903e-05
3438,2021-12-09,5.396338747232221e-05,6.85029590385966e-05
3439,2021-12-10,2.598465289338492e-05,6.594842852791771e-05
3440,2021-12-13,0.0001264491002075374,6.463538011303172e-05
3441,2021-12-14,4.913904922432266e-05,6.517401925520971e-05
3442,2021-12-15,2.8326385290711187e-05,6.652185402344912e-05
3443,2021-12-16,0.0001227275497512892,6.544364441651851e-05
3444,2021-12-17,0.000129158201161772,6.456588744185865e-05
3445,2021-12-20,0.00035589540493674576,6.38910714769736e-05
3446,2021-12-21,0.0001699996500974521,6.713470065733418e-05
3447,2021-12-22,5.961439455859363e-05,7.605610153404996e-05
3448,2021-12-23,5.492391574080102e-05,7.7836710261181e-05
3449,2021-12-24,9.867804328678176e-05,7.689079211559147e-05
3450,2021-12-27,0.00011220367014175281,7.361324969679117e-05
3451,2021-12-28,3.738619125215337e-05,7.750589429633692e-05
3452,2021-12-29,1.4779525372432545e-05,7.873694994486868e-05
3453,2021-12-30,1.5968487787176855e-05,8.01620481070131e-05
3454,2021-12-31,3.673318133223802e-05,7.491031283279881e-05
3455,2022-01-03,8.04025330580771e-05,7.264580926857889e-05
3456,2022-01-04,7.265862950589508e-05,7.425473449984565e-05
3457,2022-01-05,4.360034654382616e-05,7.68587487982586e-05
3458,2022-01-06,0.00010237777314614505,7.548344729002565e-05
3459,2022-01-07,5.0298880523769185e-05,7.25367062841542e-05
3460,2022-01-10,5.197825521463528e-05,7.08713341737166e-05
3461,2022-01-11,1.4135064702713862e-05,6.876327825011685e-05
3462,2022-01-12,5.061594129074365e-05,7.137379725463688e-05
3463,2022-01-13,2.3868135031079873e-05,7.110963633749634e-05
3464,2022-01-14,4.5169959776103497e-05,6.92781395628117e-05
3465,2022-01-17,9.92193690763088e-06,7.046944665489718e-05
3466,2022-01-18,7.406971417367458e-05,7.456861203536391e-05
3467,2022-01-19,6.559904431924224e-05,8.04859955678694e-05
3468,2022-01-20,0.0001004384903353639,7.908688712632284e-05
3469,2022-01-21,0.00011960865231230855,7.514106255257502e-05
3470,2022-01-24,0.00042932090582326055,7.009196269791573e-05
3471,2022-01-25,0.0003506649227347225,7.117274071788415e-05
3472,2022-01-27,0.00028932507848367095,7.316748815355822e-05
3473,2022-01-28,0.00015246911789290607,7.165280112531036e-05
3474,2022-01-31,0.00015857517428230494,6.710238085361198e-05
3475,2022-02-01,0.00033619508030824363,6.292939360719174e-05
3476,2022-02-02,6.929201481398195e-05,6.027225754223764e-05
3477,2022-02-03,8.049390453379601e-05,6.107730587245896e-05
3478,2022-02-04,2.9691998861380853e-05,6.516357825603336e-05
3479,2022-02-07,0.00020544472499750555,6.826076423749328e-05
3480,2022-02-08,0.00013541719818022102,6.94051050231792e-05
3481,2022-02-09,5.703432543668896e-05,7.07145591150038e-05
3482,2022-02-10,8.451834582956508e-05,6.952402327442542e-05
3483,2022-02-11,0.00010847651719814166,6.624797970289364e-05
3484,2022-02-14,0.0003989745455328375,6.34024545433931e-05
3485,2022-02-15,0.0003643856034614146,6.017858686391264e-05
3486,2022-02-16,7.024405931588262e-05,5.9946367400698364e-05
3487,2022-02-17,6.625632522627711e-05,5.4646272474201396e-05
3488,2022-02-18,5.302755016600713e-05,5.6915494496934116e-05
3489,2022-02-21,0.00011188280041096732,6.185588426887989e-05
3490,2022-02-22,0.000555052945856005,6.665445107501e-05
3491,2022-02-23,7.815223216312006e-05,7.005366933299229e-05
3492,2022-02-24,0.0012619742192327976,7.864231884013861e-05
3493,2022-02-25,0.0003585483937058598,7.975568587426096e-05
3494,2022-02-28,0.00038398453034460545,8.055518992478028e-05
3495,2022-03-02,0.0001948197023011744,7.912702858448029e-05
3496,2022-03-03,0.00017865457630250603,7.370956154773012e-05
3497,2022-03-04,0.00022269084001891315,7.515503966715187e-05
3498,2022-03-07,0.0006316789076663554,7.060761708999053e-05
3499,2022-03-08,0.0002288406976731494,7.137039210647345e-05
3500,2022-03-09,0.0002495753869879991,6.796423258492723e-05
3501,2022-03-10,0.0007605570135638118,7.294370152521878e-05
3502,2022-03-11,7.628827006556094e-05,7.436444138875231e-05
3503,2022-03-14,9.539644088363275e-05,7.020294287940487e-05
3504,2022-03-15,0.00017655819829087704,6.909471267135814e-05
3505,2022-03-16,0.00018943753093481064,6.886775372549891e-05
3506,2022-03-17,0.00021013186778873205,7.362553878920153e-05
3507,2022-03-21,8.09713383205235e-05,7.60389884817414e-05
3508,2022-03-22,0.00013214621867518872,7.584966806462035e-05
3509,2022-03-23,9.239406790584326e-05,7.486703543690965e-05
3510,2022-03-24,0.0001272266381420195,7.263202860485762e-05
3511,2022-03-25,7.425212243106216e-05,7.410094985971227e-05
3512,2022-03-28,9.380101255374029e-05,7.694910891586915e-05
3513,2022-03-29,3.394197119632736e-05,7.549489237135276e-05
3514,2022-03-30,9.079141455003992e-05,9.17186844162643e-05
3515,2022-03-31,1.8390435798210092e-05,8.073908247752115e-05
3516,2022-04-01,8.916833030525595e-05,8.24822491267696e-05
3517,2022-04-04,0.00017182172450702637,8.09248595032841e-05
3518,2022-04-05,3.396347165107727e-05,8.159099525073543e-05
3519,2022-04-06,5.723156937165186e-05,8.468252781312913e-05
3520,2022-04-07,5.344737655832432e-05,9.073817636817694e-05
3521,2022-04-08,7.454871229128912e-05,8.77173661137931e-05
3522,2022-04-11,2.3583899746881798e-05,8.75984042068012e-05
3523,2022-04-12,5.786197289125994e-05,8.850260201143101e-05
3524,2022-04-13,6.390698399627581e-05,8.274539868580177e-05
3525,2022-04-18,0.0003197211481165141,7.96665990492329e-05
3526,2022-04-19,0.00027449653134681284,8.973819785751402e-05
3527,2022-04-20,7.54372522351332e-05,8.503351273247972e-05
3528,2022-04-21,7.706859469180927e-05,8.433002949459478e-05
3529,2022-04-22,0.00010842925257747993,7.703369192313403e-05
3530,2022-04-25,0.00012285132834222168,8.126166358124465e-05
3531,2022-04-26,0.00012652760779019445,8.57315753819421e-05
3532,2022-04-27,8.380816871067509e-05,8.704395440872759e-05
3533,2022-04-28,0.0001505676773376763,8.524063741788268e-05
3534,2022-04-29,0.00014264356286730617,8.439406519755721e-05
3535,2022-05-02,0.00014554672816302627,7.47667218092829e-05
3536,2022-05-04,0.00030919298296794295,7.201039261417463e-05
3537,2022-05-05,0.0002177939604735002,6.812172068748623e-05
3538,2022-05-06,0.0002856676001101732,6.835594103904441e-05
3539,2022-05-09,0.00021228889818303287,7.115617336239666e-05
3540,2022-05-10,7.963302050484344e-05,7.100629591150209e-05
3541,2022-05-11,0.0001587161677889526,6.939285958651453e-05
3542,2022-05-12,0.00021020500571466982,6.875140388729051e-05
3543,2022-05-13,0.00027307012351229787,6.914111145306379e-05
3544,2022-05-16,9.14881456992589e-05,6.625246169278398e-05
3545,2022-05-17,0.00021183709031902254,6.479541480075568e-05
3546,2022-05-18,6.080781531636603e-05,6.504976045107469e-05
3547,2022-05-19,0.0004626477893907577,6.724517152179033e-05
3548,2022-05-20,0.0003179178456775844,7.313155219890177e-05
3549,2022-05-23,7.867329259170219e-05,7.147494034143165e-05
3550,2022-05-24,4.377058212412521e-05,6.853335071355104e-05
3551,2022-05-25,8.01169517217204e-05,6.800293340347707e-05
3552,2022-05-26,0.00017638501594774425,6.793442298658192e-05
3553,2022-05-27,9.225222311215475e-05,6.609526462852955e-05
3554,2022-05-30,0.00015764962881803513,6.553907587658614e-05
3555,2022-05-31,6.193308945512399e-05,6.69397777528502e-05
3556,2022-06-01,5.4950894991634414e-05,7.062863005558029e-05
3557,2022-06-02,5.7343891967320815e-05,7.020375051070005e-05
3558,2022-06-03,0.00012605500523932278,7.628259481862187e-05
3559,2022-06-06,4.644385990104638e-05,7.737428677501157e-05
3560,2022-06-07,6.405030580936e-05,7.60997791076079e-05
3561,2022-06-08,7.38027592888102e-05,7.606916187796742e-05
3562,2022-06-09,0.0001101855086744763,7.45737343095243e-05
3563,2022-06-10,0.00016980731743387878,7.621220720466226e-05
3564,2022-06-13,0.00047218496911227703,7.902167999418452e-05
3565,2022-06-14,0.00010938028572127223,7.969835860421881e-05
3566,2022-06-15,1.696466642897576e-05,7.784977060509846e-05
3567,2022-06-16,0.0004664002335630357,7.633571658516303e-05
3568,2022-06-17,9.984752250602469e-05,7.46461664675735e-05
3569,2022-06-20,7.645126606803387e-05,7.73094579926692e-05
3570,2022-06-21,0.0001624591095605865,7.584597915410995e-05
3571,2022-06-22,8.087803144007921e-05,7.559352525277063e-05
3572,2022-06-23,0.00010040305642178282,7.427485979860649e-05
3573,2022-06-24,6.453252717619762e-05,7.407395605696365e-05
3574,2022-06-27,0.00022307662584353238,7.585103594465181e-05
3575,2022-06-28,6.645319081144407e-05,7.36439396860078e-05
3576,2022-06-29,0.00013214332284405828,7.279644341906533e-05
3577,2022-06-30,4.2084888264071196e-05,7.206122973002493e-05
3578,2022-07-01,0.000162513941177167,7.276979158632457e-05
3579,2022-07-04,5.722512287320569e-05,7.249064947245643e-05
3580,2022-07-05,0.00010802980978041887,7.342829485423863e-05
3581,2022-07-06,5.9169993619434536e-05,7.238419493660331e-05
3582,2022-07-07,7.678644033148885e-05,7.150065357564017e-05
3583,2022-07-08,9.758087253430858e-05,7.187550363596529e-05
3584,2022-07-11,4.997331780032255e-05,7.207497401395813e-05
3585,2022-07-12,5.1791266741929576e-05,7.232491770992056e-05
3586,2022-07-13,6.611127173528075e-05,7.578315126011148e-05
3587,2022-07-14,7.054966408759356e-05,7.49682731111534e-05
3588,2022-07-15,5.1216054998803884e-05,6.941345054656267e-05
3589,2022-07-18,6.757064693374559e-05,7.399953028652817e-05
3590,2022-07-19,7.013207505224273e-05,7.447473763022572e-05
3591,2022-07-20,0.00019396209972910583,7.274238305399194e-05
3592,2022-07-21,2.5304943847004324e-05,7.187639857875183e-05
3593,2022-07-22,3.552582347765565e-05,7.15825954102911e-05
3594,2022-07-25,3.629549973993562e-05,7.20271491445601e-05
3595,2022-07-26,3.716752689797431e-05,6.935607962077484e-05
3596,2022-07-27,5.760754720540717e-05,6.631947326241061e-05
3597,2022-07-28,0.00011155229731230065,6.619903433602303e-05
3598,2022-07-29,0.00010742530139395967,6.717709766235203e-05
3599,2022-08-01,7.552024908363819e-05,6.733283225912601e-05
3600,2022-08-02,3.926103818230331e-05,7.094557804521173e-05
3601,2022-08-03,4.8394434998044744e-05,7.067640399327502e-05
3602,2022-08-04,0.00017944876162800938,7.212015043478459e-05
3603,2022-08-05,2.293975376232993e-05,7.119934889487922e-05
3604,2022-08-08,3.9632712287129834e-05,6.838801346020773e-05
3605,2022-08-10,3.0987859645392746e-05,6.623363879043609e-05
3606,2022-08-11,0.00010930990538327023,6.464241596404463e-05
3607,2022-08-12,1.8391872799838893e-05,6.40672878944315e-05
3608,2022-08-16,3.742754051927477e-05,6.490216765087098e-05
3609,2022-08-17,2.4249991838587448e-05,6.674108590232208e-05
3610,2022-08-18,2.176057569158729e-05,6.577694875886664e-05
3611,2022-08-19,8.422899554716423e-05,6.366711750160903e-05
3612,2022-08-22,7.26226789993234e-05,6.294505874393508e-05
3613,2022-08-23,0.00014635764819104224,6.154395669000223e-05
3614,2022-08-24,2.5621182430768386e-05,6.0228245274629444e-05
3615,2022-08-25,7.939665374578908e-05,5.984823656035587e-05
3616,2022-08-26,6.0783517255913466e-05,5.972365761408582e-05
3617,2022-08-29,0.0005075152730569243,6.0122769355075434e-05
3618,2022-08-30,0.00018932067905552685,6.105739157646894e-05
3619,2022-09-01,0.0003157372120767832,6.195565219968557e-05
3620,2022-09-02,4.045851528644562e-05,6.231837323866785e-05
3621,2022-09-05,2.2447133233072236e-05,6.375442899297923e-05
3622,2022-09-06,3.600102718337439e-05,6.448964995797724e-05
3623,2022-09-07,9.004029561765492e-05,6.516661960631609e-05
3624,2022-09-08,6.541611946886405e-05,6.983928324189037e-05
3625,2022-09-09,7.127591379685327e-05,6.765530997654423e-05
3626,2022-09-12,2.0845711333095096e-05,6.625006790272892e-05
3627,2022-09-13,4.161827018833719e-05,6.378289253916591e-05
3628,2022-09-14,0.00039307342376559973,6.0656588175334036e-05
3629,2022-09-15,6.383346044458449e-05,5.849983062944375e-05
3630,2022-09-16,0.0001330880622845143,5.512410280061886e-05
3631,2022-09-19,6.573525752173737e-05,5.3348790970630944e-05
3632,2022-09-20,0.00010801290773088112,5.190514275454916e-05
3633,2022-09-21,4.035974052385427e-05,5.556407995754853e-05
3634,2022-09-22,7.658897084183991e-05,5.912221968173981e-05
3635,2022-09-23,0.00013953735469840467,6.225760444067419e-05
3636,2022-09-26,0.00015285740664694458,6.007491174386814e-05
3637,2022-09-27,9.324793063569814e-05,6.138897151686251e-05
3638,2022-09-28,0.00013858212332706898,6.125732761574909e-05
3639,2022-09-29,0.0001297919952776283,6.474964902736247e-05
3640,2022-09-30,0.00022773168166168034,6.645027315244079e-05
3641,2022-10-03,7.903366349637508e-05,6.945284258108586e-05
3642,2022-10-04,0.0002667271764948964,6.80458833812736e-05
3643,2022-10-06,5.1972510846098885e-05,6.395392119884491e-05
3644,2022-10-07,2.5207948056049645e-05,6.256448978092521e-05
3645,2022-10-10,0.00021673826267942786,6.226218101801351e-05
3646,2022-10-11,0.00011360276403138414,6.0050741012673825e-05
3647,2022-10-12,4.666518361773342e-05,5.9068959672003984e-05
3648,2022-10-13,3.3351087040500715e-05,5.593080641119741e-05
3649,2022-10-14,0.00035791718983091414,5.2672927267849445e-05
3650,2022-10-17,6.652611045865342e-05,5.69892545172479e-05
3651,2022-10-18,6.435595423681661e-05,6.072331962059252e-05
3652,2022-10-19,4.1040537325898185e-05,6.671957089565694e-05
3653,2022-10-20,5.572019290411845e-05,6.785678851883858e-05
3654,2022-10-21,3.514734635245986e-05,6.663722160737962e-05
3655,2022-10-24,8.766083919908851e-05,6.559835310326889e-05
3656,2022-10-25,5.2045714255655184e-05,6.585912342416123e-05
3657,2022-10-27,6.498676521005109e-05,6.995519652264193e-05
3658,2022-10-28,1.5468276615138166e-05,7.2005859692581e-05
3659,2022-10-31,6.357222446240485e-05,7.152042962843552e-05
3660,2022-11-01,5.8084398915525526e-05,7.167604053393006e-05
3661,2022-11-02,2.1625770386890508e-05,7.115847984096035e-05
3662,2022-11-03,6.451788067352027e-05,7.255995296873152e-05
3663,2022-11-04,1.4519548130920157e-05,7.326383638428524e-05
3664,2022-11-07,7.250440830830485e-05,7.046508108032867e-05
3665,2022-11-09,5.5304084526142105e-05,6.688967550871894e-05
3666,2022-11-10,5.687447264790535e-05,6.364926957758144e-05
3667,2022-11-11,0.00019156181951984763,6.511505489470437e-05
3668,2022-11-14,9.800694897421636e-06,6.921633030287921e-05
3669,2022-11-15,2.7386540750740096e-05,6.838644912932068e-05
3670,2022-11-16,9.910635526466649e-06,6.695458432659507e-05
3671,2022-11-17,1.91597191587789e-05,6.665642285952345e-05
3672,2022-11-18,4.570371675072238e-05,6.690085137961432e-05
3673,2022-11-21,2.8143120289314538e-05,6.382225546985865e-05
3674,2022-11-22,1.7171794752357528e-05,6.208246486494318e-05
3675,2022-11-23,2.638549813127611e-05,6.103666964918375e-05
3676,2022-11-24,6.522139301523566e-05,6.0394475440261886e-05
3677,2022-11-25,1.715593498374801e-05,5.760012936661951e-05
3678,2022-11-28,8.018490916583687e-05,5.7259629102190956e-05
3679,2022-11-29,1.892729414976202e-05,5.701616100850515e-05
3680,2022-11-30,4.036348036606796e-05,5.538066034205258e-05
3681,2022-12-01,4.8016310756793246e-05,5.376833723857999e-05
3682,2022-12-02,3.0254179364419542e-05,5.2973267884226516e-05
3683,2022-12-05,2.9057504434604198e-05,5.205072739045136e-05
3684,2022-12-06,3.4783217415679246e-05,5.225813583820127e-05
3685,2022-12-07,1.8901553630712442e-05,5.106515527586453e-05
3686,2022-12-08,8.08525328466203e-06,5.238087760517374e-05
3687,2022-12-09,7.802592881489545e-05,5.390644582803361e-05
3688,2022-12-12,5.752107608714141e-05,5.4721578635508195e-05
3689,2022-12-13,1.8446451576892287e-05,5.337881520972587e-05
3690,2022-12-14,1.5308023648685776e-05,5.045487705501728e-05
3691,2022-12-15,7.500868377974257e-05,4.970396912540309e-05
3692,2022-12-16,7.24957644706592e-05,4.798074587597512e-05
3693,2022-12-19,3.70054658560548e-05,4.67222707811743e-05
3694,2022-12-20,7.317271229112521e-05,4.816467844648287e-05
3695,2022-12-21,0.00010387490328866988,4.863571666646749e-05
3696,2022-12-22,8.820255607133731e-05,4.7878125769784674e-05
3697,2022-12-23,0.0001472382282372564,4.5842749386793e-05
3698,2022-12-26,0.00010153417679248378,4.7393088607350364e-05
3699,2022-12-27,6.215769826667383e-05,4.640011684386991e-05
3700,2022-12-28,1.9133625755785033e-05,4.9136142479255795e-05
3701,2022-12-29,7.535758049925789e-05,4.8920126573648304e-05
3702,2022-12-30,4.921897198073566e-05,4.9997775931842625e-05
3703,2023-01-02,1.959854125743732e-05,4.936328696203418e-05
3704,2023-01-03,1.412358324159868e-05,4.962004459230229e-05
3705,2023-01-04,5.0835667934734374e-05,4.9741716793505475e-05
3706,2023-01-05,7.058674964355305e-05,4.788936348631978e-05
3707,2023-01-06,6.728744483552873e-05,4.747021375806071e-05
3708,2023-01-09,7.10004023858346e-05,4.537374115898274e-05
3709,2023-01-10,8.054005593294278e-05,4.807514415006153e-05
3710,2023-01-11,2.453181878081523e-05,5.004113700124435e-05
3711,2023-01-12,4.256208922015503e-05,4.9120732001028955e-05
3712,2023-01-13,5.5472693929914385e-05,4.627276575774886e-05
3713,2023-01-16,5.866677383892238e-05,4.8956251703202724e-05
3714,2023-01-17,3.8246438634814695e-05,5.193564356886782e-05
3715,2023-01-18,2.5205255951732397e-05,5.26618750882335e-05
3716,2023-01-19,1.4800852113694418e-05,5.4628711950499564e-05
3717,2023-01-20,1.762051942932885e-05,5.904806675971486e-05
3718,2023-01-23,3.5252520319772884e-05,6.173736619530246e-05
3719,2023-01-24,2.8693322747130878e-05,6.56804841128178e-05
3720,2023-01-25,7.083625678205863e-05,6.658925849478692e-05
3721,2023-01-27,0.00017590993957128376,6.528418452944607e-05
3722,2023-01-30,0.00011804742098320276,6.083385233068839e-05
3723,2023-01-31,7.899726915638894e-05,6.0872505855513737e-05
3724,2023-02-01,0.0004894500598311424,6.055503399693407e-05
3725,2023-02-02,7.935381290735677e-05,5.812196832266636e-05
3726,2023-02-03,0.00014187079796101898,5.453548874356784e-05
3727,2023-02-06,2.441244214423932e-05,5.535742820939049e-05
3728,2023-02-07,3.104130519204773e-05,5.806484477943741e-05
3729,2023-02-08,2.8365879188640974e-05,6.14314922131598e-05
3730,2023-02-09,2.7105323169962503e-05,6.162048521218821e-05
3731,2023-02-10,1.3291119103087112e-05,6.411153299268335e-05
3732,2023-02-13,2.817107451846823e-05,6.268214201554656e-05
3733,2023-02-14,4.036940663354471e-05,6.218799535417929e-05
3734,2023-02-15,3.783392457989976e-05,6.288769509410486e-05
3735,2023-02-16,3.7402918678708375e-05,6.311252946034074e-05
3736,2023-02-17,3.44205618603155e-05,6.197255424922332e-05
3737,2023-02-20,3.759413448278792e-05,5.9895115555264056e-05
3738,2023-02-21,2.8032440241076984e-05,5.6242963182739913e-05
3739,2023-02-22,8.002021058928221e-05,5.384135147323832e-05
3740,2023-02-23,3.068452133447863e-05,5.1612725656013936e-05
3741,2023-02-24,5.6801138271111995e-05,5.041943222749978e-05
3742,2023-02-27,3.554470094968565e-05,5.329925988917239e-05
3743,2023-02-28,3.820662823272869e-05,6.067116919439286e-05
3744,2023-03-01,2.7116024284623563e-05,6.507247599074617e-05
3745,2023-03-02,2.4608581952634268e-05,6.536287401104346e-05
3746,2023-03-03,0.00010732423834269866,7.214938523247838e-05
3747,2023-03-06,4.7704161261208355e-05,7.148714212235063e-05
3748,2023-03-08,3.82061189156957e-05,7.118108624126762e-05
3749,2023-03-09,4.4052205339539796e-05,6.746434519300237e-05
3750,2023-03-10,9.41150719881989e-05,6.59455981804058e-05
3751,2023-03-13,0.00019818493456114084,6.155786832096055e-05
3752,2023-03-14,6.430540088331327e-05,5.870774111826904e-05
3753,2023-03-15,0.00013728917110711336,5.4196450946619734e-05
3754,2023-03-16,5.883564517716877e-05,5.2590155974030495e-05
3755,2023-03-17,0.00010806258069351315,5.134462480782531e-05
3756,2023-03-20,9.883438178803772e-05,5.0973929319297895e-05
3757,2023-03-21,3.276055213063955e-05,5.031629916629754e-05
3758,2023-03-22,2.7980198865407147e-05,5.042505290475674e-05
3759,2023-03-23,4.55041736131534e-05,5.145579780219123e-05
3760,2023-03-24,4.269971395842731e-05,5.069048347650096e-05
3761,2023-03-27,4.1040188079932705e-05,5.38746862730477e-05
3762,2023-03-28,3.2676740374881774e-05,5.4814234317746013e-05
3763,2023-03-29,4.188680759398267e-05,5.5769371101632714e-05
3764,2023-03-31,9.276311902794987e-05,5.596287519438192e-05
3765,2023-04-03,3.789560287259519e-05,5.6862594647100195e-05
3766,2023-04-05,3.2981748518068343e-05,5.4499403631780297e-05
3767,2023-04-06,2.1687916159862652e-05,5.31752230017446e-05
3768,2023-04-10,1.507249180576764e-05,5.3779825975652784e-05
3769,2023-04-11,3.070547973038629e-05,5.325698293745518e-05
3770,2023-04-12,1.768027686921414e-05,5.306346793076955e-05
3771,2023-04-13,1.7520082110422663e-05,5.4403022659244016e-05
3772,2023-04-17,0.00011108445323770866,5.5993143178056926e-05
3773,2023-04-18,4.0156912291422486e-05,6.626010872423649e-05
3774,2023-04-19,8.828844329400454e-06,7.008159445831552e-05
3775,2023-04-20,1.194078959088074e-05,7.275563257280737e-05
3776,2023-04-21,1.5793939383001998e-05,7.150181045290083e-05
3777,2023-04-24,5.112884900881909e-05,7.014840230112895e-05
3778,2023-04-25,9.67872892942978e-06,7.17231523594819e-05
3779,2023-04-26,1.612808591744397e-05,6.6795211751014e-05
3780,2023-04-27,1.8811495465342887e-05,6.134794966783375e-05
3781,2023-04-28,4.8417561629321426e-05,6.003293310641311e-05
3782,2023-05-02,1.7207039491040632e-05,6.0718684835592285e-05
3783,2023-05-03,1.1063074452977162e-05,6.065629713702947e-05
3784,2023-05-04,4.146906576352194e-05,5.954564403509721e-05
3785,2023-05-05,9.163431968772784e-05,5.896236325497739e-05
3786,2023-05-08,4.3492953409440815e-05,5.851847163285129e-05
3787,2023-05-09,1.7558755644131452e-05,5.6905726523837075e-05
3788,2023-05-10,2.783907621051185e-05,5.56221348233521e-05
3789,2023-05-11,1.953783430508338e-05,5.403646719059907e-05
3790,2023-05-12,2.6005627660197206e-05,5.105186573928222e-05
3791,2023-05-15,3.054423359571956e-05,4.8329588025808334e-05
3792,2023-05-16,3.209092756151222e-05,4.5846725697629154e-05
3793,2023-05-17,4.16772163589485e-05,4.400605757837184e-05
3794,2023-05-18,7.147972064558417e-05,4.661665661842562e-05
3795,2023-05-19,4.6937446313677356e-05,4.781192183145322e-05
3796,2023-05-22,2.4621234842925332e-05,4.580805398290977e-05
3797,2023-05-23,1.6988287825370207e-05,4.369737871456891e-05
3798,2023-05-24,3.050284067285247e-05,4.2150837543886155e-05
3799,2023-05-25,2.1546351490542293e-05,4.1705239709699526e-05
3800,2023-05-26,3.771112460526638e-05,4.035085657960735e-05
3801,2023-05-29,4.5124230382498354e-05,3.95565148210153e-05
3802,2023-05-30,7.4096528805966955e-06,3.898724389728159e-05
3803,2023-05-31,2.008306182688102e-05,3.952156112063676e-05
3804,2023-06-01,1.9493278159643523e-05,3.87240361305885e-05
3805,2023-06-02,2.1393809220171534e-05,3.7726087612099946e-05
3806,2023-06-05,2.101231257256586e-05,3.787540481425822e-05
3807,2023-06-06,1.0067089533549733e-05,3.927050784113817e-05
3808,2023-06-07,2.317505823157262e-05,4.0077029552776366e-05
3809,2023-06-08,2.6158102627960034e-05,3.999639011453837e-05
3810,2023-06-09,1.571035318193026e-05,3.9755286707077175e-05
3811,2023-06-12,8.117510333249811e-06,3.9502454455941916e-05
3812,2023-06-13,1.1922435078304261e-05,3.97686380892992e-05
3813,2023-06-14,9.856513315753546e-06,4.031723801745102e-05
3814,2023-06-15,1.5896936019998975e-05,4.103227911400609e-05
3815,2023-06-16,2.6689624064601958e-05,4.25444777647499e-05
3816,2023-06-19,3.203087908332236e-05,4.41570628026966e-05
3817,2023-06-20,3.470684168860316e-05,4.528840145212598e-05
3818,2023-06-21,1.0303975614078809e-05,4.5663240598514676e-05
3819,2023-06-22,1.5683392120990902e-05,4.457300383364782e-05
3820,2023-06-23,1.3910122106608469e-05,4.433318827068433e-05
3821,2023-06-26,6.205987574503524e-06,4.381898543215357e-05
3822,2023-06-27,2.2382191673386842e-05,4.408881432027556e-05
3823,2023-06-28,4.399694807943888e-05,4.25444777647499e-05
3824,2023-06-30,6.042656605131924e-05,4.06827348342631e-05
3825,2023-07-03,2.0055309505551122e-05,3.976564039476216e-05
3826,2023-07-04,3.802179344347678e-05,3.930708044208586e-05
3827,2023-07-05,8.320676897710655e-06,3.8707607018295676e-05
3828,2023-07-06,1.768456058925949e-05,3.746739457710646e-05
3829,2023-07-07,6.181436765473336e-05,3.6685461964225397e-05
3830,2023-07-10,2.300925370946061e-05,3.625477620516904e-05
3831,2023-07-11,2.6401405193610117e-05,3.673444007290527e-05
3832,2023-07-12,2.7974539989372715e-05,3.685283081722446e-05
3833,2023-07-13,6.293234037002549e-05,3.628833292168565e-05
3834,2023-07-14,4.036413520225324e-05,3.572737114154734e-05
3835,2023-07-17,3.128058961010538e-05,3.531386028043926e-05
3836,2023-07-18,2.9621880457852967e-05,3.538492455845699e-05
3837,2023-07-19,2.3151929781306535e-05,3.567408930393867e-05
3838,2023-07-20,4.9188281991519034e-05,3.63128783646971e-05
3839,2023-07-21,0.00011183819879079238,3.712763646035455e-05
3840,2023-07-24,1.3665646292793099e-05,3.6747296690009534e-05
3841,2023-07-25,2.2970336431171745e-05,3.672508682939224e-05
3842,2023-07-26,1.80155475391075e-05,3.662404196802527e-05
3843,2023-07-27,7.477399049093947e-05,3.6029741750098765e-05
3844,2023-07-28,1.7000671505229548e-05,3.58040451828856e-05
3845,2023-07-31,2.9523034754674882e-05,3.61358979716897e-05
3846,2023-08-01,9.661364856583532e-06,3.678007851704024e-05
3847,2023-08-02,7.780702435411513e-05,3.670918886200525e-05
3848,2023-08-03,6.160444900160655e-05,3.698020736919716e-05
3849,2023-08-04,2.6665018594940193e-05,3.6537458072416484e-05
3850,2023-08-07,1.7991167624131776e-05,3.6397756048245355e-05
3851,2023-08-08,1.2043604328937363e-05,3.7735982914455235e-05
3852,2023-08-09,3.596674287109636e-05,3.789260154007934e-05
3853,2023-08-10,1.6938331100391224e-05,3.769167233258486e-05
3854,2023-08-11,1.914483254950028e-05,3.7872658140258864e-05
3855,2023-08-14,5.1328857807675377e-05,3.886084596160799e-05
3856,2023-08-16,3.67206048395019e-05,3.9529022615170106e-05
3857,2023-08-17,1.750054616422858e-05,3.999043838120997e-05
3858,2023-08-18,2.3779230104992166e-05,4.0048071241471916e-05
3859,2023-08-21,1.528939355921466e-05,3.9738726627547294e-05
3860,2023-08-22,4.975753654434811e-06,4.0576254832558334e-05
3861,2023-08-23,1.63242693815846e-05,4.2908432078547776e-05
3862,2023-08-24,6.36887998552993e-05,4.315572732593864e-05
3863,2023-08-25,3.208089401596226e-05,4.255815292708576e-05
3864,2023-08-28,1.512630387878744e-05,4.1589944885345176e-05
3865,2023-08-29,1.7678843505564146e-05,4.366601206129417e-05
3866,2023-08-30,3.439464126131497e-05,4.381994585855864e-05
3867,2023-08-31,2.6753257770906202e-05,4.387083390611224e-05
3868,2023-09-01,3.750679024960846e-05,4.218385583953932e-05
3869,2023-09-04,3.7194829928921536e-05,4.428176180226728e-05
3870,2023-09-05,7.228047252283432e-06,4.764532786794007e-05
3871,2023-09-06,2.1829062461620197e-05,4.7194771468639374e-05
3872,2023-09-07,3.200861465302296e-05,4.5205124479252845e-05
3873,2023-09-08,2.24241321120644e-05,4.294736572774127e-05
3874,2023-09-11,2.9802040444337763e-05,4.275353785487823e-05
3875,2023-09-12,6.919025327078998e-05,4.225798329571262e-05
3876,2023-09-13,1.9706794773810543e-05,4.1753199184313416e-05
3877,2023-09-14,2.1252033548080362e-05,4.265380266588181e-05
3878,2023-09-15,1.4038097106094938e-05,4.32019260188099e-05
3879,2023-09-18,8.805332981864922e-06,4.299506690585986e-05
3880,2023-09-20,8.42801746330224e-05,4.258109402144328e-05
3881,2023-09-21,2.6373121727374382e-05,4.1677609260659665e-05
3882,2023-09-22,1.8190747141488828e-05,3.945896969526075e-05
3883,2023-09-25,1.5294905097107403e-05,3.8213074731174856e-05
3884,2023-09-26,3.5513105558493407e-06,3.897166607202962e-05
3885,2023-09-27,3.2927033316809684e-05,3.924467819160782e-05
3886,2023-09-28,7.192603516159579e-05,3.893689427059144e-05
3887,2023-09-29,3.787031164392829e-05,3.7806297768838704e-05
3888,2023-10-03,2.069850597763434e-05,3.7461784813785926e-05
3889,2023-10-04,3.871362787322141e-05,3.7794150557601824e-05
3890,2023-10-05,2.635637611092534e-05,3.830213609035127e-05
3891,2023-10-06,2.1333604308892973e-05,3.8245125324465334e-05
3892,2023-10-09,4.432743662619032e-05,3.710823875735514e-05
3893,2023-10-10,2.833943653968163e-05,3.702753019751981e-05
3894,2023-10-11,2.1303858375176787e-05,3.745564026758075e-05
3895,2023-10-12,4.547747266769875e-06,3.765721703530289e-05
3896,2023-10-13,7.58082969696261e-05,3.757997546927072e-05
3897,2023-10-16,7.281903890543617e-06,3.8536483771167696e-05
3898,2023-10-17,3.708849544636905e-05,3.883069075527601e-05
3899,2023-10-18,2.8563474188558757e-05,3.866226688842289e-05
3900,2023-10-19,6.655910692643374e-05,3.788710819208063e-05
3901,2023-10-20,2.3294136553886347e-05,3.7033816624898463e-05
3902,2023-10-23,8.112708746921271e-05,3.78623662982136e-05
3903,2023-10-25,6.76434428896755e-05,3.846180334221572e-05
3904,2023-10-26,6.381118146236986e-05,3.8863996451254934e-05
3905,2023-10-27,3.579154872568324e-05,3.881417796947062e-05
3906,2023-10-30,5.214955672272481e-05,3.741098043974489e-05
3907,2023-10-31,5.2398867410374805e-05,3.745392677956261e-05
3908,2023-11-01,1.4699893654324114e-05,3.922892574337311e-05
3909,2023-11-02,5.848170258104801e-05,4.0336617530556396e-05
3910,2023-11-03,3.555941293598153e-05,4.06951476179529e-05
3911,2023-11-06,4.766327765537426e-05,4.096487464266829e-05
3912,2023-11-07,1.0969936738547403e-05,4.009847543784417e-05
3913,2023-11-08,8.982711733551696e-06,3.903669130522758e-05
3914,2023-11-09,7.112737876013853e-06,3.904264303855598e-05
3915,2023-11-10,1.82160747499438e-05,3.8814032450318336e-05
3916,2023-11-13,1.5932177120703273e-05,3.793848736677319e-05
3917,2023-11-15,0.00012662044900935143,3.681173257064074e-05
3918,2023-11-16,5.556890391744673e-05,3.717323124874383e-05
3919,2023-11-17,4.1158909880323336e-05,3.673773244372569e-05
3920,2023-11-20,6.312086043180898e-06,3.625208046287298e-05
3921,2023-11-21,2.0635239707189612e-05,3.6744742828886956e-05
3922,2023-11-22,1.6276404494419694e-05,3.7792273360537365e-05
3923,2023-11-23,8.102691936073825e-06,3.763416680158116e-05
3924,2023-11-24,3.6063167954125674e-06,3.974224819103256e-05
3925,2023-11-28,1.808937122405041e-05,4.3038264266215265e-05
3926,2023-11-29,3.756929800147191e-05,4.625793735613115e-05
3927,2023-11-30,2.0757968741236255e-05,4.6359331463463604e-05
3928,2023-12-01,1.878224065876566e-05,4.797223664354533e-05
3929,2023-12-04,0.0003017369017470628,4.894668381894007e-05
3930,2023-12-05,5.857893847860396e-05,4.791896935785189e-05
3931,2023-12-06,3.422681038500741e-05,4.682388316723518e-05
3932,2023-12-07,7.575095423817402e-06,4.454500231076963e-05
3933,2023-12-08,1.8912172890850343e-05,4.306992195779458e-05
3934,2023-12-11,8.047790288401302e-06,4.150475433561951e-05
3935,2023-12-12,2.3548702301923186e-05,3.949315214413218e-05
3936,2023-12-13,4.0141178033081815e-05,3.790579648921266e-05
3937,2023-12-14,9.058833529707044e-05,3.724246198544279e-05
3938,2023-12-15,7.292408554349095e-05,3.660378934000619e-05
3939,2023-12-18,1.0983178981405217e-05,3.66670974472072e-05
3940,2023-12-19,3.3300650102319196e-05,3.781192208407447e-05
3941,2023-12-20,0.00020652278908528388,3.8570458855247125e-05
3942,2023-12-21,0.00010361182648921385,3.786576053244062e-05
3943,2023-12-22,2.22603866859572e-05,3.698334694490768e-05
3944,2023-12-26,1.6389161828556098e-05,3.66631502402015e-05
3945,2023-12-27,3.0598581361118704e-05,3.6158820876153186e-05
3946,2023-12-28,1.859088115452323e-05,3.537102384143509e-05
3947,2023-12-29,9.997065717470832e-06,3.517632285365835e-05
3948,2024-01-01,1.7888498405227438e-05,3.5299890441820025e-05
3949,2024-01-02,3.640590875875205e-05,3.565813312889077e-05
3950,2024-01-03,2.2586604245589115e-05,3.556806404958479e-05
3951,2024-01-04,2.7381842301110737e-05,3.6403584090294316e-05
3952,2024-01-05,1.5906216503935866e-05,3.7132485886104405e-05
3953,2024-01-08,5.588415660895407e-05,3.723245026776567e-05
3954,2024-01-09,7.415792788378894e-05,3.673076571431011e-05
3955,2024-01-10,2.9603637813124806e-05,3.6657729651778936e-05
3956,2024-01-11,2.2834983610664494e-05,3.6285637179389596e-05
3957,2024-01-12,6.608385592699051e-05,3.6626945075113326e-05
3958,2024-01-15,7.132222526706755e-05,3.738690429599956e-05
3959,2024-01-16,1.705842078081332e-05,3.7732817872893065e-05
3960,2024-01-17,0.0003977419401053339,3.8855476304888725e-05
3961,2024-01-18,0.00010226202721241862,3.865079997922294e-05
3962,2024-01-19,5.692217018804513e-05,3.8871301512699574e-05
3963,2024-01-23,0.0002466416044626385,4.349921437096782e-05
3964,2024-01-24,9.48331507970579e-05,4.795769200427458e-05
3965,2024-01-25,4.018828985863365e-05,4.8437050281791016e-05
3966,2024-01-29,9.52586269704625e-05,4.743681711261161e-05
3967,2024-01-30,7.280283170985058e-05,4.671081478591077e-05
3968,2024-01-31,6.476465205196291e-05,4.558914224617183e-05
3969,2024-02-01,2.782850970106665e-05,4.3347197788534686e-05
3970,2024-02-02,0.00014690148236695677,4.2140669393120334e-05
3971,2024-02-05,4.8866648285184056e-05,4.245166928740218e-05
3972,2024-02-06,4.0889543015509844e-05,4.2722600483102724e-05
3973,2024-02-07,5.613477696897462e-05,4.163029734627344e-05
3974,2024-02-08,9.932506509358063e-05,4.054836608702317e-05
3975,2024-02-09,2.553461308707483e-05,4.183215423836373e-05
3976,2024-02-12,4.7767032810952514e-05,4.3561904021771625e-05
3977,2024-02-13,4.697120675700717e-05,4.434688889887184e-05
3978,2024-02-14,0.00014109374023973942,4.396511576487683e-05
3979,2024-02-15,2.9962624466861598e-05,4.433956928551197e-05
3980,2024-02-16,3.2024709071265534e-05,4.4421085476642475e-05
3981,2024-02-19,2.683840284589678e-05,4.403762795845978e-05
3982,2024-02-20,2.151786975446157e-05,4.947224442730658e-05
3983,2024-02-21,5.10254358232487e-05,5.53648715140298e-05
3984,2024-02-22,0.00011842663661809638,5.3462823416339234e-05
3985,2024-02-23,1.9272918507340364e-05,6.17689365753904e-05
3986,2024-02-26,1.488166981289396e-05,6.526245852001011e-05
3987,2024-02-27,1.4296094377641566e-05,6.511183164548129e-05
3988,2024-02-28,6.869647768326104e-05,6.530367681989446e-05
3989,2024-02-29,2.7924483219976537e-05,6.815128290327266e-05
3990,2024-03-01,7.320650183828548e-05,6.835828389739618e-05
3991,2024-03-04,1.2930171578773297e-05,6.547941302414984e-05
3992,2024-03-05,1.7939868484972976e-05,6.784753350075334e-05
3993,2024-03-06,5.55049700778909e-05,6.820622365921736e-05
3994,2024-03-07,9.132560990110505e-06,6.629576091654599e-05
3995,2024-03-11,3.3586420613573864e-05,6.470421067206189e-05
3996,2024-03-12,2.647164546942804e-05,6.839147681603208e-05
3997,2024-03-13,0.00022304683807305992,6.531376857310534e-05
3998,2024-03-14,5.695882282452658e-05,6.52129965601489e-05
3999,2024-03-15,3.895795452990569e-05,6.409588968381286e-05
4000,2024-03-18,3.1600062357028946e-05,6.61314552417025e-05
4001,2024-03-19,4.867339521297254e-05,6.395184755092487e-05
4002,2024-03-20,3.647656558314338e-05,6.0440284869400784e-05
4003,2024-03-21,6.092389958212152e-05,5.782644802820869e-05
4004,2024-03-22,7.466660463251173e-05,5.48907155462075e-05
4005,2024-03-26,5.966120806988329e-05,5.480587060446851e-05
4006,2024-03-27,2.1640398699673824e-05,5.7307101087644696e-05
4007,2024-03-28,0.00010938633931800723,5.325271558831446e-05
4008,2024-04-01,4.0629340219311416e-05,4.8903664719546214e-05
4009,2024-04-02,8.328632247867063e-06,4.409822940942831e-05
4010,2024-04-03,3.0575240089092404e-05,4.5621061872225255e-05
4011,2024-04-04,0.00013630822650156915,4.535465996013954e-05
4012,2024-04-05,1.0291071703250054e-05,4.452869325177744e-05
4013,2024-04-08,2.2301801436697133e-05,4.1093877371167764e-05
4014,2024-04-09,3.53136238118168e-05,3.8509591831825674e-05
4015,2024-04-10,1.8736691345111467e-05,3.8114518247311935e-05
4016,2024-04-12,4.451035420061089e-05,3.605149686336517e-05
4017,2024-04-15,8.71215233928524e-05,3.581811688491143e-05
4018,2024-04-16,5.637936919811182e-05,3.538702003424987e-05
4019,2024-04-18,0.00010317639680579305,4.23536439484451e-05
4020,2024-04-19,0.00015143056225497276,4.529017678578384e-05
4021,2024-04-22,0.00010043916699942201,4.680110941990279e-05
4022,2024-04-23,3.108924283878878e-05,4.6206481783883646e-05
4023,2024-04-24,1.2201337995065842e-05,4.91161881654989e-05
4024,2024-04-25,8.43862653709948e-05,5.144981696503237e-05
4025,2024-04-26,4.242054637870751e-05,5.1419061492197216e-05
4026,2024-04-29,3.6682911741081625e-05,5.369485370465554e-05
4027,2024-04-30,3.518890298437327e-05,5.384869655244984e-05
4028,2024-05-02,1.8402224668534473e-05,5.1124410674674436e-05
4029,2024-05-03,0.0001645086595090106,5.384207543102093e-05
4030,2024-05-06,3.577506868168712e-05,5.281008634483442e-05
4031,2024-05-07,5.461266482598148e-05,4.8583056923234835e-05
4032,2024-05-08,3.2997071684803814e-05,4.547757998807356e-05
4033,2024-05-09,0.0001108672731788829,4.6898781874915585e-05
4034,2024-05-10,2.5495823138044216e-05,4.3458418076625094e-05
4035,2024-05-13,8.96978162927553e-05,4.0031496610026807e-05
4036,2024-05-14,2.4581044272053987e-05,3.7919027818134055e-05
4037,2024-05-15,1.7179134374600835e-05,3.5405315429670736e-05
4038,2024-05-16,0.00016121727821882814,3.580411430448294e-05
4039,2024-05-17,1.7133043002104387e-05,3.702336471178569e-05
4040,2024-05-21,3.301897959318012e-05,3.7185960536589846e-05
4041,2024-05-22,2.0834244423895143e-05,3.993186692241579e-05
4042,2024-05-23,0.00011308962712064385,4.4065902329748496e-05
4043,2024-05-24,1.2717318895738572e-05,4.598378291120753e-05
4044,2024-05-27,4.878623076365329e-05,4.514760439633392e-05
4045,2024-05-28,1.6299052731483243e-05,4.2748604755615816e-05
4046,2024-05-29,4.394549614517018e-05,4.381601684144698e-05
4047,2024-05-30,6.936983845662326e-05,4.552996324491687e-05
4048,2024-05-31,3.579264375730418e-05,4.476747926673852e-05
4049,2024-06-03,0.0013107722625136375,4.654504664358683e-05
4050,2024-06-04,0.0027125002816319466,4.631412957678549e-05
4051,2024-06-05,0.0006997220916673541,5.001523459213786e-05
4052,2024-06-06,0.00011009674926754087,5.233174670138396e-05
4053,2024-06-07,0.00017930693866219372,5.6322893215110525e-05
4054,2024-06-10,2.4542840037611313e-05,5.611534652416594e-05
4055,2024-06-11,2.2787689886172302e-05,6.075830970075913e-05
4056,2024-06-12,2.75446982413996e-05,6.005137038300745e-05
4057,2024-06-13,5.6653068895684555e-05,6.112689879955724e-05
4058,2024-06-14,2.9394503144430928e-05,5.983328082947992e-05
4059,2024-06-18,2.5250750695704482e-05,5.75469784962479e-05
4060,2024-06-19,4.9958071031142026e-05,5.944289296166971e-05
4061,2024-06-20,3.2977906812448055e-05,5.771219002781436e-05
4062,2024-06-21,6.50932706776075e-05,5.565816172747873e-05
4063,2024-06-24,5.219204831519164e-05,5.233559204498306e-05
4064,2024-06-25,2.5088796974159777e-05,5.238857556832954e-05
4065,2024-06-26,2.9075494239805266e-05,4.9064128688769415e-05
4066,2024-06-27,4.718446507467888e-05,4.803124102181755e-05
4067,2024-06-28,2.5476745577179827e-05,4.5008018787484616e-05
4068,2024-07-01,1.789542511687614e-05,4.332281605456956e-05
4069,2024-07-02,3.343694697832689e-05,4.600641841534525e-05
4070,2024-07-03,5.6106786360032856e-05,4.5899487304268405e-05
4071,2024-07-04,1.9917502868338488e-05,4.692231595981866e-05
4072,2024-07-05,3.475109042483382e-05,6.92360699758865e-05
4073,2024-07-08,8.464914571959525e-06,7.811400428181514e-05
4074,2024-07-09,8.644293302495498e-06,6.774944631615654e-05
4075,2024-07-10,7.695409294683486e-05,6.906440830789506e-05
4076,2024-07-11,4.082762825419195e-05,7.111126615200192e-05
4077,2024-07-12,4.7132787585724145e-05,7.400025060633197e-05
4078,2024-07-15,1.9159753719577566e-05,7.639559044037014e-05
4079,2024-07-16,4.573674232233316e-06,7.818957965355366e-05
4080,2024-07-18,6.924822082510218e-05,7.914641901152208e-05
4081,2024-07-19,7.16170688974671e-05,7.857012678869069e-05
4082,2024-07-22,4.203306161798537e-05,7.836628356017172e-05
4083,2024-07-23,0.00023590614728163928,7.683368312427774e-05
4084,2024-07-24,2.470164508849848e-05,7.506900874432176e-05
4085,2024-07-25,8.27303301775828e-05,7.135976920835674e-05
4086,2024-07-26,0.00011362128134351224,6.572359416168183e-05
4087,2024-07-29,4.619744868250564e-05,6.11331342952326e-05
4088,2024-07-30,1.886531936179381e-05,5.888065788894892e-05
4089,2024-07-31,1.0188788110099267e-05,5.586268162005581e-05
4090,2024-08-01,1.8065422409563325e-05,5.098107430967502e-05
4091,2024-08-02,9.470011718804017e-05,4.740606527775526e-05
4092,2024-08-05,0.00041329479427076876,4.300584987504408e-05
4093,2024-08-06,0.0001466843532398343,3.8671969377901405e-05
4094,2024-08-07,0.00016663080896250904,3.4506971132941544e-05
4095,2024-08-08,4.4309304939815775e-05,3.248710709158331e-05
4096,2024-08-09,0.00013067468535155058,3.144404399790801e-05
4097,2024-08-12,4.182660995866172e-05,3.22626183333341e-05
4098,2024-08-13,3.404645758564584e-05,3.275677590863779e-05
4099,2024-08-14,9.442087502975482e-06,3.297375951660797e-05
4100,2024-08-16,0.00014107880997471511,3.2513795304112136e-05
4101,2024-08-19,2.361022779950872e-05,3.158581239404157e-05
4102,2024-08-20,1.842115307226777e-05,3.171415301039815e-05
4103,2024-08-21,1.0335164006392006e-05,3.354774889885448e-05
4104,2024-08-22,1.8114385966327973e-05,3.422012377995998e-05
4105,2024-08-23,6.701914117002161e-06,3.791454219026491e-05
4106,2024-08-26,2.645362837938592e-05,3.866724364343099e-05
4107,2024-08-27,5.544140094571048e-06,3.8946516724536195e-05
4108,2024-08-28,1.4653187463409267e-05,4.0707374864723533e-05
4109,2024-08-29,2.0489753296715207e-05,4.261062349542044e-05
4110,2024-08-30,1.7678135918686166e-05,4.226640521665104e-05
4111,2024-09-02,2.0913035768899135e-05,4.0848422941053286e-05
4112,2024-09-03,6.371695690177148e-06,3.9124981412896886e-05
4113,2024-09-04,6.622524233534932e-05,4.045751120429486e-05
4114,2024-09-05,1.5756222637719475e-05,5.311780114425346e-05
4115,2024-09-06,7.679119153181091e-05,6.298367225099355e-05
4116,2024-09-09,2.5156914489343762e-05,6.165011291159317e-05
4117,2024-09-10,3.52997230947949e-05,6.248441059142351e-05
4118,2024-09-11,2.8994862077524886e-05,6.301040411926806e-05
4119,2024-09-12,0.00016243243589997292,6.500846211565658e-05
4120,2024-09-13,1.4644064322055783e-05,6.693122122669592e-05
4121,2024-09-16,1.0087549526360817e-05,6.445711187552661e-05
4122,2024-09-17,6.678422323602717e-06,6.532360566779971e-05
4123,2024-09-18,2.0299923562561162e-05,6.28697089268826e-05
4124,2024-09-19,5.051568950875662e-05,5.836887066834606e-05
4125,2024-09-20,0.00011034461931558326,5.2146373491268605e-05
4126,2024-09-23,1.5885631000855938e-05,4.499094211496413e-05
4127,2024-09-24,8.737009920878336e-06,3.8962301914580166e-05
4128,2024-09-25,1.5430852727149613e-05,3.5552158806240186e-05
4129,2024-09-26,3.185121749993414e-05,3.3424064895370975e-05
4130,2024-09-27,9.195344318868592e-06,3.249928340665065e-05
4131,2024-09-30,7.955225737532601e-05,3.208006455679424e-05
4132,2024-10-01,1.664296542003285e-05,3.130652112304233e-05
4133,2024-10-03,0.0002803384268190712,3.089744132012129e-05
4134,2024-10-04,0.0001804086350603029,3.0651619454147294e-05
4135,2024-10-07,0.00011702851043082774,3.075213317060843e-05
4136,2024-10-08,4.766527854371816e-05,3.0892140784999356e-05
4137,2024-10-09,5.684871939592995e-05,3.249516521464102e-05
4138,2024-10-10,2.541115645726677e-05,3.228761124773882e-05
4139,2024-10-11,6.5243693825323135e-06,3.217341873096302e-05
4140,2024-10-14,1.6740579667384736e-05,3.2632367947371677e-05
4141,2024-10-15,2.7697238692780957e-05,3.300109528936446e-05
4142,2024-10-16,2.2130443539936095e-05,3.291588291176595e-05
4143,2024-10-17,5.464720743475482e-05,3.2115360227180645e-05
4144,2024-10-18,6.949531962163746e-05,3.127277523162775e-05
4145,2024-10-21,6.847913027741015e-05,3.140125045320019e-05
4146,2024-10-22,0.00010719861893448979,3.177824692102149e-05
4147,2024-10-23,5.8609224652173e-05,3.223724343115464e-05
4148,2024-10-24,1.1694422028085683e-05,3.1892373954178765e-05
4149,2024-10-25,8.090450137387961e-05,3.148560426780023e-05
4150,2024-10-28,8.071021147770807e-05,3.121732152067125e-05
4151,2024-10-29,8.276939479401335e-05,3.123149508610368e-05
4152,2024-10-30,4.025925591122359e-05,3.126815499854274e-05
4153,2024-10-31,2.2922413336345926e-05,3.2998545066220686e-05
4154,2024-11-01,2.1401992853498086e-05,3.2943429687293246e-05
4155,2024-11-04,0.0001631111081223935,3.732043114723638e-05
4156,2024-11-05,9.956036228686571e-05,4.5480835979105905e-05
4157,2024-11-06,7.931098662083969e-05,5.403094837674871e-05
4158,2024-11-07,6.00762250542175e-05,5.508506001206115e-05
4159,2024-11-08,2.507313183741644e-05,5.619900184683502e-05
4160,2024-11-11,7.584366539958864e-05,5.649374725180678e-05
4161,2024-11-12,0.00010736836702562869,5.422866524895653e-05
4162,2024-11-13,8.56781261973083e-05,5.124415110913105e-05
4163,2024-11-14,2.6615834940457717e-05,4.86711178382393e-05
4164,2024-11-18,5.551820868276991e-05,4.776083369506523e-05
4165,2024-11-19,9.229076385963708e-05,5.0193604693049565e-05
4166,2024-11-21,4.076926416018978e-05,5.223641710472293e-05
4167,2024-11-22,0.00022164946130942553,5.447368312161416e-05
4168,2024-11-25,0.00023312773555517197,6.0433365433709696e-05
4169,2024-11-26,5.474950739881024e-05,6.041584492777474e-05
4170,2024-11-27,2.4980621674330905e-05,5.6372540711890906e-05
4171,2024-11-28,0.00012944119225721806,5.8197569160256535e-05
4172,2024-11-29,4.1805313230725005e-05,6.0362690419424325e-05
4173,2024-12-02,5.553843584493734e-05,6.227589619811624e-05
4174,2024-12-03,3.902504249708727e-05,6.180481432238594e-05
4175,2024-12-04,2.54290243901778e-05,6.037512139300816e-05
4176,2024-12-05,0.00018688247655518353,5.603903264272958e-05
4177,2024-12-06,1.0693655895011034e-05,5.981342474115081e-05
4178,2024-12-09,1.2214809430588502e-05,6.226983532542363e-05
4179,2024-12-10,2.0163222870905884e-05,6.355076766340062e-05
4180,2024-12-11,6.611546723434003e-06,6.52100206934847e-05
4181,2024-12-12,1.5539915693807416e-05,6.412927177734673e-05
4182,2024-12-13,0.00025938270846381783,6.494549597846344e-05
4183,2024-12-16,1.8739656297839247e-05,6.747598672518507e-05
4184,2024-12-17,6.923408363945782e-05,6.966818909859285e-05
4185,2024-12-18,3.736658982234076e-05,6.521169416373596e-05
4186,2024-12-19,0.00019087106920778751,6.311715696938336e-05
4187,2024-12-20,0.00016695880913175642,6.334207864711061e-05
4188,2024-12-23,6.982155900914222e-05,6.338606908684596e-05
4189,2024-12-24,2.17211818380747e-05,6.597730680368841e-05
4190,2024-12-26,2.79225660051452e-05,6.766595470253378e-05
4191,2024-12-27,2.470402432663832e-05,6.84776168782264e-05
4192,2024-12-30,6.23339437879622e-05,6.914824189152569e-05
4193,2024-12-31,4.59627372038085e-05,7.144863775465637e-05
4194,2025-01-01,4.004130823886953e-05,7.107127021299675e-05
4195,2025-01-02,0.00013519922504201531,7.12125183781609e-05
4196,2025-01-03,2.8851234674220905e-05,7.095918408595026e-05
4197,2025-01-06,0.00017480537644587457,7.004732469795272e-05
4198,2025-01-07,2.3025409973342903e-05,7.256880780914798e-05
4199,2025-01-08,6.226081313798204e-05,6.824598676757887e-05
4200,2025-01-09,2.140440119546838e-05,6.221428338903934e-05
4201,2025-01-10,4.0651393646840006e-05,5.688657256541774e-05
4202,2025-01-13,0.00016261488781310618,4.933283707941882e-05
4203,2025-01-14,2.443608536850661e-05,4.396322765387595e-05
4204,2025-01-15,2.3905426132841967e-05,4.576822175295092e-05
4205,2025-01-16,5.873607733519748e-05,4.469363557291217e-05
4206,2025-01-17,2.963140286738053e-05,4.769720180775039e-05
4207,2025-01-20,4.703378363046795e-05,4.9590620619710535e-05
4208,2025-01-21,0.00013874702563043684,5.100646012579091e-05
4209,2025-01-22,3.9145659684436396e-05,5.8961970353266224e-05
4210,2025-01-23,2.187323843827471e-05,5.978058106848039e-05
4211,2025-01-24,6.411466165445745e-05,5.831029193359427e-05
4212,2025-01-27,7.487710536224768e-05,5.7766534155234694e-05
4213,2025-01-28,8.562168659409508e-05,5.637936919811182e-05
4214,2025-01-29,3.6559798900270835e-05,5.8564306527841836e-05
4215,2025-01-30,2.1718029529438354e-05,5.9084795793751255e-05
4216,2025-01-31,4.884740337729454e-05,5.8929308579536155e-05
4217,2025-02-01,6.210194987943396e-05,6.09609269304201e-05
4218,2025-02-03,6.751705222995952e-05,6.0979822592344135e-05
4219,2025-02-04,0.00011207790521439165,6.627736001973972e-05
4220,2025-02-05,1.6592141037108377e-05,6.249775469768792e-05
4221,2025-02-06,3.667909913929179e-05,6.16309407632798e-05
4222,2025-02-07,4.4580574467545375e-05,6.03814005444292e-05
4223,2025-02-10,4.0176564652938396e-05,6.063437831471674e-05
4224,2025-02-11,0.00010554491746006534,6.475748523371294e-05
4225,2025-02-12,9.069172665476799e-05,6.114357529440895e-05
4226,2025-02-13,4.8912621423369274e-05,5.767894981545396e-05
4227,2025-02-14,9.787260205484927e-05,5.4608397476840764e-05
4228,2025-02-17,6.988058157730848e-05,5.3383751946967095e-05
4229,2025-02-18,3.1355673854704946e-05,5.233379852143116e-05
4230,2025-02-19,5.761194188380614e-05,5.8271260058972985e-05
4231,2025-02-20,3.183748776791617e-05,5.7502817071508616e-05
4232,2025-02-21,3.166812166455202e-05,5.516549208550714e-05
4233,2025-02-24,8.23550799395889e-05,5.6511580623919144e-05
4234,2025-02-25,1.4397545783140231e-05,5.912909909966402e-05
4235,2025-02-27,8.082772183115594e-06,6.0441660025389865e-05
4236,2025-02-28,0.000105950421129819,5.918991882936098e-05
4237,2025-03-03,5.60634107387159e-05,5.7567012845538557e-05
4238,2025-03-04,5.692168269888498e-05,5.7568551710573956e-05
4239,2025-03-05,7.485097012249753e-05,5.975054591544904e-05
4240,2025-03-06,0.0001336562418146059,5.989562123431824e-05
4241,2025-03-07,2.2040609110263176e-05,6.078415390220471e-05
4242,2025-03-10,5.15769534104038e-05,5.808041169075295e-05
4243,2025-03-11,5.479192259372212e-05,5.6778335419949144e-05
4244,2025-03-12,4.981230813427828e-05,5.6932483857963234e-05
4245,2025-03-13,3.171868956997059e-05,5.797648191219196e-05
4246,2025-03-17,4.014718797407113e-05,6.302152178250253e-05
4247,2025-03-18,9.050389780895784e-05,6.583369395229965e-05
4248,2025-03-19,1.5030148460937198e-05,6.393885996658355e-05
4249,2025-03-20,6.928177026566118e-05,6.423461309168488e-05
4250,2025-03-21,4.611500844475813e-05,6.218052294570953e-05
4251,2025-03-24,9.556043369229883e-05,5.858408258063719e-05
4252,2025-03-25,5.917422822676599e-05,5.722572313970886e-05
4253,2025-03-26,5.0767066568369046e-05,5.286617670208216e-05
4254,2025-03-27,3.887200728058815e-05,5.112070357427001e-05
4255,2025-03-28,2.406584462733008e-05,5.1459730457281694e-05
4256,2025-04-01,0.00019237396190874279,4.6974924771348014e-05
4257,2025-04-02,2.4269078494398855e-05,4.179790266789496e-05
4258,2025-04-03,7.89776022429578e-05,4.652782081393525e-05
4259,2025-04-04,8.785441605141386e-05,4.862783316639252e-05
4260,2025-04-07,0.0028198922518640757,4.710344728664495e-05
4261,2025-04-08,0.0002824504335876554,4.7162109694909304e-05
4262,2025-04-09,2.1036594262113795e-05,4.965005427948199e-05
4263,2025-04-11,0.00021183246280997992,4.821629045181908e-05
4264,2025-04-15,0.000571059004869312,4.9664497055346146e-05
4265,2025-04-16,2.1920892322668806e-05,4.971491944161244e-05
4266,2025-04-17,0.00020541534468065947,5.0792925321729854e-05
4267,2025-04-21,6.401420978363603e-05,4.98185254400596e-05
4268,2025-04-22,2.343350752198603e-05,4.866467133979313e-05
4269,2025-04-23,0.00011791050201281905,4.8543777666054666e-05
4270,2025-04-24,1.4998330698290374e-05,4.577442450681701e-05
4271,2025-04-25,0.00016403193876612931,4.5160093577578664e-05
4272,2025-04-28,5.3898122132522985e-05,4.573371188598685e-05
4273,2025-04-29,1.9453220374998637e-05,4.7445726522710174e-05
4274,2025-04-30,2.5575116524123587e-05,5.000655073672533e-05
4275,2025-05-02,8.458341471850872e-05,5.3653235227102414e-05
4276,2025-05-05,1.8844011719920672e-05,5.3460018534678966e-05
4277,2025-05-06,2.1209089027252048e-05,5.217905709287152e-05
4278,2025-05-07,6.642143853241578e-05,6.130449037300423e-05
4279,2025-05-08,5.679490277543664e-05,5.747890827478841e-05
4280,2025-05-09,0.00024045300961006433,5.5457934649894014e-05
4281,2025-05-12,0.0004679064732044935,5.9982969105476514e-05
4282,2025-05-13,0.000108365471533034,0.00010074632882606238
4283,2025-05-14,3.1612635211786255e-05,8.607048948761076e-05
4284,2025-05-15,0.00022258784156292677,6.742291589034721e-05
4285,2025-05-16,9.251172741642222e-06,6.324241985566914e-05
4286,2025-05-19,1.2134752978454344e-05,6.30420254310593e-05
4287,2025-05-20,6.77754869684577e-05,6.0924481658730656e-05
4288,2025-05-21,4.538006032817066e-05,6.43914972897619e-05
4289,2025-05-22,6.315304199233651e-05,6.614450830966234e-05
4290,2025-05-23,4.9535319703863934e-05,6.377047975547612e-05
4291,2025-05-26,2.5896411898429506e-05,6.397502875188366e-05
4292,2025-05-27,7.221588748507202e-05,6.01342944719363e-05
4293,2025-05-28,8.991205504571553e-06,6.555120489792898e-05
4294,2025-05-29,3.7765217712149024e-05,6.364338332787156e-05
4295,2025-05-30,1.2481671546993311e-05,5.913795030210167e-05
4296,2025-06-02,4.522193921729922e-05,5.572300869971514e-05
4297,2025-06-03,7.283630111487582e-05,5.727972529712133e-05
4298,2025-06-04,7.682866453251336e-06,5.260159377939999e-05
4299,2025-06-05,5.5271550081670284e-05,4.9266447604168206e-05
4300,2025-06-06,7.097522029653192e-05,4.848534445045516e-05
4301,2025-06-09,4.32125962106511e-05,5.075902663520537e-05
4302,2025-06-10,2.566879993537441e-05,5.656242501572706e-05
4303,2025-06-11,1.2211081411805935e-05,5.98402984905988e-05
4304,2025-06-12,7.490867574233562e-05,6.727153959218413e-05
4305,2025-06-13,0.00032782796188257635,6.33651579846628e-05
4306,2025-06-16,3.823881706921384e-05,6.670080620096996e-05
4307,2025-06-17,1.758986218192149e-05,5.982175935059786e-05
4308,2025-06-18,3.2701093005016446e-05,5.354375025490299e-05
4309,2025-06-19,9.154605322692078e-06,5.4540996643481776e-05
4310,2025-06-20,6.778757961001247e-05,5.3392097470350564e-05
4311,2025-06-23,7.668976468266919e-05,5.5222288210643455e-05
4312,2025-06-24,0.0001262720616068691,5.42266498086974e-05
4313,2025-06-25,2.8429521989892237e-05,5.08655357407406e-05
4314,2025-06-26,4.9819860578281805e-05,5.378941568778828e-05
4315,2025-06-27,1.0512656444916502e-05,4.897297185380012e-05
4316,2025-06-30,2.1242833099677227e-05,4.6506262151524425e-05
4317,2025-07-01,6.049987860023975e-06,4.3358646507840604e-05
4318,2025-07-02,3.1841802410781384e-05,4.3003714381484315e-05
4319,2025-07-03,2.7140267775394022e-05,4.655063821701333e-05
4320,2025-07-04,1.466498724767007e-05,4.202600757707842e-05
4321,2025-07-07,3.757078275157255e-06,4.1564089769963175e-05
4322,2025-07-08,9.90697844827082e-06,4.247592733008787e-05
4323,2025-07-09,8.135009920806624e-06,3.994984217570163e-05
4324,2025-07-10,1.95248157979222e-05,3.826066676992923e-05
4325,2025-07-11,3.621193172875792e-05,3.614027446019463e-05
4326,2025-07-14,1.5010222341516055e-05,3.970031320932321e-05
4327,2025-07-15,1.4275467037805356e-05,4.5846813009120524e-05
4328,2025-07-16,9.927540304488502e-06,4.490302308113314e-05
4329,2025-07-17,1.0605570423649624e-05,4.335058474680409e-05
4330,2025-07-18,2.731835593294818e-05,4.2845949792535976e-05
4331,2025-07-21,3.42570201610215e-05,3.986022056778893e-05
4332,2025-07-22,2.0592560758814216e-05,3.9522918086731806e-05
4333,2025-07-23,2.214036248915363e-05,4.186000660411082e-05
4334,2025-07-24,2.9293703846633434e-05,4.522456947597675e-05
4335,2025-07-25,2.7394953576731496e-05,4.2909698095172644e-05
4336,2025-07-28,3.945369826396927e-05,4.2239975300617516e-05
4337,2025-07-29,4.2563147871987894e-05,4.009335316368379e-05
4338,2025-07-30,1.960360532393679e-05,3.931457831640728e-05
4339,2025-07-31,0.00014713294513057917,3.656237822724506e-05
4340,2025-08-01,3.616150934249163e-05,3.660605943878181e-05
4341,2025-08-04,2.0318439055699855e-05,3.669697616714984e-05
4342,2025-08-05,1.2331396646914072e-05,3.5519926314009354e-05
4343,2025-08-06,9.725678864924703e-06,3.3201427868334576e-05
4344,2025-08-07,7.046487735351548e-05,3.1985880923457444e-05
4345,2025-08-08,3.905642370227724e-05,3.153100624331273e-05
4346,2025-08-11,3.6290581192588434e-05,3.20239741995465e-05
4347,2025-08-12,3.902302705682814e-05,3.342814670759253e-05
4348,2025-08-13,2.5367378839291632e-05,3.317585287732072e-05
4349,2025-08-14,4.009486474387813e-06,3.233457027818076e-05
4350,2025-08-18,0.00017045291315298527,3.1769399356562644e-05
4351,2025-08-19,1.0778442629089113e-05,3.162385110044852e-05
4352,2025-08-20,1.3808903531753458e-05,3.279422162449919e-05
4353,2025-08-21,1.859422991401516e-05,3.325333454995416e-05
4354,2025-08-22,2.8221169486641884e-05,3.294512498541735e-05
4355,2025-08-25,1.8649374396773055e-05,3.2282929169014096e-05
4356,2025-08-26,3.645284959929995e-05,3.335159635753371e-05
4357,2025-08-28,2.7809726816485636e-05,3.4542234061518684e-05
4358,2025-08-29,2.1290554286679253e-05,3.6303325032349676e-05
4359,2025-09-01,2.330340248590801e-05,3.627636033343151e-05
4360,2025-09-02,3.219555219402537e-05,3.500124148558825e-05
4361,2025-09-03,2.706871964619495e-05,3.832183574559167e-05
4362,2025-09-04,0.00015540915774181485,4.0534672734793276e-05
4363,2025-09-05,4.1800409235293046e-05,3.8589183532167226e-05
4364,2025-09-08,1.7814831153373234e-05,3.692037353175692e-05
4365,2025-09-09,1.70513303601183e-05,3.547483720467426e-05
4366,2025-09-10,3.190846473444253e-05,3.695704435813241e-05
4367,2025-09-11,6.636676062043989e-06,3.938775626011193e-05
4368,2025-09-12,1.306119611399481e-05,3.880559597746469e-05
4369,2025-09-15,4.294410700822482e-06,3.992946585640311e-05
4370,2025-09-16,1.9652274204418063e-05,3.810386988334358e-05
4371,2025-09-17,4.972523584001465e-06,3.501996980048716e-05
4372,2025-09-18,3.011675289599225e-05,3.487792127998546e-05
4373,2025-09-19,1.105533283407567e-05,3.380967245902866e-05
4374,2025-09-22,3.0215282095014118e-05,3.3141161111416295e-05
4375,2025-09-23,1.6996375052258372e-05,3.2345738873118535e-05
4376,2025-09-24,1.38067707666778e-05,3.358846879564226e-05
4377,2025-09-25,2.6520390747464262e-05,3.287936851847917e-05
4378,2025-09-26,4.003748836112209e-05,3.454667967162095e-05
4379,2025-09-29,2.8242709959158674e-05,3.586692764656618e-05
4380,2025-09-30,1.6871103071025573e-05,3.570696571841836e-05
4381,2025-10-01,3.8080983358668163e-05,3.451161319389939e-05
4382,2025-10-03,2.311444768565707e-05,3.527626540744677e-05
4383,2025-10-06,2.5636165446485393e-05,3.492012183414772e-05
4384,2025-10-07,1.6601226889179088e-05,3.7007797800470144e-05
4385,2025-10-08,2.197862704633735e-05,3.786756860790774e-05
4386,2025-10-09,1.8022645235760137e-05,3.658735295175575e-05
4387,2025-10-10,1.6808822692837566e-05,3.452527380432002e-05
4388,2025-10-13,2.5359371647937223e-05,3.3496631658636034e-05
4389,2025-10-14,3.812818613369018e-05,3.225347973057069e-05
4390,2025-10-15,2.449621206324082e-05,3.138942702207714e-05
4391,2025-10-16,4.006491508334875e-05,3.0737592169316486e-05
4392,2025-10-17,4.058112972415984e-05,3.073627158300951e-05
4393,2025-10-20,3.027658021892421e-05,3.0113566026557237e-05
4394,2025-10-21,1.0902229405473918e-05,3.0170336685841903e-05
4395,2025-10-23,8.189752406906337e-05,3.05608737107832e-05
4396,2025-10-24,3.0684255762025714e-05,3.162716893712059e-05
4397,2025-10-27,1.9693925423780456e-05,3.199750790372491e-05
4398,2025-10-28,2.7662155844154768e-05,3.187753463862464e-05
4399,2025-10-29,1.2643020454561338e-05,3.2969262974802405e-05
4400,2025-10-30,2.4526625566068105e-05,3.498051592032425e-05
4401,2025-10-31,3.27556517731864e-05,3.49940310115926e-05
4402,2025-11-03,1.3487026080838405e-05,3.411611032788642e-05
4403,2025-11-04,2.297261744388379e-05,3.3896456443471834e-05
4404,2025-11-06,2.016881808231119e-05,3.3386026188964024e-05
4405,2025-11-07,3.822714643320069e-05,3.3117405109805986e-05
4406,2025-11-10,1.4758089491806459e-05,3.274509435868822e-05
4407,2025-11-11,4.9638456403044984e-05,3.3174397685797885e-05
4408,2025-11-12,4.0907681977842e-05,3.277255382272415e-05
4409,2025-11-13,2.2049123799661174e-05,3.245685365982354e-05
4410,2025-11-14,3.851624205708504e-05,3.2341911719413474e-05
4411,2025-11-17,9.5017057901714e-06,3.374701918801293e-05
4412,2025-11-18,1.2130669347243384e-05,3.3483633160358295e-05
4413,2025-11-19,2.4512477466487326e-05,3.353319698362611e-05
4414,2025-11-20,2.5663242922746576e-05,3.431686127441935e-05
4415,2025-11-21,1.919529131555464e-05,3.389442281331867e-05
4416,2025-11-24,3.106588337686844e-05,3.2866952096810564e-05
4417,2025-11-25,1.7497957742307335e-05,3.406305404496379e-05
4418,2025-11-26,7.20826064934954e-05,3.5182292776880786e-05
4419,2025-11-27,1.850170156103559e-05,3.434436075622216e-05
4420,2025-11-28,6.42361646896461e-06,3.5007618862437084e-05
4421,2025-12-01,4.29900610470213e-05,3.379990448593162e-05
4422,2025-12-02,2.3759601390338503e-05,3.4326414606766775e-05
4423,2025-12-03,1.67141934070969e-05,3.577551251510158e-05
4424,2025-12-04,1.2658716514124535e-05,3.4852517273975536e-05
4425,2025-12-05,2.509049591026269e-05,3.5260087315691635e-05
4426,2025-12-08,4.277519474271685e-05,3.5362761991564184e-05
4427,2025-12-09,3.347616075188853e-05,3.609525447245687e-05
4428,2025-12-10,2.5272214770666324e-05,3.4868240618379787e-05
4429,2025-12-11,2.8077280148863792e-05,3.546066363924183e-05
4430,2025-12-12,1.5103069017641246e-05,3.4868342481786385e-05
4431,2025-12-15,3.0305409381981008e-05,3.4958207834279165e-05
4432,2025-12-16,1.9174414774170145e-05,3.528871457092464e-05
4433,2025-12-17,1.5461360817425884e-05,3.373215440660715e-05
4434,2025-12-18,2.0894794943160377e-05,3.3250889828195795e-05
4435,2025-12-19,2.0069008314749226e-05,3.309634485049173e-05
4436,2025-12-22,2.0571891582221724e-05,3.291368921054527e-05
4437,2025-12-23,8.323384463437833e-06,3.288422885816544e-05
4438,2025-12-24,7.308975455089239e-06,3.3947406336665154e-05
4439,2025-12-26,9.709080586617347e-06,3.389697303646244e-05
4440,2025-12-29,1.8056813132716343e-05,3.4458433219697326e-05
4441,2025-12-30,5.098274868942099e-06,3.420064604142681e-05
4442,2025-12-31,2.6699093723436818e-05,3.2868803828023374e-05
4443,2026-01-01,6.257567292777821e-06,3.335146902827546e-05
4444,2026-01-02,2.4409042453044094e-05,3.3741482184268534e-05
4445,2026-01-05,1.2846406207245309e-05,3.368981560925022e-05
4446,2026-01-06,1.6481370039400645e-05,3.306240250822157e-05
4447,2026-01-07,9.130759281106293e-06,3.283944170107134e-05
4448,2026-01-08,3.939444286515936e-05,3.506746361381374e-05
4449,2026-01-09,5.319997944752686e-05,3.599618503358215e-05
4450,2026-01-12,7.355584239121526e-05,3.63927501894068e-05
4451,2026-01-13,6.9355548475869e-05,3.585926606319845e-05
4452,2026-01-14,3.155721060466021e-05,3.406448377063498e-05
4453,2026-01-16,3.404285234864801e-05,3.362032293807715e-05
4454,2026-01-19,1.958430220838636e-05,3.364408985362388e-05
4455,2026-01-20,9.125095675699413e-05,3.341374031151645e-05
4456,2026-01-21,9.251424489775673e-05,3.342240961501375e-05
4457,2026-01-22,9.198103361995891e-05,3.241583544877358e-05
4458,2026-01-23,6.041486994945444e-05,3.164753070450388e-05
4459,2026-01-27,5.417552529252134e-05,3.11896474158857e-05
4460,2026-01-28,2.95441277557984e-05,3.086007200181484e-05
4461,2026-01-29,5.701866393792443e-05,3.0947692721383646e-05
4462,2026-01-30,5.8688423450803384e-05,3.151952478219755e-05
4463,2026-02-02,0.0005419405060820282,3.0831273761577904e-05
4464,2026-02-03,0.002499097492545843,3.0988125217845663e-05
4465,2026-02-04,3.911904786946252e-05,3.040960473299492e-05
4466,2026-02-05,1.8604801880428568e-05,3.063329495489597e-05
4467,2026-02-06,3.0285560569609515e-05,3.103864219156094e-05
4468,2026-02-09,6.842525908723474e-05,3.134329745080322e-05
4469,2026-02-10,1.1523310604388826e-05,3.105339055764489e-05
4470,2026-02-11,1.2540338502731174e-05,3.3008527680067345e-05
4471,2026-02-12,1.672183134360239e-05,3.592923894757405e-05
4472,2026-02-13,0.00010262527212034911,3.778236350626685e-05
4473,2026-02-16,5.843582403031178e-05,3.9887068851385266e-05
4474,2026-02-17,2.245494761154987e-05,3.953712803195231e-05
4475,2026-02-18,2.273583049827721e-05,3.90049499401357e-05
4476,2026-02-19,0.00013231557386461645,3.8043741369619966e-05
4477,2026-02-20,4.6899007429601625e-05,4.354084740043618e-05
4478,2026-02-23,3.070027014473453e-05,4.935005563311279e-05
4479,2026-02-24,6.340154504869133e-05,5.05733878526371e-05
4480,2026-02-25,4.109344808966853e-05,5.353333108359948e-05
4481,2026-02-26,2.6629824787960388e-05,5.4072446801001206e-05
4482,2026-02-27,6.139190372778103e-05,5.112065628054552e-05
4483,2026-03-02,0.0005174900288693607,5.13158920512069e-05
4484,2026-03-04,0.0004246357420925051,5.0686659960774705e-05
4485,2026-03-05,8.791601430857554e-05,5.996364416205324e-05
4486,2026-03-06,6.487877544714138e-05,7.091284351190552e-05
4487,2026-03-09,0.0006737985531799495,6.734605995006859e-05
4488,2026-03-10,0.00015199524932540953,6.203476368682459e-05
4489,2026-03-11,0.00012750027235597372,5.813521420350298e-05
4490,2026-03-12,0.00011359603377059102,5.4869833547854796e-05
4491,2026-03-13,0.0001460522908018902,4.973849354428239e-05
4492,2026-03-16,0.00018970618839375675,4.4543347030412406e-05
4493,2026-03-17,7.366824138443917e-05,4.147986328462139e-05
4494,2026-03-18,4.2822259274544194e-05,4.303132664063014e-05
4495,2026-03-19,0.0007415184518322349,4.353416079538874e-05
4496,2026-03-20,9.072580724023283e-05,4.2129820940317586e-05
4497,2026-03-23,0.00025461430777795613,4.0259063098346815e-05
4498,2026-03-24,0.0003863003512378782,4.726300903712399e-05
4499,2026-03-25,0.00015842492575757205,4.810458995052613e-05
4500,2026-03-27,0.00012593161955010146,5.396498818299733e-05
4501,2026-03-30,0.0002719479671213776,5.5299755331361666e-05
4502,2026-04-01,0.0006973691051825881,5.3840529290027916e-05
4503,2026-04-02,0.0004213629581499845,5.0515925977379084e-05
4504,2026-04-06,0.00016911885177250952,5.207823414821178e-05
4505,2026-04-07,0.00015710272418800741,6.769842002540827e-05
4506,2026-04-08,0.0009926077909767628,0.000122415556688793
4507,2026-04-09,6.905946793267503e-05,6.325906724669039e-05
4508,2026-04-10,4.732150773634203e-05,5.8561679907143116e-05
4509,2026-04-13,0.00044877061736769974,6.064670014893636e-05
4510,2026-04-15,0.00018992414698004723,6.630991993006319e-05
4511,2026-04-16,9.40361205721274e-05,6.736738578183576e-05
4512,2026-04-17,4.6497305447701365e-05,6.396105891326442e-05
4513,2026-04-20,3.498825753922574e-05,6.591473356820643e-05
4514,2026-04-21,3.4401429729769006e-05,6.534205022035167e-05
4515,2026-04-22,3.364813528605737e-05,6.413288065232337e-05
4516,2026-04-23,7.237411773530766e-05,6.661810039076954e-05
4517,2026-04-24,9.808901086216792e-05,6.460888835135847e-05
4518,2026-04-27,2.6399166017654352e-05,6.470051448559389e-05
4519,2026-04-28,3.68959445040673e-05,6.413324445020407e-05
4520,2026-04-29,6.842396396677941e-05,6.302746623987332e-05
4521,2026-04-30,0.00011198399442946538,6.474736437667161e-05
4522,2026-05-04,6.0736809246009216e-05,6.372421921696514e-05
4523,2026-05-05,3.90740497095976e-05,6.182014476507902e-05
4524,2026-05-06,0.00011834489851025864,6.228801066754386e-05
4525,2026-05-07,3.0471959689748473e-05,6.127550295786932e-05
4526,2026-05-08,2.433489862596616e-05,6.21502913418226e-05
4527,2026-05-11,9.647603292251006e-05,6.345652946038172e-05
4528,2026-05-12,0.00011710799299180508,7.115516200428829e-05
4529,2026-05-13,6.523078627651557e-05,7.514636672567576e-05
4530,2026-05-14,9.8596399766393e-05,8.288211392937228e-05
4531,2026-05-15,3.7227229768177494e-05,8.337688632309437e-05
4532,2026-05-18,0.00014162423030938953,8.928874012781307e-05
4533,2026-05-19,2.698739626794122e-05,9.26370412344113e-05
4534,2026-05-20,9.917835996020585e-05,9.482835594099015e-05
4535,2026-05-21,9.35562202357687e-05,9.57719239522703e-05
4536,2026-05-22,2.4257878976641223e-05,9.669019345892593e-05
4537,2026-05-25,9.606354433344677e-05,9.639290510676801e-05
4538,2026-05-26,2.7284793759463355e-05,9.391504136146978e-05
4539,2026-05-27,1.2634909580810927e-05,8.892223559087142e-05
4540,2026-05-29,0.00016014707216527313,8.448876906186342e-05
4541,2026-06-01,7.035957969492301e-05,8.063566201599315e-05
