index,date,y_true,y_pred
1000,2011-12-22,0.00032389769330620766,0.0001405877701472491
1001,2011-12-23,0.00011842889216495678,0.0001565456041134894
1002,2011-12-27,0.00028149064746685326,0.00013313288218341768
1003,2011-12-28,8.235060522565618e-05,0.000185339740710333
1004,2011-12-29,9.039683209266514e-05,0.00013956478505861014
1005,2011-12-30,0.00011413051834097132,0.00014590083446819335
1006,2012-01-03,0.0002671204274520278,0.00013937815674580634
1007,2012-01-04,4.939059363096021e-05,0.00015008712944108993
1008,2012-01-05,3.7725763831986114e-05,0.00016486880485899746
1009,2012-01-06,0.00020161826978437603,0.000157525937538594
1010,2012-01-09,8.049752068473026e-05,0.00013249374751467258
1011,2012-01-10,0.00014948916214052588,0.00013553333701565862
1012,2012-01-11,2.5958202968467958e-05,0.0001744626060826704
1013,2012-01-12,7.720218854956329e-05,0.00016190986207220703
1014,2012-01-13,9.870477515505627e-05,0.0001903943921206519
1015,2012-01-16,6.282116373768076e-05,0.0001616357039893046
1016,2012-01-17,0.0001108271098928526,0.0001672105718171224
1017,2012-01-18,4.4127384171588346e-05,0.00018066485063172877
1018,2012-01-19,7.615089270984754e-05,0.0002359050267841667
1019,2012-01-20,8.251670806203038e-05,0.00016607774887233973
1020,2012-01-23,4.154467023909092e-05,0.0001839547767303884
1021,2012-01-24,0.00012083716137567535,0.0001894948072731495
1022,2012-01-25,4.64308395748958e-05,0.00018050536164082587
1023,2012-01-27,0.00018525829364079982,0.0001607672602403909
1024,2012-01-30,0.00016672108904458582,0.00017556485545355827
1025,2012-01-31,0.0001708689087536186,0.00015593665011692792
1026,2012-02-01,0.00010126766574103385,0.00015546887880191207
1027,2012-02-02,0.00010556263441685587,0.0001630610495340079
1028,2012-02-03,7.789536903146654e-05,0.00016260759730357677
1029,2012-02-06,0.0001522990787634626,0.00014367460971698165
1030,2012-02-07,0.00018798215023707598,0.00013668743486050516
1031,2012-02-08,6.299478263827041e-05,0.00016685089212842286
1032,2012-02-09,0.00010552769526839256,0.00014525761071126908
1033,2012-02-10,9.297080396208912e-05,0.0001477278274251148
1034,2012-02-13,5.521338971448131e-05,0.00013047558604739606
1035,2012-02-14,3.2782278140075505e-05,0.00013869635586161166
1036,2012-02-15,0.00014233033289201558,0.0001356554130325094
1037,2012-02-16,4.0214094042312354e-05,0.00012858044647146016
1038,2012-02-17,0.00013073252921458334,0.00012967262591701
1039,2012-02-21,4.063430242240429e-05,0.00012261980737093836
1040,2012-02-22,0.00020914482593070716,0.00011929118045372888
1041,2012-02-23,7.840455509722233e-05,0.00011970052582910284
1042,2012-02-24,0.00015262290253303945,0.00011368122068233788
1043,2012-02-27,0.00040240370435640216,0.00011817482300102711
1044,2012-02-28,0.00011625031038420275,0.00010909015691140667
1045,2012-02-29,0.00021262078371364623,0.00011475468636490405
1046,2012-03-01,9.313417103840038e-05,0.00011894752969965339
1047,2012-03-02,0.00010525360994506627,0.00011779810301959515
1048,2012-03-05,8.596130646765232e-05,0.0001145791684393771
1049,2012-03-06,0.00048717911704443395,0.00011244919733144343
1050,2012-03-07,7.439791806973517e-05,0.00011025636194972321
1051,2012-03-09,0.0002272686833748594,0.0001134497724706307
1052,2012-03-12,0.0003733602643478662,0.00011752128193620592
1053,2012-03-13,6.150236731627956e-05,0.00010940220090560615
1054,2012-03-14,0.00017046443826984614,0.00011183297465322539
1055,2012-03-15,0.00011925080616492778,0.00011179800640093163
1056,2012-03-16,0.00025795932742767036,0.00010979633952956647
1057,2012-03-19,0.0001414730359101668,0.00010699690028559417
1058,2012-03-20,4.905285459244624e-05,0.0001139418309321627
1059,2012-03-21,0.0001638748071854934,0.00010635810758685693
1060,2012-03-22,0.0003893985121976584,0.00011129737686133012
1061,2012-03-23,0.0001278936251765117,0.00010699343692976981
1062,2012-03-26,0.00012545417121145874,0.00013188573939260095
1063,2012-03-27,0.0002386254636803642,0.00011344263475621119
1064,2012-03-28,6.500864401459694e-05,0.00012976514699403197
1065,2012-03-29,0.0001319584553129971,0.00015560669999103993
1066,2012-03-30,0.00016016401059459895,0.00012209400301799178
1067,2012-04-02,3.300235766801052e-05,0.00013501214561983943
1068,2012-04-03,5.879352102056146e-05,0.00012220849748700857
1069,2012-04-04,4.470958447200246e-05,0.00012186076492071152
1070,2012-04-09,0.00010172540351049975,0.00011952860950259492
1071,2012-04-10,4.833184357266873e-05,0.00016719111590646207
1072,2012-04-11,0.00011078325769631192,0.0001199458638438955
1073,2012-04-12,3.986117008025758e-05,0.00012342381523922086
1074,2012-04-13,0.00020327384117990732,0.00013426832447294146
1075,2012-04-16,4.138294389122166e-05,0.00011765529052354395
1076,2012-04-17,0.00018591544358059764,0.0001211845301440917
1077,2012-04-18,6.4314910559915e-05,0.0001246169558726251
1078,2012-04-19,5.001083991373889e-05,0.0001444742811145261
1079,2012-04-20,0.00011571904178708792,0.00013243082503322512
1080,2012-04-23,0.00019549101125448942,0.00012016328400932252
1081,2012-04-24,4.976164564141072e-05,0.00013430700346361846
1082,2012-04-25,7.902694778749719e-05,0.00018156612350139767
1083,2012-04-26,2.3576409148517996e-05,0.0001421153574483469
1084,2012-04-27,5.8013647503685206e-05,0.00014423760876525193
1085,2012-04-30,5.1923012506449595e-05,0.00014954562357161194
1086,2012-05-02,3.710264718392864e-05,0.00013197782391216606
1087,2012-05-03,4.5238975872052833e-05,0.00013130616571288556
1088,2012-05-04,0.00016335691907443106,0.00013711448991671205
1089,2012-05-07,0.000436797650763765,0.00012222367513459176
1090,2012-05-08,0.00024726075935177505,0.00012221341603435576
1091,2012-05-09,0.00010067814582725987,0.00011946651648031548
1092,2012-05-10,0.00012902941671200097,0.00012246787082403898
1093,2012-05-11,9.866609616437927e-05,0.00011379858187865466
1094,2012-05-14,9.649305866332725e-05,0.00011810981231974438
1095,2012-05-15,0.00016682512068655342,0.00011272547271801159
1096,2012-05-16,0.000220612739212811,0.00013253165525384247
1097,2012-05-17,9.683572716312483e-05,0.00011241991887800395
1098,2012-05-18,0.00043886134517379105,0.00012256439367774874
1099,2012-05-22,0.0003254402836319059,0.00011300553887849674
1100,2012-05-23,5.4404212278313935e-05,0.0001098468346754089
1101,2012-05-24,0.00018494353571441025,0.00011684874334605411
1102,2012-05-25,3.9498878322774544e-05,0.00013135190238244832
1103,2012-05-28,6.1771810578648e-05,0.00010913438018178567
1104,2012-05-29,3.530581670929678e-05,0.00011010505113517866
1105,2012-05-30,4.769478618982248e-05,0.00010467192623764277
1106,2012-05-31,0.00013573707838077098,0.00010448961256770417
1107,2012-06-01,0.0001302587625104934,0.00010284130257787183
1108,2012-06-04,0.00019988356507383287,0.00010068140545627102
1109,2012-06-05,5.836898708366789e-05,0.00010146331624127924
1110,2012-06-06,0.00023836323816794902,0.00010930342978099361
1111,2012-06-07,9.739132656250149e-05,0.00011925386934308335
1112,2012-06-08,0.00012053239333909005,0.00012428536138031632
1113,2012-06-11,0.00012396537931635976,0.00010876418673433363
1114,2012-06-12,0.00023071010946296155,0.0001136565042543225
1115,2012-06-13,3.090958489337936e-05,0.00011270579125266522
1116,2012-06-14,0.00010166275023948401,0.00011322430509608239
1117,2012-06-15,8.606794290244579e-05,0.00011744521907530725
1118,2012-06-18,0.0003292095789220184,0.00011778654152294621
1119,2012-06-19,6.363209104165435e-05,0.00011573449592106044
1120,2012-06-20,2.6207493647234514e-05,0.00013293494703248143
1121,2012-06-21,9.65812723734416e-05,0.00013180953101255
1122,2012-06-22,0.00020735975704155862,0.00011543443542905152
1123,2012-06-25,0.0001139795349445194,0.00012662405788432807
1124,2012-06-26,2.1323961846064776e-05,0.00011232422548346221
1125,2012-06-27,4.306856499169953e-05,0.00011400540824979544
1126,2012-06-28,1.8468841517460532e-05,0.00011132688086945564
1127,2012-06-29,0.00018318834190722555,0.00011377449845895171
1128,2012-07-02,1.879494266177062e-05,0.0001160847969003953
1129,2012-07-03,4.560370507533662e-05,0.0001250357599928975
1130,2012-07-04,4.684719897340983e-05,0.00012636723113246262
1131,2012-07-05,2.492241583240684e-05,0.00011833327152999118
1132,2012-07-06,2.686639163584914e-05,0.00013210879114922136
1133,2012-07-09,6.112509436206892e-05,0.00011799194180639461
1134,2012-07-10,5.37589548912365e-05,0.00012354133650660515
1135,2012-07-11,4.986753629054874e-05,0.00012295728083699942
1136,2012-07-12,0.00018162136257160455,0.00012801481352653354
1137,2012-07-13,3.4842447348637506e-05,0.00011280676699243486
1138,2012-07-16,4.0650269511388615e-05,0.00012115727440686896
1139,2012-07-17,7.223813736345619e-05,0.00011633380927378312
1140,2012-07-18,4.374320269562304e-05,0.00014687023940496147
1141,2012-07-19,4.841419286094606e-05,0.00011506657028803602
1142,2012-07-20,2.3996723029995337e-05,0.00010920653585344553
1143,2012-07-23,0.00010631784243742004,0.00011102249118266627
1144,2012-07-24,2.6573097784421407e-05,0.00011537787941051647
1145,2012-07-25,4.070038630743511e-05,0.0001134278136305511
1146,2012-07-26,0.00012757739750668406,0.00010669009498087689
1147,2012-07-27,0.00032235783874057233,0.00010802681936183944
1148,2012-07-30,0.00010954638128168881,0.00010646060400176793
1149,2012-07-31,0.00012523696932476014,0.00011513397475937381
1150,2012-08-01,1.643144787522033e-05,0.00010813133121700957
1151,2012-08-02,1.3170366401027422e-05,0.00010774726251838729
1152,2012-08-03,8.459946548100561e-05,0.00010610847675707191
1153,2012-08-06,8.82021413417533e-05,0.00010431349073769525
1154,2012-08-07,6.122678314568475e-05,0.00010150291200261563
1155,2012-08-08,3.491053212201223e-05,0.00010196414223173633
1156,2012-08-09,4.128604268771596e-05,0.00010058849875349551
1157,2012-08-10,2.314065204700455e-05,9.949439117917791e-05
1158,2012-08-13,2.2894491849001497e-05,0.00010152981849387288
1159,2012-08-14,4.094741598237306e-05,9.637195034883916e-05
1160,2012-08-16,1.4506732441077475e-05,9.558486635796726e-05
1161,2012-08-17,4.042603904963471e-05,9.666751429904252e-05
1162,2012-08-21,3.743682100321166e-05,9.407056495547295e-05
1163,2012-08-22,4.29142419307027e-05,9.60913093877025e-05
1164,2012-08-23,3.972811464336701e-05,9.221897198585793e-05
1165,2012-08-24,2.7932766897720285e-05,9.448947093915194e-05
1166,2012-08-27,3.2711352105252445e-05,9.147898526862264e-05
1167,2012-08-29,4.877376341028139e-05,9.066855272976682e-05
1168,2012-08-30,0.00010678955004550517,9.428657358512282e-05
1169,2012-08-31,6.238509376998991e-05,0.00010136351193068549
1170,2012-09-03,4.5686498197028413e-05,9.806982416193932e-05
1171,2012-09-04,2.6968202291755006e-05,9.7424112027511e-05
1172,2012-09-05,5.632595275528729e-05,9.356238297186792e-05
1173,2012-09-06,3.0614777642767876e-05,9.283214603783563e-05
1174,2012-09-07,0.00019888281531166285,9.410430357092991e-05
1175,2012-09-10,2.1663812731276266e-05,9.701781527837738e-05
1176,2012-09-11,7.020126940915361e-05,9.485892951488495e-05
1177,2012-09-12,2.7290750949759968e-05,9.403387957718223e-05
1178,2012-09-13,7.938397175166756e-06,9.398026304552332e-05
1179,2012-09-14,0.0003273159090895206,9.439471614314243e-05
1180,2012-09-17,0.00014053925406187773,9.358504030387849e-05
1181,2012-09-18,1.4273070519266184e-05,9.329355816589668e-05
1182,2012-09-20,0.0001582251425134018,9.235856850864366e-05
1183,2012-09-21,0.0002445458376314491,9.189054981106892e-05
1184,2012-09-24,2.404629958618898e-05,9.310850873589516e-05
1185,2012-09-25,2.712238892854657e-05,9.40293975872919e-05
1186,2012-09-26,2.547038093325682e-05,9.331928595202044e-05
1187,2012-09-27,3.449065116001293e-05,9.420020796824247e-05
1188,2012-09-28,7.534485484939069e-05,9.205509559251368e-05
1189,2012-10-01,9.057196621142793e-06,9.211833094013855e-05
1190,2012-10-03,9.997076631407253e-06,9.464297181693837e-05
1191,2012-10-04,4.747931598103605e-05,9.13641561055556e-05
1192,2012-10-05,0.018615230917930603,9.106587094720453e-05
1193,2012-10-08,7.775190897518769e-05,9.00268933037296e-05
1194,2012-10-09,5.844033876201138e-05,9.109001257456839e-05
1195,2012-10-10,5.176163904252462e-05,9.101499017560855e-05
1196,2012-10-11,7.902182551333681e-05,9.71243716776371e-05
1197,2012-10-12,7.243701838888228e-05,9.171886631520465e-05
1198,2012-10-15,2.1707886844524182e-05,9.143005445366725e-05
1199,2012-10-16,7.456882303813472e-05,9.083964687306434e-05
1200,2012-10-17,6.603905785595998e-05,8.992529910756275e-05
1201,2012-10-18,6.499606388388202e-05,9.808329923544079e-05
1202,2012-10-19,3.726168506545946e-05,9.42087426665239e-05
1203,2012-10-22,5.074359069112688e-05,9.010257053887472e-05
1204,2012-10-23,1.6208450688282028e-05,9.463474998483434e-05
1205,2012-10-25,1.2459206118364818e-05,0.00010136621858691797
1206,2012-10-29,8.038167288759723e-05,9.180636698147282e-05
1207,2012-10-30,0.00011413442553021014,9.20970705919899e-05
1208,2012-10-31,1.903904922073707e-05,9.29388843360357e-05
1209,2012-11-01,2.7401642000768334e-05,9.20995298656635e-05
1210,2012-11-02,9.024687460623682e-05,9.506369679002091e-05
1211,2012-11-05,1.0431483133288566e-05,9.287456487072632e-05
1212,2012-11-06,1.7736123481881805e-05,9.165608207695186e-05
1213,2012-11-07,4.596072176354937e-05,9.176847379421815e-05
1214,2012-11-08,0.00010634127102093771,0.0002017779479501769
1215,2012-11-09,5.910125037189573e-05,9.952760592568666e-05
1216,2012-11-12,3.048876351385843e-05,0.00010092857701238245
1217,2012-11-15,6.601469067391008e-05,0.0001034706219797954
1218,2012-11-16,8.902498666429892e-05,9.751622565090656e-05
1219,2012-11-19,2.095999661833048e-05,9.9493823654484e-05
1220,2012-11-20,8.353200246347114e-05,0.00010175858187722042
1221,2012-11-21,4.3325871956767514e-05,0.0001006523089017719
1222,2012-11-22,1.932292252604384e-05,0.00010543806274654344
1223,2012-11-23,3.2260064472211525e-05,0.00010286828182870522
1224,2012-11-26,2.371104528720025e-05,0.00010530622239457443
1225,2012-11-27,7.528811693191528e-05,0.00010522259981371462
1226,2012-11-29,9.90985645330511e-05,0.00010621264664223418
1227,2012-11-30,3.589560219552368e-05,0.0001039091803249903
1228,2012-12-03,1.9243736460339278e-05,0.00010168620792683214
1229,2012-12-04,1.303787485085195e-05,0.00010086726979352534
1230,2012-12-05,1.532501119072549e-05,0.00010392890544608235
1231,2012-12-06,0.00017608953930903226,0.00010344151087338105
1232,2012-12-07,3.583844591048546e-05,0.00010695109085645527
1233,2012-12-10,1.4472186194325332e-05,0.0001069473146344535
1234,2012-12-11,0.0001008168765110895,0.00010518818453419954
1235,2012-12-12,3.510138776618987e-05,9.949344530468807e-05
1236,2012-12-13,4.6958437451394275e-05,9.393976506544277e-05
1237,2012-12-14,2.2110294594313018e-05,9.128768579103053e-05
1238,2012-12-17,2.5962832296499982e-05,9.087986109079793e-05
1239,2012-12-18,8.95083649083972e-05,9.281957318307832e-05
1240,2012-12-19,1.9876481019309722e-05,9.237688209395856e-05
1241,2012-12-20,4.015614467789419e-05,9.008933557197452e-05
1242,2012-12-21,4.458984039956704e-05,9.23102124943398e-05
1243,2012-12-24,2.1025964088039473e-05,9.126871736953035e-05
1244,2012-12-26,3.5052486055064946e-05,9.09765440155752e-05
1245,2012-12-27,5.999115455779247e-05,9.043193131219596e-05
1246,2012-12-28,2.1009247575420886e-05,9.214257443090901e-05
1247,2012-12-31,6.898551418998977e-06,9.18512960197404e-05
1248,2013-01-02,0.00017672040848992765,9.299456723965704e-05
1249,2013-01-03,2.6949768653139472e-05,9.189888078253716e-05
1250,2013-01-04,2.036810474237427e-05,6.63606624584645e-05
1251,2013-01-07,5.916762529523112e-05,6.535252032335848e-05
1252,2013-01-08,1.927315679495223e-05,6.559561006724834e-05
1253,2013-01-09,3.586788443499245e-05,6.178112380439416e-05
1254,2013-01-10,5.408626748248935e-05,6.495653360616416e-05
1255,2013-01-11,0.00011106601596111432,6.665991531917825e-05
1256,2013-01-14,5.9791240346385166e-05,6.324175774352625e-05
1257,2013-01-15,2.8329330234555528e-05,6.669501453870907e-05
1258,2013-01-16,3.9399779780069366e-05,6.587117968592793e-05
1259,2013-01-17,3.899553485098295e-05,6.598813342861831e-05
1260,2013-01-18,2.31985432037618e-05,6.767228478565812e-05
1261,2013-01-21,2.06575477932347e-05,6.451209628721699e-05
1262,2013-01-22,3.502067193039693e-05,6.740356184309348e-05
1263,2013-01-23,2.4283503080368973e-05,6.584549555554986e-05
1264,2013-01-24,3.2388270483352244e-05,6.803621363360435e-05
1265,2013-01-25,4.100442674825899e-05,6.713400216540322e-05
1266,2013-01-28,8.489547326462343e-06,6.525387289002538e-05
1267,2013-01-29,5.976313696010038e-05,6.799522088840604e-05
1268,2013-01-30,1.338356378255412e-05,6.804724398534745e-05
1269,2013-01-31,1.2673745004576631e-05,6.45071777398698e-05
1270,2013-02-01,4.600584725267254e-05,6.56011761748232e-05
1271,2013-02-04,4.995955532649532e-05,6.420061981771141e-05
1272,2013-02-05,4.931909643346444e-05,6.403509905794635e-05
1273,2013-02-06,4.071766306878999e-05,6.449186184909195e-05
1274,2013-02-07,4.758002978633158e-05,6.4635016315151e-05
1275,2013-02-08,4.928298949380405e-05,6.310812750598416e-05
1276,2013-02-11,2.9256403649924323e-05,6.352501804940403e-05
1277,2013-02-12,1.6706177120795473e-05,6.33770614513196e-05
1278,2013-02-13,3.484045373625122e-05,6.250139267649502e-05
1279,2013-02-14,2.9897288186475635e-05,6.350538751576096e-05
1280,2013-02-15,4.1532668547006324e-05,6.352992204483598e-05
1281,2013-02-18,1.0195572940574493e-05,6.257021595956758e-05
1282,2013-02-19,4.04909769713413e-05,6.443916936405003e-05
1283,2013-02-20,3.053919499507174e-05,6.46771295578219e-05
1284,2013-02-21,8.900673856260255e-05,6.271741585806012e-05
1285,2013-02-22,2.4304676117026247e-05,6.31661168881692e-05
1286,2013-02-25,4.41539850726258e-05,6.331278564175591e-05
1287,2013-02-26,9.123938070842996e-05,6.297315849224105e-05
1288,2013-02-27,6.492735701613128e-05,6.41571605228819e-05
1289,2013-02-28,0.00036294577876105905,6.222715455805883e-05
1290,2013-03-01,3.879856376443058e-05,6.493522232631221e-05
1291,2013-03-04,3.861189907183871e-05,6.455345283029601e-05
1292,2013-03-05,6.472383392974734e-05,6.308063166216016e-05
1293,2013-03-06,4.303267996874638e-05,6.42580198473297e-05
1294,2013-03-07,6.899653817526996e-05,6.751834735041484e-05
1295,2013-03-08,5.9472888096934184e-05,6.617902545258403e-05
1296,2013-03-11,1.714350401016418e-05,6.481365562649444e-05
1297,2013-03-12,3.406324685784057e-05,6.383266736520454e-05
1298,2013-03-13,5.0512408051872626e-05,6.555051368195564e-05
1299,2013-03-14,0.00017879449296742678,6.518153531942517e-05
1300,2013-03-15,7.278013072209433e-05,6.457605195464566e-05
1301,2013-03-18,0.00010540267248870805,6.428933556890115e-05
1302,2013-03-19,0.00021491995721589774,6.485068297479302e-05
1303,2013-03-20,4.221278868499212e-05,6.399583799066022e-05
1304,2013-03-21,0.00014389949501492083,6.25171305728145e-05
1305,2013-03-22,3.816001844825223e-05,6.578140892088413e-05
1306,2013-03-25,0.00018941241432912648,6.443794700317085e-05
1307,2013-03-26,3.395527528482489e-05,6.563953502336517e-05
1308,2013-03-28,9.292222966905683e-05,6.505056808236986e-05
1309,2013-04-01,2.765925273706671e-05,6.461590965045616e-05
1310,2013-04-02,4.742500823340379e-05,6.41377700958401e-05
1311,2013-04-03,9.812277858145535e-05,6.191660941112787e-05
1312,2013-04-04,9.941500320564955e-05,6.51151203783229e-05
1313,2013-04-05,2.184428376494907e-05,6.664206011919305e-05
1314,2013-04-08,1.3068623047729488e-05,6.576196028618142e-05
1315,2013-04-09,0.0001750723022269085,6.7462409788277e-05
1316,2013-04-10,0.0001732005475787446,6.471019878517836e-05
1317,2013-04-11,0.00012700054503511637,6.515499990200624e-05
1318,2013-04-12,0.00020171406504232436,6.615939491894096e-05
1319,2013-04-15,0.00010901289351750165,6.588481483049691e-05
1320,2013-04-16,0.00022062599600758404,6.79596996633336e-05
1321,2013-04-17,5.2704686822835356e-05,6.10920469625853e-05
1322,2013-04-18,0.00013209859025664628,6.639370258199051e-05
1323,2013-04-22,3.254726834711619e-05,7.285749597940594e-05
1324,2013-04-23,4.8393972974736243e-05,6.736835348419845e-05
1325,2013-04-25,6.0488717281259596e-05,7.14190027792938e-05
1326,2013-04-26,2.8865024432889186e-05,6.791433406760916e-05
1327,2013-04-29,2.521297210478224e-05,7.067539263516665e-05
1328,2013-04-30,0.0001177152298623696,7.196514343377203e-05
1329,2013-05-02,0.00012497053830884397,7.190470932982862e-05
1330,2013-05-03,4.775168054038659e-05,6.830230267951265e-05
1331,2013-05-06,2.2858777811052278e-05,7.057860057102516e-05
1332,2013-05-07,4.727359919343144e-05,6.914744881214574e-05
1333,2013-05-08,4.815893407794647e-05,7.03150435583666e-05
1334,2013-05-09,2.0120562112424523e-05,7.625007856404409e-05
1335,2013-05-10,3.378685505595058e-05,7.062856457196176e-05
1336,2013-05-13,0.00016193039482459426,6.599184416700155e-05
1337,2013-05-14,3.243234823457897e-05,6.222751107998192e-05
1338,2013-05-15,0.0001907853438751772,6.313744961516932e-05
1339,2013-05-16,4.2508258047746494e-05,6.633401790168136e-05
1340,2013-05-17,2.7123111067339778e-05,7.25605059415102e-05
1341,2013-05-20,6.69679357088171e-05,6.750012107659131e-05
1342,2013-05-21,5.6265926104970276e-05,6.429375207517296e-05
1343,2013-05-22,5.2046165365027264e-05,6.708523142151535e-05
1344,2013-05-23,0.00020214715914335102,6.508849037345499e-05
1345,2013-05-24,0.00012680763029493392,6.907113129273057e-05
1346,2013-05-27,0.00014341736095957458,6.978601595619693e-05
1347,2013-05-28,4.879758125753142e-05,6.840014975750819e-05
1348,2013-05-29,3.7404883187264204e-05,7.054232992231846e-05
1349,2013-05-30,6.305711576715112e-05,6.887819472467527e-05
1350,2013-05-31,0.00017525955627206713,6.554945139214396e-05
1351,2013-06-03,8.853636973071843e-05,6.605443195439875e-05
1352,2013-06-04,5.6800214224494994e-05,7.159070810303092e-05
1353,2013-06-05,3.0370101740118116e-05,6.94731788826175e-05
1354,2013-06-06,9.63845377555117e-05,6.921613385202363e-05
1355,2013-06-07,0.00014689951785840094,7.118726352928206e-05
1356,2013-06-10,7.352940156124532e-05,7.108048157533631e-05
1357,2013-06-11,0.00010188355372520164,7.085301331244409e-05
1358,2013-06-12,3.801266211667098e-05,7.734455721220002e-05
1359,2013-06-13,0.00010100223153131083,7.456093590008095e-05
1360,2013-06-14,0.0001401548506692052,6.943781772861257e-05
1361,2013-06-17,9.471437806496397e-05,7.6477081165649e-05
1362,2013-06-18,3.74646442651283e-05,7.652545173186809e-05
1363,2013-06-19,3.1544361263513565e-05,7.883996295277029e-05
1364,2013-06-20,0.00026375349261797965,7.54430002416484e-05
1365,2013-06-21,5.811775918118656e-05,7.756763807265088e-05
1366,2013-06-24,9.048291394719854e-05,7.534011092502624e-05
1367,2013-06-25,0.00010946094698738307,7.377137808362022e-05
1368,2013-06-26,4.4590095058083534e-05,6.824130105087534e-05
1369,2013-06-27,0.00015969332889653742,7.139850640669465e-05
1370,2013-06-28,0.0002466336009092629,7.455923332599923e-05
1371,2013-07-01,6.833279621787369e-05,7.751269731670618e-05
1372,2013-07-02,2.664036765054334e-05,8.724656800040975e-05
1373,2013-07-03,9.150419646175578e-05,7.583237311337143e-05
1374,2013-07-04,5.526522727450356e-05,7.755314436508343e-05
1375,2013-07-05,9.869564382825047e-05,7.34259738237597e-05
1376,2013-07-08,8.096067904261872e-05,7.222222484415397e-05
1377,2013-07-09,2.506641067157034e-05,7.514515164075419e-05
1378,2013-07-10,6.108750676503405e-05,8.070567128015682e-05
1379,2013-07-11,0.00021242338698357344,0.00010609905439196154
1380,2013-07-12,0.000176884641405195,9.341901022708043e-05
1381,2013-07-15,3.9261671190615743e-05,0.00010205471335211769
1382,2013-07-16,0.00030893919756636024,7.466346869478002e-05
1383,2013-07-17,5.29674616700504e-05,7.563130930066109e-05
1384,2013-07-18,5.7982288126368076e-05,7.583910337416455e-05
1385,2013-07-19,2.986614163091872e-05,7.077663758536801e-05
1386,2013-07-22,4.957955388817936e-05,7.993097824510187e-05
1387,2013-07-23,3.950467726099305e-05,7.886635285103694e-05
1388,2013-07-24,0.00012433857773430645,9.494626283412799e-05
1389,2013-07-25,9.61518962867558e-05,8.786498074186966e-05
1390,2013-07-26,8.139677811414003e-05,7.556173659395427e-05
1391,2013-07-29,4.393137351144105e-05,7.413960702251643e-05
1392,2013-07-30,0.00013216625666245818,7.31713225832209e-05
1393,2013-07-31,9.537216101307422e-05,7.493224984500557e-05
1394,2013-08-01,0.00021490809740498662,7.057739276206121e-05
1395,2013-08-02,0.00014874640328343958,7.420391193591058e-05
1396,2013-08-05,3.8858179323142394e-05,7.284560706466436e-05
1397,2013-08-06,0.00023837073240429163,7.842436752980575e-05
1398,2013-08-07,6.654971366515383e-05,7.919723429949954e-05
1399,2013-08-08,5.4215477575780824e-05,6.883321475470439e-05
1400,2013-08-12,0.00013713972293771803,6.619530904572457e-05
1401,2013-08-13,0.00017469370504841208,6.859069253550842e-05
1402,2013-08-14,5.163680179975927e-05,7.002755592111498e-05
1403,2013-08-16,0.000564722518902272,7.158771040849388e-05
1404,2013-08-19,0.0002528539043851197,7.488424307666719e-05
1405,2013-08-20,0.0002841560635715723,6.929551454959437e-05
1406,2013-08-21,0.0009431832586415112,6.839936395408586e-05
1407,2013-08-22,0.00033868037280626595,7.035273301880807e-05
1408,2013-08-23,0.00015078322030603886,7.027495303191245e-05
1409,2013-08-26,8.644980698591098e-05,7.215674850158393e-05
1410,2013-08-27,0.0003630327119026333,7.315821130760014e-05
1411,2013-08-28,0.0006698400247842073,7.442985952366143e-05
1412,2013-08-29,0.00022038878523744643,7.66774028306827e-05
1413,2013-08-30,0.0002077972749248147,7.683807780267671e-05
1414,2013-09-02,8.588797209085897e-05,6.957841833354905e-05
1415,2013-09-03,0.0007729994831606746,6.920834130141884e-05
1416,2013-09-04,0.00024907197803258896,6.681253580609336e-05
1417,2013-09-05,0.00043631900916807353,7.019846088951454e-05
1418,2013-09-06,0.00019633700139820576,7.017744064796716e-05
1419,2013-09-10,0.00038199525442905724,7.571567402919754e-05
1420,2013-09-11,0.00010116003250004724,7.24850469850935e-05
1421,2013-09-12,0.00015150956460274756,7.428590470226482e-05
1422,2013-09-13,5.939109905739315e-05,7.334772817557678e-05
1423,2013-09-16,0.00042972026858478785,6.740228127455339e-05
1424,2013-09-17,3.656223998405039e-05,7.08268053131178e-05
1425,2013-09-18,7.34234563424252e-05,0.00010783844481920823
1426,2013-09-19,0.0006863299640826881,8.046389848459512e-05
1427,2013-09-20,0.00038803002098575234,7.563606777694076e-05
1428,2013-09-23,0.0002603050379548222,0.0001373236154904589
1429,2013-09-24,0.00012167810200480744,7.405297947116196e-05
1430,2013-09-25,0.00012565628276206553,8.210162923205644e-05
1431,2013-09-26,3.406214455026202e-05,0.00010314588871551678
1432,2013-09-27,9.573722491040826e-05,0.00020672751998063177
1433,2013-09-30,0.00011597004777286202,0.00027441850397735834
1434,2013-10-01,0.00011036334763048217,0.0001045756580424495
1435,2013-10-03,0.00017532493802718818,0.00014896757784299552
1436,2013-10-04,6.288458098424599e-05,0.00010986044799210504
1437,2013-10-07,0.00011245798668824136,0.00028412597021088004
1438,2013-10-08,0.00017969707550946623,0.00012081642489647493
1439,2013-10-09,0.00021848359028808773,0.0001105067931348458
1440,2013-10-10,2.8701942937914282e-05,0.0001432868157280609
1441,2013-10-11,0.0002448249433655292,0.00013548656716011465
1442,2013-10-14,1.5430559869855642e-05,0.000175456065335311
1443,2013-10-15,0.00012639000487979501,0.00022356050612870604
1444,2013-10-17,5.7912380725611e-05,0.00012822986172977835
1445,2013-10-18,0.00017147370090242475,0.00020092919294256717
1446,2013-10-21,3.61296915798448e-05,8.962333231465891e-05
1447,2013-10-22,1.7173841115436517e-05,9.203684749081731e-05
1448,2013-10-23,0.00011549797636689618,0.00010110169387189671
1449,2013-10-24,0.00014904074487276375,0.00023955965298227966
1450,2013-10-25,2.3646845875191502e-05,0.00021266886324156076
1451,2013-10-28,5.282026904751547e-05,0.00013023466453887522
1452,2013-10-29,0.0002016525249928236,0.00013082420628052205
1453,2013-10-30,2.1731664674007334e-05,0.0001022073338390328
1454,2013-10-31,5.190934825805016e-05,0.00013512989971786737
1455,2013-11-01,2.3794747903593816e-05,0.000185746030183509
1456,2013-11-05,4.8242600314551964e-05,0.00013939743803348392
1457,2013-11-06,3.353172360220924e-05,0.00011888856533914804
1458,2013-11-07,0.00012876243272330612,0.00013016151206102222
1459,2013-11-08,4.402549166115932e-05,0.00013507537369150668
1460,2013-11-11,7.673139043617994e-05,0.00012516877905
1461,2013-11-12,8.971081115305424e-05,0.00012083081674063578
1462,2013-11-13,6.100605605752207e-05,9.309243614552543e-05
1463,2013-11-14,0.00011828995047835633,8.140446152538061e-05
1464,2013-11-18,0.0001485408574808389,6.87417050357908e-05
1465,2013-11-19,1.1251103387621697e-05,6.739006494171917e-05
1466,2013-11-20,9.081176540348679e-05,7.148769509512931e-05
1467,2013-11-21,0.0001360993628622964,6.773245695512742e-05
1468,2013-11-22,7.630260370206088e-05,7.719415589235723e-05
1469,2013-11-25,0.00011605246982071549,7.319267751881853e-05
1470,2013-11-26,4.5078082621330395e-05,6.76990021020174e-05
1471,2013-11-27,1.9750352294067852e-05,6.700511585222557e-05
1472,2013-11-28,5.0807797379093245e-05,7.015502342255786e-05
1473,2013-11-29,5.979255729471333e-05,7.125783304218203e-05
1474,2013-12-02,3.0648690881207585e-05,6.515083805425093e-05
1475,2013-12-03,1.5665904356865212e-05,7.086646655807272e-05
1476,2013-12-04,3.643501622718759e-05,7.112883758964017e-05
1477,2013-12-05,0.00031362270237877965,7.278825069079176e-05
1478,2013-12-06,1.927431731019169e-05,7.538280624430627e-05
1479,2013-12-09,0.0006425078609026968,7.174189522629604e-05
1480,2013-12-10,2.9432458177325316e-05,7.185398862930015e-05
1481,2013-12-11,3.4891258110292256e-05,7.796828140271828e-05
1482,2013-12-12,5.171891098143533e-05,7.891729183029383e-05
1483,2013-12-13,5.25460418430157e-05,7.139680383261293e-05
1484,2013-12-16,1.240004348801449e-05,7.223847933346406e-05
1485,2013-12-17,4.405169966048561e-05,7.18767405487597e-05
1486,2013-12-18,0.00010430662950966507,7.28421364328824e-05
1487,2013-12-19,0.00014651671517640352,6.726082210661843e-05
1488,2013-12-20,0.00011782204092014581,6.514195411000401e-05
1489,2013-12-23,3.15526376652997e-05,6.374026270350441e-05
1490,2013-12-24,1.687244002823718e-05,6.443886377383024e-05
1491,2013-12-26,1.7219055735040456e-05,6.561863119713962e-05
1492,2013-12-27,1.594345667399466e-05,6.743879930581897e-05
1493,2013-12-30,5.5863001762190834e-05,6.796831439714879e-05
1494,2013-12-31,1.451751359127229e-05,7.021526107564569e-05
1495,2014-01-02,0.000200590118765831,6.861103611299768e-05
1496,2014-01-03,4.172326225670986e-05,6.655288598267362e-05
1497,2014-01-06,3.074122651014477e-05,6.69637811370194e-05
1498,2014-01-07,5.533600415219553e-05,6.626964750466868e-05
1499,2014-01-08,1.528155007690657e-05,6.72417736495845e-05
1500,2014-01-09,1.6758676792960614e-05,4.789141894434579e-05
1501,2014-01-10,9.496574057266116e-05,5.567525658989325e-05
1502,2014-01-13,9.486816270509735e-05,5.0819380703615025e-05
1503,2014-01-14,2.3338165192399174e-05,5.033184424974024e-05
1504,2014-01-15,4.5600485464092344e-05,5.005278217140585e-05
1505,2014-01-16,3.012924935319461e-05,4.5459284592652693e-05
1506,2014-01-17,5.9205834986642e-05,4.0245016862172633e-05
1507,2014-01-20,3.6764333344763145e-05,4.040996645926498e-05
1508,2014-01-21,1.5563466149615124e-05,4.5596705604111776e-05
1509,2014-01-22,3.402565198484808e-05,5.650171442539431e-05
1510,2014-01-23,1.694392085482832e-05,5.452050390886143e-05
1511,2014-01-24,9.268751455238089e-05,5.1942628488177434e-05
1512,2014-01-27,0.00019728073675651103,4.684862869908102e-05
1513,2014-01-28,5.415641135186888e-05,4.481955329538323e-05
1514,2014-01-29,6.464253965532407e-05,4.142763646086678e-05
1515,2014-01-30,0.00011267817171756178,4.334550249041058e-05
1516,2014-01-31,1.0974017641274258e-05,4.035620077047497e-05
1517,2014-02-03,8.568245539208874e-05,5.59612744837068e-05
1518,2014-02-04,0.00014913517225068063,5.63801804673858e-05
1519,2014-02-05,5.2741139370482415e-05,5.835362389916554e-05
1520,2014-02-06,8.77827187650837e-05,5.9479756600921974e-05
1521,2014-02-07,7.644441211596131e-05,5.428392250905745e-05
1522,2014-02-10,1.4745666703674942e-05,5.1074701332254335e-05
1523,2014-02-11,1.7178543203044683e-05,5.3122101235203445e-05
1524,2014-02-12,2.338909871468786e-05,5.17232037964277e-05
1525,2014-02-13,9.892500384012237e-05,5.182422319194302e-05
1526,2014-02-14,7.018420001259074e-05,5.166399205336347e-05
1527,2014-02-18,6.575124280061573e-05,5.245491411187686e-05
1528,2014-02-19,1.124867867474677e-05,5.882420009584166e-05
1529,2014-02-20,3.390030178707093e-05,5.409452205640264e-05
1530,2014-02-21,3.175261736032553e-05,5.9358768339734524e-05
1531,2014-02-24,3.8672518712701276e-05,5.454333950183354e-05
1532,2014-02-25,2.525053423596546e-05,5.021653851144947e-05
1533,2014-02-26,1.7262726032640785e-05,5.160844375495799e-05
1534,2014-02-28,2.874374513339717e-05,4.963239553035237e-05
1535,2014-03-03,4.095499389222823e-05,4.8315665480913594e-05
1536,2014-03-04,6.529557867906988e-05,4.641343548428267e-05
1537,2014-03-05,5.185823465581052e-05,4.967710265191272e-05
1538,2014-03-06,4.3603133235592395e-05,4.176132279098965e-05
1539,2014-03-07,0.0001294135581701994,4.332227763370611e-05
1540,2014-03-10,7.599881791975349e-05,4.6302779082907364e-05
1541,2014-03-11,3.7047699152026325e-05,4.534731124294922e-05
1542,2014-03-12,3.469132207101211e-05,5.078173853689805e-05
1543,2014-03-13,9.267301356885582e-05,4.533183164312504e-05
1544,2014-03-14,0.00010886017844313756,4.13376183132641e-05
1545,2014-03-18,6.919124280102551e-05,4.076207187608816e-05
1546,2014-03-19,1.4173048839438707e-05,4.0330502088181674e-05
1547,2014-03-20,2.6031881134258583e-05,4.5836281060473993e-05
1548,2014-03-21,3.53039285982959e-05,4.4665812310995534e-05
1549,2014-03-24,5.9261761634843424e-05,4.510430881055072e-05
1550,2014-03-25,4.588596129906364e-05,4.1519957449054345e-05
1551,2014-03-26,3.266437488491647e-05,4.1164603317156434e-05
1552,2014-03-27,4.73975196655374e-05,3.981413465226069e-05
1553,2014-03-28,5.164158210391179e-05,3.9667313103564084e-05
1554,2014-03-31,5.927837992203422e-05,3.9685211959294975e-05
1555,2014-04-01,5.140641223988496e-05,4.01529687223956e-05
1556,2014-04-02,4.484032979235053e-05,4.04869242629502e-05
1557,2014-04-03,6.36881886748597e-05,4.120049925404601e-05
1558,2014-04-04,2.53912166954251e-05,4.110697045689449e-05
1559,2014-04-07,4.266356700100005e-05,4.156868817517534e-05
1560,2014-04-09,9.507756476523355e-05,4.171212640358135e-05
1561,2014-04-10,1.3542164197133388e-05,4.759986768476665e-05
1562,2014-04-11,4.7010998969199136e-05,4.886212991550565e-05
1563,2014-04-15,8.118846017168835e-05,4.72544452350121e-05
1564,2014-04-16,5.34107384737581e-05,4.453820292837918e-05
1565,2014-04-17,8.18757398519665e-05,4.9961501645157114e-05
1566,2014-04-21,1.3078821211820468e-05,4.9891750677488744e-05
1567,2014-04-22,8.004863957467023e-06,5.192831304157153e-05
1568,2014-04-23,1.552609319332987e-05,4.273083686712198e-05
1569,2014-04-25,7.279019337147474e-05,4.296845872886479e-05
1570,2014-04-28,9.837074685492553e-06,4.080746293766424e-05
1571,2014-04-29,3.869177453452721e-05,4.323683606344275e-05
1572,2014-04-30,0.00011516944505274296,4.166128201177344e-05
1573,2014-05-02,2.4766417482169345e-05,4.243826697347686e-05
1574,2014-05-05,4.282740337657742e-05,4.675989112001844e-05
1575,2014-05-06,2.224922354798764e-05,4.37390772276558e-05
1576,2014-05-07,4.4239342969376594e-05,4.3987471144646406e-05
1577,2014-05-08,2.5338171326438896e-05,4.149117739871144e-05
1578,2014-05-09,0.0003575386945158243,4.019197149318643e-05
1579,2014-05-12,0.0001745150366332382,4.5330576540436596e-05
1580,2014-05-13,0.00017585509340278804,4.071311923325993e-05
1581,2014-05-14,2.480400144122541e-05,4.689922934630886e-05
1582,2014-05-15,3.2077343348646536e-05,5.049883111496456e-05
1583,2014-05-16,0.001850779983215034,4.169716703472659e-05
1584,2014-05-19,0.0001836618612287566,4.332103708293289e-05
1585,2014-05-20,0.00011177486885571852,5.1749499107245356e-05
1586,2014-05-21,4.806083961739205e-05,5.0346876378171146e-05
1587,2014-05-22,5.019786476623267e-05,4.885313319391571e-05
1588,2014-05-23,6.42340601189062e-05,4.1011742723640054e-05
1589,2014-05-26,0.0004059036145918071,3.938242298318073e-05
1590,2014-05-27,6.696474156342447e-05,3.8938011130085215e-05
1591,2014-05-28,1.2164647159806918e-05,4.207481470075436e-05
1592,2014-05-29,6.806340388720855e-05,3.9283546357182786e-05
1593,2014-05-30,0.00021514719992410392,4.107930726604536e-05
1594,2014-06-02,0.00012921130110044032,5.257736484054476e-05
1595,2014-06-03,4.8403388063889e-05,4.745355909108184e-05
1596,2014-06-04,1.0803263648995198e-05,4.9578513426240534e-05
1597,2014-06-05,9.853464143816382e-05,4.5747801777906716e-05
1598,2014-06-06,9.426427277503535e-05,4.6200228098314255e-05
1599,2014-06-09,7.792293035890907e-05,4.136672578169964e-05
1600,2014-06-10,0.00010172249312745407,5.0326423661317676e-05
1601,2014-06-11,7.491088763345033e-05,5.364545722841285e-05
1602,2014-06-12,3.582976933103055e-05,5.7869532611221075e-05
1603,2014-06-13,0.0001426605595042929,5.502704152604565e-05
1604,2014-06-16,2.8786347684217617e-05,5.3440755436895415e-05
1605,2014-06-17,9.862357546808198e-05,7.547163841081783e-05
1606,2014-06-18,0.00012754954514093697,6.171234417706728e-05
1607,2014-06-19,7.186748553067446e-05,6.16062679910101e-05
1608,2014-06-20,2.3640510335098952e-05,6.141872290754691e-05
1609,2014-06-23,5.7038621889660135e-05,6.0967788158450276e-05
1610,2014-06-24,4.5528697228292e-05,6.241055962163955e-05
1611,2014-06-25,8.006048119568732e-06,5.7729081163415685e-05
1612,2014-06-26,5.081559720565565e-05,7.358678703894839e-05
1613,2014-06-27,2.6504838388063945e-05,7.237584213726223e-05
1614,2014-06-30,6.155792652862146e-05,7.261803693836555e-05
1615,2014-07-01,1.1022928447346203e-05,6.716473581036553e-05
1616,2014-07-02,5.704020077246241e-05,6.416744145099074e-05
1617,2014-07-03,1.4951132470741868e-05,6.571776611963287e-05
1618,2014-07-04,6.649432907579467e-05,6.71942689223215e-05
1619,2014-07-07,2.3486129066441208e-05,6.14837117609568e-05
1620,2014-07-08,0.000265389506239444,6.257863424252719e-05
1621,2014-07-09,6.22039515292272e-05,6.46160333417356e-05
1622,2014-07-10,0.00037760063423775136,6.368096364894882e-05
1623,2014-07-11,0.00019767471530940384,6.284818664425984e-05
1624,2014-07-14,2.3515398424933665e-05,6.193326407810673e-05
1625,2014-07-15,6.201766518643126e-05,6.576347368536517e-05
1626,2014-07-16,9.329499152954668e-05,6.270210724323988e-05
1627,2014-07-17,1.4239245501812547e-05,6.107673107180744e-05
1628,2014-07-18,4.835075014852919e-05,6.335234502330422e-05
1629,2014-07-21,3.765682049561292e-05,6.319792737485841e-05
1630,2014-07-22,3.6624009226216e-05,5.634942863252945e-05
1631,2014-07-23,3.382728391443379e-05,6.059350926079787e-05
1632,2014-07-24,2.4482293156324886e-05,5.333545777830295e-05
1633,2014-07-25,5.1313149015186355e-05,4.374804484541528e-05
1634,2014-07-28,3.5127977753290907e-05,4.644412183552049e-05
1635,2014-07-30,5.144187161931768e-05,4.5318382035475224e-05
1636,2014-07-31,3.723770350916311e-05,4.79584232380148e-05
1637,2014-08-01,0.00015547334623988718,4.849676770390943e-05
1638,2014-08-04,5.385147233027965e-05,4.745482510770671e-05
1639,2014-08-05,0.00010421624028822407,4.704629827756435e-05
1640,2014-08-06,4.4886881369166076e-05,4.9680034862831235e-05
1641,2014-08-07,5.0501763325883076e-05,4.691662979894318e-05
1642,2014-08-08,8.256040018750355e-05,5.789448550785892e-05
1643,2014-08-11,5.418193177320063e-05,5.621116724796593e-05
1644,2014-08-12,0.00010773987014545128,5.809315189253539e-05
1645,2014-08-13,2.26125539484201e-05,6.086658322601579e-05
1646,2014-08-14,2.3746822989778593e-05,6.255178595893085e-05
1647,2014-08-18,5.721584602724761e-05,6.300198583630845e-05
1648,2014-08-19,1.890694329631515e-05,5.724597940570675e-05
1649,2014-08-20,2.3942180632730015e-05,6.0291178670013323e-05
1650,2014-08-21,2.1994583221385255e-05,5.354349559638649e-05
1651,2014-08-22,8.01881560619222e-06,5.695008076145314e-05
1652,2014-08-25,3.562271740520373e-05,5.789548231405206e-05
1653,2014-08-26,3.129467222606763e-05,6.269260484259576e-05
1654,2014-08-27,1.859228177636396e-05,6.71839588903822e-05
1655,2014-08-28,5.462352419272065e-06,6.348449824145064e-05
1656,2014-09-01,3.399224442546256e-05,6.81698729749769e-05
1657,2014-09-02,2.5251183615182526e-05,6.170434062369168e-05
1658,2014-09-03,2.4510118237230927e-05,6.166839739307761e-05
1659,2014-09-04,2.0711913748527877e-05,6.215408211573958e-05
1660,2014-09-05,2.808793942676857e-05,5.456680810311809e-05
1661,2014-09-08,4.706958497990854e-05,5.635610068566166e-05
1662,2014-09-09,1.4594221283914521e-05,5.5275027989409864e-05
1663,2014-09-10,1.9973520466010086e-05,5.776113539468497e-05
1664,2014-09-11,3.327496597194113e-05,5.653896732837893e-05
1665,2014-09-12,9.49212335399352e-06,5.0767066568369046e-05
1666,2014-09-15,3.052621104870923e-05,5.2511273679556325e-05
1667,2014-09-16,7.636025839019567e-05,4.7447902034036815e-05
1668,2014-09-17,4.0542639908380806e-05,4.718609125120565e-05
1669,2014-09-18,0.00018198649922851473,5.0688737246673554e-05
1670,2014-09-19,1.9827537471428514e-05,4.478016126086004e-05
1671,2014-09-22,6.697642675135285e-05,4.429637920111418e-05
1672,2014-09-23,0.00011882123362738639,4.523923416854814e-05
1673,2014-09-24,4.7288664063671604e-05,4.132480898988433e-05
1674,2014-09-25,0.00010844942153198645,4.1292820242233574e-05
1675,2014-09-26,0.0001348896330455318,3.958493107347749e-05
1676,2014-09-29,1.907532350742258e-05,3.9375288906740025e-05
1677,2014-09-30,6.97335199220106e-05,3.971803744207136e-05
1678,2014-10-01,9.345559192297515e-06,3.890360312652774e-05
1679,2014-10-07,9.738287189975381e-05,3.849126733257435e-05
1680,2014-10-08,2.5930961783160456e-05,3.8952570321271196e-05
1681,2014-10-09,7.129705772968009e-05,3.863049641950056e-05
1682,2014-10-10,6.97424984537065e-05,3.82503385480959e-05
1683,2014-10-13,7.511291187256575e-05,3.92151196138002e-05
1684,2014-10-14,8.699292811797932e-05,3.93368536606431e-05
1685,2014-10-16,0.00016637468070257455,3.98923184548039e-05
1686,2014-10-17,5.823654282721691e-05,3.876098708133213e-05
1687,2014-10-20,0.00023754128778818995,3.976571679231711e-05
1688,2014-10-21,3.482586907921359e-05,3.984349677921273e-05
1689,2014-10-22,8.322316716657951e-05,4.028322291560471e-05
1690,2014-10-27,0.00010544580436544493,3.9290291169891134e-05
1691,2014-10-28,1.1314447874610778e-05,4.47703423560597e-05
1692,2014-10-29,4.9833070079330355e-05,4.2182811739621684e-05
1693,2014-10-30,4.855345832766034e-05,4.539888686849736e-05
1694,2014-10-31,0.0001023070071823895,5.072839849162847e-05
1695,2014-11-03,2.5894338250509463e-05,4.5412311010295525e-05
1696,2014-11-05,1.8969578377436846e-05,4.8563229938736185e-05
1697,2014-11-07,2.5608796931919642e-05,4.8483496357221156e-05
1698,2014-11-10,2.943125036836136e-05,4.473192893783562e-05
1699,2014-11-11,1.7953887436306104e-05,5.5154341680463403e-05
1700,2014-11-12,1.561445969855413e-05,4.4299584260443226e-05
1701,2014-11-13,4.913483644486405e-05,4.9887847126228735e-05
1702,2014-11-14,1.3934100934420712e-05,4.299117063055746e-05
1703,2014-11-17,4.16579787270166e-05,4.629513932741247e-05
1704,2014-11-18,1.208578578371089e-05,4.9439750000601634e-05
1705,2014-11-19,4.602897752192803e-05,5.080150003777817e-05
1706,2014-11-20,3.3227686799364164e-05,5.0298305723117664e-05
1707,2014-11-21,3.976184962084517e-05,5.7409939472563565e-05
1708,2014-11-24,1.1624159924394917e-05,5.316721581039019e-05
1709,2014-11-25,5.6007029343163595e-05,5.6735028920229524e-05
1710,2014-11-26,2.062138810288161e-05,5.504005457623862e-05
1711,2014-11-27,1.2117419828427956e-05,5.591827357420698e-05
1712,2014-11-28,5.694779974874109e-05,5.311506174621172e-05
1713,2014-12-01,3.153500802000053e-05,4.832626655115746e-05
1714,2014-12-02,1.9826460629701614e-05,4.748180799651891e-05
1715,2014-12-03,7.550551345048007e-06,4.767682548845187e-05
1716,2014-12-04,7.290753273991868e-05,5.2043036703253165e-05
1717,2014-12-05,2.4854840376065113e-05,5.097781468066387e-05
1718,2014-12-08,6.102706538513303e-05,5.1379895012360066e-05
1719,2014-12-09,6.248226418392733e-05,5.019738455303013e-05
1720,2014-12-10,2.643995867401827e-05,5.164911272004247e-05
1721,2014-12-11,3.247806307626888e-05,5.109608900966123e-05
1722,2014-12-12,5.660062379320152e-05,4.78942965855822e-05
1723,2014-12-15,0.0001010229461826384,4.653403448173776e-05
1724,2014-12-16,0.00012814466026611626,4.16295079048723e-05
1725,2014-12-17,8.946005982579663e-05,4.264131348463707e-05
1726,2014-12-18,0.00022976439504418522,4.0343235014006495e-05
1727,2014-12-19,9.131946717388928e-05,4.3216678022872657e-05
1728,2014-12-22,6.652401498286054e-05,4.167073711869307e-05
1729,2014-12-23,6.351205229293555e-05,3.9770799048710614e-05
1730,2014-12-24,8.589361823396757e-05,3.90492714359425e-05
1731,2014-12-26,5.359054557629861e-05,4.015978265670128e-05
1732,2014-12-29,2.842808680725284e-05,3.862788071273826e-05
1733,2014-12-30,1.5849494957365096e-05,3.87382970075123e-05
1734,2014-12-31,1.159694238594966e-05,3.9885395381134003e-05
1735,2015-01-02,7.357353024417534e-05,3.9230009861057624e-05
1736,2015-01-05,3.598945477278903e-05,3.88289918191731e-05
1737,2015-01-06,0.0002760977658908814,3.904573532054201e-05
1738,2015-01-07,3.8190999475773424e-05,3.981174450018443e-05
1739,2015-01-08,0.00015004062152002007,3.886715057888068e-05
1740,2015-01-09,0.00012737838551402092,4.183163764537312e-05
1741,2015-01-12,4.351353345555253e-05,4.205796358291991e-05
1742,2015-01-13,4.7788897063583136e-05,3.930659659090452e-05
1743,2015-01-14,4.213170905131847e-05,3.9818994991946965e-05
1744,2015-01-15,0.00041012055589817464,4.112516398890875e-05
1745,2015-01-16,3.5176453820895404e-05,4.117850403417833e-05
1746,2015-01-19,2.5087887479458004e-05,4.9400583520764485e-05
1747,2015-01-20,8.931207412388176e-05,4.8430170863866806e-05
1748,2015-01-21,2.0872947061434388e-05,4.777021968038753e-05
1749,2015-01-22,1.3277144716994371e-05,4.5002867409493774e-05
1750,2015-01-23,7.86151722422801e-05,5.3536397899733856e-05
1751,2015-01-27,6.223160744411871e-05,5.6209450121968985e-05
1752,2015-01-28,5.898379095015116e-05,6.05464301770553e-05
1753,2015-01-29,5.137239713803865e-05,6.613006553379819e-05
1754,2015-01-30,0.00023870720178820193,6.751769979018718e-05
1755,2015-02-02,3.514000854920596e-05,6.228712300071493e-05
1756,2015-02-03,6.259600195335224e-05,5.7048629969358444e-05
1757,2015-02-04,4.91610771859996e-05,5.942322241025977e-05
1758,2015-02-05,0.00012960944150108844,6.27212502877228e-05
1759,2015-02-06,3.235425174352713e-05,7.019933400442824e-05
1760,2015-02-09,0.00011585353058762848,7.317690324271098e-05
1761,2015-02-10,0.00019616463396232575,6.952024705242366e-05
1762,2015-02-11,3.547710366547108e-05,6.926420610398054e-05
1763,2015-02-12,0.00012535968562588096,6.835612293798476e-05
1764,2015-02-13,4.902544606011361e-05,7.042208017082885e-05
1765,2015-02-16,3.574110451154411e-05,7.275660027517006e-05
1766,2015-02-18,3.332705091452226e-05,6.38214114587754e-05
1767,2015-02-19,8.314756269101053e-05,7.225239824037999e-05
1768,2015-02-20,3.0620532925240695e-05,7.861397170927376e-05
1769,2015-02-23,8.367703412659466e-05,7.686256140004843e-05
1770,2015-02-24,2.784935168165248e-05,8.113699004752561e-05
1771,2015-02-25,5.687317025149241e-05,7.926017133286223e-05
1772,2015-02-26,6.212380685610697e-05,8.265132055385038e-05
1773,2015-02-27,0.00011237908620387316,8.306632662424818e-05
1774,2015-03-02,0.00019356906705070287,8.14237937447615e-05
1775,2015-03-03,3.13993041345384e-05,7.96520835137926e-05
1776,2015-03-04,0.000367730826837942,7.824895874364302e-05
1777,2015-03-05,6.454341928474605e-05,7.424185605486855e-05
1778,2015-03-09,0.00012739672092720866,7.382606418104842e-05
1779,2015-03-10,4.959677244187333e-05,7.287284824997187e-05
1780,2015-03-11,2.7429723559180275e-05,6.640370702371001e-05
1781,2015-03-12,3.467580972937867e-05,6.481396121671423e-05
1782,2015-03-13,0.00027047545881941915,6.016630140948109e-05
1783,2015-03-16,1.3827840120939072e-05,5.649837839882821e-05
1784,2015-03-17,0.0001032643995131366,6.07424954068847e-05
1785,2015-03-18,3.699922308442183e-05,6.27335102763027e-05
1786,2015-03-19,0.00018762449326459318,6.862753798486665e-05
1787,2015-03-20,2.7580785172176547e-05,7.421700865961611e-05
1788,2015-03-23,2.6830264687305316e-05,7.358784205280244e-05
1789,2015-03-24,7.176242070272565e-05,7.563440885860473e-05
1790,2015-03-25,2.4588172891526483e-05,7.420234760502353e-05
1791,2015-03-26,0.00018724086112342775,7.982242095749825e-05
1792,2015-03-27,0.0001548579166410491,7.414795982185751e-05
1793,2015-03-30,9.470237273490056e-05,7.349197403527796e-05
1794,2015-03-31,6.065057095838711e-05,7.473998994100839e-05
1795,2015-04-01,8.931140473578125e-05,6.990497786318883e-05
1796,2015-04-06,5.6439675972796977e-05,6.856597610749304e-05
1797,2015-04-07,7.685273885726929e-05,6.570366531377658e-05
1798,2015-04-08,3.1097039027372375e-05,6.940331513760611e-05
1799,2015-04-09,8.815554610919207e-05,6.756898073945194e-05
1800,2015-04-10,1.755081939336378e-05,7.995049236342311e-05
1801,2015-04-13,3.741083855857141e-05,8.286235242849216e-05
1802,2015-04-16,0.00014866088167764246,7.583686237921938e-05
1803,2015-04-17,4.9318299716105685e-05,6.898929859744385e-05
1804,2015-04-20,0.00018567837832961231,7.774589903419837e-05
1805,2015-04-21,8.170616638381034e-05,6.105477950768545e-05
1806,2015-04-22,0.00017954461509361863,7.029774860711768e-05
1807,2015-04-23,0.00012930361845064908,7.15600690455176e-05
1808,2015-04-24,9.793711069505662e-05,7.663603173568845e-05
1809,2015-04-27,9.57631491473876e-05,7.969213038450107e-05
1810,2015-04-28,7.433862629113719e-05,7.541731611127034e-05
1811,2015-04-29,4.0933398850029334e-05,7.095687760738656e-05
1812,2015-04-30,4.4021548092132434e-05,6.555688742082566e-05
1813,2015-05-04,0.0001124248665291816,6.042051245458424e-05
1814,2015-05-05,3.099069363088347e-05,6.228326674317941e-05
1815,2015-05-06,0.000311795505695045,6.755788490409032e-05
1816,2015-05-07,8.7271626398433e-05,6.832335202489048e-05
1817,2015-05-08,0.00013859533646609634,6.484994810307398e-05
1818,2015-05-11,9.74354479694739e-05,6.293869228102267e-05
1819,2015-05-12,0.0002246324875159189,6.212421430973336e-05
1820,2015-05-13,0.00020625331671908498,6.485538324341178e-05
1821,2015-05-14,8.24246890260838e-05,6.498522270703688e-05
1822,2015-05-15,2.6310945031582378e-05,6.56824850011617e-05
1823,2015-05-18,6.899634172441438e-05,7.252488285303116e-05
1824,2015-05-19,5.26196054124739e-05,7.320343138417229e-05
1825,2015-05-20,2.282906098116655e-05,7.540236401837319e-05
1826,2015-05-21,2.4142369511537254e-05,7.176098733907565e-05
1827,2015-05-22,2.550170938775409e-05,7.262412691488862e-05
1828,2015-05-25,3.5027620469918475e-05,6.387827306753024e-05
1829,2015-05-26,1.8725830159382895e-05,6.605267117265612e-05
1830,2015-05-27,4.0941515180747956e-05,6.906322232680395e-05
1831,2015-05-28,4.8710262490203604e-05,6.780316471122205e-05
1832,2015-05-29,9.304007835453376e-05,6.324332935037091e-05
1833,2015-06-01,2.3711498215561733e-05,6.335783837130293e-05
1834,2015-06-02,0.00023610061907675117,6.283835682552308e-05
1835,2015-06-03,0.00010900467168539762,6.112660776125267e-05
1836,2015-06-04,8.372237061848864e-05,6.561556074302644e-05
1837,2015-06-05,5.930128099862486e-05,7.045648089842871e-05
1838,2015-06-08,5.364290336729027e-05,7.989127334440127e-05
1839,2015-06-09,1.9570057702367194e-05,8.249688835348934e-05
1840,2015-06-10,8.858062938088551e-05,8.299751061713323e-05
1841,2015-06-11,0.00023501331452280283,8.461246034130454e-05
1842,2015-06-12,1.670587334956508e-05,8.149938366841525e-05
1843,2015-06-15,6.599246989935637e-05,8.680827158968896e-05
1844,2015-06-16,7.073857705108821e-05,8.945578883867711e-05
1845,2015-06-17,6.0354574088705704e-05,9.126897930400446e-05
1846,2015-06-18,4.406329753692262e-05,8.153358794515952e-05
1847,2015-06-19,2.7449899789644405e-05,7.849642861401662e-05
1848,2015-06-22,7.957653724588454e-05,8.365988469449803e-05
1849,2015-06-23,3.0598406738135964e-05,8.704794163350016e-05
1850,2015-06-24,3.6682209611171857e-05,8.49282369017601e-05
1851,2015-06-25,5.204670742386952e-05,8.320816414197907e-05
1852,2015-06-26,2.597219281597063e-05,8.576396066928282e-05
1853,2015-06-29,0.00035525450948625803,7.746037590550259e-05
1854,2015-06-30,3.0414070351980627e-05,6.93312831572257e-05
1855,2015-07-01,6.173212750582024e-05,6.768990715499967e-05
1856,2015-07-02,1.4967797142162453e-05,6.062877218937501e-05
1857,2015-07-03,2.5621622626204044e-05,5.9335339756216854e-05
1858,2015-07-06,0.00023982826678548008,5.986182077322155e-05
1859,2015-07-07,2.781909097393509e-05,6.353943899739534e-05
1860,2015-07-08,0.00013530706928577274,6.566952652065083e-05
1861,2015-07-09,3.262636164436117e-05,6.259540532482788e-05
1862,2015-07-10,4.3267940782243386e-05,5.7542205468053e-05
1863,2015-07-13,8.696206350577995e-05,5.662373223458417e-05
1864,2015-07-14,1.8201835700892843e-05,6.391587521648034e-05
1865,2015-07-15,2.336152465431951e-05,6.712682807119563e-05
1866,2015-07-16,3.150182237732224e-05,7.11451139068231e-05
1867,2015-07-17,1.4352060134115163e-05,7.559727964689955e-05
1868,2015-07-20,3.04376026178943e-05,7.639652903890237e-05
1869,2015-07-21,8.014262857614085e-05,7.296157855307683e-05
1870,2015-07-22,0.00010089777788380161,6.585717346752062e-05
1871,2015-07-23,3.112537524430081e-05,6.451203807955608e-05
1872,2015-07-24,2.6696625354816206e-05,6.75789633532986e-05
1873,2015-07-27,0.00010686361929401755,7.107444980647415e-05
1874,2015-07-28,2.9212380468379706e-05,7.268531044246629e-05
1875,2015-07-29,2.2522141080116853e-05,6.799327820772305e-05
1876,2015-07-30,4.057609839946963e-05,7.092399755492806e-05
1877,2015-07-31,6.41844017081894e-05,6.471519736805931e-05
1878,2015-08-03,2.2574353351956233e-05,5.2669613069156185e-05
1879,2015-08-04,8.964735752670094e-05,5.217841317062266e-05
1880,2015-08-05,2.4615599613753147e-05,5.2778115787077695e-05
1881,2015-08-06,1.9052324205404148e-05,5.505501394509338e-05
1882,2015-08-07,9.314380804426037e-06,6.078119986341335e-05
1883,2015-08-10,7.264137821039185e-05,5.7366869441466406e-05
1884,2015-08-11,6.938326987437904e-05,5.592974048340693e-05
1885,2015-08-12,6.135924195405096e-05,5.6079505156958476e-05
1886,2015-08-13,5.930931365583092e-05,5.6863518693717197e-05
1887,2015-08-14,0.00013546794070862234,5.833976683788933e-05
1888,2015-08-17,6.178425246616825e-05,5.752201468567364e-05
1889,2015-08-18,5.129661440150812e-05,5.1612678362289444e-05
1890,2015-08-19,4.25150319642853e-05,5.238382800598629e-05
1891,2015-08-20,0.00010387510701548308,5.819651414640248e-05
1892,2015-08-21,0.0001271100773010403,6.13485899521038e-05
1893,2015-08-24,0.0013520627981051803,6.561412737937644e-05
1894,2015-08-25,0.000667813525069505,6.490315718110651e-05
1895,2015-08-26,0.00014304147043731064,6.405763269867748e-05
1896,2015-08-27,0.000337564037181437,5.9777044953079894e-05
1897,2015-08-28,0.00025861061294563115,5.2771221817238256e-05
1898,2015-08-31,4.8880021495278925e-05,5.263998173177242e-05
1899,2015-09-01,0.00024710895377211273,5.493218850460835e-05
1900,2015-09-02,0.00023131970374379307,5.479464016389102e-05
1901,2015-09-03,0.00010088671115227044,6.215799658093601e-05
1902,2015-09-04,0.0001897537731565535,5.694622814189643e-05
1903,2015-09-07,0.0001628621103009209,5.847294960403815e-05
1904,2015-09-08,0.00020433349709492177,5.199035149416886e-05
1905,2015-09-09,0.00026751664699986577,5.851595415151678e-05
1906,2015-09-10,0.0002451358886901289,6.427076004911214e-05
1907,2015-09-11,9.412198414793238e-05,6.746884173480794e-05
1908,2015-09-14,9.310744644608349e-05,6.149480032036081e-05
1909,2015-09-15,3.6727080441778526e-05,5.691158366971649e-05
1910,2015-09-16,7.543178071500733e-05,5.405785486800596e-05
1911,2015-09-18,0.00014413696771953255,5.069289909442887e-05
1912,2015-09-21,0.00011252321564825252,5.017670991946943e-05
1913,2015-09-22,0.00031934294383972883,5.3765976190334186e-05
1914,2015-09-23,0.00023501244140788913,5.32926460437011e-05
1915,2015-09-24,4.5235610741656274e-05,5.306529419613071e-05
1916,2015-09-28,7.15896239853464e-05,4.498193084145896e-05
1917,2015-09-29,0.0003956483560614288,4.412944326759316e-05
1918,2015-09-30,0.00015087729843799025,5.71951168240048e-05
1919,2015-10-01,6.0954767832299694e-05,6.400493293767795e-05
1920,2015-10-05,0.00012634457380045205,7.74155487306416e-05
1921,2015-10-06,0.00010756749543361366,7.844920037314296e-05
1922,2015-10-07,1.637802051845938e-05,8.046466973610222e-05
1923,2015-10-08,5.0072405429091305e-05,8.657835132908076e-05
1924,2015-10-09,9.110365499509498e-05,6.682509410893545e-05
1925,2015-10-12,9.37081131269224e-05,6.35916949249804e-05
1926,2015-10-13,2.7238722395850345e-05,0.0001192169074784033
1927,2015-10-14,2.5481193006271496e-05,0.00011405152326915413
1928,2015-10-15,2.94102883344749e-05,0.00011220314627280459
1929,2015-10-16,5.824731488246471e-05,0.00010220031981589273
1930,2015-10-19,1.9212689949199557e-05,0.00010812504478963092
1931,2015-10-20,2.2496124074677937e-05,9.443324961466715e-05
1932,2015-10-21,2.906823283410631e-05,9.976393630495295e-05
1933,2015-10-23,5.752118886448443e-05,0.00010003966599470004
1934,2015-10-26,5.6101598602253944e-05,9.581211634213105e-05
1935,2015-10-27,1.6525958926649764e-05,0.00010438006574986503
1936,2015-10-28,6.015517647028901e-05,0.00010652986384229735
1937,2015-10-29,3.4521581255830824e-05,0.00010364256741013378
1938,2015-10-30,5.471082477015443e-05,9.666715050116181e-05
1939,2015-11-02,3.5996628866996616e-05,0.00010841766925295815
1940,2015-11-03,4.4535405322676525e-05,0.00010535636101849377
1941,2015-11-04,7.050345448078588e-05,9.363941353512928e-05
1942,2015-11-05,4.219681432005018e-05,8.433002949459478e-05
1943,2015-11-06,3.211045986972749e-05,8.021428220672533e-05
1944,2015-11-09,0.0005953341023996472,6.246033444767818e-05
1945,2015-11-10,9.201568173011765e-05,6.793416105210781e-05
1946,2015-11-13,1.9885921574314125e-05,7.39399329177104e-05
1947,2015-11-16,0.00010100039798999205,8.384902321267873e-05
1948,2015-11-17,5.9375928685767576e-05,7.51927582314238e-05
1949,2015-11-18,8.201303717214614e-05,6.769293395336717e-05
1950,2015-11-19,9.781725384527817e-05,6.611297430936247e-05
1951,2015-11-20,4.610550604411401e-05,6.39400168438442e-05
1952,2015-11-23,1.8812212147167884e-05,5.760425119660795e-05
1953,2015-11-24,2.140979268006049e-05,5.931876148679294e-05
1954,2015-11-26,2.381472586421296e-05,5.7347831898368895e-05
1955,2015-11-27,4.636919766198844e-05,5.707829041057266e-05
1956,2015-11-30,1.197423625853844e-05,5.996329491608776e-05
1957,2015-12-01,1.608023012522608e-05,4.5976241381140426e-05
1958,2015-12-02,3.4043634514091536e-05,4.826606891583651e-05
1959,2015-12-03,3.219020800315775e-05,4.8512541980016977e-05
1960,2015-12-04,4.681959399022162e-05,5.585458711721003e-05
1961,2015-12-07,5.506063826032914e-05,5.2372888603713363e-05
1962,2015-12-08,5.4413758334703743e-05,5.052407141192816e-05
1963,2015-12-09,5.368942947825417e-05,5.0785369239747524e-05
1964,2015-12-10,5.7903267588699237e-05,4.9450783990323544e-05
1965,2015-12-11,0.0001039093840518035,4.9129677790915594e-05
1966,2015-12-14,0.00012185345258330926,5.3465424571186304e-05
1967,2015-12-15,4.264611561666243e-05,6.133232091087848e-05
1968,2015-12-16,3.186805042787455e-05,5.652995969285257e-05
1969,2015-12-17,9.753175982041284e-05,5.332325235940516e-05
1970,2015-12-18,4.187274680589326e-05,5.133493323228322e-05
1971,2015-12-21,6.857342668808997e-05,5.623347533401102e-05
1972,2015-12-22,2.7116800993098877e-05,5.5057382269296795e-05
1973,2015-12-23,4.348975926404819e-05,5.7618475693743676e-05
1974,2015-12-24,2.713664434850216e-05,5.321169373928569e-05
1975,2015-12-28,3.053867112612352e-05,5.338110713637434e-05
1976,2015-12-29,9.352075721835718e-06,5.3763262258144096e-05
1977,2015-12-30,1.763337968441192e-05,5.5295589845627546e-05
1978,2015-12-31,2.2247528249863535e-05,5.1538798288675025e-05
1979,2016-01-04,0.00014123268192633986,5.233030242379755e-05
1980,2016-01-05,4.983606413588859e-05,5.9829231759067625e-05
1981,2016-01-06,3.5673609090736136e-05,6.095203571021557e-05
1982,2016-01-07,0.00015923405590001494,6.082428080844693e-05
1983,2016-01-08,4.871114651905373e-05,6.311017205007374e-05
1984,2016-01-11,0.00016704306472092867,6.086170833441429e-05
1985,2016-01-12,7.188900781329721e-05,5.888992382097058e-05
1986,2016-01-13,0.0002630242670420557,5.18667402502615e-05
1987,2016-01-14,0.0003229341527912766,5.3751929954160005e-05
1988,2016-01-15,0.00012753640476148576,5.2446161134867e-05
1989,2016-01-18,0.00010882529750233516,5.1852348406100646e-05
1990,2016-01-19,7.694961095694453e-05,5.105814489070326e-05
1991,2016-01-20,0.00044495731708593667,5.193088873056695e-05
1992,2016-01-21,0.0002221770555479452,5.6242748541990295e-05
1993,2016-01-22,0.00018676150648389012,5.63008725293912e-05
1994,2016-01-25,6.475779809989035e-05,5.731830242439173e-05
1995,2016-01-27,4.104707477381453e-05,5.6489163398509845e-05
1996,2016-01-28,2.7639345717034303e-05,5.589332795352675e-05
1997,2016-01-29,0.0001821528421714902,5.6151591707021e-05
1998,2016-02-01,3.218971687601879e-05,5.012285691918805e-05
1999,2016-02-02,0.00013499593478627503,5.2242892706999555e-05
2000,2016-02-03,0.00010272819054080173,5.581060395343229e-05
2001,2016-02-04,9.53682538238354e-05,6.189429404912516e-05
2002,2016-02-05,5.992865044390783e-05,5.803672320325859e-05
2003,2016-02-08,0.00013498049520421773,5.834098919876851e-05
2004,2016-02-09,0.00014313781866803765,6.39160571154207e-05
2005,2016-02-10,8.402745879720896e-05,5.8819543482968584e-05
2006,2016-02-11,0.0004207736346870661,6.532778934342787e-05
2007,2016-02-12,0.00030390601023100317,6.208708509802818e-05
2008,2016-02-15,0.00022642474505119026,6.947298970771953e-05
2009,2016-02-16,0.00021479027054738253,7.063954399200156e-05
2010,2016-02-17,0.00022613773762714118,6.519372254842892e-05
2011,2016-02-18,0.00014654983533546329,6.56635093037039e-05
2012,2016-02-19,5.132939986651763e-05,6.386634049704298e-05
2013,2016-02-22,1.767263893270865e-05,7.795303827151656e-05
2014,2016-02-23,0.00015248001727741212,7.091933366609737e-05
2015,2016-02-24,6.828335608588532e-05,6.758114614058286e-05
2016,2016-02-25,3.911490784958005e-05,6.304376438492909e-05
2017,2016-02-26,0.00013350490189623088,6.190828571561724e-05
2018,2016-02-29,0.0005983382579870522,6.173260044306517e-05
2019,2016-03-01,0.0003209379210602492,7.095180626492947e-05
2020,2016-03-02,0.00021917915728408843,6.475359259638935e-05
2021,2016-03-03,0.00010520023352000862,7.94445222709328e-05
2022,2016-03-04,4.8290883569279686e-05,7.365812780335546e-05
2023,2016-03-08,4.262257425580174e-05,7.588482549181208e-05
2024,2016-03-09,0.0001228200417244807,7.5096933869645e-05
2025,2016-03-10,7.03224868630059e-05,9.01912062545307e-05
2026,2016-03-11,4.1384046198800206e-05,7.540114165749401e-05
2027,2016-03-14,4.754682595375925e-05,8.365445683011785e-05
2028,2016-03-15,5.127083568368107e-05,0.0001170289542642422
2029,2016-03-16,7.423880015267059e-05,0.00010674291843315586
2030,2016-03-17,0.00012646295363083482,8.787309343460947e-05
2031,2016-03-18,6.261457019718364e-05,9.632894943933934e-05
2032,2016-03-21,5.6970071454998106e-05,0.00010191193723585457
2033,2016-03-22,4.946549597661942e-05,8.72005766723305e-05
2034,2016-03-23,2.5167903004330583e-05,7.94980296632275e-05
2035,2016-03-28,0.0001615698856767267,6.871816731290892e-05
2036,2016-03-29,3.529716195771471e-05,8.404051914112642e-05
2037,2016-03-30,0.00010565922275418416,7.254299998749048e-05
2038,2016-03-31,3.344370998092927e-05,6.938055594218895e-05
2039,2016-04-01,4.091118898941204e-05,7.439770706696436e-05
2040,2016-04-04,2.9739265301031992e-05,0.00011564356827875599
2041,2016-04-05,0.00013519407366402447,8.947328751673922e-05
2042,2016-04-06,3.347044548718259e-05,8.408132271142676e-05
2043,2016-04-07,5.7949779147747904e-05,8.263767813332379e-05
2044,2016-04-08,1.0874566214624792e-05,7.724732859060168e-05
2045,2016-04-11,0.00017706135986372828,7.920576899778098e-05
2046,2016-04-12,1.6681071429047734e-05,8.364727545995265e-05
2047,2016-04-13,0.0001252172514796257,8.143427839968354e-05
2048,2016-04-18,0.00010468541586305946,7.83767391112633e-05
2049,2016-04-20,5.5208965932251886e-05,7.64251672080718e-05
2050,2016-04-21,7.107310375431553e-05,7.758384163025767e-05
2051,2016-04-22,1.9962360966019332e-05,8.038328815018758e-05
2052,2016-04-25,3.895405461662449e-05,8.286710362881422e-05
2053,2016-04-26,0.0001370044337818399,7.604195707244799e-05
2054,2016-04-27,2.068757385131903e-05,7.281768921529874e-05
2055,2016-04-28,0.00013627976295538247,7.203964923974127e-05
2056,2016-04-29,5.571477231569588e-05,6.618432234972715e-05
2057,2016-05-02,2.9462391466950066e-05,8.482203702442348e-05
2058,2016-05-03,0.0001521669764770195,6.975214637350291e-05
2059,2016-05-04,2.492030216671992e-05,7.552470196969807e-05
2060,2016-05-05,3.9290291169891134e-05,7.290239591384307e-05
2061,2016-05-06,3.213055242667906e-05,7.257655670400709e-05
2062,2016-05-09,8.808798156678677e-05,6.703029066557065e-05
2063,2016-05-10,2.3464950572815724e-05,7.737082341918722e-05
2064,2016-05-11,0.00018245553656015545,6.31439543212764e-05
2065,2016-05-12,3.2024894608184695e-05,6.687991844955832e-05
2066,2016-05-13,6.227030826266855e-05,6.0037793446099386e-05
2067,2016-05-16,7.178809028118849e-05,7.24450292182155e-05
2068,2016-05-17,4.568323493003845e-05,6.0584436141652986e-05
2069,2016-05-18,6.175161252031103e-05,6.620263593504205e-05
2070,2016-05-19,6.779048999305815e-05,6.593290163436905e-05
2071,2016-05-20,3.3861466363305226e-05,6.394349475158378e-05
2072,2016-05-23,0.00012224291276652366,6.66480918880552e-05
2073,2016-05-24,1.2881174370704684e-05,5.9911166317760944e-05
2074,2016-05-25,0.0001605576544534415,6.193409353727475e-05
2075,2016-05-26,0.00011989646009169519,6.692739407299086e-05
2076,2016-05-27,4.120843732380308e-05,5.86371825193055e-05
2077,2016-05-30,1.3592081813840196e-05,6.680731166852638e-05
2078,2016-05-31,4.849024480790831e-05,6.356155790854245e-05
2079,2016-06-01,1.8753655240288936e-05,5.885298742214218e-05
2080,2016-06-02,3.635581015259959e-05,6.826304161222652e-05
2081,2016-06-03,2.4394383217440918e-05,5.826225606142543e-05
2082,2016-06-06,1.303987573919585e-05,5.9886035160161555e-05
2083,2016-06-07,4.80473245261237e-05,5.8775523939402774e-05
2084,2016-06-08,1.3371493878366891e-05,6.330632459139451e-05
2085,2016-06-09,4.087741763214581e-05,5.841442180098966e-05
2086,2016-06-10,8.954542863648385e-05,6.635730096604675e-05
2087,2016-06-13,9.126165969064459e-05,6.017812484060414e-05
2088,2016-06-14,3.78122458641883e-05,6.419260171242058e-05
2089,2016-06-15,5.539645644603297e-05,6.467929051723331e-05
2090,2016-06-16,8.86818888830021e-05,6.204038800206035e-05
2091,2016-06-17,3.811189890257083e-05,6.27597255515866e-05
2092,2016-06-20,0.00013940315693616867,6.397179822670296e-05
2093,2016-06-21,2.0417015548446216e-05,6.107632361818105e-05
2094,2016-06-22,3.948027006117627e-05,6.460444274125621e-05
2095,2016-06-23,4.6875753469066694e-05,5.845649866387248e-05
2096,2016-06-24,0.0010747526539489627,6.696723721688613e-05
2097,2016-06-27,7.456207822542638e-05,6.682094681309536e-05
2098,2016-06-28,1.834163958847057e-05,6.342416600091383e-05
2099,2016-06-29,4.598001032718457e-05,5.874134149053134e-05
2100,2016-06-30,6.784714059904218e-05,6.122806371422485e-05
2101,2016-07-01,2.30476216529496e-05,5.8107441873289645e-05
2102,2016-07-04,4.0088612877298146e-05,5.951873754383996e-05
2103,2016-07-05,2.0136569219175726e-05,5.813250027131289e-05
2104,2016-07-07,9.81947232503444e-06,5.6752407544991e-05
2105,2016-07-08,2.7825828510685824e-05,5.999321001581848e-05
2106,2016-07-11,0.00013801893510390073,5.561110083363019e-05
2107,2016-07-12,2.848656731657684e-05,5.8315403293818235e-05
2108,2016-07-13,2.1037056285422295e-05,6.05528439336922e-05
2109,2016-07-14,2.3509390302933753e-05,5.894757487112656e-05
2110,2016-07-15,3.2509269658476114e-05,5.755861275247298e-05
2111,2016-07-18,4.6682274842169136e-05,5.9135243645869195e-05
2112,2016-07-19,2.188206599385012e-05,6.0662605392280966e-05
2113,2016-07-20,1.7595113604329526e-05,5.713574500987306e-05
2114,2016-07-21,3.490726521704346e-05,6.21651706751436e-05
2115,2016-07-22,1.9465822333586402e-05,5.5939293815754354e-05
2116,2016-07-25,7.694345549680293e-05,5.761309148510918e-05
2117,2016-07-26,2.0753219359903596e-05,5.929381586611271e-05
2118,2016-07-27,4.1534054616931826e-05,7.244593143695965e-05
2119,2016-07-28,1.6960961147560738e-05,5.895454523852095e-05
2120,2016-07-29,7.07236949892831e-06,5.57134990231134e-05
2121,2016-08-01,6.821969873271883e-05,5.729136319132522e-05
2122,2016-08-02,3.0506011171382852e-05,5.851121750310995e-05
2123,2016-08-03,5.43545866094064e-05,5.6164815759984776e-05
2124,2016-08-04,7.73531137383543e-05,5.5885542678879574e-05
2125,2016-08-05,7.731977530056611e-05,5.608196443063207e-05
2126,2016-08-08,1.4619017747463658e-05,5.495707591762766e-05
2127,2016-08-09,4.6322918933583423e-05,5.620312731480226e-05
2128,2016-08-10,7.268891931744292e-05,6.067608410376124e-05
2129,2016-08-11,1.9459399482002482e-05,5.6874316214816645e-05
2130,2016-08-16,0.00011563783482415602,5.610791049548425e-05
2131,2016-08-17,1.818023702071514e-05,5.669019810738973e-05
2132,2016-08-18,1.8292326785740443e-05,5.730699558625929e-05
2133,2016-08-19,1.807817716326099e-05,5.789470742456615e-05
2134,2016-08-22,2.236352338513825e-05,5.550756395678036e-05
2135,2016-08-23,2.3924538254505023e-05,5.519406477105804e-05
2136,2016-08-24,1.1771696335927118e-05,5.55507795070298e-05
2137,2016-08-25,4.9258505896432325e-05,5.4458927479572594e-05
2138,2016-08-26,3.3538985007908195e-05,5.843520557391457e-05
2139,2016-08-29,3.214490061509423e-05,5.420266097644344e-05
2140,2016-08-30,7.325084879994392e-05,5.579293429036625e-05
2141,2016-08-31,2.4144324925146066e-05,5.313700239639729e-05
2142,2016-09-01,1.2999979844607878e-05,5.1660397730302066e-05
2143,2016-09-02,2.0260351448087022e-05,5.6037377362372354e-05
2144,2016-09-06,6.853433296782896e-05,5.348128252080642e-05
2145,2016-09-07,2.129177300957963e-05,5.507770401891321e-05
2146,2016-09-08,1.7958991520572454e-05,5.609341314993799e-05
2147,2016-09-09,3.173212462570518e-05,5.7529199693817645e-05
2148,2016-09-12,0.00024089048383757472,5.2721727115567774e-05
2149,2016-09-14,1.195515778817935e-05,5.564558887272142e-05
2150,2016-09-15,1.7649766959948465e-05,5.65576228837017e-05
2151,2016-09-16,6.524267519125715e-05,5.3645715524908155e-05
2152,2016-09-19,1.171860276372172e-05,5.793734817416407e-05
2153,2016-09-20,1.6062940630945377e-05,5.395603511715308e-05
2154,2016-09-21,2.4533315809094347e-05,5.359693386708386e-05
2155,2016-09-22,0.00013218038657214493,5.306281309458427e-05
2156,2016-09-23,2.0488347217906266e-05,5.34415157744661e-05
2157,2016-09-26,4.6643646783195436e-05,5.371467341319658e-05
2158,2016-09-27,3.539572571753524e-05,5.2480587328318506e-05
2159,2016-09-28,1.8934659237856977e-05,5.531684655579738e-05
2160,2016-09-29,0.0002950638299807906,5.4126674513099715e-05
2161,2016-09-30,3.140166882076301e-05,5.45819457329344e-05
2162,2016-10-03,9.685455734143034e-05,5.7001045206561685e-05
2163,2016-10-04,2.463076998537872e-05,5.4305466619553044e-05
2164,2016-10-05,4.353678014012985e-05,5.369398058974184e-05
2165,2016-10-06,4.943145177094266e-05,5.378372225095518e-05
2166,2016-10-07,2.2117381377029233e-05,5.734164733439684e-05
2167,2016-10-10,2.6576215532259084e-05,5.3726562327938154e-05
2168,2016-10-13,0.0001093912505893968,5.3182782721705735e-05
2169,2016-10-14,2.161861448257696e-05,5.352838343242183e-05
2170,2016-10-17,6.73610920784995e-05,5.640115341520868e-05
2171,2016-10-18,9.377855894854292e-05,5.229996895650402e-05
2172,2016-10-19,2.41722500504693e-05,5.2272040193201974e-05
2173,2016-10-20,2.660175050550606e-05,5.576734838541597e-05
2174,2016-10-21,2.2600115698878653e-05,5.181082815397531e-05
2175,2016-10-24,1.587436236150097e-05,5.205792695051059e-05
2176,2016-10-25,2.0738973034895025e-05,5.2798906835960224e-05
2177,2016-10-26,3.348784593981691e-05,5.588623389485292e-05
2178,2016-10-27,3.583854777389206e-05,5.294594302540645e-05
2179,2016-10-28,2.772810694295913e-05,5.4421911045210436e-05
2180,2016-11-01,1.6677333405823447e-05,5.43930109415669e-05
2181,2016-11-02,0.00010368952644057572,5.3242762078298256e-05
2182,2016-11-03,2.3859327484387904e-05,6.15969838690944e-05
2183,2016-11-04,6.0329541156534106e-05,5.4578464187216014e-05
2184,2016-11-07,0.00015931746747810394,5.77733080717735e-05
2185,2016-11-08,6.288650183705613e-05,5.333443914423697e-05
2186,2016-11-09,0.004401917569339275,5.50529730389826e-05
2187,2016-11-10,0.000250047305598855,5.587664418271743e-05
2188,2016-11-11,0.00021540238230954856,5.3380237659439445e-05
2189,2016-11-15,0.00019494365551508963,5.3503325034398586e-05
2190,2016-11-16,0.00021725603437516838,5.844479164807126e-05
2191,2016-11-17,4.575661296257749e-05,5.3921463404549286e-05
2192,2016-11-18,3.777465462917462e-05,5.6858967582229525e-05
2193,2016-11-21,0.00019552437879610807,5.938804315519519e-05
2194,2016-11-22,9.7018746600952e-05,5.53318859601859e-05
2195,2016-11-23,8.808478742139414e-05,5.460032480186783e-05
2196,2016-11-24,3.454813122516498e-05,5.4745643865317106e-05
2197,2016-11-25,0.00014063980779610574,5.444023190648295e-05
2198,2016-11-28,4.9876052798936144e-05,5.4692518460797146e-05
2199,2016-11-29,3.722626934177242e-05,5.48055068065878e-05
2200,2016-11-30,6.104988278821111e-05,5.582684389082715e-05
2201,2016-12-01,2.7125181077281013e-05,5.5649245041422546e-05
2202,2016-12-02,6.439450953621417e-05,5.433343903860077e-05
2203,2016-12-05,3.84895465685986e-05,5.6113316531991586e-05
2204,2016-12-06,2.122343357768841e-05,5.4068270401330665e-05
2205,2016-12-07,7.392314728349447e-05,5.666759898304008e-05
2206,2016-12-08,9.320241224486381e-05,5.703323768102564e-05
2207,2016-12-09,1.5665396858821623e-05,5.679290188709274e-05
2208,2016-12-12,4.462919969228096e-05,7.427173841279e-05
2209,2016-12-13,4.142108446103521e-05,6.133590068202466e-05
2210,2016-12-14,2.2952555809752084e-05,6.35480391792953e-05
2211,2016-12-15,0.00011869449372170493,6.528425001306459e-05
2212,2016-12-16,2.3000542569207028e-05,6.399516860255972e-05
2213,2016-12-19,9.958052942238282e-06,5.9790505474666134e-05
2214,2016-12-20,1.9873768906109035e-05,5.874767157365568e-05
2215,2016-12-21,2.6469222575542517e-05,6.530454993480816e-05
2216,2016-12-22,4.0245438867714256e-05,6.155705341370776e-05
2217,2016-12-23,3.451612064964138e-05,6.20817590970546e-05
2218,2016-12-26,3.8194313674466684e-05,5.987192707834765e-05
2219,2016-12-27,0.00010602977272355929,6.782120908610523e-05
2220,2016-12-28,4.073487070854753e-05,6.355482764774933e-05
2221,2016-12-29,4.248864934197627e-05,6.306017894530669e-05
2222,2016-12-30,3.8328045775415376e-05,6.604945519939065e-05
2223,2017-01-02,4.8658912419341505e-05,6.247040437301621e-05
2224,2017-01-03,3.069614103878848e-05,6.712420145049691e-05
2225,2017-01-04,8.760079253988806e-06,6.686589040327817e-05
2226,2017-01-05,3.672452658065595e-05,6.34934040135704e-05
2227,2017-01-06,2.82863784377696e-05,7.128257129807025e-05
2228,2017-01-09,9.768205018190201e-06,7.080776413204148e-05
2229,2017-01-10,1.577498551341705e-05,6.142721395008266e-05
2230,2017-01-11,4.3758183892350644e-05,6.353494973154739e-05
2231,2017-01-12,7.278793873410905e-06,6.253078754525632e-05
2232,2017-01-13,7.491017458960414e-05,5.9993322793161497e-05
2233,2017-01-16,1.4146459761832375e-05,6.564572686329484e-05
2234,2017-01-17,1.856931521615479e-05,5.833781688124873e-05
2235,2017-01-18,2.5169345462927595e-05,5.592467641690746e-05
2236,2017-01-19,8.008972145034932e-06,5.661314935423434e-05
2237,2017-01-20,4.643854117603041e-05,5.621733362204395e-05
2238,2017-01-23,3.456803460721858e-05,5.669203164870851e-05
2239,2017-01-24,3.5922450479120016e-05,5.6550070439698175e-05
2240,2017-01-25,7.280823774635792e-05,5.649649028782733e-05
2241,2017-01-27,2.3489244995289482e-05,6.033270256011747e-05
2242,2017-01-30,9.964371201931499e-06,5.653217158396728e-05
2243,2017-01-31,2.91180895146681e-05,5.7398443459533155e-05
2244,2017-02-01,0.00015874826931394637,5.6787917856127024e-05
2245,2017-02-02,2.4367896912735887e-05,5.7063978601945564e-05
2246,2017-02-03,8.876815627445467e-06,5.5967626394703984e-05
2247,2017-02-06,3.406682299100794e-05,5.2946397772757336e-05
2248,2017-02-07,2.2835287381894886e-05,5.556296309805475e-05
2249,2017-02-08,3.1602688977727666e-05,5.458444502437487e-05
2250,2017-02-09,5.3268155170371756e-05,4.600097963702865e-05
2251,2017-02-10,2.6676414563553408e-05,4.617917147697881e-05
2252,2017-02-13,3.9691229176241904e-05,4.593565972754732e-05
2253,2017-02-14,1.4329603800433688e-05,4.5578792196465656e-05
2254,2017-02-15,4.277596963220276e-05,4.5130858779884875e-05
2255,2017-02-16,2.1509211364900693e-05,4.5012224290985614e-05
2256,2017-02-17,0.0001796742872102186,4.4732358219334856e-05
2257,2017-02-20,2.524720912333578e-05,4.489698767429218e-05
2258,2017-02-21,1.7877668142318726e-05,4.5109605707693845e-05
2259,2017-02-22,2.0058045265614055e-05,4.500398790696636e-05
2260,2017-02-23,2.396454510744661e-05,4.493832238949835e-05
2261,2017-02-27,1.703708949207794e-05,4.514601096161641e-05
2262,2017-02-28,9.45041210798081e-06,4.606722359312698e-05
2263,2017-03-01,2.435147325741127e-05,4.4717296987073496e-05
2264,2017-03-02,7.088748679962009e-05,4.4813568820245564e-05
2265,2017-03-03,1.341015195066575e-05,4.48858154413756e-05
2266,2017-03-06,1.6167123249033466e-05,4.776698551722802e-05
2267,2017-03-07,1.1820023246400524e-05,4.439254553290084e-05
2268,2017-03-08,2.0645040422095917e-05,4.472506043384783e-05
2269,2017-03-09,1.0170508176088333e-05,4.488958074944094e-05
2270,2017-03-10,3.0536833946825936e-05,4.4667987822322175e-05
2271,2017-03-14,0.00031938316533342004,4.4447955588111654e-05
2272,2017-03-15,4.280268058209913e-06,4.484460441744886e-05
2273,2017-03-16,2.7903506634174846e-05,4.520943184616044e-05
2274,2017-03-17,5.4625845223199576e-05,4.488683771342039e-05
2275,2017-03-20,1.153956418420421e-05,4.587292278301902e-05
2276,2017-03-21,1.685989263933152e-05,4.570489181787707e-05
2277,2017-03-22,7.936115434858948e-05,4.5753080485155806e-05
2278,2017-03-23,1.5104709746083245e-05,4.659056503442116e-05
2279,2017-03-24,1.2009574675175827e-05,4.5796299673384055e-05
2280,2017-03-27,2.4136059437296353e-05,4.609838651958853e-05
2281,2017-03-28,2.0069814127054997e-05,4.6109638788038865e-05
2282,2017-03-29,1.749678995111026e-05,4.605510184774175e-05
2283,2017-03-30,8.786141734162811e-06,4.613607598003e-05
2284,2017-03-31,9.287195098295342e-06,4.56865418527741e-05
2285,2017-04-03,3.854203168884851e-05,4.551550591713749e-05
2286,2017-04-05,2.772213156276848e-05,4.595427890308201e-05
2287,2017-04-06,1.541592246212531e-05,4.584506677929312e-05
2288,2017-04-07,3.33794996549841e-05,4.598860687110573e-05
2289,2017-04-10,1.924202842928935e-05,4.5532611693488434e-05
2290,2017-04-11,1.9572036762838252e-05,4.5246139052324e-05
2291,2017-04-12,3.3999214792856947e-05,4.541006637737155e-05
2292,2017-04-13,1.3511074939742684e-05,4.4922384404344484e-05
2293,2017-04-17,6.740674507454969e-06,4.687383625423536e-05
2294,2017-04-18,7.40729010431096e-05,4.5098247937858105e-05
2295,2017-04-19,1.041732684825547e-05,4.521426308201626e-05
2296,2017-04-20,7.113924766599666e-06,4.427183739608154e-05
2297,2017-04-21,6.049235526006669e-05,4.467612234293483e-05
2298,2017-04-24,3.913580803782679e-05,4.406388325151056e-05
2299,2017-04-25,5.047605372965336e-05,4.431297929841094e-05
2300,2017-04-26,2.7921392756979913e-05,4.44096076535061e-05
2301,2017-04-27,8.628610885352828e-06,4.4065141992177814e-05
2302,2017-04-28,1.560076452733483e-05,4.3883974285563454e-05
2303,2017-05-02,4.456539681996219e-05,4.427272506291047e-05
2304,2017-05-03,2.0351038983790204e-05,4.3819527490995824e-05
2305,2017-05-04,3.820163692580536e-05,4.4015629100613296e-05
2306,2017-05-05,4.5730703277513385e-05,4.394947609398514e-05
2307,2017-05-08,1.4690167517983355e-05,4.374324271338992e-05
2308,2017-05-09,1.021510615828447e-05,4.35495276178699e-05
2309,2017-05-10,2.9831555366399698e-05,4.3716929212678224e-05
2310,2017-05-11,2.531701284169685e-05,4.349851224105805e-05
2311,2017-05-12,2.106964348058682e-05,4.411955887917429e-05
2312,2017-05-15,1.4732341696799267e-05,4.398545570438728e-05
2313,2017-05-16,1.6592426618444733e-05,4.366334906080738e-05
2314,2017-05-17,1.0438748176966328e-05,4.4337073632050306e-05
2315,2017-05-18,7.933512097224593e-05,4.390984759083949e-05
2316,2017-05-19,6.74203474773094e-05,4.377362347440794e-05
2317,2017-05-22,4.953777533955872e-05,4.407241431181319e-05
2318,2017-05-23,2.4268731067422777e-05,4.432426794664934e-05
2319,2017-05-24,3.774260403588414e-05,4.3583968363236636e-05
2320,2017-05-25,8.504356810590252e-05,4.4316235289443284e-05
2321,2017-05-26,4.429042019182816e-05,4.417133823153563e-05
2322,2017-05-29,4.417749005369842e-05,4.3882260797545314e-05
2323,2017-05-30,1.2796530427294783e-05,4.432976129464805e-05
2324,2017-05-31,7.37570553610567e-06,4.4113752664998174e-05
2325,2017-06-01,1.06442885225988e-05,4.390013054944575e-05
2326,2017-06-02,2.2748410628992133e-05,4.436731614987366e-05
2327,2017-06-05,7.806675057508983e-06,4.431315028341487e-05
2328,2017-06-06,3.162716893712059e-05,4.4425574742490426e-05
2329,2017-06-07,1.712045013846364e-05,4.439063559402712e-05
2330,2017-06-08,1.1661233656923287e-05,4.462366268853657e-05
2331,2017-06-09,1.916395740408916e-05,4.4486543629318476e-05
2332,2017-06-12,1.4579824892280158e-05,4.449295374797657e-05
2333,2017-06-13,1.4914646271790843e-05,4.40269177488517e-05
2334,2017-06-14,1.384595816489309e-05,4.451136919669807e-05
2335,2017-06-15,1.4030683814780787e-05,4.428395550348796e-05
2336,2017-06-16,1.241309382749023e-05,4.404728679219261e-05
2337,2017-06-19,2.820215013343841e-05,4.408401946420781e-05
2338,2017-06-20,5.669833171850769e-06,4.3879117583855987e-05
2339,2017-06-21,8.3988797996426e-06,4.393975541461259e-05
2340,2017-06-22,3.096389991696924e-05,4.4237989641260356e-05
2341,2017-06-23,2.674705501704011e-05,4.4068128772778437e-05
2342,2017-06-27,7.875594747019932e-05,4.5696651795879006e-05
2343,2017-06-28,1.021156094793696e-05,4.46453268523328e-05
2344,2017-06-29,4.209982216707431e-05,4.407241431181319e-05
2345,2017-06-30,3.6050980270374566e-05,4.453714791452512e-05
2346,2017-07-03,7.711395301157609e-05,4.457997783902101e-05
2347,2017-07-04,2.1859996195416898e-05,4.430537956068292e-05
2348,2017-07-05,5.322527158568846e-06,4.4409014662960544e-05
2349,2017-07-06,1.6366480849683285e-05,4.4374177377903834e-05
2350,2017-07-07,6.611300250369823e-06,4.414017894305289e-05
2351,2017-07-10,0.00010861316695809364,4.410605106386356e-05
2352,2017-07-11,1.850002445280552e-05,4.471836655284278e-05
2353,2017-07-12,9.87342900771182e-06,4.41709635197185e-05
2354,2017-07-13,2.29493834922323e-05,4.456672104424797e-05
2355,2017-07-14,2.606822454254143e-05,4.41314659838099e-05
2356,2017-07-17,8.633087418274954e-06,4.4403721403796226e-05
2357,2017-07-18,0.00010178567026741803,4.430744593264535e-05
2358,2017-07-19,1.8406262825010344e-05,4.427204839885235e-05
2359,2017-07-20,1.6514064554939978e-05,4.43080352852121e-05
2360,2017-07-21,4.173910565441474e-05,4.449006519280374e-05
2361,2017-07-24,1.780841193976812e-05,4.403380080475472e-05
2362,2017-07-25,3.32866475218907e-05,4.3295636714901775e-05
2363,2017-07-26,1.6205962310777977e-05,4.372335024527274e-05
2364,2017-07-27,6.147011299617589e-05,4.355289274826646e-05
2365,2017-07-28,3.325393481645733e-05,4.3776257371064276e-05
2366,2017-07-31,2.00326758204028e-05,4.3153420847374946e-05
2367,2017-08-01,1.992584475374315e-05,4.3296211515553296e-05
2368,2017-08-02,2.967984983115457e-05,4.385849751997739e-05
2369,2017-08-03,2.373468851146754e-05,4.379425445222296e-05
2370,2017-08-04,2.5783081582630984e-05,4.406922380439937e-05
2371,2017-08-07,6.4170349105552305e-06,4.356838690000586e-05
2372,2017-08-08,6.44359752186574e-05,4.3816522520501167e-05
2373,2017-08-09,2.317804319318384e-05,4.411450936459005e-05
2374,2017-08-10,6.127222877694294e-05,4.3576863390626386e-05
2375,2017-08-11,0.00015241997607517987,4.3812509829876944e-05
2376,2017-08-14,3.8025602407287806e-05,4.4097301724832505e-05
2377,2017-08-16,7.575647759949788e-05,4.341061503509991e-05
2378,2017-08-17,3.87058753403835e-05,4.4007862015860155e-05
2379,2017-08-18,4.8080008127726614e-05,4.3551895942073315e-05
2380,2017-08-21,8.011527825146914e-05,4.400618126965128e-05
2381,2017-08-22,5.944538861513138e-05,4.368442387203686e-05
2382,2017-08-23,3.266951171099208e-05,4.347172216512263e-05
2383,2017-08-24,1.234770843439037e-05,4.3883472244488075e-05
2384,2017-08-28,3.2650546927470714e-05,4.390842514112592e-05
2385,2017-08-29,4.501205694396049e-05,4.3961717892671004e-05
2386,2017-08-30,5.4271866247290745e-05,4.360529419500381e-05
2387,2017-08-31,2.6157978936680593e-05,4.359278318588622e-05
2388,2017-09-01,2.33470018429216e-05,4.404270657687448e-05
2389,2017-09-04,6.350992771331221e-05,4.3924464989686385e-05
2390,2017-09-05,1.8671689758775756e-05,4.385770080261864e-05
2391,2017-09-06,3.6567154893418774e-05,4.408901804708876e-05
2392,2017-09-07,1.6651363694109023e-05,4.434688889887184e-05
2393,2017-09-08,1.7788925106287934e-05,4.457691466086544e-05
2394,2017-09-11,2.6991641789209098e-05,4.454921145224944e-05
2395,2017-09-12,4.345136767369695e-05,4.4403674110071734e-05
2396,2017-09-13,1.66121080837911e-05,4.4385007640812546e-05
2397,2017-09-14,1.802123551897239e-05,4.5142867747927085e-05
2398,2017-09-15,2.2840953533886932e-05,4.4864627852803096e-05
2399,2017-09-18,2.8430065867723897e-05,4.548543438431807e-05
2400,2017-09-19,1.331340718024876e-05,4.5569537178380415e-05
2401,2017-09-20,6.158232281450182e-06,4.541252928902395e-05
2402,2017-09-21,3.884991383529268e-05,4.6336703235283494e-05
2403,2017-09-22,7.596338400617242e-05,4.5646604121429846e-05
2404,2017-09-25,8.212723332690075e-05,4.572699617710896e-05
2405,2017-09-26,2.7087568014394492e-05,4.581407847581431e-05
2406,2017-09-27,0.00017589516937732697,4.536011329037137e-05
2407,2017-09-28,3.8961228710832074e-05,4.577730214805342e-05
2408,2017-09-29,4.5085689635016024e-05,4.5398413931252435e-05
2409,2017-10-03,0.0001297253038501367,4.494205131777562e-05
2410,2017-10-04,3.269684748374857e-05,4.5172324462328106e-05
2411,2017-10-05,1.5919267752906308e-05,4.579197775456123e-05
2412,2017-10-06,2.7429538022261113e-05,4.538040593615733e-05
2413,2017-10-09,1.122186949942261e-05,4.538983921520412e-05
2414,2017-10-10,9.632889486965723e-06,4.49907238362357e-05
2415,2017-10-11,4.78383299196139e-05,4.5379802031675354e-05
2416,2017-10-12,6.303510599536821e-05,4.542872920865193e-05
2417,2017-10-13,2.5353179808007553e-05,4.561975583783351e-05
2418,2017-10-16,3.1311032216763124e-05,4.532521415967494e-05
2419,2017-10-17,4.97480914418702e-06,4.533157334662974e-05
2420,2017-10-18,1.7888311049318872e-05,4.503725722315721e-05
2421,2017-10-19,2.695411239983514e-05,4.5323184167500585e-05
2422,2017-10-23,4.098398130736314e-05,4.513383100857027e-05
2423,2017-10-24,2.0742354536196217e-05,4.510401049628854e-05
2424,2017-10-25,0.00015704370161984116,4.4171130866743624e-05
2425,2017-10-26,2.2367874407791533e-05,4.5168064389145e-05
2426,2017-10-27,1.2819872608815785e-05,4.448089748620987e-05
2427,2017-10-30,1.4238824405765627e-05,4.422900383360684e-05
2428,2017-10-31,6.224148364708526e-06,4.6775854571023956e-05
2429,2017-11-01,4.280633220332675e-05,4.4510263251140714e-05
2430,2017-11-02,4.990975867258385e-06,4.444714795681648e-05
2431,2017-11-03,3.052274405490607e-05,4.504211028688587e-05
2432,2017-11-06,2.302938446518965e-05,4.447899482329376e-05
2433,2017-11-07,7.130099402274936e-05,4.4484761019703e-05
2434,2017-11-08,3.181357169523835e-05,4.490897845244035e-05
2435,2017-11-09,6.42759696347639e-05,4.456968963495456e-05
2436,2017-11-10,2.8210273740114644e-05,4.481455107452348e-05
2437,2017-11-13,4.437624738784507e-05,4.418048411025666e-05
2438,2017-11-14,1.733719909680076e-05,4.5029784814687446e-05
2439,2017-11-15,2.5035664293682203e-05,4.4574280764209107e-05
2440,2017-11-16,3.9775313780410215e-05,4.46215744887013e-05
2441,2017-11-17,0.00013224266876932234,4.4914027967024595e-05
2442,2017-11-20,8.096327292150818e-06,4.4313743273960426e-05
2443,2017-11-21,1.558223993924912e-05,4.4420285121304914e-05
2444,2017-11-22,1.683916343608871e-05,4.4173444621264935e-05
2445,2017-11-23,1.8333874322706833e-05,4.470578642212786e-05
2446,2017-11-24,8.86905581864994e-06,4.544445619103499e-05
2447,2017-11-27,2.2051985069992952e-05,4.4764834456145763e-05
2448,2017-11-28,1.0459025361342356e-05,4.4949254515813664e-05
2449,2017-11-29,7.1987765295489226e-06,4.4801006879424676e-05
2450,2017-11-30,5.557912663789466e-05,4.478545452002436e-05
2451,2017-12-01,0.00010077698243549094,4.452491339179687e-05
2452,2017-12-04,5.265549771138467e-05,4.444968726602383e-05
2453,2017-12-05,2.220015630882699e-05,4.3815936805913225e-05
2454,2017-12-06,2.5101624487433583e-05,4.360230377642438e-05
2455,2017-12-07,5.2367446187417954e-05,4.414371505845338e-05
2456,2017-12-08,2.8177335479995236e-05,4.350556991994381e-05
2457,2017-12-11,2.7366517315385863e-05,4.363113112049177e-05
2458,2017-12-12,2.9716160497628152e-05,4.387251101434231e-05
2459,2017-12-13,5.509887705557048e-05,4.442659337655641e-05
2460,2017-12-14,8.30488934298046e-05,4.4001481001032516e-05
2461,2017-12-15,9.192017751047388e-05,4.39039031334687e-05
2462,2017-12-18,0.0005323058576323092,4.3985408410662785e-05
2463,2017-12-19,1.9758039343287237e-05,4.458669718587771e-05
2464,2017-12-20,1.9135395632474683e-05,4.440761767909862e-05
2465,2017-12-21,1.5427585822180845e-05,4.431412526173517e-05
2466,2017-12-22,1.1166901458636858e-05,4.403443745104596e-05
2467,2017-12-26,1.8271386579726823e-05,4.402020203997381e-05
2468,2017-12-27,2.0801584469154477e-05,4.445159720489755e-05
2469,2017-12-28,1.804126804927364e-05,4.399556928547099e-05
2470,2017-12-29,9.56522944761673e-06,4.420526238391176e-05
2471,2018-01-02,5.171116936253384e-05,4.4347518269205466e-05
2472,2018-01-03,3.1764371669851243e-05,4.472535874811001e-05
2473,2018-01-04,2.2965012249187566e-05,4.480570714804344e-05
2474,2018-01-05,1.4316763554234058e-05,4.436300150700845e-05
2475,2018-01-08,1.5130098290683236e-05,4.419510514708236e-05
2476,2018-01-09,1.4203304090187885e-05,4.44926081399899e-05
2477,2018-01-10,1.7375055904267356e-05,4.5232507545733824e-05
2478,2018-01-11,8.562024959246628e-06,4.504593744059093e-05
2479,2018-01-12,5.098296605865471e-05,4.456131864571944e-05
2480,2018-01-15,2.9478160286089405e-05,4.4565527787199244e-05
2481,2018-01-16,2.0088695237063803e-05,4.415103830979206e-05
2482,2018-01-17,5.516301825991832e-05,4.4701097067445517e-05
2483,2018-01-18,9.389543265569955e-05,4.4882130168844014e-05
2484,2018-01-19,3.8920486986171454e-05,5.3018149628769606e-05
2485,2018-01-22,2.6090188839589246e-05,4.480643110582605e-05
2486,2018-01-23,3.496247518341988e-05,4.531475860858336e-05
2487,2018-01-24,1.2699417311523575e-05,4.5344975660555065e-05
2488,2018-01-25,3.086536889895797e-05,4.524199903244153e-05
2489,2018-01-29,2.913003299909178e-05,4.4726428313879296e-05
2490,2018-01-30,2.2248332243179902e-05,4.499595888773911e-05
2491,2018-01-31,2.5084731532842852e-05,4.482301665120758e-05
2492,2018-02-01,0.0001697163243079558,4.539256769930944e-05
2493,2018-02-02,0.00018864373851101846,4.5230004616314545e-05
2494,2018-02-05,0.0002545803436078131,4.52133099315688e-05
2495,2018-02-06,0.0015833994839340448,4.531722152023576e-05
2496,2018-02-07,0.00019340537255629897,4.54477958555799e-05
2497,2018-02-08,9.166018571704626e-05,4.5474243961507455e-05
2498,2018-02-09,0.00025401063612662256,4.4857912143925205e-05
2499,2018-02-12,5.194956611376256e-05,4.4521519157569855e-05
2500,2018-02-14,7.772832759656012e-05,3.142159039271064e-05
2501,2018-02-15,5.2389172196853906e-05,3.336705776746385e-05
2502,2018-02-16,0.00012020627036690712,3.242350430809893e-05
2503,2018-02-19,0.00013711853534914553,3.3414122299291193e-05
2504,2018-02-20,2.3954102289280854e-05,3.502421532175504e-05
2505,2018-02-21,6.480400770669803e-05,3.492058749543503e-05
2506,2018-02-22,2.7270330974715762e-05,3.555673538357951e-05
2507,2018-02-23,3.836765245068818e-05,3.357770765433088e-05
2508,2018-02-26,2.7412410418037325e-05,3.387118340469897e-05
2509,2018-02-27,3.604351877584122e-05,3.3514268579892814e-05
2510,2018-02-28,5.5636348406551406e-05,3.5109289456158876e-05
2511,2018-03-01,2.3497130314353853e-05,3.3622283808654174e-05
2512,2018-03-05,4.607329174177721e-05,3.309997555334121e-05
2513,2018-03-06,0.0001957195345312357,3.276311690569855e-05
2514,2018-03-07,3.606748578022234e-05,4.123096005059779e-05
2515,2018-03-08,9.154347935691476e-05,4.249055200489238e-05
2516,2018-03-09,3.0892730137566105e-05,3.587055471143685e-05
2517,2018-03-12,0.00011315705341985449,4.772759348270483e-05
2518,2018-03-13,4.5168235374148935e-05,3.863358870148659e-05
2519,2018-03-14,3.9102040318539366e-05,3.724878479260951e-05
2520,2018-03-15,1.7136851965915412e-05,3.55055344698485e-05
2521,2018-03-16,9.122024493990466e-05,3.0206179872038774e-05
2522,2018-03-19,7.701231515966356e-05,4.026628448627889e-05
2523,2018-03-20,5.7868706790031865e-05,3.657057459349744e-05
2524,2018-03-21,6.226449477253482e-05,4.7596233343938366e-05
2525,2018-03-22,3.8342157495208085e-05,4.808367521036416e-05
2526,2018-03-23,0.00023086636792868376,3.4429162042215466e-05
2527,2018-03-26,0.00011558613914530724,3.2204672606894746e-05
2528,2018-03-27,4.8663878260413185e-05,2.776714063656982e-05
2529,2018-03-28,2.8168147764517926e-05,3.0118473659968004e-05
2530,2018-04-02,4.235412779962644e-05,2.7936470360145904e-05
2531,2018-04-03,2.8888020096928813e-05,4.248751065460965e-05
2532,2018-04-04,0.00010102757369168103,4.489604179980233e-05
2533,2018-04-05,0.00013161169772502035,3.9436734368791804e-05
2534,2018-04-06,1.1600837751757354e-05,5.314288137014955e-05
2535,2018-04-09,1.547682040836662e-05,5.8639136113924906e-05
2536,2018-04-10,1.6393896657973528e-05,4.594187703332864e-05
2537,2018-04-11,3.3869247999973595e-05,4.524100586422719e-05
2538,2018-04-12,1.7551974451635033e-05,4.113038448849693e-05
2539,2018-04-13,2.6384213924757205e-05,4.452987923286855e-05
2540,2018-04-16,0.00012625603994820267,4.7974568587960675e-05
2541,2018-04-17,2.7473470254335552e-05,4.017074388684705e-05
2542,2018-04-18,2.9589893529191613e-05,3.861119694192894e-05
2543,2018-04-19,1.4944375834602397e-05,4.726940824184567e-05
2544,2018-04-20,9.785724614630453e-06,4.7706162149552256e-05
2545,2018-04-23,5.409091681940481e-05,3.586597085813992e-05
2546,2018-04-24,1.4517125237034634e-05,3.8776182918809354e-05
2547,2018-04-25,2.070831942546647e-05,4.382842962513678e-05
2548,2018-04-26,1.704241913103033e-05,4.195997098577209e-05
2549,2018-04-27,2.6942392651108094e-05,4.818176603293978e-05
2550,2018-04-30,1.1135167369502597e-05,4.03338490286842e-05
2551,2018-05-02,4.539680958259851e-05,3.94547896576114e-05
2552,2018-05-03,1.857702045526821e-05,4.0484024793840945e-05
2553,2018-05-04,3.3617918234085664e-05,3.8151283661136404e-05
2554,2018-05-07,3.4700784453889355e-05,4.750141306431033e-05
2555,2018-05-08,3.1674466299591586e-05,3.61985330528114e-05
2556,2018-05-09,2.3418115233653225e-05,3.5556902730604634e-05
2557,2018-05-10,3.1420120649272576e-05,3.716745413839817e-05
2558,2018-05-11,2.821428279276006e-05,3.433623714954592e-05
2559,2018-05-14,1.1279239515715744e-05,3.465107874944806e-05
2560,2018-05-15,8.723168866708875e-05,3.5174674849258736e-05
2561,2018-05-16,4.501574585447088e-05,3.463336906861514e-05
2562,2018-05-17,4.83283911307808e-05,3.738979285117239e-05
2563,2018-05-18,2.310516902070958e-05,3.4220287489006296e-05
2564,2018-05-21,4.438868927536532e-05,3.521673352224752e-05
2565,2018-05-22,1.3964937352284323e-05,3.223100065952167e-05
2566,2018-05-23,4.3236344936303794e-05,3.438201383687556e-05
2567,2018-05-24,5.285261431708932e-05,3.5434026358416304e-05
2568,2018-05-25,3.629145066952333e-05,3.212556111975573e-05
2569,2018-05-28,3.10657087538857e-05,3.3348384022247046e-05
2570,2018-05-29,3.0276201869128272e-05,3.424529131734744e-05
2571,2018-05-30,5.077461901237257e-05,3.4089633118128404e-05
2572,2018-05-31,8.863444963935763e-05,3.352219573571347e-05
2573,2018-06-01,2.0470124582061544e-05,3.590316919144243e-05
2574,2018-06-04,0.00011062235716963187,3.389322228031233e-05
2575,2018-06-05,2.474727079970762e-05,3.414446109673008e-05
2576,2018-06-06,3.734179335879162e-05,3.379526606295258e-05
2577,2018-06-07,4.562680624076165e-05,3.3530668588355184e-05
2578,2018-06-08,2.378075078013353e-05,3.368123361724429e-05
2579,2018-06-11,2.6726351279648952e-05,3.38812023983337e-05
2580,2018-06-12,2.0557788957376033e-05,3.463571920292452e-05
2581,2018-06-13,2.4315806513186544e-05,3.3864918805193156e-05
2582,2018-06-14,1.831767258408945e-05,3.74243245460093e-05
2583,2018-06-15,2.1395586372818798e-05,3.395870953681879e-05
2584,2018-06-18,7.041532626317348e-06,3.4005082852672786e-05
2585,2018-06-19,2.3973709176061675e-05,3.256335185142234e-05
2586,2018-06-20,1.4735517652297858e-05,3.461798405623995e-05
2587,2018-06-21,3.227634078939445e-05,3.331293919472955e-05
2588,2018-06-22,4.6945675421739e-05,3.7188514397712424e-05
2589,2018-06-25,1.7566477254149504e-05,3.5853114241035655e-05
2590,2018-06-26,2.0376846805447713e-05,3.4845801565097645e-05
2591,2018-06-27,5.536366006708704e-05,3.3840933610918e-05
2592,2018-06-28,4.21546574216336e-05,3.551739064278081e-05
2593,2018-06-29,4.165627251495607e-05,3.455109617789276e-05
2594,2018-07-02,6.042402674211189e-05,3.7194578908383846e-05
2595,2018-07-03,2.3016475097392686e-05,3.5797525924863294e-05
2596,2018-07-04,3.3188418456120417e-05,4.057760816067457e-05
2597,2018-07-05,1.4139338418317493e-05,3.694844781421125e-05
2598,2018-07-06,2.2507561880047433e-05,3.5505265259416774e-05
2599,2018-07-09,4.647385503631085e-05,3.4960306948050857e-05
2600,2018-07-10,3.9757753256708384e-05,3.397953696548939e-05
2601,2018-07-11,8.697744306118693e-06,3.436922634136863e-05
2602,2018-07-12,5.148407581145875e-05,3.3584081393200904e-05
2603,2018-07-13,2.339010279683862e-05,3.4276530641363934e-05
2604,2018-07-16,2.467134800099302e-05,3.4185450203949586e-05
2605,2018-07-17,2.4149439923348837e-05,3.4437933209119365e-05
2606,2018-07-18,6.214300083229318e-05,3.2350853871321306e-05
2607,2018-07-19,1.758825237629935e-05,3.527996159391478e-05
2608,2018-07-20,1.9848690499202348e-05,3.3434458600822836e-05
2609,2018-07-23,1.947811324498616e-05,3.627936894190498e-05
2610,2018-07-24,1.1891990652657114e-05,3.8638343539787456e-05
2611,2018-07-25,7.020719294814626e-06,3.6833716876572e-05
2612,2018-07-26,1.0031217243522406e-05,3.610465137171559e-05
2613,2018-07-27,4.90743295813445e-05,3.916758214472793e-05
2614,2018-07-30,1.6007674275897443e-05,3.9393202314386144e-05
2615,2018-07-31,2.8566852051881142e-05,3.6534253013087437e-05
2616,2018-08-01,1.5292016541934572e-05,3.7331465136958286e-05
2617,2018-08-02,2.601800770207774e-05,3.4351109206909314e-05
2618,2018-08-03,3.6408757296158e-05,3.5542903788154945e-05
2619,2018-08-06,2.130390021193307e-05,3.408232078072615e-05
2620,2018-08-07,2.373432471358683e-05,3.461342930677347e-05
2621,2018-08-08,2.2034620997146703e-05,3.244292747694999e-05
2622,2018-08-09,1.902610711113084e-05,3.3313448511762545e-05
2623,2018-08-10,9.180755114357453e-06,3.2558102248003706e-05
2624,2018-08-13,3.9882277633296326e-05,3.2928695873124525e-05
2625,2018-08-14,2.2426334908232093e-05,3.27509333146736e-05
2626,2018-08-16,3.167558315908536e-05,3.34814285452012e-05
2627,2018-08-17,2.870552816602867e-05,3.2779964385554194e-05
2628,2018-08-20,1.8632004866958596e-05,3.65516752935946e-05
2629,2018-08-21,1.0499690688448027e-05,3.442365050432272e-05
2630,2018-08-23,3.522509723552503e-05,3.708782242028974e-05
2631,2018-08-24,1.5354284187196754e-05,3.613555236370303e-05
2632,2018-08-27,4.5263142965268344e-05,3.303167250123806e-05
2633,2018-08-28,1.758649159455672e-05,3.2495008781552315e-05
2634,2018-08-29,1.3853459677193314e-05,3.1478277378482744e-05
2635,2018-08-30,1.1201650522707496e-05,3.16736513923388e-05
2636,2018-08-31,1.884311313915532e-05,3.2486426789546385e-05
2637,2018-09-03,0.00012223835801705718,3.4508582757553086e-05
2638,2018-09-04,3.1067305826582015e-05,3.536880103638396e-05
2639,2018-09-05,6.367026799125597e-05,3.581951750675216e-05
2640,2018-09-06,5.727568350266665e-05,3.358594040037133e-05
2641,2018-09-07,4.728424391942099e-05,3.391553400433622e-05
2642,2018-09-10,5.710541154257953e-05,3.3658147003734484e-05
2643,2018-09-11,0.00012209342094138265,3.34152027789969e-05
2644,2018-09-12,8.180533768609166e-05,3.166235546814278e-05
2645,2018-09-14,6.361413397826254e-05,3.305637801531702e-05
2646,2018-09-17,4.435335722519085e-05,3.299404852441512e-05
2647,2018-09-18,5.4041724069975317e-05,3.323066630400717e-05
2648,2018-09-19,5.749991032644175e-05,3.445675611146726e-05
2649,2018-09-21,0.0007420447655022144,3.2256310078082606e-05
2650,2018-09-24,0.0001462746295146644,3.306649887235835e-05
2651,2018-09-25,0.0001230365742230788,3.247214408474974e-05
2652,2018-09-26,0.00012278994836378843,3.295046553830616e-05
2653,2018-09-27,5.72920216654893e-05,3.275749259046279e-05
2654,2018-09-28,0.00010959059000015259,3.292313704150729e-05
2655,2018-10-01,0.00014608628407586366,3.2412463042419404e-05
2656,2018-10-03,6.537420995300636e-05,3.4026397770503536e-05
2657,2018-10-04,0.0002271176635986194,3.3535881811985746e-05
2658,2018-10-05,0.00030825290014036,3.5107415897073224e-05
2659,2018-10-08,0.00013698900875169784,3.765200744965114e-05
2660,2018-10-09,6.11723298789002e-05,3.39163416356314e-05
2661,2018-10-10,9.280948870582506e-05,3.68108885595575e-05
2662,2018-10-11,0.0009303693077526987,3.538138116709888e-05
2663,2018-10-12,0.00017932507034856826,3.533525159582496e-05
2664,2018-10-15,9.52036862145178e-05,3.690428638947196e-05
2665,2018-10-16,3.169002593494952e-05,3.847409243462607e-05
2666,2018-10-17,0.00032168772304430604,3.5155087971361354e-05
2667,2018-10-19,0.00017242037574760616,3.3325395634165034e-05
2668,2018-10-22,0.00020672890241257846,3.532295522745699e-05
2669,2018-10-23,0.00013030559057369828,3.605575693654828e-05
2670,2018-10-24,0.00027421602862887084,3.4374999813735485e-05
2671,2018-10-25,0.00010284905147273093,4.529548459686339e-05
2672,2018-10-26,5.240746759227477e-05,4.037160033476539e-05
2673,2018-10-29,0.00023782849893905222,4.002271452918649e-05
2674,2018-10-30,4.097358396393247e-05,4.013249053969048e-05
2675,2018-10-31,0.0002989836211781949,3.734945130418055e-05
2676,2018-11-01,6.341986590996385e-05,4.241204806021415e-05
2677,2018-11-02,0.00013586475688498467,4.472173532121815e-05
2678,2018-11-05,2.696303272387013e-05,4.517684646998532e-05
2679,2018-11-06,4.249241465004161e-05,9.623124788049608e-05
2680,2018-11-07,6.7841712734662e-05,0.0002716690069064498
2681,2018-11-09,2.261427835037466e-05,0.00011248224473092705
2682,2018-11-12,0.00010458711767569184,0.00024785002460703254
2683,2018-11-13,8.224833436543122e-05,8.140143472701311e-05
2684,2018-11-14,6.845163443358615e-05,0.0003970294783357531
2685,2018-11-15,2.36623891396448e-05,0.00013973285967949778
2686,2018-11-16,1.861140481196344e-05,0.00020394880266394466
2687,2018-11-19,4.502291267272085e-05,9.481479355599731e-05
2688,2018-11-20,3.4805849281838164e-05,7.4848547228612e-05
2689,2018-11-21,4.122290192754008e-05,7.872351125115529e-05
2690,2018-11-22,5.623680408461951e-05,7.946960249682888e-05
2691,2018-11-26,9.501474414719269e-05,8.041327237151563e-05
2692,2018-11-27,2.9955168429296464e-05,7.974656182341278e-05
2693,2018-11-28,1.549207627249416e-05,8.205630729207769e-05
2694,2018-11-29,8.37264524307102e-05,8.029548189369962e-05
2695,2018-11-30,3.109419412794523e-05,8.317690662806854e-05
2696,2018-12-03,5.240381869953126e-05,0.00010641726112226024
2697,2018-12-04,1.105708179238718e-05,0.00014408804418053478
2698,2018-12-05,3.909890801878646e-05,0.00014129304327070713
2699,2018-12-06,9.019395656650886e-05,9.065635822480544e-05
2700,2018-12-07,5.279926335788332e-05,8.078884275164455e-05
2701,2018-12-10,0.0003295670903753489,7.522201485699043e-05
2702,2018-12-11,0.00034456214052625,4.2106366890948266e-05
2703,2018-12-12,0.00012476656411308795,4.692155562224798e-05
2704,2018-12-13,6.91985769663006e-05,4.878902109339833e-05
2705,2018-12-14,1.3356301678868476e-05,4.5417204091791064e-05
2706,2018-12-17,2.8181824745843187e-05,4.930047725792974e-05
2707,2018-12-18,3.984444629168138e-05,4.7599412937415764e-05
2708,2018-12-19,1.373532631987473e-05,4.125829946133308e-05
2709,2018-12-20,7.575070776510984e-05,3.8707647036062554e-05
2710,2018-12-21,0.0001454692828701809,3.9829403249314055e-05
2711,2018-12-24,5.8796773373615e-05,4.0576291212346405e-05
2712,2018-12-26,0.00016042527568060905,4.536586857284419e-05
2713,2018-12-27,8.068519673543051e-05,4.601014734362252e-05
2714,2018-12-28,3.350340193719603e-05,4.731126318802126e-05
2715,2018-12-31,3.796486998908222e-05,4.75533124699723e-05
2716,2019-01-02,7.611066394019872e-05,4.1332335968036205e-05
2717,2019-01-03,6.843792652944103e-05,3.815859599853866e-05
2718,2019-01-04,5.2757539378944784e-05,3.882010423694737e-05
2719,2019-01-07,7.301309233298525e-05,3.724793350556865e-05
2720,2019-01-08,2.6303971026209183e-05,3.725546775967814e-05
2721,2019-01-09,9.933747787727043e-05,3.8341644540196285e-05
2722,2019-01-10,1.0695124728954397e-05,3.56121854565572e-05
2723,2019-01-11,4.095948315807618e-05,3.6868295865133405e-05
2724,2019-01-14,4.5483051508199424e-05,4.266144969733432e-05
2725,2019-01-15,5.515392331290059e-05,4.053737939102575e-05
2726,2019-01-16,9.319694072473794e-06,3.800262129516341e-05
2727,2019-01-17,3.5656874388223514e-05,3.520051541272551e-05
2728,2019-01-18,2.164983015973121e-05,3.3614713174756616e-05
2729,2019-01-21,3.0163402698235586e-05,3.485933120828122e-05
2730,2019-01-22,3.116995867458172e-05,3.2513886253582314e-05
2731,2019-01-23,5.073081410955638e-05,3.2215146347880363e-05
2732,2019-01-24,1.664220508246217e-05,3.9155253034550697e-05
2733,2019-01-25,9.38566736294888e-05,3.547690357663669e-05
2734,2019-01-28,9.021451842272654e-05,4.055973113281652e-05
2735,2019-01-29,3.676135384012014e-05,3.3741031074896455e-05
2736,2019-01-30,5.252585106063634e-05,3.427910996833816e-05
2737,2019-01-31,8.749854896450415e-05,3.506769280647859e-05
2738,2019-02-01,9.131240949500352e-05,4.0376686229137704e-05
2739,2019-02-04,4.486039324547164e-05,3.820943311438896e-05
2740,2019-02-05,1.372050610370934e-05,3.434377140365541e-05
2741,2019-02-06,4.166342114331201e-05,3.34491633111611e-05
2742,2019-02-07,1.670931487751659e-05,3.573455978767015e-05
2743,2019-02-08,5.4447969887405634e-05,3.800454214797355e-05
2744,2019-02-11,1.944696850841865e-05,3.229706271667965e-05
2745,2019-02-12,2.363787280046381e-05,3.59256737283431e-05
2746,2019-02-14,3.4535314625827596e-05,3.560980985639617e-05
2747,2019-02-15,0.00011727196397259831,3.3330608857795596e-05
2748,2019-02-18,5.270614201435819e-05,3.1881154427537695e-05
2749,2019-02-19,6.808197213103995e-05,3.3974647521972656e-05
2750,2019-02-20,5.643053009407595e-05,3.9939481212059036e-05
2751,2019-02-21,2.2595675545744598e-05,4.1315786802442744e-05
2752,2019-02-22,6.3253369262383785e-06,4.23810379288625e-05
2753,2019-02-25,3.2885764085222036e-05,4.413331771502271e-05
2754,2019-02-26,0.00016594002954661846,4.11275977967307e-05
2755,2019-02-27,0.00011805047688540071,4.4281336158746853e-05
2756,2019-02-28,4.8726109525887296e-05,4.4328069634502754e-05
2757,2019-03-01,3.002326593559701e-05,4.3188909330638126e-05
2758,2019-03-05,9.369372855871916e-05,4.3229789298493415e-05
2759,2019-03-06,2.329335802642163e-05,4.6055447455728427e-05
2760,2019-03-07,1.6560115909669548e-05,4.716125113191083e-05
2761,2019-03-08,8.143462764564902e-06,4.5086762838764116e-05
2762,2019-03-11,4.9046164349419996e-05,4.118631477467716e-05
2763,2019-03-12,5.554601375479251e-05,4.2595507693476975e-05
2764,2019-03-13,2.361236693104729e-05,4.1198851249646395e-05
2765,2019-03-14,2.7558280635275878e-05,4.255949170328677e-05
2766,2019-03-15,5.0400201871525496e-05,4.174909554421902e-05
2767,2019-03-18,5.167049675947055e-05,4.17926385125611e-05
2768,2019-03-19,3.6049605114385486e-05,4.092258677701466e-05
2769,2019-03-20,1.092164711735677e-05,4.486937541514635e-05
2770,2019-03-22,5.4265037761069834e-05,4.7088895371416584e-05
2771,2019-03-25,5.1626513595692813e-05,4.8434463678859174e-05
2772,2019-03-26,5.716490704799071e-05,4.761893433169462e-05
2773,2019-03-27,6.330922042252496e-05,4.6078515879344195e-05
2774,2019-03-28,4.964011532138102e-05,3.816198295680806e-05
2775,2019-04-01,9.383653377881274e-05,3.9010974433040246e-05
2776,2019-04-02,2.99856073979754e-05,4.1267387132393196e-05
2777,2019-04-03,4.638494283426553e-05,4.3675510823959485e-05
2778,2019-04-04,3.1650524761062115e-05,4.098296631127596e-05
2779,2019-04-05,2.7837642846861854e-05,3.9635739085497335e-05
2780,2019-04-08,8.097504178294912e-05,4.362443360150792e-05
2781,2019-04-09,3.4808137570507824e-05,3.968426608480513e-05
2782,2019-04-10,3.4586500987643376e-05,3.841733996523544e-05
2783,2019-04-11,1.0796692549774889e-05,3.489415757940151e-05
2784,2019-04-12,1.8093596736434847e-05,3.656370608950965e-05
2785,2019-04-15,1.1858378456963692e-05,3.622204894782044e-05
2786,2019-04-16,3.139190812362358e-05,3.649667269201018e-05
2787,2019-04-18,6.814368680352345e-05,3.627221303759143e-05
2788,2019-04-22,5.6118769862223417e-05,3.821077916654758e-05
2789,2019-04-23,1.993793193832971e-05,3.867318082484417e-05
2790,2019-04-24,6.987005326664075e-05,3.8126439903862774e-05
2791,2019-04-25,7.73529609432444e-05,3.527071385178715e-05
2792,2019-04-26,3.837910480797291e-05,3.623950033215806e-05
2793,2019-04-30,4.182537304586731e-05,3.4371685615042225e-05
2794,2019-05-02,2.650959140737541e-05,3.654386819107458e-05
2795,2019-05-03,1.5298770449589938e-05,3.672837920021266e-05
2796,2019-05-06,9.255006443709135e-05,4.006835297332145e-05
2797,2019-05-07,9.633519221097231e-05,3.917445064871572e-05
2798,2019-05-08,4.8502737627131864e-05,3.8059053622419015e-05
2799,2019-05-09,3.821213249466382e-05,3.975172512582503e-05
2800,2019-05-10,2.4532520910724998e-05,3.8086611311882734e-05
2801,2019-05-13,8.510238694725558e-05,3.6576398997567594e-05
2802,2019-05-14,9.40921891015023e-05,3.995468432549387e-05
2803,2019-05-15,7.955438195494935e-05,3.85724451916758e-05
2804,2019-05-16,5.540660276892595e-05,3.985440343967639e-05
2805,2019-05-17,7.34841960365884e-05,3.975582148996182e-05
2806,2019-05-20,0.0006119996542111039,3.996802115580067e-05
2807,2019-05-21,0.00010654845391400158,3.7320896808523685e-05
2808,2019-05-22,2.773130836430937e-05,3.8000336644472554e-05
2809,2019-05-23,0.0006461563752964139,3.933722837246023e-05
2810,2019-05-24,0.00017102279525715858,4.014332080259919e-05
2811,2019-05-27,5.050244362792e-05,3.806475069723092e-05
2812,2019-05-28,3.782198473345488e-05,4.2034465877804905e-05
2813,2019-05-29,2.498824687791057e-05,4.526793782133609e-05
2814,2019-05-30,2.892567681556102e-05,4.3104275391669944e-05
2815,2019-05-31,0.0001295852125622332,4.327961869421415e-05
2816,2019-06-03,8.540402632206678e-05,4.1718052671058103e-05
2817,2019-06-04,2.8664497222052887e-05,3.94836206396576e-05
2818,2019-06-06,0.00010713392839534208,3.799406476900913e-05
2819,2019-06-07,5.3138774092076346e-05,4.219391121296212e-05
2820,2019-06-10,5.419929584604688e-05,4.2023606511065736e-05
2821,2019-06-11,3.1981890060706064e-05,4.196661393507384e-05
2822,2019-06-12,2.5470477339695208e-05,4.1152394260279834e-05
2823,2019-06-13,4.177091977908276e-05,4.409608300193213e-05
2824,2019-06-14,3.2589512557024136e-05,4.4536591303767636e-05
2825,2019-06-17,8.864527626428753e-05,4.31151274824515e-05
2826,2019-06-18,1.8090424418915063e-05,4.335050471127033e-05
2827,2019-06-19,9.65053986874409e-05,4.6833709347993135e-05
2828,2019-06-20,0.00011696201545419171,5.2209419663995504e-05
2829,2019-06-21,3.770551484194584e-05,5.614350448013283e-05
2830,2019-06-24,1.6969552234513685e-05,5.246657383395359e-05
2831,2019-06-25,6.788565224269405e-05,6.610926357097924e-05
2832,2019-06-26,3.754228964680806e-05,5.826587221235968e-05
2833,2019-06-27,2.237297303508967e-05,5.8389807236380875e-05
2834,2019-06-28,2.4974737243610434e-05,5.457366933114827e-05
2835,2019-07-01,2.575504004198592e-05,5.2358653192641214e-05
2836,2019-07-02,4.011446435470134e-05,5.1484370487742126e-05
2837,2019-07-03,1.1883930710610002e-05,5.4312822612700984e-05
2838,2019-07-04,6.545621999975992e-06,5.593672540271655e-05
2839,2019-07-05,8.287057426059619e-05,5.652995969285257e-05
2840,2019-07-08,0.0001684185554040596,5.96403879171703e-05
2841,2019-07-09,4.710115899797529e-05,5.788200724055059e-05
2842,2019-07-10,4.047217589686625e-05,5.715334918932058e-05
2843,2019-07-11,4.67382233182434e-05,5.670338578056544e-05
2844,2019-07-12,2.915137702075299e-05,5.600991426035762e-05
2845,2019-07-15,5.397435597842559e-05,5.5560369219165295e-05
2846,2019-07-16,2.397316347924061e-05,5.429220982478e-05
2847,2019-07-17,7.961672963574529e-06,5.6496057368349284e-05
2848,2019-07-18,2.3812497602193616e-05,5.252439950709231e-05
2849,2019-07-19,0.00015508326760027558,5.534951196750626e-05
2850,2019-07-22,3.3633154089329764e-05,5.6071323342621326e-05
2851,2019-07-23,2.8695294531644322e-05,5.349923958419822e-05
2852,2019-07-24,4.451816494110972e-05,5.0597944209584966e-05
2853,2019-07-25,5.016470458940603e-05,5.23404851264786e-05
2854,2019-07-26,2.5585632101865485e-05,5.0209404435008764e-05
2855,2019-07-29,7.403447671094909e-05,4.8538360715610906e-05
2856,2019-07-30,0.00011082847777288407,4.798774898517877e-05
2857,2019-07-31,7.959049980854616e-05,4.453867222764529e-05
2858,2019-08-01,0.0001514808100182563,4.638866084860638e-05
2859,2019-08-02,0.00016769349167589098,4.154249108978547e-05
2860,2019-08-05,0.00014017931243870407,3.598554394557141e-05
2861,2019-08-06,0.00014945780276320875,3.836040559690446e-05
2862,2019-08-07,5.5897326092235744e-05,4.015434751636349e-05
2863,2019-08-08,0.0001476467150496319,3.944128184230067e-05
2864,2019-08-09,6.848421617178246e-05,3.9770075090928e-05
2865,2019-08-13,0.00017386881518177688,3.877352355630137e-05
2866,2019-08-14,0.00010625946015352383,3.941481190850027e-05
2867,2019-08-16,8.514906949130818e-05,3.864674727083184e-05
2868,2019-08-19,5.350057108444162e-05,3.9256879972526804e-05
2869,2019-08-20,2.4480892534484155e-05,3.634017411968671e-05
2870,2019-08-21,4.5484175643650815e-05,3.673913670354523e-05
2871,2019-08-22,0.00010680228297132999,3.9401580579578876e-05
2872,2019-08-23,0.00016428604430984706,3.695517443702556e-05
2873,2019-08-26,0.0006678412901237607,3.753083728952333e-05
2874,2019-08-27,4.3285766878398135e-05,3.910230225301348e-05
2875,2019-08-28,5.729846452595666e-05,3.896285852533765e-05
2876,2019-08-29,4.752071981783956e-05,3.8167698221514e-05
2877,2019-08-30,0.00011476147483335808,3.9163060137070715e-05
2878,2019-09-03,0.00014135288074612617,4.005891605629586e-05
2879,2019-09-04,3.903341348632239e-05,3.9092683437047526e-05
2880,2019-09-05,3.4587228583404794e-05,4.133036418352276e-05
2881,2019-09-06,3.357777313794941e-05,4.43147546320688e-05
2882,2019-09-09,5.55066108063329e-05,4.852619531447999e-05
2883,2019-09-11,1.0402474799775518e-05,5.171393058844842e-05
2884,2019-09-12,4.178355084150098e-05,5.1268641982460395e-05
2885,2019-09-13,5.602332385024056e-05,5.3070863941684365e-05
2886,2019-09-16,7.4753028457053e-05,5.010742097510956e-05
2887,2019-09-17,0.00011933190398849547,5.3738345741294324e-05
2888,2019-09-18,4.564438495435752e-05,4.9439273425377905e-05
2889,2019-09-19,9.260392107535154e-05,5.0634385843295604e-05
2890,2019-09-20,0.0013384987832978368,5.145330214872956e-05
2891,2019-09-23,0.0006782967830076814,5.944289296166971e-05
2892,2019-09-24,3.41599625244271e-05,6.065115303499624e-05
2893,2019-09-25,6.207778642419726e-05,6.211894651642069e-05
2894,2019-09-26,6.243181269383058e-05,6.62006059428677e-05
2895,2019-09-27,2.5076431484194472e-05,7.716596883255988e-05
2896,2019-09-30,4.937642006552778e-05,6.525430944748223e-05
2897,2019-10-01,0.00026688873185776174,6.743262929376215e-05
2898,2019-10-03,4.4174543290864676e-05,6.670557922916487e-05
2899,2019-10-04,0.0001985233393497765,6.919579755049199e-05
2900,2019-10-07,4.4382042688084766e-05,7.274327799677849e-05
2901,2019-10-09,0.00015647232066839933,6.665146065643057e-05
2902,2019-10-10,2.7801770556834526e-05,6.471143569797277e-05
2903,2019-10-11,8.285966032417491e-05,6.0852482420159504e-05
2904,2019-10-14,5.37527994310949e-05,6.266953278100118e-05
2905,2019-10-15,4.064398672198877e-05,4.7633835492888466e-05
2906,2019-10-16,2.6002380764111876e-05,4.72920473839622e-05
2907,2019-10-17,6.485068297479302e-05,4.8448873712914065e-05
2908,2019-10-18,4.3118372559547424e-05,4.738373536383733e-05
2909,2019-10-22,5.303463331074454e-05,5.092285937280394e-05
2910,2019-10-23,2.3695540221524425e-05,4.758466093335301e-05
2911,2019-10-24,7.865116640459746e-05,4.983349936082959e-05
2912,2019-10-25,0.0001115195409511216,6.570310506504029e-05
2913,2019-10-29,0.00010794885747600347,5.7935081713367254e-05
2914,2019-10-30,9.90811749943532e-05,5.285760198603384e-05
2915,2019-10-31,3.6495352105703205e-05,5.285402585286647e-05
2916,2019-11-01,1.4300741895567626e-05,5.102198338136077e-05
2917,2019-11-04,2.7939318897551857e-05,4.976591662853025e-05
2918,2019-11-05,4.5871478505432606e-05,5.01309368701186e-05
2919,2019-11-06,5.592781963059679e-05,6.257146742427722e-05
2920,2019-11-07,4.35296751675196e-05,5.267443339107558e-05
2921,2019-11-08,5.52251840417739e-05,5.68492578167934e-05
2922,2019-11-11,2.054589094768744e-05,5.174560283194296e-05
2923,2019-11-13,3.723809641087428e-05,5.3225601732265204e-05
2924,2019-11-14,2.5240398827008903e-05,5.000883902539499e-05
2925,2019-11-15,3.451904922258109e-05,5.015685746911913e-05
2926,2019-11-18,1.7643995306571014e-05,5.029034582548775e-05
2927,2019-11-19,2.330191455257591e-05,5.99650084041059e-05
2928,2019-11-20,4.12203480664175e-05,5.6303128076251596e-05
2929,2019-11-21,1.696298386377748e-05,5.6894979934440926e-05
2930,2019-11-22,1.892368345579598e-05,5.769067502114922e-05
2931,2019-11-25,6.437332922359928e-05,5.899307143408805e-05
2932,2019-11-26,4.566742427414283e-05,5.78191684326157e-05
2933,2019-11-27,1.4668930816696957e-05,5.8358858950668946e-05
2934,2019-11-28,1.5860759958741255e-05,5.911562038818374e-05
2935,2019-11-29,4.2120704165427014e-05,5.928675091126934e-05
2936,2019-12-02,7.583946717204526e-05,5.690056786988862e-05
2937,2019-12-03,3.489022856228985e-05,5.51291523152031e-05
2938,2019-12-04,3.841484431177378e-05,5.0853654101956636e-05
2939,2019-12-05,2.1298090359778143e-05,5.012472320231609e-05
2940,2019-12-06,7.325957994908094e-05,5.063670323579572e-05
2941,2019-12-09,2.2710173652740195e-05,5.277651143842377e-05
2942,2019-12-10,2.9451490263454616e-05,4.990435627405532e-05
2943,2019-12-11,2.1393379938672297e-05,5.274309660308063e-05
2944,2019-12-12,2.1278112399159e-05,4.856003579334356e-05
2945,2019-12-13,3.399821071070619e-05,4.927518602926284e-05
2946,2019-12-16,3.1670992029830813e-05,4.827518205274828e-05
2947,2019-12-17,3.446115806582384e-05,4.750685184262693e-05
2948,2019-12-18,1.9850582248182036e-05,4.50547449872829e-05
2949,2019-12-19,1.449551655241521e-05,4.401210026117042e-05
2950,2019-12-20,4.167973656876711e-06,4.392341725178994e-05
2951,2019-12-23,2.0868626961600967e-05,4.148568041273393e-05
2952,2019-12-24,1.5148666534514632e-05,4.131716559641063e-05
2953,2019-12-26,2.4048451450653374e-05,4.507253834162839e-05
2954,2019-12-27,3.730983007699251e-05,4.463889854378067e-05
2955,2019-12-30,1.932122540893033e-05,3.9451893826480955e-05
2956,2019-12-31,2.1682126316591166e-05,3.75401068595238e-05
2957,2020-01-01,1.4877797184453811e-05,3.922361065633595e-05
2958,2020-01-02,2.1967311113257892e-05,3.935445420211181e-05
2959,2020-01-03,1.730518852127716e-05,3.980616384069435e-05
2960,2020-01-06,0.0001185248329420574,4.137177165830508e-05
2961,2020-01-07,0.00010132330498890951,3.909369115717709e-05
2962,2020-01-08,0.00012137908197473735,4.2211180698359385e-05
2963,2020-01-09,0.0001310013612965122,3.942992407246493e-05
2964,2020-01-10,4.137299401918426e-05,3.959070818382315e-05
2965,2020-01-13,1.6526006220374256e-05,3.911028761649504e-05
2966,2020-01-14,9.7876463769353e-06,3.799547994276509e-05
2967,2020-01-15,2.1322295651771128e-05,3.7700156099162996e-05
2968,2020-01-16,1.1713820640579797e-05,3.7620924558723345e-05
2969,2020-01-17,1.519661964266561e-05,3.928537989850156e-05
2970,2020-01-20,0.0001418379251845181,3.7649821024388075e-05
2971,2020-01-21,1.7599259081180207e-05,3.738968734978698e-05
2972,2020-01-22,5.900831820326857e-05,3.1879390007816255e-05
2973,2020-01-23,2.3309516109293327e-05,3.235548501834273e-05
2974,2020-01-24,3.380648558959365e-05,3.2957566872937605e-05
2975,2020-01-27,4.48478567705024e-05,3.341392948641442e-05
2976,2020-01-28,5.053963832324371e-05,3.417563493712805e-05
2977,2020-01-29,3.550438486854546e-05,3.3435924706282094e-05
2978,2020-01-30,4.842328780796379e-05,3.409850978641771e-05
2979,2020-01-31,8.713490387890488e-05,3.228450077585876e-05
2980,2020-02-03,0.0008518919348716736,3.3478427212685347e-05
2981,2020-02-04,0.00014320922491606325,3.23787571687717e-05
2982,2020-02-05,5.7464327255729586e-05,3.590275809983723e-05
2983,2020-02-06,1.9838660591631196e-05,3.530221147229895e-05
2984,2020-02-07,1.7017295249388553e-05,3.411093712202273e-05
2985,2020-02-10,3.296495560789481e-05,3.3981254091486335e-05
2986,2020-02-11,5.939801485510543e-05,3.466265116003342e-05
2987,2020-02-12,3.10388786601834e-05,3.249413930461742e-05
2988,2020-02-13,2.063120700768195e-05,3.235169060644694e-05
2989,2020-02-14,5.8472054661251605e-05,3.1984967790776864e-05
2990,2020-02-17,3.7486766814254224e-05,3.159626430715434e-05
2991,2020-02-18,5.241855978965759e-05,3.091085091000423e-05
2992,2020-02-19,8.940061525208876e-05,3.466198540991172e-05
2993,2020-02-20,1.6262642020592466e-05,3.179670966346748e-05
2994,2020-02-24,0.0001273350208066404,3.685199044412002e-05
2995,2020-02-25,4.237174289301038e-05,3.649831342045218e-05
2996,2020-02-26,7.541904778918251e-05,3.7659367080777884e-05
2997,2020-02-27,6.362408021232113e-05,3.6742181691806763e-05
2998,2020-02-28,0.0005950920167379081,3.7519741454161704e-05
2999,2020-03-02,0.0006941063329577446,3.546671723597683e-05
3000,2020-03-03,0.00015389607870019972,4.1242994484491646e-05
3001,2020-03-04,0.0002871833276003599,4.338735743658617e-05
3002,2020-03-05,8.690783579368144e-05,4.709657878265716e-05
3003,2020-03-06,0.0009966519428417087,4.6876066335244104e-05
3004,2020-03-09,0.00121587747707963,4.536179767455906e-05
3005,2020-03-11,0.00028576815384440124,4.139067459618673e-05
3006,2020-03-12,0.0026931860484182835,4.084347892785445e-05
3007,2020-03-13,0.013081747107207775,4.1684364987304434e-05
3008,2020-03-16,0.0021489476785063744,3.9917242247611284e-05
3009,2020-03-17,0.0010565257398411632,4.1725132177816704e-05
3010,2020-03-18,0.002464930061250925,4.289865319151431e-05
3011,2020-03-19,0.00514441542327404,4.733152309199795e-05
3012,2020-03-20,0.002293346682563424,4.735902257380076e-05
3013,2020-03-23,0.011157187633216381,5.0101825763704255e-05
3014,2020-03-24,0.0025259326212108135,4.9483143811812624e-05
3015,2020-03-25,0.002367747016251087,4.7705801989650354e-05
3016,2020-03-26,0.0011613700771704316,5.4860414820723236e-05
3017,2020-03-27,0.0023866407573223114,4.930625800625421e-05
3018,2020-03-30,0.001657895278185606,5.186451744521037e-05
3019,2020-03-31,0.0013794985134154558,5.1074312068521976e-05
3020,2020-04-01,0.000742758100386709,5.97954640397802e-05
3021,2020-04-03,0.0006113941199146211,6.937526632100344e-05
3022,2020-04-07,0.002897229278460145,5.676333967130631e-05
3023,2020-04-08,0.0015901668230071664,6.425255560316145e-05
3024,2020-04-09,0.0008578597335144877,5.5159656767500564e-05
3025,2020-04-13,0.0001864404621301219,6.529427628265694e-05
3026,2020-04-15,0.0011070843320339918,9.069240331882611e-05
3027,2020-04-16,0.0002978977863676846,6.053800098015927e-05
3028,2020-04-17,0.0016346618067473173,0.00011667692888295278
3029,2020-04-20,0.00027811413747258484,0.00014711850963067263
3030,2020-04-21,0.0008012016769498587,0.00014967389870435
3031,2020-04-22,0.00032050724257715046,0.00018398617976345122
3032,2020-04-23,0.00014478668163064867,0.00022585003171116114
3033,2020-04-24,0.0004132049507461488,0.0002285131486132741
3034,2020-04-27,0.0002196166751673445,0.0001634892396396026
3035,2020-04-28,0.0002546310715842992,0.0002577893901616335
3036,2020-04-29,0.00017182811279781163,0.00022232734772842377
3037,2020-04-30,0.0005163645837455988,0.0002917163947131485
3038,2020-05-04,0.0014078473905101418,0.0003274929476901889
3039,2020-05-05,0.0004737714189104736,0.00041672680526971817
3040,2020-05-06,0.00021601191838271916,0.0004118313954677433
3041,2020-05-07,5.791060902993195e-05,0.000389181514037773
3042,2020-05-08,0.0004483700031414628,0.00041379351750947535
3043,2020-05-11,0.0003122751950286329,0.00040899254963733256
3044,2020-05-12,0.00023779312323313206,0.00036203660420142114
3045,2020-05-13,0.0019135945476591587,0.00043227337300777435
3046,2020-05-14,0.0004422002239152789,0.0003705515409819782
3047,2020-05-15,0.00011868781439261511,0.00038733886322006583
3048,2020-05-18,0.0005261393962427974,0.00041891238652169704
3049,2020-05-19,0.0003777976962737739,0.00038131221663206816
3050,2020-05-20,0.00020097996457479894,0.0003721059765666723
3051,2020-05-21,7.102099334588274e-05,0.00033150790841318667
3052,2020-05-22,0.000150139385368675,0.0003587438550312072
3053,2020-05-26,0.00015745099517516792,0.0003591418208088726
3054,2020-05-27,0.0004820213362108916,0.0003157010651193559
3055,2020-05-28,0.00014411937445402145,0.00034489386598579586
3056,2020-05-29,0.00023767702805344015,0.00026614783564582467
3057,2020-06-01,0.00042880084947682917,0.00027645978843793273
3058,2020-06-02,0.00013627522275783122,0.00028087926330044866
3059,2020-06-03,0.00023518801026511937,0.0002392347960267216
3060,2020-06-04,0.00010716120596043766,0.00032656791154295206
3061,2020-06-05,0.00010325494804419577,0.0003158052859362215
3062,2020-06-08,0.0004713164526037872,0.0003047264472115785
3063,2020-06-09,0.0002586922491900623,0.00017826906696427613
3064,2020-06-10,4.7443962102988735e-05,0.00019948766566812992
3065,2020-06-11,0.00017856461636256427,0.0002712793939281255
3066,2020-06-12,0.002075212076306343,0.00024940024013631046
3067,2020-06-15,0.00020485074492171407,0.0002338155172765255
3068,2020-06-16,0.0008351468131877482,0.00024480719002895057
3069,2020-06-17,0.00013185203715693206,0.0001771407260093838
3070,2020-06-18,0.00024334376212209463,0.0002840850502252579
3071,2020-06-19,0.00013723535812459886,0.0002133623929694295
3072,2020-06-22,9.910025983117521e-05,0.00020813463197555393
3073,2020-06-23,0.000119624070066493,0.0001576137001393363
3074,2020-06-24,0.000259069463936612,0.0002170812658732757
3075,2020-06-25,0.0001368828525301069,0.00019085560052189976
3076,2020-06-26,0.00011090787302237004,0.00023592347861267626
3077,2020-06-29,0.00010037587344413623,0.00017313151329290122
3078,2020-06-30,0.00010271732026012614,0.00021633022697642446
3079,2020-07-01,7.232429925352335e-05,0.00021657939942087978
3080,2020-07-02,7.873387221479788e-05,0.00017987847968470305
3081,2020-07-03,5.194872210267931e-05,0.00017111480701714754
3082,2020-07-06,0.00015905390318948776,0.0002004679263336584
3083,2020-07-07,8.523299038643017e-05,0.00014876469504088163
3084,2020-07-08,8.779796189628541e-05,0.00019285155576653779
3085,2020-07-09,5.2425762987695634e-05,0.0002491038467269391
3086,2020-07-10,5.315686576068401e-05,0.00011975178495049477
3087,2020-07-13,0.0001139995438279584,0.00018338377412874252
3088,2020-07-14,0.00013751440565101802,0.0002295922313351184
3089,2020-07-15,0.00027826798032037914,0.00020420276268851012
3090,2020-07-16,0.00016913804574869573,0.00023244551266543567
3091,2020-07-17,0.0001004074583761394,0.00017041372484527528
3092,2020-07-20,0.00010200343240285292,0.00017780403140932322
3093,2020-07-21,9.985779615817592e-05,0.00016177604265976697
3094,2020-07-22,0.00013908684195484966,0.0001233274524565786
3095,2020-07-23,5.0100825319532305e-05,0.00014671568351332098
3096,2020-07-24,8.503619028488174e-05,0.00021358043886721134
3097,2020-07-27,6.330692849587649e-05,0.0001635235530557111
3098,2020-07-28,7.85998854553327e-05,0.0001093086539185606
3099,2020-07-29,0.0001009718980640173,0.00011492148041725159
3100,2020-07-30,0.0001466843532398343,0.00011443535913713276
3101,2020-07-31,5.6236745876958594e-05,0.00010934972669929266
3102,2020-08-03,8.932067430578172e-05,9.800484986044466e-05
3103,2020-08-04,0.00014201483281794935,8.008197619346902e-05
3104,2020-08-05,0.0001018802504404448,8.467461884720251e-05
3105,2020-08-06,0.00010109841241501272,8.527991303708404e-05
3106,2020-08-07,2.4710197976673953e-05,9.571686678100377e-05
3107,2020-08-10,5.3650117479264736e-05,7.930093124741688e-05
3108,2020-08-11,3.750274845515378e-05,8.023333066375926e-05
3109,2020-08-12,2.7931675504078157e-05,8.444478589808568e-05
3110,2020-08-13,2.6228097340208478e-05,9.802214481169358e-05
3111,2020-08-14,0.00020162943110335618,0.00011352359433658421
3112,2020-08-17,9.782724373508245e-05,9.239591599907726e-05
3113,2020-08-18,5.9493988374015316e-05,9.013737872010097e-05
3114,2020-08-19,4.555797568173148e-05,7.490988355129957e-05
3115,2020-08-20,7.846544031053782e-05,6.904794281581417e-05
3116,2020-08-21,8.175191760528833e-05,8.261364564532414e-05
3117,2020-08-24,3.383793227840215e-05,7.441409979946911e-05
3118,2020-08-25,4.6265176933957264e-05,7.681544229853898e-05
3119,2020-08-26,4.1222232539439574e-05,7.621083204867318e-05
3120,2020-08-27,4.154720954829827e-05,7.714948151260614e-05
3121,2020-08-28,3.863989331875928e-05,8.63946697791107e-05
3122,2020-08-31,0.0006816894165240228,9.080456948140636e-05
3123,2020-09-01,0.00013327541819307953,7.632654887856916e-05
3124,2020-09-02,4.144917693338357e-05,8.493576751789078e-05
3125,2020-09-03,2.2202908439794555e-05,9.29841844481416e-05
3126,2020-09-04,0.00029643121524713933,8.900630928110331e-05
3127,2020-09-07,6.567034142790362e-05,8.171644731191918e-05
3128,2020-09-08,6.216108158696443e-05,6.988111999817193e-05
3129,2020-09-09,0.00011090355110354722,6.948332884348929e-05
3130,2020-09-10,0.00010595204366836697,6.492959073511884e-05
3131,2020-09-11,1.365898788208142e-05,6.238259811652824e-05
3132,2020-09-14,0.00013215855869930238,6.0860726080136374e-05
3133,2020-09-15,4.135114431846887e-05,7.430134428432211e-05
3134,2020-09-16,2.7913831218029372e-05,6.370575283654034e-05
3135,2020-09-17,5.346221587387845e-05,6.464197940658778e-05
3136,2020-09-18,9.120727918343619e-05,5.823037645313889e-05
3137,2020-09-21,0.0002608037320896983,5.842200334882364e-05
3138,2020-09-22,0.00015956364222802222,5.609063009615056e-05
3139,2020-09-23,0.00026683579199016094,5.6048222177196294e-05
3140,2020-09-24,0.00026372456341050565,5.611572487396188e-05
3141,2020-09-25,0.00022819085279479623,5.532487193704583e-05
3142,2020-09-28,0.00012104465713491663,5.2442363084992394e-05
3143,2020-09-29,7.176269718911499e-05,5.2792915084864944e-05
3144,2020-09-30,3.634720997069962e-05,7.502141670556739e-05
3145,2020-10-01,0.00012413313379511237,5.9646587033057585e-05
3146,2020-10-05,8.141058788169175e-05,5.590921136899851e-05
3147,2020-10-06,0.00010932428995147347,5.1127677579643205e-05
3148,2020-10-07,4.709509084932506e-05,5.764029629062861e-05
3149,2020-10-08,9.960376337403432e-05,5.339179915608838e-05
3150,2020-10-09,4.5321368816075847e-05,5.500904080690816e-05
3151,2020-10-12,8.085204171948135e-05,5.389282887335867e-05
3152,2020-10-13,2.3065387722454034e-05,5.630108717014082e-05
3153,2020-10-14,8.481621625833213e-05,5.148824493517168e-05
3154,2020-10-15,0.000340195168973878,5.728125324822031e-05
3155,2020-10-16,5.443431655294262e-05,5.2223815146135166e-05
3156,2020-10-19,0.00011443775292718783,5.211227107793093e-05
3157,2020-10-20,3.227976048947312e-05,5.120516289025545e-05
3158,2020-10-21,0.0001890430285129696,5.492831041919999e-05
3159,2020-10-22,4.882444045506418e-05,6.706098793074489e-05
3160,2020-10-23,3.667531564133242e-05,6.15115714026615e-05
3161,2020-10-26,0.00013460511399898678,6.494587432825938e-05
3162,2020-10-27,9.819927072385326e-05,6.769655738025904e-05
3163,2020-10-28,0.0001555068593006581,6.538044544868171e-05
3164,2020-10-29,0.00011913054186152294,6.163505895528942e-05
3165,2020-10-30,0.00011491053010104224,6.082254185457714e-05
3166,2020-11-02,0.00010829800157807767,5.882335972273722e-05
3167,2020-11-03,6.221450894372538e-05,5.574023089138791e-05
3168,2020-11-04,7.835783617338166e-05,5.900010728510097e-05
3169,2020-11-05,0.00019066076492890716,6.190680869622156e-05
3170,2020-11-06,5.876084105693735e-05,6.382694118656218e-05
3171,2020-11-09,0.00014675485726911575,6.321902765193954e-05
3172,2020-11-10,0.00012784035061486065,6.414626841433346e-05
3173,2020-11-11,0.00011314886069158092,6.655041215708479e-05
3174,2020-11-12,4.291510413167998e-05,6.016458064550534e-05
3175,2020-11-13,4.274583261576481e-05,7.147427095333114e-05
3176,2020-11-17,0.0003236608754377812,9.073471301235259e-05
3177,2020-11-18,3.673689207062125e-05,6.748429586878046e-05
3178,2020-11-19,0.00017200257570948452,6.57846758258529e-05
3179,2020-11-20,6.871188088553026e-05,6.695069168927148e-05
3180,2020-11-23,0.00011917723895749077,8.145315223373473e-05
3181,2020-11-24,5.4535430535906926e-05,6.740504613844678e-05
3182,2020-11-25,0.00022786573390476406,6.0526457673404366e-05
3183,2020-11-26,0.00013154807675164193,7.378291775239632e-05
3184,2020-11-27,3.4484728530514985e-05,6.830041820649058e-05
3185,2020-12-01,0.00011717290908563882,7.497485057683662e-05
3186,2020-12-02,7.095640467014164e-05,6.612439028685912e-05
3187,2020-12-03,8.356355829164386e-05,7.407593511743471e-05
3188,2020-12-04,4.1897994378814474e-05,7.083740638336167e-05
3189,2020-12-07,2.995802424266003e-05,6.561593909282237e-05
3190,2020-12-08,3.9705500967102125e-05,7.003610517131165e-05
3191,2020-12-09,4.1909737774403766e-05,6.551608385052532e-05
3192,2020-12-10,3.634731547208503e-05,6.763782585039735e-05
3193,2020-12-11,6.641991785727441e-05,6.495584966614842e-05
3194,2020-12-14,5.2725852583535016e-05,6.988985114730895e-05
3195,2020-12-15,4.855461520492099e-05,7.355254638241604e-05
3196,2020-12-16,6.595817831112072e-05,6.890769145684317e-05
3197,2020-12-17,2.263026726723183e-05,6.85385093674995e-05
3198,2020-12-18,4.1230174247175455e-05,7.182959234341979e-05
3199,2020-12-21,0.000822263362351805,6.775364454369992e-05
3200,2020-12-22,0.00022301854914985597,8.154790702974424e-05
3201,2020-12-23,6.539996684296057e-05,7.31506006559357e-05
3202,2020-12-24,6.528910307679325e-05,7.116343476809561e-05
3203,2020-12-28,3.25216751662083e-05,6.590862903976813e-05
3204,2020-12-29,2.736630995059386e-05,9.379617404192686e-05
3205,2020-12-30,5.8983849157812074e-05,8.447160507785156e-05
3206,2020-12-31,1.4081340850680135e-05,7.069770072121173e-05
3207,2021-01-01,8.007101314433385e-06,7.54331485950388e-05
3208,2021-01-04,0.0001312189269810915,7.299763819901273e-05
3209,2021-01-05,6.407669570762664e-05,6.782921991543844e-05
3210,2021-01-06,9.546970977680758e-05,6.715135532431304e-05
3211,2021-01-07,8.727087697479874e-05,6.52024318696931e-05
3212,2021-01-08,0.0001078030836652033,6.426389882108197e-05
3213,2021-01-11,0.00010792992543429136,6.12661533523351e-05
3214,2021-01-12,4.028325929539278e-05,6.0309288528515026e-05
3215,2021-01-13,0.0001225277956109494,6.534192652907223e-05
3216,2021-01-14,3.952239057980478e-05,6.135555304354057e-05
3217,2021-01-15,0.00011168194760102779,6.208542617969215e-05
3218,2021-01-18,9.742977272253484e-05,5.8691788581199944e-05
3219,2021-01-19,0.00010110139555763453,5.7030079915421084e-05
3220,2021-01-20,3.6288263800088316e-05,5.683331619366072e-05
3221,2021-01-21,0.00012545177014544606,9.620298078516498e-05
3222,2021-01-22,0.00011115524102933705,6.96237402735278e-05
3223,2021-01-25,0.0001756769052008167,6.131466216174886e-05
3224,2021-01-27,0.00016466625675093383,5.90252093388699e-05
3225,2021-01-28,0.00018770949100144207,5.3838841267861426e-05
3226,2021-01-29,0.0003301292017567903,5.321073331288062e-05
3227,2021-02-01,0.0008658768492750823,5.414897532318719e-05
3228,2021-02-02,0.0003091130929533392,5.056137888459489e-05
3229,2021-02-03,0.00020152467186562717,4.562606773106381e-05
3230,2021-02-04,6.486850179499015e-05,4.8450310714542866e-05
3231,2021-02-05,4.782765608979389e-05,4.7340188757516444e-05
3232,2021-02-08,0.00010841838957276195,4.970169175066985e-05
3233,2021-02-09,6.692962779197842e-05,4.799378802999854e-05
3234,2021-02-10,6.287785799941048e-05,4.950334914610721e-05
3235,2021-02-11,2.722298631852027e-05,4.873108264291659e-05
3236,2021-02-12,3.957775697926991e-05,5.0286220357520506e-05
3237,2021-02-15,6.274302722886205e-05,5.2823033911408857e-05
3238,2021-02-16,6.441563891712576e-05,4.9413069064030424e-05
3239,2021-02-17,3.431944060139358e-05,5.512247662409209e-05
3240,2021-02-18,4.847004674957134e-05,5.399273140938021e-05
3241,2021-02-19,9.767510346136987e-05,5.120697460370138e-05
3242,2021-02-22,0.00021874711092095822,4.970823647454381e-05
3243,2021-02-23,0.00011522646673256531,5.425106064649299e-05
3244,2021-02-24,0.000451359199360013,5.766536560258828e-05
3245,2021-02-25,6.623199442401528e-05,5.8513222029432654e-05
3246,2021-02-26,0.0005132886581122875,6.233662134036422e-05
3247,2021-03-01,0.00018448781338520348,5.6857115851016715e-05
3248,2021-03-02,0.0001142737310146913,6.468928040703759e-05
3249,2021-03-03,0.0002087094762828201,7.525107503170148e-05
3250,2021-03-04,0.00028871564427390695,8.443954720860347e-05
3251,2021-03-05,0.00012692729069385678,0.00013039012264925987
3252,2021-03-08,7.967866986291483e-05,0.0001050051796482876
3253,2021-03-09,0.00011200022709090263,9.440713620278984e-05
3254,2021-03-10,7.158696098485962e-05,7.912657019915059e-05
3255,2021-03-12,0.00031225942075252533,9.718153887661174e-05
3256,2021-03-15,0.00018865616584662348,9.847292676568031e-05
3257,2021-03-16,6.012684025336057e-05,8.073477511061355e-05
3258,2021-03-17,0.00011039514356525615,8.96795027074404e-05
3259,2021-03-18,0.00033307907870039344,7.265481690410525e-05
3260,2021-03-19,0.0003473124234005809,8.612410601926968e-05
3261,2021-03-22,6.142786151031032e-05,8.15825114841573e-05
3262,2021-03-23,4.92592116643209e-05,8.249971870100126e-05
3263,2021-03-24,0.00012293217878323048,9.398510883329436e-05
3264,2021-03-25,0.00016383168986067176,0.00010772969835670665
3265,2021-03-26,0.00019902588974218816,9.038503048941493e-05
3266,2021-03-30,0.0001735437981551513,0.00012208422413095832
3267,2021-03-31,3.7499135942198336e-05,7.677881512790918e-05
3268,2021-04-01,0.00012083924229955301,0.00012947552022524178
3269,2021-04-05,0.0002831554156728089,8.301121124532074e-05
3270,2021-04-06,0.00011736481974367052,8.85589251993224e-05
3271,2021-04-07,8.561890717828646e-05,9.179997869068757e-05
3272,2021-04-08,5.859844168298878e-05,9.412036888534203e-05
3273,2021-04-09,2.7120369850308634e-05,9.762807167135179e-05
3274,2021-04-12,0.0004343389009591192,8.915685612009838e-05
3275,2021-04-13,0.000124886428238824,8.985380554804578e-05
3276,2021-04-15,0.000132862085592933,7.554530748166144e-05
3277,2021-04-16,3.357073001097888e-05,0.00010867512173717842
3278,2021-04-19,0.0005361904622986913,0.00010319558350602165
3279,2021-04-20,0.00031284484430216253,8.681067265570164e-05
3280,2021-04-22,0.00015586259542033076,9.983371273847297e-05
3281,2021-04-23,9.429277997696772e-05,0.00012858878471888602
3282,2021-04-26,8.866582356858999e-05,0.00013386837963480502
3283,2021-04-27,5.3454416047316045e-05,0.00010615887731546536
3284,2021-04-28,7.406809163512662e-05,0.00010415791621198878
3285,2021-04-29,0.00013777603453490883,0.00011185420589754358
3286,2021-04-30,0.00020693542319349945,0.00012586641241796315
3287,2021-05-03,0.00021192501299083233,9.505643538432196e-05
3288,2021-05-04,0.00012113253615098074,0.00010470617417013273
3289,2021-05-05,9.091835090657696e-05,9.396162931807339e-05
3290,2021-05-06,4.110191366635263e-05,0.00010096332698594779
3291,2021-05-07,5.334980596671812e-05,0.00015044352039694786
3292,2021-05-10,5.831006637890823e-05,0.00011010431626345962
3293,2021-05-11,0.00013182424299884588,0.00011127265315735713
3294,2021-05-12,5.35789476998616e-05,9.834265074459836e-05
3295,2021-05-14,6.260555528569967e-05,8.971303759608418e-05
3296,2021-05-17,9.791983029572293e-05,0.00013697138638235629
3297,2021-05-18,0.00010508461855351925,0.00010342484165448695
3298,2021-05-19,3.7472003896255046e-05,0.00011379392526578158
3299,2021-05-20,5.186155249248259e-05,9.261399100068957e-05
3300,2021-05-21,9.210970893036574e-05,0.0001055002212524414
3301,2021-05-24,2.325247805856634e-05,0.00012156256707385182
3302,2021-05-25,6.521560862893239e-05,0.00011445565178291872
3303,2021-05-26,3.512080729706213e-05,0.00010910046694334596
3304,2021-05-27,1.983521542570088e-05,8.854844782035798e-05
3305,2021-05-28,3.723166446434334e-05,8.983195584733039e-05
3306,2021-05-31,7.742286106804386e-05,8.999118290375918e-05
3307,2021-06-01,3.327490412630141e-05,0.00010169426968786865
3308,2021-06-02,4.046117828693241e-05,0.00011473423364805058
3309,2021-06-03,3.8991776818875223e-05,0.00011171444930369034
3310,2021-06-04,1.965478622878436e-05,0.0001153409102698788
3311,2021-06-07,2.5225308490917087e-05,8.976422395789996e-05
3312,2021-06-08,1.913554297061637e-05,8.663591870572418e-05
3313,2021-06-09,7.827380613889545e-05,7.564717816421762e-05
3314,2021-06-10,2.8568132620421238e-05,6.725350976921618e-05
3315,2021-06-11,2.37375406868523e-05,7.0130881795194e-05
3316,2021-06-14,0.00010337455751141533,7.621351687703282e-05
3317,2021-06-15,1.677095497143455e-05,7.569119043182582e-05
3318,2021-06-16,2.7454085284261964e-05,7.751439261483029e-05
3319,2021-06-17,9.176129970001057e-05,6.517768633784726e-05
3320,2021-06-18,0.00021856778766959906,7.223049033200368e-05
3321,2021-06-21,0.00019477566820569336,7.753916725050658e-05
3322,2021-06-22,6.436043622670695e-05,7.306546467589214e-05
3323,2021-06-23,8.1284211773891e-05,6.715730705764145e-05
3324,2021-06-24,2.911725823651068e-05,6.36398617643863e-05
3325,2021-06-25,2.6606063329381868e-05,6.371631752699614e-05
3326,2021-06-28,3.306586586404592e-05,6.253299216041341e-05
3327,2021-06-29,1.69470404216554e-05,5.501612395164557e-05
3328,2021-06-30,2.9135753720765933e-05,6.825711170677096e-05
3329,2021-07-01,1.54513654706534e-05,6.118708552094176e-05
3330,2021-07-02,2.0676468921010382e-05,6.0832466260762885e-05
3331,2021-07-05,3.0303213861770928e-05,5.403357863542624e-05
3332,2021-07-06,2.7576079446589574e-05,5.599026189884171e-05
3333,2021-07-07,1.8104870832758024e-05,5.246817818260752e-05
3334,2021-07-08,5.77903920202516e-05,5.263572165858932e-05
3335,2021-07-09,1.9571720258682035e-05,6.353416392812505e-05
3336,2021-07-12,5.2946299547329545e-05,5.2714633056893945e-05
3337,2021-07-13,5.1419010560493916e-05,5.092023639008403e-05
3338,2021-07-14,1.761087878549006e-05,6.142809434095398e-05
3339,2021-07-15,1.3943299563834444e-05,4.777122012455948e-05
3340,2021-07-16,1.4673128134745639e-05,5.3450436098501086e-05
3341,2021-07-19,0.0001377691951347515,5.365226752473973e-05
3342,2021-07-20,4.1119208617601544e-05,6.400969868991524e-05
3343,2021-07-22,6.0270474932622164e-05,5.867336949449964e-05
3344,2021-07-23,2.9652746889041737e-05,5.3942654631100595e-05
3345,2021-07-26,1.2764096936734859e-05,5.526891618501395e-05
3346,2021-07-27,4.964655454386957e-05,5.331608190317638e-05
3347,2021-07-28,0.00013701056013815105,5.165487891645171e-05
3348,2021-07-29,2.0127949028392322e-05,5.21809452038724e-05
3349,2021-07-30,2.2944937882130034e-05,5.354696622816846e-05
3350,2021-08-02,5.583621168625541e-05,5.339597555575892e-05
3351,2021-08-03,8.86833222466521e-05,4.989207809558138e-05
3352,2021-08-04,3.255279443692416e-05,5.1191786042181775e-05
3353,2021-08-05,2.8265478249522857e-05,4.873675061389804e-05
3354,2021-08-06,1.692647856543772e-05,5.15938299940899e-05
3355,2021-08-09,3.4163123928010464e-05,5.145884642843157e-05
3356,2021-08-10,3.177258258801885e-05,5.6382599723292515e-05
3357,2021-08-11,6.196954200277105e-05,5.019527816330083e-05
3358,2021-08-12,1.1616712072282098e-05,5.156529732630588e-05
3359,2021-08-13,3.6573572288034484e-05,4.6477929572574794e-05
3360,2021-08-16,1.4898738299962133e-05,5.004805643693544e-05
3361,2021-08-17,2.4226274035754614e-05,4.921305662719533e-05
3362,2021-08-18,5.569453787757084e-05,4.7328816435765475e-05
3363,2021-08-20,0.00015321439423132688,4.9577662139199674e-05
3364,2021-08-23,0.00013325367763172835,5.14971834491007e-05
3365,2021-08-24,4.5589702494908124e-05,4.5901062549091876e-05
3366,2021-08-25,1.5864479792071506e-05,4.99368725286331e-05
3367,2021-08-26,8.431776223005727e-06,4.7664234443800524e-05
3368,2021-08-27,3.375477535882965e-05,5.2345178119139746e-05
3369,2021-08-30,5.921329284319654e-05,5.8308400184614584e-05
3370,2021-08-31,6.647746340604499e-05,4.6263849071692675e-05
3371,2021-09-01,4.321544474805705e-05,4.945648834109306e-05
3372,2021-09-02,4.130857632844709e-05,4.314601392252371e-05
3373,2021-09-03,2.217575820395723e-05,5.3360083256848156e-05
3374,2021-09-06,2.6759049433167093e-05,4.831299520446919e-05
3375,2021-09-07,2.8174918043077923e-05,5.168799543753266e-05
3376,2021-09-08,2.826445415848866e-05,5.002109901397489e-05
3377,2021-09-09,1.2104101188015193e-05,5.2162686188239604e-05
3378,2021-09-13,1.88354588317452e-05,5.349398634280078e-05
3379,2021-09-14,1.964922012120951e-05,5.4828455176902935e-05
3380,2021-09-15,2.3943321139086038e-05,4.851212361245416e-05
3381,2021-09-16,2.095763738907408e-05,5.126512041897513e-05
3382,2021-09-17,9.130388934863731e-05,5.023526682634838e-05
3383,2021-09-20,0.00016070548736024648,5.143362795934081e-05
3384,2021-09-21,9.159446926787496e-05,5.277439049677923e-05
3385,2021-09-22,9.23615152714774e-06,5.039529423811473e-05
3386,2021-09-23,9.13131152628921e-05,5.554701783694327e-05
3387,2021-09-24,3.470359661150724e-05,5.375352338887751e-05
3388,2021-09-27,4.1843366489047185e-05,5.0454491429263726e-05
3389,2021-09-28,0.00015710541629232466,4.96066095365677e-05
3390,2021-09-29,5.8507030189502984e-05,5.2760555263375863e-05
3391,2021-09-30,2.661441612872295e-05,5.138410415383987e-05
3392,2021-10-01,3.893017492373474e-05,5.5769105529179797e-05
3393,2021-10-04,5.38250787940342e-05,5.433100159280002e-05
3394,2021-10-05,4.2667921661632136e-05,5.535552918445319e-05
3395,2021-10-06,8.359886851394549e-05,5.241286271484569e-05
3396,2021-10-07,9.573996067047119e-05,4.833640923607163e-05
3397,2021-10-08,3.988748721894808e-05,5.400086592999287e-05
3398,2021-10-11,4.9391350330552086e-05,5.239731399342418e-05
3399,2021-10-12,2.539768502174411e-05,4.704665479948744e-05
3400,2021-10-13,5.64178844797425e-05,4.9345682782586664e-05
3401,2021-10-14,4.7727004130138084e-05,4.505521428654902e-05
3402,2021-10-18,8.629848889540881e-05,4.8536559916101396e-05
3403,2021-10-19,9.776549268281087e-05,4.8896668886300176e-05
3404,2021-10-20,6.457082054112107e-05,5.631794556393288e-05
3405,2021-10-21,0.00017044867854565382,5.8280878874938935e-05
3406,2021-10-22,8.703400089871138e-05,5.7401233789278194e-05
3407,2021-10-25,0.00013641707482747734,4.8797723138704896e-05
3408,2021-10-26,4.7542205720674247e-05,5.093315849080682e-05
3409,2021-10-27,3.251215457567014e-05,4.9016656703315675e-05
3410,2021-10-28,0.00016412818513344973,4.9612997827352956e-05
3411,2021-10-29,9.908626816468313e-05,6.266433774726465e-05
3412,2021-11-01,0.00011284571519354358,5.423130278359167e-05
3413,2021-11-02,3.331827974761836e-05,5.3827745432499796e-05
3414,2021-11-03,6.730291352141649e-05,5.012233305023983e-05
3415,2021-11-04,3.7328514736145735e-05,5.3106454288354144e-05
3416,2021-11-08,0.00014703742635902017,5.3428822866408154e-05
3417,2021-11-09,1.8929496945929714e-05,5.918460738030262e-05
3418,2021-11-10,3.754895442398265e-05,4.821426409762353e-05
3419,2021-11-11,4.415883086039685e-05,4.9671605665935203e-05
3420,2021-11-12,8.480488759232685e-05,5.6076027249218896e-05
3421,2021-11-15,2.4758579456829466e-05,5.455135033116676e-05
3422,2021-11-16,3.331240441184491e-05,5.379079811973497e-05
3423,2021-11-17,3.635893153841607e-05,5.11150028614793e-05
3424,2021-11-18,6.991971895331517e-05,5.044131103204563e-05
3425,2021-11-22,0.0003209275018889457,5.902205521124415e-05
3426,2021-11-23,0.00018673425074666739,6.255452171899378e-05
3427,2021-11-24,7.352947432082146e-05,6.826186290709302e-05
3428,2021-11-25,5.100027919979766e-05,6.718126678606495e-05
3429,2021-11-26,0.000285265501588583,7.046816608635709e-05
3430,2021-11-29,0.00019941289792768657,6.557621964020655e-05
3431,2021-11-30,0.00022871526016388088,6.397460674634203e-05
3432,2021-12-01,7.56148001528345e-05,7.790220115566626e-05
3433,2021-12-02,8.391573646804318e-05,7.469850970664993e-05
3434,2021-12-03,0.00011094989167759195,6.890756776556373e-05
3435,2021-12-06,0.0001236259558936581,6.506937643280253e-05
3436,2021-12-07,0.00013968646817374974,7.150317105697468e-05
3437,2021-12-08,9.905169281410053e-05,5.1225386414444074e-05
3438,2021-12-09,5.396338747232221e-05,6.323476554825902e-05
3439,2021-12-10,2.598465289338492e-05,5.9698486438719556e-05
3440,2021-12-13,0.0001264491002075374,5.9252102801110595e-05
3441,2021-12-14,4.913904922432266e-05,6.079876402509399e-05
3442,2021-12-15,2.8326385290711187e-05,6.108663365012035e-05
3443,2021-12-16,0.0001227275497512892,6.0943082644371316e-05
3444,2021-12-17,0.000129158201161772,6.200027564773336e-05
3445,2021-12-20,0.00035589540493674576,6.176946044433862e-05
3446,2021-12-21,0.0001699996500974521,6.961133476579562e-05
3447,2021-12-22,5.961439455859363e-05,8.093134965747595e-05
3448,2021-12-23,5.492391574080102e-05,7.239206752274185e-05
3449,2021-12-24,9.867804328678176e-05,6.963038322282955e-05
3450,2021-12-27,0.00011220367014175281,6.692898750770837e-05
3451,2021-12-28,3.738619125215337e-05,7.68454119679518e-05
3452,2021-12-29,1.4779525372432545e-05,8.142154547385871e-05
3453,2021-12-30,1.5968487787176855e-05,8.433355833403766e-05
3454,2021-12-31,3.673318133223802e-05,6.331459735520184e-05
3455,2022-01-03,8.04025330580771e-05,6.854557432234287e-05
3456,2022-01-04,7.265862950589508e-05,7.246003224281594e-05
3457,2022-01-05,4.360034654382616e-05,7.386993820546195e-05
3458,2022-01-06,0.00010237777314614505,7.126578566385433e-05
3459,2022-01-07,5.0298880523769185e-05,7.109072612365708e-05
3460,2022-01-10,5.197825521463528e-05,7.5508862209972e-05
3461,2022-01-11,1.4135064702713862e-05,7.295358227565885e-05
3462,2022-01-12,5.061594129074365e-05,8.1743644841481e-05
3463,2022-01-13,2.3868135031079873e-05,7.42063857614994e-05
3464,2022-01-14,4.5169959776103497e-05,7.468419062206522e-05
3465,2022-01-17,9.92193690763088e-06,7.501361687900499e-05
3466,2022-01-18,7.406971417367458e-05,9.179341577691957e-05
3467,2022-01-19,6.559904431924224e-05,0.00011524229194037616
3468,2022-01-20,0.0001004384903353639,9.344395948573947e-05
3469,2022-01-21,0.00011960865231230855,7.820978498784825e-05
3470,2022-01-24,0.00042932090582326055,6.893806857988238e-05
3471,2022-01-25,0.0003506649227347225,8.242233889177442e-05
3472,2022-01-27,0.00028932507848367095,8.495050860801712e-05
3473,2022-01-28,0.00015246911789290607,6.277127249632031e-05
3474,2022-01-31,0.00015857517428230494,6.564735667780042e-05
3475,2022-02-01,0.00033619508030824363,6.385068991221488e-05
3476,2022-02-02,6.929201481398195e-05,6.301701796473935e-05
3477,2022-02-03,8.049390453379601e-05,6.534573185490444e-05
3478,2022-02-04,2.9691998861380853e-05,6.806444434914738e-05
3479,2022-02-07,0.00020544472499750555,6.703048711642623e-05
3480,2022-02-08,0.00013541719818022102,6.189175473991781e-05
3481,2022-02-09,5.703432543668896e-05,6.797881360398605e-05
3482,2022-02-10,8.451834582956508e-05,5.976393731543794e-05
3483,2022-02-11,0.00010847651719814166,6.047429997124709e-05
3484,2022-02-14,0.0003989745455328375,5.40164255653508e-05
3485,2022-02-15,0.0003643856034614146,5.560446879826486e-05
3486,2022-02-16,7.024405931588262e-05,5.89006558584515e-05
3487,2022-02-17,6.625632522627711e-05,5.3486590331885964e-05
3488,2022-02-18,5.302755016600713e-05,6.0390033468138427e-05
3489,2022-02-21,0.00011188280041096732,6.0328042309265584e-05
3490,2022-02-22,0.000555052945856005,6.47721899440512e-05
3491,2022-02-23,7.815223216312006e-05,6.148652755655348e-05
3492,2022-02-24,0.0012619742192327976,7.825448119547218e-05
3493,2022-02-25,0.0003585483937058598,7.252549403347075e-05
3494,2022-02-28,0.00038398453034460545,6.812886567786336e-05
3495,2022-03-02,0.0001948197023011744,6.881385343149304e-05
3496,2022-03-03,0.00017865457630250603,5.853348193340935e-05
3497,2022-03-04,0.00022269084001891315,7.611473120050505e-05
3498,2022-03-07,0.0006316789076663554,5.898683230043389e-05
3499,2022-03-08,0.0002288406976731494,7.014077709754929e-05
3500,2022-03-09,0.0002495753869879991,7.227989408420399e-05
3501,2022-03-10,0.0007605570135638118,6.516319990623742e-05
3502,2022-03-11,7.628827006556094e-05,7.177420047810301e-05
3503,2022-03-14,9.539644088363275e-05,7.47870362829417e-05
3504,2022-03-15,0.00017655819829087704,7.183138222899288e-05
3505,2022-03-16,0.00018943753093481064,7.639959221705794e-05
3506,2022-03-17,0.00021013186778873205,6.938743899809197e-05
3507,2022-03-21,8.09713383205235e-05,6.620130443479866e-05
3508,2022-03-22,0.00013214621867518872,7.057658513076603e-05
3509,2022-03-23,9.239406790584326e-05,7.422189082717523e-05
3510,2022-03-24,0.0001272266381420195,7.385211938526481e-05
3511,2022-03-25,7.425212243106216e-05,7.671522325836122e-05
3512,2022-03-28,9.380101255374029e-05,7.909209671197459e-05
3513,2022-03-29,3.394197119632736e-05,7.875549636082724e-05
3514,2022-03-30,9.079141455003992e-05,0.00012109500676160678
3515,2022-03-31,1.8390435798210092e-05,8.075948426267132e-05
3516,2022-04-01,8.916833030525595e-05,8.784989040577784e-05
3517,2022-04-04,0.00017182172450702637,8.845450065564364e-05
3518,2022-04-05,3.396347165107727e-05,8.806924597593024e-05
3519,2022-04-06,5.723156937165186e-05,8.894182974472642e-05
3520,2022-04-07,5.344737655832432e-05,9.313132613897324e-05
3521,2022-04-08,7.454871229128912e-05,8.175861876225099e-05
3522,2022-04-11,2.3583899746881798e-05,8.234941924456507e-05
3523,2022-04-12,5.786197289125994e-05,8.494962094118819e-05
3524,2022-04-13,6.390698399627581e-05,9.426589531358331e-05
3525,2022-04-18,0.0003197211481165141,9.660392242949456e-05
3526,2022-04-19,0.00027449653134681284,0.00012122902990086004
3527,2022-04-20,7.54372522351332e-05,9.235442121280357e-05
3528,2022-04-21,7.706859469180927e-05,9.087431681109592e-05
3529,2022-04-22,0.00010842925257747993,9.476733248448e-05
3530,2022-04-25,0.00012285132834222168,9.54644347075373e-05
3531,2022-04-26,0.00012652760779019445,0.00010034092701971531
3532,2022-04-27,8.380816871067509e-05,9.94245710899122e-05
3533,2022-04-28,0.0001505676773376763,9.81535849859938e-05
3534,2022-04-29,0.00014264356286730617,9.739772212924436e-05
3535,2022-05-02,0.00014554672816302627,8.782048098510131e-05
3536,2022-05-04,0.00030919298296794295,8.257851732196286e-05
3537,2022-05-05,0.0002177939604735002,8.368549606529996e-05
3538,2022-05-06,0.0002856676001101732,6.935720739420503e-05
3539,2022-05-09,0.00021228889818303287,6.949611270101741e-05
3540,2022-05-10,7.963302050484344e-05,7.552449096692726e-05
3541,2022-05-11,0.0001587161677889526,7.772699609631673e-05
3542,2022-05-12,0.00021020500571466982,7.519303471781313e-05
3543,2022-05-13,0.00027307012351229787,7.404429925372824e-05
3544,2022-05-16,9.14881456992589e-05,7.151729369070381e-05
3545,2022-05-17,0.00021183709031902254,6.956241850275546e-05
3546,2022-05-18,6.080781531636603e-05,6.809561455156654e-05
3547,2022-05-19,0.0004626477893907577,6.628419214393944e-05
3548,2022-05-20,0.0003179178456775844,7.581545651191846e-05
3549,2022-05-23,7.867329259170219e-05,7.28619415895082e-05
3550,2022-05-24,4.377058212412521e-05,7.345021731453016e-05
3551,2022-05-25,8.01169517217204e-05,7.515381730627269e-05
3552,2022-05-26,0.00017638501594774425,7.324155740207061e-05
3553,2022-05-27,9.225222311215475e-05,6.806769670220092e-05
3554,2022-05-30,0.00015764962881803513,6.95896233082749e-05
3555,2022-05-31,6.193308945512399e-05,6.737419607816264e-05
3556,2022-06-01,5.4950894991634414e-05,7.41372859920375e-05
3557,2022-06-02,5.7343891967320815e-05,7.350858504651114e-05
3558,2022-06-03,0.00012605500523932278,8.4292798419483e-05
3559,2022-06-06,4.644385990104638e-05,7.822321640560403e-05
3560,2022-06-07,6.405030580936e-05,8.195800182875246e-05
3561,2022-06-08,7.38027592888102e-05,7.808466034475714e-05
3562,2022-06-09,0.0001101855086744763,7.867111708037555e-05
3563,2022-06-10,0.00016980731743387878,7.869715773267671e-05
3564,2022-06-13,0.00047218496911227703,9.217148908646777e-05
3565,2022-06-14,0.00010938028572127223,7.787286449456587e-05
3566,2022-06-15,1.696466642897576e-05,9.166227391688153e-05
3567,2022-06-16,0.0004664002335630357,9.20001621125266e-05
3568,2022-06-17,9.984752250602469e-05,9.411427163286135e-05
3569,2022-06-20,7.645126606803387e-05,0.00010553142055869102
3570,2022-06-21,0.0001624591095605865,8.832604362396523e-05
3571,2022-06-22,8.087803144007921e-05,9.766951552592218e-05
3572,2022-06-23,0.00010040305642178282,9.184009104501456e-05
3573,2022-06-24,6.453252717619762e-05,9.099624730879441e-05
3574,2022-06-27,0.00022307662584353238,9.459937427891418e-05
3575,2022-06-28,6.645319081144407e-05,8.598697604611516e-05
3576,2022-06-29,0.00013214332284405828,8.596802945248783e-05
3577,2022-06-30,4.2084888264071196e-05,8.650794916320592e-05
3578,2022-07-01,0.000162513941177167,8.786161197349429e-05
3579,2022-07-04,5.722512287320569e-05,8.535997767467052e-05
3580,2022-07-05,0.00010802980978041887,8.570477075409144e-05
3581,2022-07-06,5.9169993619434536e-05,8.12473299447447e-05
3582,2022-07-07,7.678644033148885e-05,7.90124831837602e-05
3583,2022-07-08,9.758087253430858e-05,7.976207416504622e-05
3584,2022-07-11,4.997331780032255e-05,8.121920836856589e-05
3585,2022-07-12,5.1791266741929576e-05,8.257615263573825e-05
3586,2022-07-13,6.611127173528075e-05,9.034004324348643e-05
3587,2022-07-14,7.054966408759356e-05,8.366059773834422e-05
3588,2022-07-15,5.1216054998803884e-05,7.26408907212317e-05
3589,2022-07-18,6.757064693374559e-05,8.159870048984885e-05
3590,2022-07-19,7.013207505224273e-05,7.836777513148263e-05
3591,2022-07-20,0.00019396209972910583,7.973104948177934e-05
3592,2022-07-21,2.5304943847004324e-05,7.874581206124276e-05
3593,2022-07-22,3.552582347765565e-05,8.23522568680346e-05
3594,2022-07-25,3.629549973993562e-05,7.741702575003728e-05
3595,2022-07-26,3.716752689797431e-05,7.732066296739504e-05
3596,2022-07-27,5.760754720540717e-05,7.506542897317559e-05
3597,2022-07-28,0.00011155229731230065,7.484148227376863e-05
3598,2022-07-29,0.00010742530139395967,7.574773917440325e-05
3599,2022-08-01,7.552024908363819e-05,7.574614573968574e-05
3600,2022-08-02,3.926103818230331e-05,7.641759293619543e-05
3601,2022-08-03,4.8394434998044744e-05,7.680071576032788e-05
3602,2022-08-04,0.00017944876162800938,7.88060569902882e-05
3603,2022-08-05,2.293975376232993e-05,7.542810635641217e-05
3604,2022-08-08,3.9632712287129834e-05,7.22586628398858e-05
3605,2022-08-10,3.0987859645392746e-05,6.98739240760915e-05
3606,2022-08-11,0.00010930990538327023,6.923296314198524e-05
3607,2022-08-12,1.8391872799838893e-05,6.613486038986593e-05
3608,2022-08-16,3.742754051927477e-05,6.690881855320185e-05
3609,2022-08-17,2.4249991838587448e-05,7.136542262742296e-05
3610,2022-08-18,2.176057569158729e-05,7.2780268965289e-05
3611,2022-08-19,8.422899554716423e-05,7.284144521690905e-05
3612,2022-08-22,7.26226789993234e-05,7.374155393335968e-05
3613,2022-08-23,0.00014635764819104224,7.314007234526798e-05
3614,2022-08-24,2.5621182430768386e-05,6.967987428652123e-05
3615,2022-08-25,7.939665374578908e-05,6.579954060725868e-05
3616,2022-08-26,6.0783517255913466e-05,5.871378743904643e-05
3617,2022-08-29,0.0005075152730569243,5.605913247563876e-05
3618,2022-08-30,0.00018932067905552685,5.978679837426171e-05
3619,2022-09-01,0.0003157372120767832,6.289333396125585e-05
3620,2022-09-02,4.045851528644562e-05,6.4436586399097e-05
3621,2022-09-05,2.2447133233072236e-05,6.733507325407118e-05
3622,2022-09-06,3.600102718337439e-05,6.620521889999509e-05
3623,2022-09-07,9.004029561765492e-05,6.633964949287474e-05
3624,2022-09-08,6.541611946886405e-05,7.066386751830578e-05
3625,2022-09-09,7.127591379685327e-05,6.443142774514854e-05
3626,2022-09-12,2.0845711333095096e-05,6.510729872388765e-05
3627,2022-09-13,4.161827018833719e-05,6.53380629955791e-05
3628,2022-09-14,0.00039307342376559973,6.344134453684092e-05
3629,2022-09-15,6.383346044458449e-05,6.219914939720184e-05
3630,2022-09-16,0.0001330880622845143,5.596971095656045e-05
3631,2022-09-19,6.573525752173737e-05,5.444018097477965e-05
3632,2022-09-20,0.00010801290773088112,5.443146073957905e-05
3633,2022-09-21,4.035974052385427e-05,6.403149018296972e-05
3634,2022-09-22,7.658897084183991e-05,6.654673052253202e-05
3635,2022-09-23,0.00013953735469840467,6.70358567731455e-05
3636,2022-09-26,0.00015285740664694458,7.072144217090681e-05
3637,2022-09-27,9.324793063569814e-05,6.745803693775088e-05
3638,2022-09-28,0.00013858212332706898,6.184561789268628e-05
3639,2022-09-29,0.0001297919952776283,6.591070268768817e-05
3640,2022-09-30,0.00022773168166168034,6.152471178211272e-05
3641,2022-10-03,7.903366349637508e-05,6.580111221410334e-05
3642,2022-10-04,0.0002667271764948964,6.29852875135839e-05
3643,2022-10-06,5.1972510846098885e-05,6.202943768585101e-05
3644,2022-10-07,2.5207948056049645e-05,6.626143294852227e-05
3645,2022-10-10,0.00021673826267942786,6.570648110937327e-05
3646,2022-10-11,0.00011360276403138414,6.112538540037349e-05
3647,2022-10-12,4.666518361773342e-05,6.190663407323882e-05
3648,2022-10-13,3.3351087040500715e-05,5.5595457524759695e-05
3649,2022-10-14,0.00035791718983091414,5.446344948722981e-05
3650,2022-10-17,6.652611045865342e-05,6.754868081770837e-05
3651,2022-10-18,6.435595423681661e-05,6.887767085572705e-05
3652,2022-10-19,4.1040537325898185e-05,7.286319305421785e-05
3653,2022-10-20,5.572019290411845e-05,7.078109047142789e-05
3654,2022-10-21,3.514734635245986e-05,6.965237116673961e-05
3655,2022-10-24,8.766083919908851e-05,7.048725092317909e-05
3656,2022-10-25,5.2045714255655184e-05,7.047435065032914e-05
3657,2022-10-27,6.498676521005109e-05,7.567935972474515e-05
3658,2022-10-28,1.5468276615138166e-05,7.739532156847417e-05
3659,2022-10-31,6.357222446240485e-05,7.579290104331449e-05
3660,2022-11-01,5.8084398915525526e-05,7.911336433608085e-05
3661,2022-11-02,2.1625770386890508e-05,7.982165698194876e-05
3662,2022-11-03,6.451788067352027e-05,6.938816659385338e-05
3663,2022-11-04,1.4519548130920157e-05,7.655085937585682e-05
3664,2022-11-07,7.250440830830485e-05,6.91237801220268e-05
3665,2022-11-09,5.5304084526142105e-05,6.805166049161926e-05
3666,2022-11-10,5.687447264790535e-05,6.534180283779278e-05
3667,2022-11-11,0.00019156181951984763,6.929135270183906e-05
3668,2022-11-14,9.800694897421636e-06,7.177549559855834e-05
3669,2022-11-15,2.7386540750740096e-05,7.072454900480807e-05
3670,2022-11-16,9.910635526466649e-06,7.397858280455694e-05
3671,2022-11-17,1.91597191587789e-05,7.579933298984542e-05
3672,2022-11-18,4.570371675072238e-05,7.49481187085621e-05
3673,2022-11-21,2.8143120289314538e-05,7.184521382441744e-05
3674,2022-11-22,1.7171794752357528e-05,6.944900815142319e-05
3675,2022-11-23,2.638549813127611e-05,6.482310709543526e-05
3676,2022-11-24,6.522139301523566e-05,5.7639579608803615e-05
3677,2022-11-25,1.715593498374801e-05,4.916366015095264e-05
3678,2022-11-28,8.018490916583687e-05,5.493968274095096e-05
3679,2022-11-29,1.892729414976202e-05,5.1456587243592367e-05
3680,2022-11-30,4.036348036606796e-05,4.827389420825057e-05
3681,2022-12-01,4.8016310756793246e-05,4.401172191137448e-05
3682,2022-12-02,3.0254179364419542e-05,4.4330605305731297e-05
3683,2022-12-05,2.9057504434604198e-05,4.820557660423219e-05
3684,2022-12-06,3.4783217415679246e-05,5.544672239921056e-05
3685,2022-12-07,1.8901553630712442e-05,4.718950731330551e-05
3686,2022-12-08,8.08525328466203e-06,5.349194543669e-05
3687,2022-12-09,7.802592881489545e-05,5.282696656649932e-05
3688,2022-12-12,5.752107608714141e-05,5.220842285780236e-05
3689,2022-12-13,1.8446451576892287e-05,4.7537490900140256e-05
3690,2022-12-14,1.5308023648685776e-05,3.841785292024724e-05
3691,2022-12-15,7.500868377974257e-05,4.212022031424567e-05
3692,2022-12-16,7.24957644706592e-05,3.816991738858633e-05
3693,2022-12-19,3.70054658560548e-05,3.864332029479556e-05
3694,2022-12-20,7.317271229112521e-05,4.685371823143214e-05
3695,2022-12-21,0.00010387490328866988,4.4949039875064045e-05
3696,2022-12-22,8.820255607133731e-05,4.450941560207866e-05
3697,2022-12-23,0.0001472382282372564,4.1869949200190604e-05
3698,2022-12-26,0.00010153417679248378,4.986416388419457e-05
3699,2022-12-27,6.215769826667383e-05,4.07302868552506e-05
3700,2022-12-28,1.9133625755785033e-05,5.0884900701930746e-05
3701,2022-12-29,7.535758049925789e-05,4.2080511775566265e-05
3702,2022-12-30,4.921897198073566e-05,4.7395125875482336e-05
3703,2023-01-02,1.959854125743732e-05,4.418435855768621e-05
3704,2023-01-03,1.412358324159868e-05,4.824540883419104e-05
3705,2023-01-04,5.0835667934734374e-05,4.638189420802519e-05
3706,2023-01-05,7.058674964355305e-05,3.900985757354647e-05
3707,2023-01-06,6.728744483552873e-05,4.0363287553191185e-05
3708,2023-01-09,7.10004023858346e-05,3.493861004244536e-05
3709,2023-01-10,8.054005593294278e-05,5.373245585360564e-05
3710,2023-01-11,2.453181878081523e-05,5.1723643991863355e-05
3711,2023-01-12,4.256208922015503e-05,5.000974488211796e-05
3712,2023-01-13,5.5472693929914385e-05,4.542383612715639e-05
3713,2023-01-16,5.866677383892238e-05,5.9264362789690495e-05
3714,2023-01-17,3.8246438634814695e-05,5.625138510367833e-05
3715,2023-01-18,2.5205255951732397e-05,5.2509072702378035e-05
3716,2023-01-19,1.4800852113694418e-05,5.8129669923800975e-05
3717,2023-01-20,1.762051942932885e-05,6.720651435898617e-05
3718,2023-01-23,3.5252520319772884e-05,6.708779255859554e-05
3719,2023-01-24,2.8693322747130878e-05,7.375097629847005e-05
3720,2023-01-25,7.083625678205863e-05,6.88437867211178e-05
3721,2023-01-27,0.00017590993957128376,6.852798833278939e-05
3722,2023-01-30,0.00011804742098320276,6.29316782578826e-05
3723,2023-01-31,7.899726915638894e-05,6.829670019214973e-05
3724,2023-02-01,0.0004894500598311424,6.707294232910499e-05
3725,2023-02-02,7.935381290735677e-05,6.028651478118263e-05
3726,2023-02-03,0.00014187079796101898,5.348791091819294e-05
3727,2023-02-06,2.441244214423932e-05,6.468113861046731e-05
3728,2023-02-07,3.104130519204773e-05,6.883708556415513e-05
3729,2023-02-08,2.8365879188640974e-05,7.230899063870311e-05
3730,2023-02-09,2.7105323169962503e-05,7.027816900517792e-05
3731,2023-02-10,1.3291119103087112e-05,7.497979095205665e-05
3732,2023-02-13,2.817107451846823e-05,6.794738146709278e-05
3733,2023-02-14,4.036940663354471e-05,6.653936725342646e-05
3734,2023-02-15,3.783392457989976e-05,6.926202331669629e-05
3735,2023-02-16,3.7402918678708375e-05,6.831435894127935e-05
3736,2023-02-17,3.44205618603155e-05,6.318105442915112e-05
3737,2023-02-20,3.759413448278792e-05,5.97673533775378e-05
3738,2023-02-21,2.8032440241076984e-05,5.345389945432544e-05
3739,2023-02-22,8.002021058928221e-05,5.464126661536284e-05
3740,2023-02-23,3.068452133447863e-05,5.438657899503596e-05
3741,2023-02-24,5.6801138271111995e-05,5.827048880746588e-05
3742,2023-02-27,3.554470094968565e-05,6.791920168325305e-05
3743,2023-02-28,3.820662823272869e-05,6.910222145961598e-05
3744,2023-03-01,2.7116024284623563e-05,6.890224176459014e-05
3745,2023-03-02,2.4608581952634268e-05,6.993878923822194e-05
3746,2023-03-03,0.00010732423834269866,5.894611604162492e-05
3747,2023-03-06,4.7704161261208355e-05,6.534859858220443e-05
3748,2023-03-08,3.82061189156957e-05,6.470557127613574e-05
3749,2023-03-09,4.4052205339539796e-05,6.837979890406132e-05
3750,2023-03-10,9.41150719881989e-05,5.7601890148362145e-05
3751,2023-03-13,0.00019818493456114084,5.374567263061181e-05
3752,2023-03-14,6.430540088331327e-05,5.355426765163429e-05
3753,2023-03-15,0.00013728917110711336,4.605330104823224e-05
3754,2023-03-16,5.883564517716877e-05,4.587423609336838e-05
3755,2023-03-17,0.00010806258069351315,4.240881389705464e-05
3756,2023-03-20,9.883438178803772e-05,4.3167292460566387e-05
3757,2023-03-21,3.276055213063955e-05,4.403678758535534e-05
3758,2023-03-22,2.7980198865407147e-05,4.714101669378579e-05
3759,2023-03-23,4.55041736131534e-05,4.850847471971065e-05
3760,2023-03-24,4.269971395842731e-05,4.568310032482259e-05
3761,2023-03-27,4.1040188079932705e-05,5.2532162953866646e-05
3762,2023-03-28,3.2676740374881774e-05,4.867009920417331e-05
3763,2023-03-29,4.188680759398267e-05,4.982418613508344e-05
3764,2023-03-31,9.276311902794987e-05,4.818126035388559e-05
3765,2023-04-03,3.789560287259519e-05,4.764615005115047e-05
3766,2023-04-05,3.2981748518068343e-05,4.170289321336895e-05
3767,2023-04-06,2.1687916159862652e-05,4.2747178667923436e-05
3768,2023-04-10,1.507249180576764e-05,4.507498670136556e-05
3769,2023-04-11,3.070547973038629e-05,4.410470501170494e-05
3770,2023-04-12,1.768027686921414e-05,4.85923228552565e-05
3771,2023-04-13,1.7520082110422663e-05,5.3339732403401285e-05
3772,2023-04-17,0.00011108445323770866,5.565763058257289e-05
3773,2023-04-18,4.0156912291422486e-05,6.979898898862302e-05
3774,2023-04-19,8.828844329400454e-06,6.920471059856936e-05
3775,2023-04-20,1.194078959088074e-05,7.541559170931578e-05
3776,2023-04-21,1.5793939383001998e-05,7.396673026960343e-05
3777,2023-04-24,5.112884900881909e-05,7.341533637372777e-05
3778,2023-04-25,9.67872892942978e-06,7.520516373915598e-05
3779,2023-04-26,1.612808591744397e-05,6.7396234953776e-05
3780,2023-04-27,1.8811495465342887e-05,6.330470205284655e-05
3781,2023-04-28,4.8417561629321426e-05,6.440439756261185e-05
3782,2023-05-02,1.7207039491040632e-05,6.36465338175185e-05
3783,2023-05-03,1.1063074452977162e-05,6.247093551792204e-05
3784,2023-05-04,4.146906576352194e-05,6.339115498121828e-05
3785,2023-05-05,9.163431968772784e-05,6.588386895600706e-05
3786,2023-05-08,4.3492953409440815e-05,6.663983367616311e-05
3787,2023-05-09,1.7558755644131452e-05,6.373357609845698e-05
3788,2023-05-10,2.783907621051185e-05,6.285627750912681e-05
3789,2023-05-11,1.953783430508338e-05,5.9631565818563104e-05
3790,2023-05-12,2.6005627660197206e-05,5.093155414215289e-05
3791,2023-05-15,3.054423359571956e-05,4.6333436330314726e-05
3792,2023-05-16,3.209092756151222e-05,4.277437983546406e-05
3793,2023-05-17,4.16772163589485e-05,4.1142899135593325e-05
3794,2023-05-18,7.147972064558417e-05,5.016326394979842e-05
3795,2023-05-19,4.6937446313677356e-05,4.551146412268281e-05
3796,2023-05-22,2.4621234842925332e-05,3.811437272815965e-05
3797,2023-05-23,1.6988287825370207e-05,3.567854218999855e-05
3798,2023-05-24,3.050284067285247e-05,3.3912718208739534e-05
3799,2023-05-25,2.1546351490542293e-05,3.413052763789892e-05
3800,2023-05-26,3.771112460526638e-05,3.3314023312414065e-05
3801,2023-05-29,4.5124230382498354e-05,3.466952693997882e-05
3802,2023-05-30,7.4096528805966955e-06,3.517370350891724e-05
3803,2023-05-31,2.008306182688102e-05,3.804852531175129e-05
3804,2023-06-01,1.9493278159643523e-05,3.546996595105156e-05
3805,2023-06-02,2.1393809220171534e-05,3.5118297091685236e-05
3806,2023-06-05,2.101231257256586e-05,3.6218527384335175e-05
3807,2023-06-06,1.0067089533549733e-05,3.724885391420685e-05
3808,2023-06-07,2.317505823157262e-05,3.596725582610816e-05
3809,2023-06-08,2.6158102627960034e-05,3.5757057048613206e-05
3810,2023-06-09,1.571035318193026e-05,3.550174369593151e-05
3811,2023-06-12,8.117510333249811e-06,3.536171425366774e-05
3812,2023-06-13,1.1922435078304261e-05,3.575791197363287e-05
3813,2023-06-14,9.856513315753546e-06,3.5862445656675845e-05
3814,2023-06-15,1.5896936019998975e-05,3.6363369872560725e-05
3815,2023-06-16,2.6689624064601958e-05,3.876808477798477e-05
3816,2023-06-19,3.203087908332236e-05,3.855846807709895e-05
3817,2023-06-20,3.470684168860316e-05,3.7588040868286043e-05
3818,2023-06-21,1.0303975614078809e-05,3.764299617614597e-05
3819,2023-06-22,1.5683392120990902e-05,3.573940193746239e-05
3820,2023-06-23,1.3910122106608469e-05,3.6613149859476835e-05
3821,2023-06-26,6.205987574503524e-06,3.522936094668694e-05
3822,2023-06-27,2.2382191673386842e-05,3.552911221049726e-05
3823,2023-06-28,4.399694807943888e-05,3.2447998819407076e-05
3824,2023-06-30,6.042656605131924e-05,3.2382002245867625e-05
3825,2023-07-03,2.0055309505551122e-05,3.2479922083439305e-05
3826,2023-07-04,3.802179344347678e-05,3.175361780449748e-05
3827,2023-07-05,8.320676897710655e-06,3.1690753530710936e-05
3828,2023-07-06,1.768456058925949e-05,3.0617520678788424e-05
3829,2023-07-07,6.181436765473336e-05,3.093267514486797e-05
3830,2023-07-10,2.300925370946061e-05,3.0219578547985293e-05
3831,2023-07-11,2.6401405193610117e-05,3.145175287500024e-05
3832,2023-07-12,2.7974539989372715e-05,3.103550261585042e-05
3833,2023-07-13,6.293234037002549e-05,3.057480353163555e-05
3834,2023-07-14,4.036413520225324e-05,3.0306737244245596e-05
3835,2023-07-17,3.128058961010538e-05,2.979300552397035e-05
3836,2023-07-18,2.9621880457852967e-05,3.022274722752627e-05
3837,2023-07-19,2.3151929781306535e-05,3.0461762435152195e-05
3838,2023-07-20,4.9188281991519034e-05,3.1196846975944936e-05
3839,2023-07-21,0.00011183819879079238,3.198289778083563e-05
3840,2023-07-24,1.3665646292793099e-05,3.054839908145368e-05
3841,2023-07-25,2.2970336431171745e-05,3.1197825592244044e-05
3842,2023-07-26,1.80155475391075e-05,3.071353421546519e-05
3843,2023-07-27,7.477399049093947e-05,3.0059163691475987e-05
3844,2023-07-28,1.7000671505229548e-05,3.004022073582746e-05
3845,2023-07-31,2.9523034754674882e-05,3.0106932172202505e-05
3846,2023-08-01,9.661364856583532e-06,3.0317376513266936e-05
3847,2023-08-02,7.780702435411513e-05,2.983408558066003e-05
3848,2023-08-03,6.160444900160655e-05,3.0783237889409065e-05
3849,2023-08-04,2.6665018594940193e-05,3.025969272130169e-05
3850,2023-08-07,1.7991167624131776e-05,3.057013964280486e-05
3851,2023-08-08,1.2043604328937363e-05,3.34749165631365e-05
3852,2023-08-09,3.596674287109636e-05,3.1427614885615185e-05
3853,2023-08-10,1.6938331100391224e-05,3.176282552885823e-05
3854,2023-08-11,1.914483254950028e-05,3.239735451643355e-05
3855,2023-08-14,5.1328857807675377e-05,3.3279473427683115e-05
3856,2023-08-16,3.67206048395019e-05,3.268176078563556e-05
3857,2023-08-17,1.750054616422858e-05,3.314476634841412e-05
3858,2023-08-18,2.3779230104992166e-05,3.325992656755261e-05
3859,2023-08-21,1.528939355921466e-05,3.341934643685818e-05
3860,2023-08-22,4.975753654434811e-06,3.532861592248082e-05
3861,2023-08-23,1.63242693815846e-05,4.134696064284071e-05
3862,2023-08-24,6.36887998552993e-05,3.8543137634405866e-05
3863,2023-08-25,3.208089401596226e-05,3.721551183843985e-05
3864,2023-08-28,1.512630387878744e-05,3.56250602635555e-05
3865,2023-08-29,1.7678843505564146e-05,4.222652205498889e-05
3866,2023-08-30,3.439464126131497e-05,3.754013960133307e-05
3867,2023-08-31,2.6753257770906202e-05,3.8434121961472556e-05
3868,2023-09-01,3.750679024960846e-05,3.4778040571836755e-05
3869,2023-09-04,3.7194829928921536e-05,4.123025428270921e-05
3870,2023-09-05,7.228047252283432e-06,4.0189286664826795e-05
3871,2023-09-06,2.1829062461620197e-05,3.56811324309092e-05
3872,2023-09-07,3.200861465302296e-05,3.6791552702197805e-05
3873,2023-09-08,2.24241321120644e-05,3.658707646536641e-05
3874,2023-09-11,2.9802040444337763e-05,3.743389243027195e-05
3875,2023-09-12,6.919025327078998e-05,3.544656283338554e-05
3876,2023-09-13,1.9706794773810543e-05,3.599330011638813e-05
3877,2023-09-14,2.1252033548080362e-05,3.905147241312079e-05
3878,2023-09-15,1.4038097106094938e-05,3.807270331890322e-05
3879,2023-09-18,8.805332981864922e-06,3.7996858736732975e-05
3880,2023-09-20,8.42801746330224e-05,3.816922617261298e-05
3881,2023-09-21,2.6373121727374382e-05,3.725333226611838e-05
3882,2023-09-22,1.8190747141488828e-05,3.107696829829365e-05
3883,2023-09-25,1.5294905097107403e-05,3.0289835194707848e-05
3884,2023-09-26,3.5513105558493407e-06,3.074310370720923e-05
3885,2023-09-27,3.2927033316809684e-05,2.9821998396073468e-05
3886,2023-09-28,7.192603516159579e-05,3.052166721317917e-05
3887,2023-09-29,3.787031164392829e-05,3.004394420713652e-05
3888,2023-10-03,2.069850597763434e-05,3.062015093746595e-05
3889,2023-10-04,3.871362787322141e-05,3.128804746665992e-05
3890,2023-10-05,2.635637611092534e-05,3.1216099159792066e-05
3891,2023-10-06,2.1333604308892973e-05,3.054947956115939e-05
3892,2023-10-09,4.432743662619032e-05,2.979030250571668e-05
3893,2023-10-10,2.833943653968163e-05,3.0384269848582335e-05
3894,2023-10-11,2.1303858375176787e-05,3.0098979550530203e-05
3895,2023-10-12,4.547747266769875e-06,2.9779879696434364e-05
3896,2023-10-13,7.58082969696261e-05,2.981841316795908e-05
3897,2023-10-16,7.281903890543617e-06,3.134335929644294e-05
3898,2023-10-17,3.708849544636905e-05,3.116282823611982e-05
3899,2023-10-18,2.8563474188558757e-05,3.091860344284214e-05
3900,2023-10-19,6.655910692643374e-05,3.0210647310013883e-05
3901,2023-10-20,2.3294136553886347e-05,2.99205094052013e-05
3902,2023-10-23,8.112708746921271e-05,3.28110545524396e-05
3903,2023-10-25,6.76434428896755e-05,3.222559462301433e-05
3904,2023-10-26,6.381118146236986e-05,3.266456042183563e-05
3905,2023-10-27,3.579154872568324e-05,3.2294352422468364e-05
3906,2023-10-30,5.214955672272481e-05,3.006572660524398e-05
3907,2023-10-31,5.2398867410374805e-05,3.0247056201915257e-05
3908,2023-11-01,1.4699893654324114e-05,3.113921047770418e-05
3909,2023-11-02,5.848170258104801e-05,3.0219780455809087e-05
3910,2023-11-03,3.555941293598153e-05,3.072613253607415e-05
3911,2023-11-06,4.766327765537426e-05,3.0757706554140896e-05
3912,2023-11-07,1.0969936738547403e-05,3.0185417926986702e-05
3913,2023-11-08,8.982711733551696e-06,3.0384500860236585e-05
3914,2023-11-09,7.112737876013853e-06,3.1640716770198196e-05
3915,2023-11-10,1.82160747499438e-05,3.1958410545485094e-05
3916,2023-11-13,1.5932177120703273e-05,3.1095110898604617e-05
3917,2023-11-15,0.00012662044900935143,3.060169910895638e-05
3918,2023-11-16,5.556890391744673e-05,3.123039277852513e-05
3919,2023-11-17,4.1158909880323336e-05,3.015618676727172e-05
3920,2023-11-20,6.312086043180898e-06,2.9366343369474635e-05
3921,2023-11-21,2.0635239707189612e-05,3.108126838924363e-05
3922,2023-11-22,1.6276404494419694e-05,3.118447057204321e-05
3923,2023-11-23,8.102691936073825e-06,3.0072555091464892e-05
3924,2023-11-24,3.6063167954125674e-06,3.523648774717003e-05
3925,2023-11-28,1.808937122405041e-05,3.53818541043438e-05
3926,2023-11-29,3.756929800147191e-05,3.4881675674114376e-05
3927,2023-11-30,2.0757968741236255e-05,3.2838317565619946e-05
3928,2023-12-01,1.878224065876566e-05,3.6718574847327545e-05
3929,2023-12-04,0.0003017369017470628,3.564735743566416e-05
3930,2023-12-05,5.857893847860396e-05,3.432926314417273e-05
3931,2023-12-06,3.422681038500741e-05,3.3617790904827416e-05
3932,2023-12-07,7.575095423817402e-06,3.271746390964836e-05
3933,2023-12-08,1.8912172890850343e-05,3.414254024391994e-05
3934,2023-12-11,8.047790288401302e-06,3.4420856536598876e-05
3935,2023-12-12,2.3548702301923186e-05,3.256385025451891e-05
3936,2023-12-13,4.0141178033081815e-05,3.1759493140270934e-05
3937,2023-12-14,9.058833529707044e-05,3.117397500318475e-05
3938,2023-12-15,7.292408554349095e-05,3.0004432119312696e-05
3939,2023-12-18,1.0983178981405217e-05,3.0293531381175853e-05
3940,2023-12-19,3.3300650102319196e-05,3.268871296313591e-05
3941,2023-12-20,0.00020652278908528388,3.180887142661959e-05
3942,2023-12-21,0.00010361182648921385,3.120523615507409e-05
3943,2023-12-22,2.22603866859572e-05,3.0357157811522484e-05
3944,2023-12-26,1.6389161828556098e-05,3.0750139558222145e-05
3945,2023-12-27,3.0598581361118704e-05,3.0079523639869876e-05
3946,2023-12-28,1.859088115452323e-05,2.921772829722613e-05
3947,2023-12-29,9.997065717470832e-06,2.9075021302560344e-05
3948,2024-01-01,1.7888498405227438e-05,2.8604854378500022e-05
3949,2024-01-02,3.640590875875205e-05,2.900086110457778e-05
3950,2024-01-03,2.2586604245589115e-05,2.872393451980315e-05
3951,2024-01-04,2.7381842301110737e-05,2.9778060707030818e-05
3952,2024-01-05,1.5906216503935866e-05,2.9879873181926087e-05
3953,2024-01-08,5.588415660895407e-05,2.946079257526435e-05
3954,2024-01-09,7.415792788378894e-05,2.9538014132413082e-05
3955,2024-01-10,2.9603637813124806e-05,3.0016106393304653e-05
3956,2024-01-11,2.2834983610664494e-05,2.9521514079533517e-05
3957,2024-01-12,6.608385592699051e-05,3.0434004656854086e-05
3958,2024-01-15,7.132222526706755e-05,3.08596900140401e-05
3959,2024-01-16,1.705842078081332e-05,2.9937747967778705e-05
3960,2024-01-17,0.0003977419401053339,3.155531157972291e-05
3961,2024-01-18,0.00010226202721241862,3.061159441131167e-05
3962,2024-01-19,5.692217018804513e-05,3.1393614335684106e-05
3963,2024-01-23,0.0002466416044626385,4.9168393161380664e-05
3964,2024-01-24,9.48331507970579e-05,4.506037294049747e-05
3965,2024-01-25,4.018828985863365e-05,4.236289532855153e-05
3966,2024-01-29,9.52586269704625e-05,4.12731351389084e-05
3967,2024-01-30,7.280283170985058e-05,4.113183604204096e-05
3968,2024-01-31,6.476465205196291e-05,4.6631503209937364e-05
3969,2024-02-01,2.782850970106665e-05,4.3704843847081065e-05
3970,2024-02-02,0.00014690148236695677,4.33382265327964e-05
3971,2024-02-05,4.8866648285184056e-05,4.332045864430256e-05
3972,2024-02-06,4.0889543015509844e-05,4.2576870328048244e-05
3973,2024-02-07,5.613477696897462e-05,4.1797658923314884e-05
3974,2024-02-08,9.932506509358063e-05,4.353004987933673e-05
3975,2024-02-09,2.553461308707483e-05,4.873386933468282e-05
3976,2024-02-12,4.7767032810952514e-05,4.8404726840090007e-05
3977,2024-02-13,4.697120675700717e-05,4.785895725945011e-05
3978,2024-02-14,0.00014109374023973942,4.680665006162599e-05
3979,2024-02-15,2.9962624466861598e-05,4.763619654113427e-05
3980,2024-02-16,3.2024709071265534e-05,4.4730182708008215e-05
3981,2024-02-19,2.683840284589678e-05,4.360546518000774e-05
3982,2024-02-20,2.151786975446157e-05,7.273204391822219e-05
3983,2024-02-21,5.10254358232487e-05,7.153065962484106e-05
3984,2024-02-22,0.00011842663661809638,6.244062387850136e-05
3985,2024-02-23,1.9272918507340364e-05,7.409006502712145e-05
3986,2024-02-26,1.488166981289396e-05,6.874871905893087e-05
3987,2024-02-27,1.4296094377641566e-05,6.894365651533008e-05
3988,2024-02-28,6.869647768326104e-05,6.67318599880673e-05
3989,2024-02-29,2.7924483219976537e-05,7.119982183212414e-05
3990,2024-03-01,7.320650183828548e-05,7.034622831270099e-05
3991,2024-03-04,1.2930171578773297e-05,7.436082523781806e-05
3992,2024-03-05,1.7939868484972976e-05,7.640016701770946e-05
3993,2024-03-06,5.55049700778909e-05,7.507709960918874e-05
3994,2024-03-07,9.132560990110505e-06,7.362546602962539e-05
3995,2024-03-11,3.3586420613573864e-05,7.378481677733362e-05
3996,2024-03-12,2.647164546942804e-05,7.772418030072004e-05
3997,2024-03-13,0.00022304683807305992,7.306032057385892e-05
3998,2024-03-14,5.695882282452658e-05,7.446415111189708e-05
3999,2024-03-15,3.895795452990569e-05,7.185090362327173e-05
4000,2024-03-18,3.1600062357028946e-05,6.716595817124471e-05
4001,2024-03-19,4.867339521297254e-05,5.931779378443025e-05
4002,2024-03-20,3.647656558314338e-05,5.3604548156727105e-05
4003,2024-03-21,6.092389958212152e-05,5.6076292821671814e-05
4004,2024-03-22,7.466660463251173e-05,5.370678991312161e-05
4005,2024-03-26,5.966120806988329e-05,5.564606544794515e-05
4006,2024-03-27,2.1640398699673824e-05,6.166005186969414e-05
4007,2024-03-28,0.00010938633931800723,4.8138914280571043e-05
4008,2024-04-01,4.0629340219311416e-05,4.6754852519370615e-05
4009,2024-04-02,8.328632247867063e-06,4.409352186485194e-05
4010,2024-04-03,3.0575240089092404e-05,5.276931187836453e-05
4011,2024-04-04,0.00013630822650156915,5.16913496539928e-05
4012,2024-04-05,1.0291071703250054e-05,5.093495565233752e-05
4013,2024-04-08,2.2301801436697133e-05,4.3463722249725834e-05
4014,2024-04-09,3.53136238118168e-05,4.294703103369102e-05
4015,2024-04-10,1.8736691345111467e-05,4.3787029426312074e-05
4016,2024-04-12,4.451035420061089e-05,4.0093469579005614e-05
4017,2024-04-15,8.71215233928524e-05,4.1514253098284826e-05
4018,2024-04-16,5.637936919811182e-05,4.2003532144008204e-05
4019,2024-04-18,0.00010317639680579305,6.019671855028719e-05
4020,2024-04-19,0.00015143056225497276,6.027444760547951e-05
4021,2024-04-22,0.00010043916699942201,5.9632078773574904e-05
4022,2024-04-23,3.108924283878878e-05,6.032395685906522e-05
4023,2024-04-24,1.2201337995065842e-05,5.9140096709597856e-05
4024,2024-04-25,8.43862653709948e-05,6.22463267063722e-05
4025,2024-04-26,4.242054637870751e-05,5.659188536810689e-05
4026,2024-04-29,3.6682911741081625e-05,6.16317120147869e-05
4027,2024-04-30,3.518890298437327e-05,5.3986761486157775e-05
4028,2024-05-02,1.8402224668534473e-05,5.3686093451688066e-05
4029,2024-05-03,0.0001645086595090106,6.053949982742779e-05
4030,2024-05-06,3.577506868168712e-05,5.379879803513177e-05
4031,2024-05-07,5.461266482598148e-05,5.3491028666030616e-05
4032,2024-05-08,3.2997071684803814e-05,5.2319122914923355e-05
4033,2024-05-09,0.0001108672731788829,5.338568371371366e-05
4034,2024-05-10,2.5495823138044216e-05,4.4871732825413346e-05
4035,2024-05-13,8.96978162927553e-05,4.348681613919325e-05
4036,2024-05-14,2.4581044272053987e-05,4.234556763549335e-05
4037,2024-05-15,1.7179134374600835e-05,4.172123590251431e-05
4038,2024-05-16,0.00016121727821882814,4.672712748288177e-05
4039,2024-05-17,1.7133043002104387e-05,4.671050555771217e-05
4040,2024-05-21,3.301897959318012e-05,4.641219857148826e-05
4041,2024-05-22,2.0834244423895143e-05,5.849581430084072e-05
4042,2024-05-23,0.00011308962712064385,5.8578156313160434e-05
4043,2024-05-24,1.2717318895738572e-05,4.859051841776818e-05
4044,2024-05-27,4.878623076365329e-05,4.2924843000946566e-05
4045,2024-05-28,1.6299052731483243e-05,3.998937245341949e-05
4046,2024-05-29,4.394549614517018e-05,4.119126606383361e-05
4047,2024-05-30,6.936983845662326e-05,4.092016752110794e-05
4048,2024-05-31,3.579264375730418e-05,3.9498689147876576e-05
4049,2024-06-03,0.0013107722625136375,4.137520591029897e-05
4050,2024-06-04,0.0027125002816319466,4.113559771212749e-05
4051,2024-06-05,0.0006997220916673541,5.5577958846697584e-05
4052,2024-06-06,0.00011009674926754087,5.3086961997905746e-05
4053,2024-06-07,0.00017930693866219372,5.987255281070247e-05
4054,2024-06-10,2.4542840037611313e-05,5.6284014135599136e-05
4055,2024-06-11,2.2787689886172302e-05,6.7275068431627e-05
4056,2024-06-12,2.75446982413996e-05,6.367349124047905e-05
4057,2024-06-13,5.6653068895684555e-05,6.96611386956647e-05
4058,2024-06-14,2.9394503144430928e-05,6.415061943698674e-05
4059,2024-06-18,2.5250750695704482e-05,5.9697973483707756e-05
4060,2024-06-19,4.9958071031142026e-05,6.527267396450043e-05
4061,2024-06-20,3.2977906812448055e-05,5.75899139221292e-05
4062,2024-06-21,6.50932706776075e-05,5.712501661037095e-05
4063,2024-06-24,5.219204831519164e-05,5.428527219919488e-05
4064,2024-06-25,2.5088796974159777e-05,5.7097287935903296e-05
4065,2024-06-26,2.9075494239805266e-05,4.9934729759115726e-05
4066,2024-06-27,4.718446507467888e-05,5.530830458155833e-05
4067,2024-06-28,2.5476745577179827e-05,5.2359202527441084e-05
4068,2024-07-01,1.789542511687614e-05,4.952870585839264e-05
4069,2024-07-02,3.343694697832689e-05,5.6286531616933644e-05
4070,2024-07-03,5.6106786360032856e-05,5.31706573383417e-05
4071,2024-07-04,1.9917502868338488e-05,5.5848726333351806e-05
4072,2024-07-05,3.475109042483382e-05,0.00023238302674144506
4073,2024-07-08,8.464914571959525e-06,8.971518400358036e-05
4074,2024-07-09,8.644293302495498e-06,8.026792056625709e-05
4075,2024-07-10,7.695409294683486e-05,8.163418533513322e-05
4076,2024-07-11,4.082762825419195e-05,9.408393816556782e-05
4077,2024-07-12,4.7132787585724145e-05,9.519488230580464e-05
4078,2024-07-15,1.9159753719577566e-05,9.24570849747397e-05
4079,2024-07-16,4.573674232233316e-06,7.608287705807015e-05
4080,2024-07-18,6.924822082510218e-05,7.70873375586234e-05
4081,2024-07-19,7.16170688974671e-05,7.039535557851195e-05
4082,2024-07-22,4.203306161798537e-05,7.679683767491952e-05
4083,2024-07-23,0.00023590614728163928,7.334927067859098e-05
4084,2024-07-24,2.470164508849848e-05,7.413847924908623e-05
4085,2024-07-25,8.27303301775828e-05,6.998896424192935e-05
4086,2024-07-26,0.00011362128134351224,6.87025094521232e-05
4087,2024-07-29,4.619744868250564e-05,7.438514876412228e-05
4088,2024-07-30,1.886531936179381e-05,7.768268551444635e-05
4089,2024-07-31,1.0188788110099267e-05,6.8858360464219e-05
4090,2024-08-01,1.8065422409563325e-05,6.922860484337434e-05
4091,2024-08-02,9.470011718804017e-05,7.480202475562692e-05
4092,2024-08-05,0.00041329479427076876,6.592749559786171e-05
4093,2024-08-06,0.0001466843532398343,7.256008393596858e-05
4094,2024-08-07,0.00016663080896250904,4.967785571352579e-05
4095,2024-08-08,4.4309304939815775e-05,3.712876787176356e-05
4096,2024-08-09,0.00013067468535155058,3.6796467611566186e-05
4097,2024-08-12,4.182660995866172e-05,4.013589568785392e-05
4098,2024-08-13,3.404645758564584e-05,3.836695759673603e-05
4099,2024-08-14,9.442087502975482e-06,3.865691905957647e-05
4100,2024-08-16,0.00014107880997471511,3.565983570297249e-05
4101,2024-08-19,2.361022779950872e-05,3.45714324794244e-05
4102,2024-08-20,1.842115307226777e-05,3.6005250876769423e-05
4103,2024-08-21,1.0335164006392006e-05,3.873463720083237e-05
4104,2024-08-22,1.8114385966327973e-05,3.787027526414022e-05
4105,2024-08-23,6.701914117002161e-06,4.427446037880145e-05
4106,2024-08-26,2.645362837938592e-05,4.2845949792535976e-05
4107,2024-08-27,5.544140094571048e-06,4.443828947842121e-05
4108,2024-08-28,1.4653187463409267e-05,4.8302954382961616e-05
4109,2024-08-29,2.0489753296715207e-05,4.967819040757604e-05
4110,2024-08-30,1.7678135918686166e-05,4.962453749612905e-05
4111,2024-09-02,2.0913035768899135e-05,4.599145904649049e-05
4112,2024-09-03,6.371695690177148e-06,4.29560495831538e-05
4113,2024-09-04,6.622524233534932e-05,4.165718564763665e-05
4114,2024-09-05,1.5756222637719475e-05,5.7592544180806726e-05
4115,2024-09-06,7.679119153181091e-05,6.0329191910568625e-05
4116,2024-09-09,2.5156914489343762e-05,5.3356117859948426e-05
4117,2024-09-10,3.52997230947949e-05,6.528387893922627e-05
4118,2024-09-11,2.8994862077524886e-05,5.6539400247856975e-05
4119,2024-09-12,0.00016243243589997292,6.711523747071624e-05
4120,2024-09-13,1.4644064322055783e-05,6.0845290136057884e-05
4121,2024-09-16,1.0087549526360817e-05,5.1223920308984816e-05
4122,2024-09-17,6.678422323602717e-06,5.393421452026814e-05
4123,2024-09-18,2.0299923562561162e-05,5.026358849136159e-05
4124,2024-09-19,5.051568950875662e-05,5.0131271564168856e-05
4125,2024-09-20,0.00011034461931558326,5.0601323891896755e-05
4126,2024-09-23,1.5885631000855938e-05,4.797392830369063e-05
4127,2024-09-24,8.737009920878336e-06,4.575801358441822e-05
4128,2024-09-25,1.5430852727149613e-05,4.439821350388229e-05
4129,2024-09-26,3.185121749993414e-05,4.153171903453767e-05
4130,2024-09-27,9.195344318868592e-06,4.018755862489343e-05
4131,2024-09-30,7.955225737532601e-05,3.927316720364615e-05
4132,2024-10-01,1.664296542003285e-05,3.7093057471793145e-05
4133,2024-10-03,0.0002803384268190712,3.782130079343915e-05
4134,2024-10-04,0.0001804086350603029,3.851565270451829e-05
4135,2024-10-07,0.00011702851043082774,3.82139187422581e-05
4136,2024-10-08,4.766527854371816e-05,3.417524567339569e-05
4137,2024-10-09,5.684871939592995e-05,3.939361704397015e-05
4138,2024-10-10,2.541115645726677e-05,3.7804780731676146e-05
4139,2024-10-11,6.5243693825323135e-06,4.0689134038984776e-05
4140,2024-10-14,1.6740579667384736e-05,4.325671761762351e-05
4141,2024-10-15,2.7697238692780957e-05,4.420024561113678e-05
4142,2024-10-16,2.2130443539936095e-05,3.9943635783856735e-05
4143,2024-10-17,5.464720743475482e-05,3.9239814213942736e-05
4144,2024-10-18,6.949531962163746e-05,3.7856592825846747e-05
4145,2024-10-21,6.847913027741015e-05,3.771594128920697e-05
4146,2024-10-22,0.00010719861893448979,3.716440551215783e-05
4147,2024-10-23,5.8609224652173e-05,3.831744834315032e-05
4148,2024-10-24,1.1694422028085683e-05,3.7111243727849796e-05
4149,2024-10-25,8.090450137387961e-05,3.8454101741081104e-05
4150,2024-10-28,8.071021147770807e-05,3.883676981786266e-05
4151,2024-10-29,8.276939479401335e-05,3.89446213375777e-05
4152,2024-10-30,4.025925591122359e-05,3.732313780346885e-05
4153,2024-10-31,2.2922413336345926e-05,4.163561970926821e-05
4154,2024-11-01,2.1401992853498086e-05,4.026636452181265e-05
4155,2024-11-04,0.0001631111081223935,5.436630090116523e-05
4156,2024-11-05,9.956036228686571e-05,6.168304389575496e-05
4157,2024-11-06,7.931098662083969e-05,6.571337871719152e-05
4158,2024-11-07,6.00762250542175e-05,6.22975203441456e-05
4159,2024-11-08,2.507313183741644e-05,6.539479363709688e-05
4160,2024-11-11,7.584366539958864e-05,5.716419764212333e-05
4161,2024-11-12,0.00010736836702562869,4.961431841365993e-05
4162,2024-11-13,8.56781261973083e-05,4.609394454746507e-05
4163,2024-11-14,2.6615834940457717e-05,4.547142088995315e-05
4164,2024-11-18,5.551820868276991e-05,4.54598011856433e-05
4165,2024-11-19,9.229076385963708e-05,4.938861457048915e-05
4166,2024-11-21,4.076926416018978e-05,5.5024469475029036e-05
4167,2024-11-22,0.00022164946130942553,5.785574103356339e-05
4168,2024-11-25,0.00023312773555517197,6.316978397080675e-05
4169,2024-11-26,5.474950739881024e-05,6.149461842142045e-05
4170,2024-11-27,2.4980621674330905e-05,5.612958193523809e-05
4171,2024-11-28,0.00012944119225721806,6.510518142022192e-05
4172,2024-11-29,4.1805313230725005e-05,6.296054925769567e-05
4173,2024-12-02,5.553843584493734e-05,6.14627861068584e-05
4174,2024-12-03,3.902504249708727e-05,5.4880929383216426e-05
4175,2024-12-04,2.54290243901778e-05,5.5205964599736035e-05
4176,2024-12-05,0.00018688247655518353,4.7238991101039574e-05
4177,2024-12-06,1.0693655895011034e-05,6.70714071020484e-05
4178,2024-12-09,1.2214809430588502e-05,6.327644950943068e-05
4179,2024-12-10,2.0163222870905884e-05,6.159856275189668e-05
4180,2024-12-11,6.611546723434003e-06,5.9846293879672885e-05
4181,2024-12-12,1.5539915693807416e-05,5.9287653130013496e-05
4182,2024-12-13,0.00025938270846381783,6.315954669844359e-05
4183,2024-12-16,1.8739656297839247e-05,6.706668500555679e-05
4184,2024-12-17,6.923408363945782e-05,7.155324419727549e-05
4185,2024-12-18,3.736658982234076e-05,6.62846359773539e-05
4186,2024-12-19,0.00019087106920778751,6.732332985848188e-05
4187,2024-12-20,0.00016695880913175642,6.87476058374159e-05
4188,2024-12-23,6.982155900914222e-05,6.748171290382743e-05
4189,2024-12-24,2.17211818380747e-05,6.825001764809713e-05
4190,2024-12-26,2.79225660051452e-05,6.431791553040966e-05
4191,2024-12-27,2.470402432663832e-05,6.227666744962335e-05
4192,2024-12-30,6.23339437879622e-05,6.181973003549501e-05
4193,2024-12-31,4.59627372038085e-05,6.971343827899545e-05
4194,2025-01-01,4.004130823886953e-05,6.813491199864075e-05
4195,2025-01-02,0.00013519922504201531,6.901206506881863e-05
4196,2025-01-03,2.8851234674220905e-05,6.390253111021593e-05
4197,2025-01-06,0.00017480537644587457,6.464746547862887e-05
4198,2025-01-07,2.3025409973342903e-05,6.67120621073991e-05
4199,2025-01-08,6.226081313798204e-05,5.841999518452212e-05
4200,2025-01-09,2.140440119546838e-05,5.481784319272265e-05
4201,2025-01-10,4.0651393646840006e-05,5.320296986610629e-05
4202,2025-01-13,0.00016261488781310618,4.9630460125626996e-05
4203,2025-01-14,2.443608536850661e-05,4.8958216211758554e-05
4204,2025-01-15,2.3905426132841967e-05,5.611342203337699e-05
4205,2025-01-16,5.873607733519748e-05,5.04084637213964e-05
4206,2025-01-17,2.963140286738053e-05,5.465757931233384e-05
4207,2025-01-20,4.703378363046795e-05,5.414112820290029e-05
4208,2025-01-21,0.00013874702563043684,5.142896407051012e-05
4209,2025-01-22,3.9145659684436396e-05,6.449672218877822e-05
4210,2025-01-23,2.187323843827471e-05,6.345955625874922e-05
4211,2025-01-24,6.411466165445745e-05,6.424771709134802e-05
4212,2025-01-27,7.487710536224768e-05,6.134466821094975e-05
4213,2025-01-28,8.562168659409508e-05,5.443457848741673e-05
4214,2025-01-29,3.6559798900270835e-05,6.256251799641177e-05
4215,2025-01-30,2.1718029529438354e-05,5.9028756368206814e-05
4216,2025-01-31,4.884740337729454e-05,5.925255027250387e-05
4217,2025-02-01,6.210194987943396e-05,5.945633165538311e-05
4218,2025-02-03,6.751705222995952e-05,5.793596210423857e-05
4219,2025-02-04,0.00011207790521439165,6.801986455684528e-05
4220,2025-02-05,1.6592141037108377e-05,6.54819086776115e-05
4221,2025-02-06,3.667909913929179e-05,6.460038275690749e-05
4222,2025-02-07,4.4580574467545375e-05,5.9582627727650106e-05
4223,2025-02-10,4.0176564652938396e-05,6.206394027685747e-05
4224,2025-02-11,0.00010554491746006534,6.576453597517684e-05
4225,2025-02-12,9.069172665476799e-05,5.854297342011705e-05
4226,2025-02-13,4.8912621423369274e-05,5.8931447711074725e-05
4227,2025-02-14,9.787260205484927e-05,5.594740287051536e-05
4228,2025-02-17,6.988058157730848e-05,5.9114041505381465e-05
4229,2025-02-18,3.1355673854704946e-05,6.02049331064336e-05
4230,2025-02-19,5.761194188380614e-05,6.831305654486641e-05
4231,2025-02-20,3.183748776791617e-05,6.208482955116779e-05
4232,2025-02-21,3.166812166455202e-05,6.11693030805327e-05
4233,2025-02-24,8.23550799395889e-05,6.787270831409842e-05
4234,2025-02-25,1.4397545783140231e-05,6.436356488848105e-05
4235,2025-02-27,8.082772183115594e-06,6.640269566560164e-05
4236,2025-02-28,0.000105950421129819,5.9817248256877065e-05
4237,2025-03-03,5.60634107387159e-05,5.864439663127996e-05
4238,2025-03-04,5.692168269888498e-05,6.067573849577457e-05
4239,2025-03-05,7.485097012249753e-05,6.447611667681485e-05
4240,2025-03-06,0.0001336562418146059,5.777539990958758e-05
4241,2025-03-07,2.2040609110263176e-05,6.363713328028098e-05
4242,2025-03-10,5.15769534104038e-05,5.465773938340135e-05
4243,2025-03-11,5.479192259372212e-05,5.655179847963154e-05
4244,2025-03-12,4.981230813427828e-05,5.692407285096124e-05
4245,2025-03-13,3.171868956997059e-05,5.535737727768719e-05
4246,2025-03-17,4.014718797407113e-05,6.466843478847295e-05
4247,2025-03-18,9.050389780895784e-05,6.863650196464732e-05
4248,2025-03-19,1.5030148460937198e-05,7.123840623535216e-05
4249,2025-03-20,6.928177026566118e-05,7.583664410049096e-05
4250,2025-03-21,4.611500844475813e-05,5.505118679138832e-05
4251,2025-03-24,9.556043369229883e-05,5.11197249579709e-05
4252,2025-03-25,5.917422822676599e-05,5.253185736364685e-05
4253,2025-03-26,5.0767066568369046e-05,4.350980088929646e-05
4254,2025-03-27,3.887200728058815e-05,4.805695061804727e-05
4255,2025-03-28,2.406584462733008e-05,4.6532306441804394e-05
4256,2025-04-01,0.00019237396190874279,4.088338027941063e-05
4257,2025-04-02,2.4269078494398855e-05,3.852211375487968e-05
4258,2025-04-03,7.89776022429578e-05,4.9974085413850844e-05
4259,2025-04-04,8.785441605141386e-05,4.60369665233884e-05
4260,2025-04-07,0.0028198922518640757,4.1082832467509434e-05
4261,2025-04-08,0.0002824504335876554,4.71064995508641e-05
4262,2025-04-09,2.1036594262113795e-05,4.9360740376869217e-05
4263,2025-04-11,0.00021183246280997992,4.1942927055060863e-05
4264,2025-04-15,0.000571059004869312,4.7173580242088065e-05
4265,2025-04-16,2.1920892322668806e-05,4.4498803617898375e-05
4266,2025-04-17,0.00020541534468065947,4.6677108912263066e-05
4267,2025-04-21,6.401420978363603e-05,4.328279828769155e-05
4268,2025-04-22,2.343350752198603e-05,4.4003285438520834e-05
4269,2025-04-23,0.00011791050201281905,4.5294538722373545e-05
4270,2025-04-24,1.4998330698290374e-05,3.966806616517715e-05
4271,2025-04-25,0.00016403193876612931,4.326249108999036e-05
4272,2025-04-28,5.3898122132522985e-05,4.413870192365721e-05
4273,2025-04-29,1.9453220374998637e-05,4.516276385402307e-05
4274,2025-04-30,2.5575116524123587e-05,4.635385630535893e-05
4275,2025-05-02,8.458341471850872e-05,4.890287164016627e-05
4276,2025-05-05,1.8844011719920672e-05,4.550522135104984e-05
4277,2025-05-06,2.1209089027252048e-05,4.4616426748689264e-05
4278,2025-05-07,6.642143853241578e-05,6.0084079450462013e-05
4279,2025-05-08,5.679490277543664e-05,4.802286275662482e-05
4280,2025-05-09,0.00024045300961006433,4.7886303946143016e-05
4281,2025-05-12,0.0004679064732044935,5.7064626162173226e-05
4282,2025-05-13,0.000108365471533034,7.167556032072753e-05
4283,2025-05-14,3.1612635211786255e-05,6.107439548941329e-05
4284,2025-05-15,0.00022258784156292677,4.828812598134391e-05
4285,2025-05-16,9.251172741642222e-06,5.1993527449667454e-05
4286,2025-05-19,1.2134752978454344e-05,4.957624332746491e-05
4287,2025-05-20,6.77754869684577e-05,4.9253903853241354e-05
4288,2025-05-21,4.538006032817066e-05,5.921651245444082e-05
4289,2025-05-22,6.315304199233651e-05,5.408374636317603e-05
4290,2025-05-23,4.9535319703863934e-05,5.140886059962213e-05
4291,2025-05-26,2.5896411898429506e-05,5.455176142277196e-05
4292,2025-05-27,7.221588748507202e-05,5.144525130162947e-05
4293,2025-05-28,8.991205504571553e-06,6.256651249714196e-05
4294,2025-05-29,3.7765217712149024e-05,5.459506792249158e-05
4295,2025-05-30,1.2481671546993311e-05,5.109248741064221e-05
4296,2025-06-02,4.522193921729922e-05,5.153855454409495e-05
4297,2025-06-03,7.283630111487582e-05,5.5940567108336836e-05
4298,2025-06-04,7.682866453251336e-06,4.858759348280728e-05
4299,2025-06-05,5.5271550081670284e-05,4.897754479316063e-05
4300,2025-06-06,7.097522029653192e-05,4.763492688653059e-05
4301,2025-06-09,4.32125962106511e-05,5.042038901592605e-05
4302,2025-06-10,2.566879993537441e-05,5.194584809942171e-05
4303,2025-06-11,1.2211081411805935e-05,5.6180564570240676e-05
4304,2025-06-12,7.490867574233562e-05,5.918083479627967e-05
4305,2025-06-13,0.00032782796188257635,5.027063889428973e-05
4306,2025-06-16,3.823881706921384e-05,6.193426816025749e-05
4307,2025-06-17,1.758986218192149e-05,4.654353324440308e-05
4308,2025-06-18,3.2701093005016446e-05,4.5657623559236526e-05
4309,2025-06-19,9.154605322692078e-06,5.191761738387868e-05
4310,2025-06-20,6.778757961001247e-05,4.750381413032301e-05
4311,2025-06-23,7.668976468266919e-05,4.955998156219721e-05
4312,2025-06-24,0.0001262720616068691,4.93912557431031e-05
4313,2025-06-25,2.8429521989892237e-05,4.606893708114512e-05
4314,2025-06-26,4.9819860578281805e-05,5.5389697081409395e-05
4315,2025-06-27,1.0512656444916502e-05,4.3503863707883283e-05
4316,2025-06-30,2.1242833099677227e-05,4.5530872739618644e-05
4317,2025-07-01,6.049987860023975e-06,4.249954508850351e-05
4318,2025-07-02,3.1841802410781384e-05,4.533503306447528e-05
4319,2025-07-03,2.7140267775394022e-05,4.932465162710287e-05
4320,2025-07-04,1.466498724767007e-05,3.974706487497315e-05
4321,2025-07-07,3.757078275157255e-06,4.632137279259041e-05
4322,2025-07-08,9.90697844827082e-06,4.8425783461425453e-05
4323,2025-07-09,8.135009920806624e-06,3.832259972114116e-05
4324,2025-07-10,1.95248157979222e-05,3.9042573916958645e-05
4325,2025-07-11,3.621193172875792e-05,3.6719415220431983e-05
4326,2025-07-14,1.5010222341516055e-05,4.334310506237671e-05
4327,2025-07-15,1.4275467037805356e-05,4.212584826746024e-05
4328,2025-07-16,9.927540304488502e-06,3.870184809784405e-05
4329,2025-07-17,1.0605570423649624e-05,3.745131834875792e-05
4330,2025-07-18,2.731835593294818e-05,3.926122371922247e-05
4331,2025-07-21,3.42570201610215e-05,3.591128552216105e-05
4332,2025-07-22,2.0592560758814216e-05,4.05415594286751e-05
4333,2025-07-23,2.214036248915363e-05,3.950727841584012e-05
4334,2025-07-24,2.9293703846633434e-05,4.1806746594375e-05
4335,2025-07-25,2.7394953576731496e-05,3.583236684789881e-05
4336,2025-07-28,3.945369826396927e-05,3.948031007894315e-05
4337,2025-07-29,4.2563147871987894e-05,3.570199623936787e-05
4338,2025-07-30,1.960360532393679e-05,3.736733924597502e-05
4339,2025-07-31,0.00014713294513057917,3.363546420587227e-05
4340,2025-08-01,3.616150934249163e-05,3.6962577723897994e-05
4341,2025-08-04,2.0318439055699855e-05,3.612703949329443e-05
4342,2025-08-05,1.2331396646914072e-05,3.486913919914514e-05
4343,2025-08-06,9.725678864924703e-06,3.257884964114055e-05
4344,2025-08-07,7.046487735351548e-05,3.270305387559347e-05
4345,2025-08-08,3.905642370227724e-05,3.252210808568634e-05
4346,2025-08-11,3.6290581192588434e-05,3.346135054016486e-05
4347,2025-08-12,3.902302705682814e-05,3.4069355024257675e-05
4348,2025-08-13,2.5367378839291632e-05,3.2668671337887645e-05
4349,2025-08-14,4.009486474387813e-06,3.240099977119826e-05
4350,2025-08-18,0.00017045291315298527,3.188163464074023e-05
4351,2025-08-19,1.0778442629089113e-05,3.183238732162863e-05
4352,2025-08-20,1.3808903531753458e-05,3.34615760948509e-05
4353,2025-08-21,1.859422991401516e-05,3.346444646012969e-05
4354,2025-08-22,2.8221169486641884e-05,3.179443228873424e-05
4355,2025-08-25,1.8649374396773055e-05,3.175307210767642e-05
4356,2025-08-26,3.645284959929995e-05,3.3469361369498074e-05
4357,2025-08-28,2.7809726816485636e-05,3.3139960578409955e-05
4358,2025-08-29,2.1290554286679253e-05,3.3962791349040344e-05
4359,2025-09-01,2.330340248590801e-05,3.358254616614431e-05
4360,2025-09-02,3.219555219402537e-05,3.1587467674398795e-05
4361,2025-09-03,2.706871964619495e-05,3.74936280422844e-05
4362,2025-09-04,0.00015540915774181485,3.5548295272747055e-05
4363,2025-09-05,4.1800409235293046e-05,3.335541259730235e-05
4364,2025-09-08,1.7814831153373234e-05,3.2863285014173016e-05
4365,2025-09-09,1.70513303601183e-05,3.315959475003183e-05
4366,2025-09-10,3.190846473444253e-05,3.763969289138913e-05
4367,2025-09-11,6.636676062043989e-06,3.746971924556419e-05
4368,2025-09-12,1.306119611399481e-05,3.679966175695881e-05
4369,2025-09-15,4.294410700822482e-06,3.785536318900995e-05
4370,2025-09-16,1.9652274204418063e-05,3.464728069957346e-05
4371,2025-09-17,4.972523584001465e-06,3.238641511416063e-05
4372,2025-09-18,3.011675289599225e-05,3.516816650517285e-05
4373,2025-09-19,1.105533283407567e-05,3.374071093276143e-05
4374,2025-09-22,3.0215282095014118e-05,3.3891414204845205e-05
4375,2025-09-23,1.6996375052258372e-05,3.219954305677675e-05
4376,2025-09-24,1.38067707666778e-05,3.541412661434151e-05
4377,2025-09-25,2.6520390747464262e-05,3.3008429454639554e-05
4378,2025-09-26,4.003748836112209e-05,3.581709097488783e-05
4379,2025-09-29,2.8242709959158674e-05,3.541976911947131e-05
4380,2025-09-30,1.6871103071025573e-05,3.403373193577863e-05
4381,2025-10-01,3.8080983358668163e-05,3.398546687094495e-05
4382,2025-10-03,2.311444768565707e-05,3.571714842109941e-05
4383,2025-10-06,2.5636165446485393e-05,3.449094947427511e-05
4384,2025-10-07,1.6601226889179088e-05,3.6646859371103346e-05
4385,2025-10-08,2.197862704633735e-05,3.5212364309700206e-05
4386,2025-10-09,1.8022645235760137e-05,3.321295662317425e-05
4387,2025-10-10,1.6808822692837566e-05,3.1673680496169254e-05
4388,2025-10-13,2.5359371647937223e-05,3.247217682655901e-05
4389,2025-10-14,3.812818613369018e-05,3.14687640639022e-05
4390,2025-10-15,2.449621206324082e-05,3.120309338555671e-05
4391,2025-10-16,4.006491508334875e-05,3.075679705943912e-05
4392,2025-10-17,4.058112972415984e-05,3.225763066438958e-05
4393,2025-10-20,3.027658021892421e-05,3.0336695999721996e-05
4394,2025-10-21,1.0902229405473918e-05,3.0989336664788425e-05
4395,2025-10-23,8.189752406906337e-05,3.136554732918739e-05
4396,2025-10-24,3.0684255762025714e-05,3.2043557439465076e-05
4397,2025-10-27,1.9693925423780456e-05,3.1917716114548966e-05
4398,2025-10-28,2.7662155844154768e-05,3.093465056736022e-05
4399,2025-10-29,1.2643020454561338e-05,3.27087655023206e-05
4400,2025-10-30,2.4526625566068105e-05,3.344214565004222e-05
4401,2025-10-31,3.27556517731864e-05,3.214137177565135e-05
4402,2025-11-03,1.3487026080838405e-05,3.123679925920442e-05
4403,2025-11-04,2.297261744388379e-05,3.2936575735220686e-05
4404,2025-11-06,2.016881808231119e-05,3.129607648588717e-05
4405,2025-11-07,3.822714643320069e-05,3.2238534913631156e-05
4406,2025-11-10,1.4758089491806459e-05,3.122044654446654e-05
4407,2025-11-11,4.9638456403044984e-05,3.2069601729745045e-05
4408,2025-11-12,4.0907681977842e-05,3.170206036884338e-05
4409,2025-11-13,2.2049123799661174e-05,3.190307688782923e-05
4410,2025-11-14,3.851624205708504e-05,3.107240263489075e-05
4411,2025-11-17,9.5017057901714e-06,3.410579665796831e-05
4412,2025-11-18,1.2130669347243384e-05,3.3087886549765244e-05
4413,2025-11-19,2.4512477466487326e-05,3.4584358218126e-05
4414,2025-11-20,2.5663242922746576e-05,3.571115303202532e-05
4415,2025-11-21,1.919529131555464e-05,3.427463525440544e-05
4416,2025-11-24,3.106588337686844e-05,3.3185944630531594e-05
4417,2025-11-25,1.7497957742307335e-05,3.700793604366481e-05
4418,2025-11-26,7.20826064934954e-05,3.6250563425710425e-05
4419,2025-11-27,1.850170156103559e-05,3.460438529145904e-05
4420,2025-11-28,6.42361646896461e-06,3.6732621083501726e-05
4421,2025-12-01,4.29900610470213e-05,3.399885827093385e-05
4422,2025-12-02,2.3759601390338503e-05,3.5608449252322316e-05
4423,2025-12-03,1.67141934070969e-05,3.7072579289088026e-05
4424,2025-12-04,1.2658716514124535e-05,3.4585053072078153e-05
4425,2025-12-05,2.509049591026269e-05,3.589108746382408e-05
4426,2025-12-08,4.277519474271685e-05,3.5442542866803706e-05
4427,2025-12-09,3.347616075188853e-05,3.682454916997813e-05
4428,2025-12-10,2.5272214770666324e-05,3.432638550293632e-05
4429,2025-12-11,2.8077280148863792e-05,3.771745468839072e-05
4430,2025-12-12,1.5103069017641246e-05,3.479423321550712e-05
4431,2025-12-15,3.0305409381981008e-05,3.618238406488672e-05
4432,2025-12-16,1.9174414774170145e-05,3.6599813029170036e-05
4433,2025-12-17,1.5461360817425884e-05,3.3608561352593824e-05
4434,2025-12-18,2.0894794943160377e-05,3.430491415201686e-05
4435,2025-12-19,2.0069008314749226e-05,3.530385947669856e-05
4436,2025-12-22,2.0571891582221724e-05,3.4462736948626116e-05
4437,2025-12-23,8.323384463437833e-06,3.333105632918887e-05
4438,2025-12-24,7.308975455089239e-06,3.619570634327829e-05
4439,2025-12-26,9.709080586617347e-06,3.462597305770032e-05
4440,2025-12-29,1.8056813132716343e-05,3.850647044600919e-05
4441,2025-12-30,5.098274868942099e-06,3.465633562882431e-05
4442,2025-12-31,2.6699093723436818e-05,3.2618834666209295e-05
4443,2026-01-01,6.257567292777821e-06,3.4918990422738716e-05
4444,2026-01-02,2.4409042453044094e-05,3.384115916560404e-05
4445,2026-01-05,1.2846406207245309e-05,3.386040043551475e-05
4446,2026-01-06,1.6481370039400645e-05,3.339879913255572e-05
4447,2026-01-07,9.130759281106293e-06,3.4567838156362996e-05
4448,2026-01-08,3.939444286515936e-05,3.720440872712061e-05
4449,2026-01-09,5.319997944752686e-05,3.5147717426298186e-05
4450,2026-01-12,7.355584239121526e-05,3.5508754081092775e-05
4451,2026-01-13,6.9355548475869e-05,3.548184031387791e-05
4452,2026-01-14,3.155721060466021e-05,3.274025220889598e-05
4453,2026-01-16,3.404285234864801e-05,3.341542833368294e-05
4454,2026-01-19,1.958430220838636e-05,3.3329721190966666e-05
4455,2026-01-20,9.125095675699413e-05,3.343796925037168e-05
4456,2026-01-21,9.251424489775673e-05,3.3902535506058484e-05
4457,2026-01-22,9.198103361995891e-05,3.2260340958600864e-05
4458,2026-01-23,6.041486994945444e-05,3.2579908292973414e-05
4459,2026-01-27,5.417552529252134e-05,3.221158476662822e-05
4460,2026-01-28,2.95441277557984e-05,3.184189336025156e-05
4461,2026-01-29,5.701866393792443e-05,3.20595754601527e-05
4462,2026-01-30,5.8688423450803384e-05,3.267038846388459e-05
4463,2026-02-02,0.0005419405060820282,3.0868901376379654e-05
4464,2026-02-03,0.002499097492545843,3.309148451080546e-05
4465,2026-02-04,3.911904786946252e-05,3.05265566566959e-05
4466,2026-02-05,1.8604801880428568e-05,3.259917866671458e-05
4467,2026-02-06,3.0285560569609515e-05,3.168534385622479e-05
4468,2026-02-09,6.842525908723474e-05,3.1410716474056244e-05
4469,2026-02-10,1.1523310604388826e-05,3.0741372029297054e-05
4470,2026-02-11,1.2540338502731174e-05,3.359324182383716e-05
4471,2026-02-12,1.672183134360239e-05,3.485594061203301e-05
4472,2026-02-13,0.00010262527212034911,3.5318978916620836e-05
4473,2026-02-16,5.843582403031178e-05,3.4904805943369865e-05
4474,2026-02-17,2.245494761154987e-05,3.290631138952449e-05
4475,2026-02-18,2.273583049827721e-05,3.347054371261038e-05
4476,2026-02-19,0.00013231557386461645,3.259995355620049e-05
4477,2026-02-20,4.6899007429601625e-05,3.9332393498625606e-05
4478,2026-02-23,3.070027014473453e-05,3.909991937689483e-05
4479,2026-02-24,6.340154504869133e-05,3.637103509390727e-05
4480,2026-02-25,4.109344808966853e-05,3.889221261488274e-05
4481,2026-02-26,2.6629824787960388e-05,3.9248046959983185e-05
4482,2026-02-27,6.139190372778103e-05,3.62622486136388e-05
4483,2026-03-02,0.0005174900288693607,4.080851067556068e-05
4484,2026-03-04,0.0004246357420925051,3.720213862834498e-05
4485,2026-03-05,8.791601430857554e-05,5.167232302483171e-05
4486,2026-03-06,6.487877544714138e-05,5.2403469453565776e-05
4487,2026-03-09,0.0006737985531799495,4.7718222049297765e-05
4488,2026-03-10,0.00015199524932540953,4.5465225412044674e-05
4489,2026-03-11,0.00012750027235597372,4.697134136222303e-05
4490,2026-03-12,0.00011359603377059102,4.48883802164346e-05
4491,2026-03-13,0.0001460522908018902,4.332434036768973e-05
4492,2026-03-16,0.00018970618839375675,4.0857579733710736e-05
4493,2026-03-17,7.366824138443917e-05,4.095190524822101e-05
4494,2026-03-18,4.2822259274544194e-05,4.224867370794527e-05
4495,2026-03-19,0.0007415184518322349,4.381046164780855e-05
4496,2026-03-20,9.072580724023283e-05,4.100138175999746e-05
4497,2026-03-23,0.00025461430777795613,4.06047074648086e-05
4498,2026-03-24,0.0003863003512378782,5.247397712082602e-05
4499,2026-03-25,0.00015842492575757205,4.466973405214958e-05
4500,2026-03-27,0.00012593161955010146,4.344606350059621e-05
4501,2026-03-30,0.0002719479671213776,5.2122955821687356e-05
4502,2026-04-01,0.0006973691051825881,4.356414501671679e-05
4503,2026-04-02,0.0004213629581499845,4.125129635212943e-05
4504,2026-04-06,0.00016911885177250952,5.0036029278999195e-05
4505,2026-04-07,0.00015710272418800741,7.21705800970085e-05
4506,2026-04-08,0.0009926077909767628,7.446464587701485e-05
4507,2026-04-09,6.905946793267503e-05,5.420281013357453e-05
4508,2026-04-10,4.732150773634203e-05,6.172129360493273e-05
4509,2026-04-13,0.00044877061736769974,8.476470247842371e-05
4510,2026-04-15,0.00018992414698004723,5.6638422393007204e-05
4511,2026-04-16,9.40361205721274e-05,7.795957935741171e-05
4512,2026-04-17,4.6497305447701365e-05,6.835020030848682e-05
4513,2026-04-20,3.498825753922574e-05,7.843858475098386e-05
4514,2026-04-21,3.4401429729769006e-05,7.562596874777228e-05
4515,2026-04-22,3.364813528605737e-05,6.624406523769721e-05
4516,2026-04-23,7.237411773530766e-05,6.0345941164996475e-05
4517,2026-04-24,9.808901086216792e-05,0.00010732996452134103
4518,2026-04-27,2.6399166017654352e-05,7.543861283920705e-05
4519,2026-04-28,3.68959445040673e-05,0.00010046454553958029
4520,2026-04-29,6.842396396677941e-05,8.738313772482798e-05
4521,2026-04-30,0.00011198399442946538,7.815983553882688e-05
4522,2026-05-04,6.0736809246009216e-05,9.131337719736621e-05
4523,2026-05-05,3.90740497095976e-05,0.00010890243720496073
4524,2026-05-06,0.00011834489851025864,8.642622560728341e-05
4525,2026-05-07,3.0471959689748473e-05,0.00013161559763830155
4526,2026-05-08,2.433489862596616e-05,0.00010776844283100218
4527,2026-05-11,9.647603292251006e-05,0.00010330014629289508
4528,2026-05-12,0.00011710799299180508,7.796158752171323e-05
4529,2026-05-13,6.523078627651557e-05,8.806151890894398e-05
4530,2026-05-14,9.8596399766393e-05,6.81489473208785e-05
4531,2026-05-15,3.7227229768177494e-05,9.125095675699413e-05
4532,2026-05-18,0.00014162423030938953,6.762847624486312e-05
4533,2026-05-19,2.698739626794122e-05,7.627073500771075e-05
4534,2026-05-20,9.917835996020585e-05,7.01735625625588e-05
4535,2026-05-21,9.35562202357687e-05,7.035085582174361e-05
4536,2026-05-22,2.4257878976641223e-05,6.34921234450303e-05
4537,2026-05-25,9.606354433344677e-05,6.313039921224117e-05
4538,2026-05-26,2.7284793759463355e-05,6.462902820203453e-05
4539,2026-05-27,1.2634909580810927e-05,7.642954733455554e-05
4540,2026-05-29,0.00016014707216527313,5.523371510207653e-05
4541,2026-06-01,7.035957969492301e-05,5.882346522412263e-05
