index,date,y_true,y_pred
1000,2011-12-23,0.00011842892979749236,0.00026595318922773004
1001,2011-12-27,0.0002814907743739401,0.00025027443189173937
1002,2011-12-28,8.235056247501118e-05,0.00012721389066427946
1003,2011-12-29,9.039681329724327e-05,0.00020329729886725545
1004,2011-12-30,0.00011413054832162951,0.00016240890545304865
1005,2012-01-03,0.00026712055734660347,0.00015921585145406425
1006,2012-01-04,4.9390575133281664e-05,0.00014647158968728036
1007,2012-01-05,3.772576829060178e-05,0.000179395210579969
1008,2012-01-06,0.00020161833039830467,0.00018802267732098699
1009,2012-01-09,8.049748813342523e-05,0.0002183627657359466
1010,2012-01-10,0.0001494892018385893,0.00019158412760589272
1011,2012-01-11,2.5958201211331028e-05,6.995999865466729e-05
1012,2012-01-12,7.72022012958658e-05,0.00013264875451568514
1013,2012-01-13,9.870482245417006e-05,0.00019505710224620998
1014,2012-01-16,6.28211326600913e-05,0.0003216533805243671
1015,2012-01-17,0.00011082705702725984,0.00024830520851537585
1016,2012-01-18,4.412739810980746e-05,0.00033825606806203723
1017,2012-01-19,7.615088960308307e-05,0.00038275611586868763
1018,2012-01-20,8.251671773399174e-05,0.0002596401027403772
1019,2012-01-23,4.154467398428744e-05,0.00022683755378238857
1020,2012-01-24,0.00012083712566699823,0.00033892400097101927
1021,2012-01-25,4.643084223677742e-05,0.0003196007164660841
1022,2012-01-27,0.00018525830571962956,0.00014404462126549333
1023,2012-01-30,0.00016672115311272057,0.00012181382771814242
1024,2012-01-31,0.00017086885184436565,0.00014519348042085767
1025,2012-02-01,0.00010126764353538766,7.810707757016644e-05
1026,2012-02-02,0.00010556267736452432,0.00010066902177641168
1027,2012-02-03,7.789539473831196e-05,0.00033518855343572795
1028,2012-02-06,0.00015229906555186298,0.00020787713583558798
1029,2012-02-07,0.00018798218230304858,0.00019867770606651902
1030,2012-02-08,6.299476653004354e-05,0.00017305888468399644
1031,2012-02-09,0.00010552769936419439,0.000205272386665456
1032,2012-02-10,9.297077280529584e-05,0.00025040743639692664
1033,2012-02-13,5.5213393139362436e-05,0.0002708016836550087
1034,2012-02-14,3.278226378094553e-05,0.00016725427121855319
1035,2012-02-15,0.0001423303420325353,0.00016216019866988063
1036,2012-02-16,4.0214093403971926e-05,0.00024227557878475636
1037,2012-02-17,0.00013073248226420475,0.00020556211529765278
1038,2012-02-21,4.0634289799988644e-05,0.00023997329117264599
1039,2012-02-22,0.00020914480890194134,0.00020279073214624077
1040,2012-02-23,7.84045441353802e-05,0.00013748662604484707
1041,2012-02-24,0.00015262295689635622,0.0001246887695742771
1042,2012-02-27,0.00040240372563595585,0.00017047824803739786
1043,2012-02-28,0.00011625035252605656,0.00024474578094668686
1044,2012-02-29,0.00021262074579254356,0.00020370814308989793
1045,2012-03-01,9.313417158560816e-05,0.0002068002795567736
1046,2012-03-02,0.00010525357313194616,0.00010670097981346771
1047,2012-03-05,8.596129792600559e-05,0.00010398690210422501
1048,2012-03-06,0.0004871790506383391,5.1915882067987695e-05
1049,2012-03-07,7.439790636054269e-05,7.483163062715903e-05
1050,2012-03-09,0.00022726877970320104,7.78775429353118e-05
1051,2012-03-12,0.0003733602109140209,0.00012009798956569284
1052,2012-03-13,6.150235551670266e-05,0.0001559689117129892
1053,2012-03-14,0.00017046449637777447,8.987000182969496e-05
1054,2012-03-15,0.00011925083866219604,0.00018595038272906095
1055,2012-03-16,0.0002579592604460923,0.0001561975514050573
1056,2012-03-19,0.00014147306856952398,0.00012421721476130188
1057,2012-03-20,4.905284769318898e-05,0.000110628578113392
1058,2012-03-21,0.00016387476548059663,9.046901686815545e-05
1059,2012-03-22,0.00038939853877663344,0.00012074741971446201
1060,2012-03-23,0.0001278935980008644,0.00010285689495503902
1061,2012-03-26,0.00012545421814565692,0.0001532693422632292
1062,2012-03-27,0.00023862542696973362,9.173906437354162e-05
1063,2012-03-28,6.500867442529342e-05,0.00011081938282586634
1064,2012-03-29,0.00013195839197377099,9.210997814079747e-05
1065,2012-03-30,0.00016016406633260474,0.00010568430298008025
1066,2012-04-02,3.300236549826398e-05,7.253504008986056e-05
1067,2012-04-03,5.87935064921161e-05,9.618372132536024e-05
1068,2012-04-04,4.470958252535276e-05,7.17512666597031e-05
1069,2012-04-09,0.00010172540738397269,6.373546057147905e-05
1070,2012-04-10,4.833184867406059e-05,5.9175523347221315e-05
1071,2012-04-11,0.00011078323217885492,8.83905086084269e-05
1072,2012-04-12,3.9861172580942284e-05,0.00014420667139347643
1073,2012-04-13,0.00020327378464616246,8.413747127633542e-05
1074,2012-04-16,4.138292550267914e-05,8.237039583036676e-05
1075,2012-04-17,0.0001859155107464405,4.4539694499690086e-05
1076,2012-04-18,6.431487905378303e-05,9.175438026431948e-05
1077,2012-04-19,5.001085127121379e-05,4.99111192766577e-05
1078,2012-04-20,0.00011571906305371627,8.094123040791601e-05
1079,2012-04-23,0.00019549094453192412,0.00011711794650182128
1080,2012-04-24,4.976164391411318e-05,0.00010129199654329568
1081,2012-04-25,7.90269390112168e-05,0.00011037712829420343
1082,2012-04-26,2.3576401764663333e-05,0.00010585316340439022
1083,2012-04-27,5.801362839689101e-05,0.00013936965842731297
1084,2012-04-30,5.192300548580243e-05,9.528852388029918e-05
1085,2012-05-02,3.7102656399580094e-05,0.00014627545897383243
1086,2012-05-03,4.523896557360595e-05,9.876560216071084e-05
1087,2012-05-04,0.0001633569809363827,0.00014370954886544496
1088,2012-05-07,0.00043679751860812134,8.691522089065984e-05
1089,2012-05-08,0.00024726067290296194,6.433932139771059e-05
1090,2012-05-09,0.00010067811379711375,5.8124180213781074e-05
1091,2012-05-10,0.00012902943846835685,5.7832017773762345e-05
1092,2012-05-11,9.86660859528083e-05,0.00011232133692828938
1093,2012-05-14,9.649309144339993e-05,0.0001056948967743665
1094,2012-05-15,0.0001668251367408501,7.254030060721561e-05
1095,2012-05-16,0.00022061269058946611,8.996896940516308e-05
1096,2012-05-17,9.68356938171289e-05,8.341728971572593e-05
1097,2012-05-18,0.0004388613819708845,9.619656339054927e-05
1098,2012-05-22,0.00032544030758871326,9.327204315923154e-05
1099,2012-05-23,5.440420859287591e-05,8.654062548885122e-05
1100,2012-05-24,0.0001849434599542616,6.954948185011744e-05
1101,2012-05-25,3.949887905066694e-05,9.757324733072892e-05
1102,2012-05-28,6.17718255454806e-05,6.18791818851605e-05
1103,2012-05-29,3.5305805442831424e-05,7.799758168403059e-05
1104,2012-05-30,4.76948001187113e-05,9.515538840787485e-05
1105,2012-05-31,0.00013573709884382492,9.105909703066573e-05
1106,2012-06-01,0.0001302587464166083,9.867907647276297e-05
1107,2012-06-04,0.0001998836246396283,0.0001017318936646916
1108,2012-06-05,5.8368973262918304e-05,0.00014487880980595946
1109,2012-06-06,0.00023836332435316383,5.249570313026197e-05
1110,2012-06-07,9.739127686938205e-05,0.00012615470041055232
1111,2012-06-08,0.00012053240817543131,0.00014816239126957953
1112,2012-06-11,0.00012396536481258145,8.598713611718267e-05
1113,2012-06-12,0.00023071003800338122,0.00017789339472074062
1114,2012-06-13,3.090957357909485e-05,0.00012146859080530703
1115,2012-06-14,0.00010166277914995135,9.777762898011133e-05
1116,2012-06-15,8.606792015430292e-05,0.00011216056009288877
1117,2012-06-18,0.0003292094236110085,0.0001873051660368219
1118,2012-06-19,6.363207098852866e-05,0.00011728023673640564
1119,2012-06-20,2.6207489462809843e-05,0.00014554588415194303
1120,2012-06-21,9.65812559803681e-05,0.00013080249482300133
1121,2012-06-22,0.000207359734108546,0.00012377802340779454
1122,2012-06-25,0.00011397953875698404,0.00010748126078397036
1123,2012-06-26,2.1323970903067842e-05,0.00015619531041011214
1124,2012-06-27,4.3068563945047956e-05,0.000128170067910105
1125,2012-06-28,1.846884769351679e-05,8.706911467015743e-05
1126,2012-06-29,0.00018318831109269548,0.0001228350301971659
1127,2012-07-02,1.879493931918031e-05,8.633824472781271e-05
1128,2012-07-03,4.56037201016941e-05,0.0001345823984593153
1129,2012-07-04,4.684721943088439e-05,0.00014437592471949756
1130,2012-07-05,2.4922422667117014e-05,0.0003567565290722996
1131,2012-07-06,2.68663966346735e-05,0.00011314303264953196
1132,2012-07-09,6.112509254172237e-05,0.00022607218124903738
1133,2012-07-10,5.375894261910255e-05,6.273865437833592e-05
1134,2012-07-11,4.9867556741221005e-05,0.0001131434619310312
1135,2012-07-12,0.0001816213549377757,0.00011293713032500818
1136,2012-07-13,3.484244550528343e-05,7.280241698026657e-05
1137,2012-07-16,4.065027074368219e-05,0.00013167773431632668
1138,2012-07-17,7.223810091349742e-05,8.846598211675882e-05
1139,2012-07-18,4.3743195964700634e-05,9.61252226261422e-05
1140,2012-07-19,4.8414176730087854e-05,7.983155228430405e-05
1141,2012-07-20,2.3996724537698073e-05,9.721954847918823e-05
1142,2012-07-23,0.00010631789344854725,5.450958997244015e-05
1143,2012-07-24,2.657309929860412e-05,7.876593008404598e-05
1144,2012-07-25,4.0700374807195046e-05,6.989404937485233e-05
1145,2012-07-26,0.00012757741433196186,0.0001357869041385129
1146,2012-07-27,0.00032235788330608106,0.00024969084188342094
1147,2012-07-30,0.00010954640594142006,0.0001014553927234374
1148,2012-07-31,0.00012523698435464964,0.00010691917123040184
1149,2012-08-01,1.6431453516940496e-05,0.00011898588854819536
1150,2012-08-02,1.3170367051296219e-05,0.00010383113112766296
1151,2012-08-03,8.459947474849641e-05,0.00012556846195366234
1152,2012-08-06,8.820213188422257e-05,7.700356945861131e-05
1153,2012-08-07,6.122679356785002e-05,6.837112596258521e-05
1154,2012-08-08,3.491052587749492e-05,7.337376155192032e-05
1155,2012-08-09,4.1286045978838254e-05,7.764047040836886e-05
1156,2012-08-10,2.3140653005165117e-05,5.057835369370878e-05
1157,2012-08-13,2.289448569053037e-05,4.378043377073482e-05
1158,2012-08-14,4.094741313274507e-05,9.097125439438969e-05
1159,2012-08-16,1.4506726751830742e-05,0.00011852935131173581
1160,2012-08-17,4.042603141606514e-05,9.099268936552107e-05
1161,2012-08-21,3.7436826532769526e-05,0.00014405176625587046
1162,2012-08-22,4.291426045462803e-05,0.00012044989125570282
1163,2012-08-23,3.972813004257747e-05,6.125213258201256e-05
1164,2012-08-24,2.7932776093366354e-05,5.7031666074180976e-05
1165,2012-08-27,3.271134035247067e-05,5.508059257408604e-05
1166,2012-08-29,4.877374443347274e-05,0.0001179628015961498
1167,2012-08-30,0.00010678954065539667,7.38112794351764e-05
1168,2012-08-31,6.238508275778173e-05,7.301608275156468e-05
1169,2012-09-03,4.5686485535526806e-05,7.894973532529548e-05
1170,2012-09-04,2.6968202392885867e-05,4.805488424608484e-05
1171,2012-09-05,5.632593698609306e-05,0.00011844933760585263
1172,2012-09-06,3.061477523981973e-05,8.426161366514862e-05
1173,2012-09-07,0.00019888279871401604,6.358962855301797e-05
1174,2012-09-10,2.1663822527517755e-05,5.057965972810052e-05
1175,2012-09-11,7.020125385499147e-05,5.509913535206579e-05
1176,2012-09-12,2.7290745129104744e-05,4.33380228059832e-05
1177,2012-09-13,7.938397425310236e-06,0.0001160462707048282
1178,2012-09-14,0.0003273158345356238,0.00010566727723926306
1179,2012-09-17,0.00014053919788437787,6.44073516014032e-05
1180,2012-09-18,1.4273074663479947e-05,5.3182018746156245e-05
1181,2012-09-20,0.00015822520728389703,4.966899723513052e-05
1182,2012-09-21,0.0002445458831251483,4.134258415433578e-05
1183,2012-09-24,2.4046303271995458e-05,7.329438085434958e-05
1184,2012-09-25,2.7122396106410454e-05,6.634281453443691e-05
1185,2012-09-26,2.5470371073918194e-05,6.552970444317907e-05
1186,2012-09-27,3.449066395793313e-05,4.827605880564079e-05
1187,2012-09-28,7.534482290003559e-05,5.629592851619236e-05
1188,2012-10-01,9.057197498392096e-06,5.714599319617264e-05
1189,2012-10-03,9.997077184030429e-06,2.320113344467245e-05
1190,2012-10-04,4.747932521146569e-05,9.621105709811673e-05
1191,2012-10-05,0.018615232857210978,9.86274317256175e-05
1192,2012-10-08,7.775190681072206e-05,0.00014971800555940717
1193,2012-10-09,5.8440334908762963e-05,7.521620864281431e-05
1194,2012-10-10,5.176164982895675e-05,6.312991899903864e-05
1195,2012-10-11,7.902182197821344e-05,8.93157412065193e-05
1196,2012-10-12,7.243701108254257e-05,6.42232844256796e-05
1197,2012-10-15,2.170789447005765e-05,0.0001326706405961886
1198,2012-10-16,7.456883176944743e-05,6.964997737668455e-05
1199,2012-10-17,6.603907401051927e-05,0.00014209015353117138
1200,2012-10-18,6.499608027306166e-05,0.0001463203807361424
1201,2012-10-19,3.7261685077944394e-05,7.165703573264182e-05
1202,2012-10-22,5.0743588507183014e-05,0.00011195420665899292
1203,2012-10-23,1.62084500745669e-05,0.00010427767847431824
1204,2012-10-25,1.2459208373901737e-05,8.156913827406242e-05
1205,2012-10-29,8.038171425201321e-05,8.457608055323362e-05
1206,2012-10-30,0.00011413446745512082,4.665485903387889e-05
1207,2012-10-31,1.903905180188835e-05,9.585406951373443e-05
1208,2012-11-01,2.740165210323122e-05,7.145354175008833e-05
1209,2012-11-02,9.024685998261915e-05,6.5702544816304e-05
1210,2012-11-05,1.0431483351604407e-05,7.435982843162492e-05
1211,2012-11-06,1.773611814843626e-05,8.356029138667509e-05
1212,2012-11-07,4.596073058758185e-05,0.00014722994819749147
1213,2012-11-08,0.00010634130129039316,7.747412018943578e-05
1214,2012-11-09,5.9101271960584636e-05,0.00014139048289507627
1215,2012-11-12,3.0488768309756514e-05,8.961008279584348e-05
1216,2012-11-15,6.601471749577865e-05,0.00013011919509153813
1217,2012-11-16,8.902496682234918e-05,5.256894655758515e-05
1218,2012-11-19,2.0960005154177567e-05,3.463040047790855e-05
1219,2012-11-20,8.353196630513377e-05,6.816571112722158e-05
1220,2012-11-21,4.332587304892978e-05,6.721272802678868e-05
1221,2012-11-22,1.932291324268603e-05,0.00011813898890977725
1222,2012-11-23,3.226007153250479e-05,0.0001225243031512946
1223,2012-11-26,2.371105108230429e-05,0.0001045257959049195
1224,2012-11-27,7.528811177273037e-05,6.46319895167835e-05
1225,2012-11-29,9.909859172908017e-05,8.628104114905e-05
1226,2012-11-30,3.589561818594228e-05,4.5614055125042796e-05
1227,2012-12-03,1.924373019745432e-05,5.1164453907404095e-05
1228,2012-12-04,1.3037877639907191e-05,6.254056643228978e-05
1229,2012-12-05,1.532501371113619e-05,2.91056239802856e-05
1230,2012-12-06,0.0001760896276974992,0.00011125758464913815
1231,2012-12-07,3.5838456178933825e-05,8.618105493951589e-05
1232,2012-12-10,1.4472180833363621e-05,8.417647768510506e-05
1233,2012-12-11,0.00010081689918340179,8.197073475457728e-05
1234,2012-12-12,3.5101400036161404e-05,6.910248339409009e-05
1235,2012-12-13,4.6958454158741234e-05,0.0001483224332332611
1236,2012-12-14,2.211028987139598e-05,0.00023123058781493455
1237,2012-12-17,2.596284301411303e-05,0.00012697064084932208
1238,2012-12-18,8.950833728618655e-05,0.0001599320094101131
1239,2012-12-19,1.9876482288371285e-05,5.307956598699093e-05
1240,2012-12-20,4.015612904585067e-05,0.00018683134112507105
1241,2012-12-21,4.458982849407565e-05,0.00034451516694389284
1242,2012-12-24,2.1025963285826505e-05,5.007407526136376e-05
1243,2012-12-26,3.505247309889827e-05,5.719179171137512e-05
1244,2012-12-27,5.999115893699705e-05,6.435558316297829e-05
1245,2012-12-28,2.1009244790702335e-05,3.792666029767133e-05
1246,2012-12-31,6.898550980397025e-06,5.061777847004123e-05
1247,2013-01-02,0.00017672040331452723,3.367992030689493e-05
1248,2013-01-03,2.6949767378723e-05,5.38751482963562e-05
1249,2013-01-04,2.0368095411932226e-05,9.388245234731585e-05
1250,2013-01-07,5.9167645841048763e-05,8.03667280706577e-05
1251,2013-01-08,1.927316223472055e-05,8.804749813862145e-05
1252,2013-01-09,3.5867892097205244e-05,7.849732355680317e-05
1253,2013-01-10,5.408625610547154e-05,7.539473881479353e-05
1254,2013-01-11,0.00011106601211905322,0.00010081005893880501
1255,2013-01-14,5.979124891776423e-05,4.943941894453019e-05
1256,2013-01-15,2.8329325669237457e-05,0.00013091931759845465
1257,2013-01-16,3.939978929269253e-05,0.00012598457396961749
1258,2013-01-17,3.899554003757296e-05,7.544681284343824e-05
1259,2013-01-18,2.319854900670871e-05,5.1416362111922354e-05
1260,2013-01-21,2.0657540421804304e-05,9.017382399179041e-05
1261,2013-01-22,3.502066923464479e-05,7.426068623317406e-05
1262,2013-01-23,2.4283507120777365e-05,7.590270979562774e-05
1263,2013-01-24,3.238825795211792e-05,6.777638918720186e-05
1264,2013-01-25,4.100443305410099e-05,3.6959936551284045e-05
1265,2013-01-28,8.489545712396905e-06,3.8593563658650964e-05
1266,2013-01-29,5.976315632305722e-05,3.892423410434276e-05
1267,2013-01-30,1.3383566482520606e-05,3.3171483664773405e-05
1268,2013-01-31,1.2673739324959268e-05,2.8351085347821936e-05
1269,2013-02-01,4.600585016920553e-05,9.632398723624647e-05
1270,2013-02-04,4.995953524064686e-05,9.44807252380997e-05
1271,2013-02-05,4.931911701564049e-05,6.666658737231046e-05
1272,2013-02-06,4.0717649980248616e-05,0.0001269711065106094
1273,2013-02-07,4.758004624940128e-05,9.010807116283104e-05
1274,2013-02-08,4.928297759357344e-05,7.32220069039613e-05
1275,2013-02-11,2.9256415051609915e-05,9.486987255513668e-05
1276,2013-02-12,1.6706184147464525e-05,7.879741315264255e-05
1277,2013-02-13,3.4840467655964394e-05,0.00010306084004696459
1278,2013-02-14,2.9897294304821746e-05,0.0002493959618732333
1279,2013-02-15,4.1532684463449983e-05,0.00020912845502607524
1280,2013-02-18,1.0195570682363746e-05,9.122650953941047e-05
1281,2013-02-19,4.049095999329924e-05,0.00010902796202572063
1282,2013-02-20,3.0539188564802946e-05,8.362351218238473e-05
1283,2013-02-21,8.900674574112384e-05,8.092139614745975e-05
1284,2013-02-22,2.4304672144889663e-05,7.189600000856444e-05
1285,2013-02-25,4.4154006136713416e-05,0.00010765194747364148
1286,2013-02-26,9.123939472892992e-05,3.7936279113637283e-05
1287,2013-02-27,6.492734423679488e-05,3.0005032385815866e-05
1288,2013-02-28,0.00036294586057602433,4.347694630268961e-05
1289,2013-03-01,3.8798556990831824e-05,4.406190782901831e-05
1290,2013-03-04,3.861188809820392e-05,5.1184804760850966e-05
1291,2013-03-05,6.472386056758574e-05,5.511595372809097e-05
1292,2013-03-06,4.3032690369405256e-05,3.522435508784838e-05
1293,2013-03-07,6.899653254590373e-05,4.570327655528672e-05
1294,2013-03-08,5.947286535673953e-05,4.009717667941004e-05
1295,2013-03-11,1.714351078187132e-05,3.7098649045219645e-05
1296,2013-03-12,3.4063247719821736e-05,5.21857691637706e-05
1297,2013-03-13,5.0512429983088326e-05,5.1214883569628e-05
1298,2013-03-14,0.0001787944453546776,8.738139149500057e-05
1299,2013-03-15,7.278011372472201e-05,4.8606412747176364e-05
1300,2013-03-18,0.00010540267542449822,5.0622413255041465e-05
1301,2013-03-19,0.0002149200648145051,4.5971988583914936e-05
1302,2013-03-20,4.2212803402931755e-05,3.777260280912742e-05
1303,2013-03-21,0.00014389953084679636,3.602204378694296e-05
1304,2013-03-22,3.816002728124065e-05,5.8090387028642e-05
1305,2013-03-25,0.0001894124803643114,5.438761945697479e-05
1306,2013-03-26,3.395527778001207e-05,2.997334195242729e-05
1307,2013-03-28,9.292225083624032e-05,0.00010080188803840429
1308,2013-04-01,2.7659263726904485e-05,6.906328781042248e-05
1309,2013-04-02,4.742499682033169e-05,7.362209726125002e-05
1310,2013-04-03,9.81228119505237e-05,8.275668369606137e-05
1311,2013-04-04,9.94149779681601e-05,7.422875933116302e-05
1312,2013-04-05,2.184427788683998e-05,7.430730329360813e-05
1313,2013-04-08,1.3068625923472101e-05,7.746820483589545e-05
1314,2013-04-09,0.00017507235222489944,6.975281576160342e-05
1315,2013-04-10,0.00017320054726049347,9.913863323163241e-05
1316,2013-04-11,0.0001270005982522979,8.257883018814027e-05
1317,2013-04-12,0.0002017141445322703,6.908766226843e-05
1318,2013-04-15,0.0001090128612683344,0.0001491765578975901
1319,2013-04-16,0.00022062593275952197,5.3782488976139575e-05
1320,2013-04-17,5.27046777960748e-05,5.9858739405171946e-05
1321,2013-04-18,0.0001320985504656562,7.11270040483214e-05
1322,2013-04-22,3.2547263592395116e-05,7.693553197896108e-05
1323,2013-04-23,4.839397128025933e-05,9.739708184497431e-05
1324,2013-04-25,6.04887002199652e-05,6.101868348196149e-05
1325,2013-04-26,2.8865023044380188e-05,9.664797835284844e-05
1326,2013-04-29,2.521297703017839e-05,0.00019141995289828628
1327,2013-04-30,0.00011771518247206019,0.00020940045942552388
1328,2013-05-02,0.0001249705180492381,0.00016475295706186444
1329,2013-05-03,4.7751695755288456e-05,0.00017109865439124405
1330,2013-05-06,2.2858776419935333e-05,0.00015325384447351098
1331,2013-05-07,4.727358771193069e-05,0.00017438162467442453
1332,2013-05-08,4.815891569358793e-05,0.00011077956150984392
1333,2013-05-09,2.012056050066396e-05,0.00011642349272733554
1334,2013-05-10,3.378685553745325e-05,9.127184603130445e-05
1335,2013-05-13,0.0001619304372090384,0.0001748477079672739
1336,2013-05-14,3.243233836208962e-05,7.14998968760483e-05
1337,2013-05-15,0.0001907853737350881,8.886551950126886e-05
1338,2013-05-16,4.2508281453312235e-05,9.267451241612434e-05
1339,2013-05-17,2.712312207611578e-05,0.00011815600737463683
1340,2013-05-20,6.696790275119435e-05,8.271061233244836e-05
1341,2013-05-21,5.6265938878661276e-05,9.78331154328771e-05
1342,2013-05-22,5.204616483000557e-05,0.00010466933599673212
1343,2013-05-23,0.00020214712268113501,9.88263709587045e-05
1344,2013-05-24,0.00012680764787278542,7.890261622378603e-05
1345,2013-05-27,0.00014341736443935436,9.70753826550208e-05
1346,2013-05-28,4.879757924028075e-05,0.00011376256588846445
1347,2013-05-29,3.740486513123758e-05,9.910858352668583e-05
1348,2013-05-30,6.305710308312825e-05,9.565617801854387e-05
1349,2013-05-31,0.00017525952077153715,7.663442374905571e-05
1350,2013-06-03,8.853634360642093e-05,0.00010949937859550118
1351,2013-06-04,5.68002331635097e-05,9.18491932679899e-05
1352,2013-06-05,3.0370111611881523e-05,9.348959429189563e-05
1353,2013-06-06,9.63845775593921e-05,0.00010465637024026364
1354,2013-06-07,0.0001468995450338642,5.8344387070974335e-05
1355,2013-06-10,7.352938722567737e-05,6.0050679167034104e-05
1356,2013-06-11,0.00010188351389531786,5.411139864008874e-05
1357,2013-06-12,3.801266396372456e-05,7.922617078293115e-05
1358,2013-06-13,0.0001010021909458509,6.909754301887006e-05
1359,2013-06-14,0.00014015486085416202,0.00011975613597314805
1360,2013-06-17,9.471436564902634e-05,9.288475121138617e-05
1361,2013-06-18,3.7464632813634236e-05,9.46943400776945e-05
1362,2013-06-19,3.1544374260778125e-05,9.403943840879947e-05
1363,2013-06-20,0.0002637534019760181,6.362996646203101e-05
1364,2013-06-21,5.8117727275212424e-05,6.11519135418348e-05
1365,2013-06-24,9.048291372115542e-05,6.0791175201302394e-05
1366,2013-06-25,0.00010946092904941521,6.63357277517207e-05
1367,2013-06-26,4.459009895309885e-05,8.194244583137333e-05
1368,2013-06-27,0.00015969340060064465,9.394576773047447e-05
1369,2013-06-28,0.0002466335986843073,8.269515092251822e-05
1370,2013-07-01,6.833281803540368e-05,8.225892088375986e-05
1371,2013-07-02,2.6640374060941153e-05,0.00013077343464829028
1372,2013-07-03,9.150417382544184e-05,8.788231934886426e-05
1373,2013-07-04,5.526522911252425e-05,8.66815316840075e-05
1374,2013-07-05,9.869565530510361e-05,6.814634252805263e-05
1375,2013-07-08,8.096066189957376e-05,8.974804222816601e-05
1376,2013-07-09,2.506641333371739e-05,9.47615408222191e-05
1377,2013-07-10,6.108747754027794e-05,0.00010531587031437084
1378,2013-07-11,0.00021242346406085346,0.0001361499889753759
1379,2013-07-12,0.00017688470501939376,0.0001229387562489137
1380,2013-07-15,3.9261682587445675e-05,0.000189506565220654
1381,2013-07-16,0.000308939205510497,0.0002141582517651841
1382,2013-07-17,5.296746824494176e-05,0.00013908073015045375
1383,2013-07-18,5.7982297160504606e-05,0.00011025762796634808
1384,2013-07-19,2.9866147268124543e-05,0.00011238594743190333
1385,2013-07-22,4.9579574330511915e-05,8.944649016484618e-05
1386,2013-07-23,3.95046671897187e-05,9.558870078762993e-05
1387,2013-07-24,0.00012433858293597465,7.290155917871743e-05
1388,2013-07-25,9.615190775924488e-05,6.875940744066611e-05
1389,2013-07-26,8.139676649165786e-05,0.00011269407696090639
1390,2013-07-29,4.3931373769963124e-05,9.543148189550266e-05
1391,2013-07-30,0.00013216628316620492,9.28364897845313e-05
1392,2013-07-31,9.537214863441652e-05,7.234913937281817e-05
1393,2013-08-01,0.00021490818737358026,6.559998291777447e-05
1394,2013-08-02,0.00014874633038262323,9.853980009211227e-05
1395,2013-08-05,3.885817654217826e-05,6.079563536331989e-05
1396,2013-08-06,0.00023837069388514878,7.998861838132143e-05
1397,2013-08-07,6.654973096548766e-05,7.097048364812508e-05
1398,2013-08-08,5.421548529187276e-05,0.000104274891782552
1399,2013-08-12,0.00013713975263496072,8.525437442585826e-05
1400,2013-08-13,0.00017469374761106357,7.027240644674748e-05
1401,2013-08-14,5.163679230536893e-05,7.2572409408167e-05
1402,2013-08-16,0.0005647224541765141,8.951485506258905e-05
1403,2013-08-19,0.00025285384355440996,7.596809882670641e-05
1404,2013-08-20,0.0002841560453129321,9.735258936416358e-05
1405,2013-08-21,0.0009431834059306823,8.0877412983682e-05
1406,2013-08-22,0.00033868040949358564,8.053928468143567e-05
1407,2013-08-23,0.00015078326108678252,0.00010902235226240009
1408,2013-08-26,8.64497736214948e-05,8.044172136578709e-05
1409,2013-08-27,0.0003630327461757128,8.876624633558095e-05
1410,2013-08-28,0.0006698401386561724,7.90182821219787e-05
1411,2013-08-29,0.00022038879038660698,0.00012021555448882282
1412,2013-08-30,0.0002077971807884011,9.452507219975814e-05
1413,2013-09-02,8.588800302834463e-05,0.00013020657934248447
1414,2013-09-03,0.0007729995212731883,0.00010257233952870592
1415,2013-09-04,0.0002490718867105556,0.0001160215979325585
1416,2013-09-05,0.0004363189616205052,0.00015717404312454164
1417,2013-09-06,0.00019633696113205805,0.00019460856856312603
1418,2013-09-10,0.00038199531287830675,0.0001765937195159495
1419,2013-09-11,0.0001011600490099743,0.0001681895082583651
1420,2013-09-12,0.00015150951662284347,0.00013393990229815245
1421,2013-09-13,5.9391113082679316e-05,0.00012003008305327967
1422,2013-09-16,0.0004297203342593833,0.00010273689986206591
1423,2013-09-17,3.656225498948873e-05,9.869564382825047e-05
1424,2013-09-18,7.342347742725081e-05,0.0001841106277424842
1425,2013-09-19,0.0006863301318641111,9.439210407435894e-05
1426,2013-09-20,0.00038802999374198813,4.122750033275224e-05
1427,2013-09-23,0.0002603049268508987,0.00011462801921879873
1428,2013-09-24,0.000121678139167857,0.00011116626410512254
1429,2013-09-25,0.00012565629989711873,0.00012622270151041448
1430,2013-09-26,3.4062130336749626e-05,0.00011789486597990617
1431,2013-09-27,9.573722369558743e-05,7.336382259381935e-05
1432,2013-09-30,0.00011597006290421184,0.0001035305394907482
1433,2013-10-01,0.00011036330398716331,0.0001136736391345039
1434,2013-10-03,0.00017532501840736102,0.00017668250075075775
1435,2013-10-04,6.288455766059532e-05,0.00038871020660735667
1436,2013-10-07,0.0001124579457356696,0.00030845904257148504
1437,2013-10-08,0.00017969716408544243,0.0009288187138736248
1438,2013-10-09,0.0002184835902961002,0.000467222707811743
1439,2013-10-10,2.8701957224501102e-05,0.00047540300874970853
1440,2013-10-11,0.0002448248912197223,0.00022318068658933043
1441,2013-10-14,1.543056211432616e-05,0.0002531958161853254
1442,2013-10-15,0.00012638996826867474,0.000267564581008628
1443,2013-10-17,5.791236274194981e-05,0.0002750788116827607
1444,2013-10-18,0.00017147376621983373,0.0003067002398893237
1445,2013-10-21,3.612970221702077e-05,0.00020752358250319958
1446,2013-10-22,1.717384204974844e-05,0.0002116214600391686
1447,2013-10-23,0.00011549802834108004,0.00015930469089653343
1448,2013-10-24,0.0001490407952513955,0.00018756024655885994
1449,2013-10-25,2.364685193864307e-05,0.0004078182391822338
1450,2013-10-28,5.282025457333345e-05,0.00026748806703835726
1451,2013-10-29,0.0002016525784193455,0.0003530540852807462
1452,2013-10-30,2.1731663740494965e-05,0.00023754627909511328
1453,2013-10-31,5.1909345239799416e-05,0.0002989405475091189
1454,2013-11-01,2.3794754978321352e-05,0.00026387552497908473
1455,2013-11-05,4.82426168586855e-05,0.00035474495962262154
1456,2013-11-06,3.353173609730044e-05,0.00020394257444422692
1457,2013-11-07,0.00012876239735491697,0.00011608677596086636
1458,2013-11-08,4.402548323209346e-05,0.00024343407130800188
1459,2013-11-11,7.673135931164532e-05,0.00011365867248969153
1460,2013-11-12,8.971080940704088e-05,0.00011284550419077277
1461,2013-11-13,6.100602935573218e-05,9.814964141696692e-05
1462,2013-11-14,0.00011828996035956361,0.00010130707232747227
1463,2013-11-18,0.00014854078912635542,0.00017360471247229725
1464,2013-11-19,1.1251100718652468e-05,7.712205115240067e-05
1465,2013-11-20,9.081174658141309e-05,0.00010906738316407427
1466,2013-11-21,0.00013609932978663012,0.00014926108997315168
1467,2013-11-22,7.630263366034386e-05,7.44005519663915e-05
1468,2013-11-25,0.00011605249280751111,6.591724377358332e-05
1469,2013-11-26,4.507807915344105e-05,7.700717105763033e-05
1470,2013-11-27,1.975035646783215e-05,0.00010856882727239281
1471,2013-11-28,5.080778408669597e-05,8.215418347390369e-05
1472,2013-11-29,5.979253712260916e-05,0.00015581697516608983
1473,2013-12-02,3.064868532498116e-05,0.0001457767648389563
1474,2013-12-03,1.5665906444101575e-05,0.00011915576760657132
1475,2013-12-04,3.6435016709127394e-05,6.575632141903043e-05
1476,2013-12-05,0.0003136227838961247,0.00010214955545961857
1477,2013-12-06,1.9274322987935546e-05,0.00012200925993965939
1478,2013-12-09,0.0006425078371398651,6.070960080251098e-05
1479,2013-12-10,2.9432463258360165e-05,6.195151945576072e-05
1480,2013-12-11,3.489126265375152e-05,0.00011111686762887985
1481,2013-12-12,5.171892956503665e-05,0.00011492378689581528
1482,2013-12-13,5.2546046591575224e-05,7.059173367451876e-05
1483,2013-12-16,1.2400048990373773e-05,6.284759001573548e-05
1484,2013-12-17,4.405171567609635e-05,4.6009226934984326e-05
1485,2013-12-18,0.00010430665674215759,4.591511969920248e-05
1486,2013-12-19,0.00014651669075624332,8.538121619494632e-05
1487,2013-12-20,0.00011782201837641019,5.430230521596968e-05
1488,2013-12-23,3.1552634176618424e-05,3.764019857044332e-05
1489,2013-12-24,1.687244092956525e-05,4.212447674944997e-05
1490,2013-12-26,1.7219060426342467e-05,6.759913958376274e-05
1491,2013-12-27,1.5943462395116126e-05,6.440845027100295e-05
1492,2013-12-30,5.5862978481389515e-05,8.036826329771429e-05
1493,2013-12-31,1.451751855281898e-05,6.084122651373036e-05
1494,2014-01-02,0.00020059012843749534,2.8642007237067446e-05
1495,2014-01-03,4.1723256713142565e-05,4.829369572689757e-05
1496,2014-01-06,3.07412255979172e-05,2.594726174720563e-05
1497,2014-01-07,5.533601292478208e-05,4.942112718708813e-05
1498,2014-01-08,1.528154336129494e-05,2.5035998987732455e-05
1499,2014-01-09,1.6758678876506762e-05,6.28995185252279e-05
1500,2014-01-10,9.496569564107382e-05,2.6615987735567614e-05
1501,2014-01-13,9.486811508393159e-05,0.00010755958646768704
1502,2014-01-14,2.333817546942452e-05,6.146822852315381e-05
1503,2014-01-15,4.5600474745914595e-05,5.751011485699564e-05
1504,2014-01-16,3.0129249871845632e-05,4.144036574871279e-05
1505,2014-01-17,5.9205848715211025e-05,4.835009895032272e-05
1506,2014-01-20,3.676432784855484e-05,6.774059875169769e-05
1507,2014-01-21,1.5563470253546735e-05,4.0436916606267914e-05
1508,2014-01-22,3.402564522262885e-05,2.5367595299030654e-05
1509,2014-01-23,1.6943913917988617e-05,2.8650911190197803e-05
1510,2014-01-24,9.268746924724543e-05,4.073455784237012e-05
1511,2014-01-27,0.00019728068477998178,6.217815825948492e-05
1512,2014-01-28,5.4156436028002605e-05,4.2878487874986604e-05
1513,2014-01-29,6.46425555304567e-05,3.2041632948676124e-05
1514,2014-01-30,0.0001126781225235124,3.627947444329038e-05
1515,2014-01-31,1.097401365934784e-05,4.117390562896617e-05
1516,2014-02-03,8.568243126597371e-05,7.747301424387842e-05
1517,2014-02-04,0.00014913519294049965,7.096600893419236e-05
1518,2014-02-05,5.274112477232016e-05,0.0001167518348665908
1519,2014-02-06,8.778271968443769e-05,0.00010545506665948778
1520,2014-02-07,7.64443867925468e-05,6.525001663248986e-05
1521,2014-02-10,1.4745662996268773e-05,6.391240458469838e-05
1522,2014-02-11,1.7178545009473628e-05,6.60830337437801e-05
1523,2014-02-12,2.338908997366274e-05,5.5228028941201046e-05
1524,2014-02-13,9.892499324259787e-05,6.739321543136612e-05
1525,2014-02-14,7.018418861185605e-05,5.675234569935128e-05
1526,2014-02-18,6.575123038256531e-05,7.089722203090787e-05
1527,2014-02-19,1.124867436266472e-05,5.045646685175598e-05
1528,2014-02-20,3.39003040106693e-05,4.500063732848503e-05
1529,2014-02-21,3.175262018267772e-05,6.402898725355044e-05
1530,2014-02-24,3.867252946133236e-05,5.7995785027742386e-05
1531,2014-02-25,2.525054048141083e-05,6.880774890305474e-05
1532,2014-02-26,1.7262729958847926e-05,8.685191278345883e-05
1533,2014-02-28,2.8743741054926772e-05,5.8292662288295105e-05
1534,2014-03-03,4.0954977649680797e-05,5.60006192245055e-05
1535,2014-03-04,6.529558600620915e-05,7.835633732611313e-05
1536,2014-03-05,5.1858217147848534e-05,7.969075522851199e-05
1537,2014-03-06,4.3603136657303416e-05,5.98183942202013e-05
1538,2014-03-07,0.00012941358596490164,7.884966180427e-05
1539,2014-03-10,7.599879057001787e-05,5.5072243412723765e-05
1540,2014-03-11,3.704769528930493e-05,7.828701927792281e-05
1541,2014-03-12,3.4691323562336074e-05,6.102555198594928e-05
1542,2014-03-13,9.267300036678654e-05,5.278959361021407e-05
1543,2014-03-14,0.00010886019801790062,6.252202001633123e-05
1544,2014-03-18,6.919122723064768e-05,4.6011769882170483e-05
1545,2014-03-19,1.4173045667248137e-05,3.120166729786433e-05
1546,2014-03-20,2.6031879131334877e-05,3.119161192444153e-05
1547,2014-03-21,3.530394308266797e-05,4.2810737795662135e-05
1548,2014-03-24,5.9261747536925495e-05,5.738629261031747e-05
1549,2014-03-25,4.5885951094810905e-05,6.443911115638912e-05
1550,2014-03-26,3.2664367591704936e-05,5.096746463095769e-05
1551,2014-03-27,4.739753006551414e-05,2.6040619559353217e-05
1552,2014-03-28,5.164158255284758e-05,5.372723171603866e-05
1553,2014-03-31,5.9278385850370396e-05,6.0917514929315075e-05
1554,2014-04-01,5.140639785098761e-05,6.440605648094788e-05
1555,2014-04-02,4.484034433047394e-05,4.747782077174634e-05
1556,2014-04-03,6.368821167313272e-05,7.548934809165075e-05
1557,2014-04-04,2.539121426307743e-05,5.8266479754820466e-05
1558,2014-04-07,4.266358463701505e-05,5.989499550196342e-05
1559,2014-04-09,9.507756301228588e-05,5.8569163229549304e-05
1560,2014-04-10,1.354215794151438e-05,8.09494813438505e-05
1561,2014-04-11,4.701102143135488e-05,0.00010846472287084907
1562,2014-04-15,8.118845249703264e-05,0.00019773315580096096
1563,2014-04-16,5.3410766197418525e-05,9.727241558721289e-05
1564,2014-04-17,8.187577131127877e-05,6.845777534181252e-05
1565,2014-04-21,1.3078815614646966e-05,5.350582068786025e-05
1566,2014-04-22,8.004861357132738e-06,6.32751252851449e-05
1567,2014-04-23,1.5526099108532277e-05,7.20927127986215e-05
1568,2014-04-25,7.279022470733911e-05,6.46844127913937e-05
1569,2014-04-28,9.8370784920274e-06,4.469001942197792e-05
1570,2014-04-29,3.8691778989335236e-05,3.248106804676354e-05
1571,2014-04-30,0.00011516939664065337,5.8824869483942166e-05
1572,2014-05-02,2.4766416725004086e-05,5.703775605070405e-05
1573,2014-05-05,4.282739125730091e-05,4.723565871245228e-05
1574,2014-05-06,2.224923229122912e-05,6.478634168161079e-05
1575,2014-05-07,4.423932207423968e-05,6.222922820597887e-05
1576,2014-05-08,2.53381652359293e-05,6.050562296877615e-05
1577,2014-05-09,0.0003575386732890154,6.443554593715817e-05
1578,2014-05-12,0.0001745150770310301,5.495990990311839e-05
1579,2014-05-13,0.00017585508893972106,7.536698831245303e-05
1580,2014-05-14,2.4804007115949985e-05,6.352083437377587e-05
1581,2014-05-15,3.207734248077397e-05,4.868054384132847e-05
1582,2014-05-16,0.0018507799311123952,6.651620788034052e-05
1583,2014-05-19,0.00018366190568116955,7.701988215558231e-05
1584,2014-05-20,0.00011177481758266805,5.0136288336943835e-05
1585,2014-05-21,4.806085031388509e-05,5.029072781326249e-05
1586,2014-05-22,5.0197862371263626e-05,5.9840127505594864e-05
1587,2014-05-23,6.423408356032516e-05,4.661504863179289e-05
1588,2014-05-26,0.00040590351804873314,7.022812496870756e-05
1589,2014-05-27,6.696476080241768e-05,4.859042019234039e-05
1590,2014-05-28,1.2164646324181228e-05,5.277459058561362e-05
1591,2014-05-29,6.80633757051589e-05,4.417348827701062e-05
1592,2014-05-30,0.00021514717696432498,0.0001153362900367938
1593,2014-06-02,0.0001292113248709812,4.893436562269926e-05
1594,2014-06-03,4.8403370467318515e-05,0.00010042737994808704
1595,2014-06-04,1.0803267850191747e-05,4.797969450009987e-05
1596,2014-06-05,9.853463165239584e-05,5.444288035505451e-05
1597,2014-06-06,9.426426413628537e-05,6.84215483488515e-05
1598,2014-06-09,7.792291056061944e-05,6.16381730651483e-05
1599,2014-06-10,0.00010172247471996627,6.039378058630973e-05
1600,2014-06-11,7.491089627765237e-05,9.853050141828135e-05
1601,2014-06-12,3.582976948594214e-05,5.864473132533021e-05
1602,2014-06-13,0.00014266058845059396,7.55309738451615e-05
1603,2014-06-16,2.878634690044724e-05,0.00010276797547703609
1604,2014-06-17,9.862355535311004e-05,4.941217412124388e-05
1605,2014-06-18,0.00012754954302573185,8.425100531894714e-05
1606,2014-06-19,7.186746992301514e-05,0.00020651785598602146
1607,2014-06-20,2.364051046420902e-05,0.00014049395394977182
1608,2014-06-23,5.703861722685034e-05,0.00015801448898855597
1609,2014-06-24,4.552872322011856e-05,7.507073314627632e-05
1610,2014-06-25,8.006043876939407e-06,8.053606143221259e-05
1611,2014-06-26,5.081559259734319e-05,0.0001382066257065162
1612,2014-06-27,2.6504838795090354e-05,9.451407822780311e-05
1613,2014-06-30,6.155790869890096e-05,8.989546040538698e-05
1614,2014-07-01,1.1022930377261481e-05,5.226486609899439e-05
1615,2014-07-02,5.7040212393605825e-05,0.00016085545939859003
1616,2014-07-03,1.4951128960516658e-05,5.4917207307880744e-05
1617,2014-07-04,6.649432539212185e-05,6.335313082672656e-05
1618,2014-07-07,2.3486138872910003e-05,6.523179035866633e-05
1619,2014-07-08,0.00026538940416401485,6.816409586463124e-05
1620,2014-07-09,6.22039371624628e-05,6.626415415666997e-05
1621,2014-07-10,0.00037760063740127024,9.341954137198627e-05
1622,2014-07-11,0.00019767468728455604,6.724068225594237e-05
1623,2014-07-14,2.3515403595134222e-05,9.465569019084796e-05
1624,2014-07-15,6.201767515699356e-05,8.675431308802217e-05
1625,2014-07-16,9.329494858236362e-05,8.833016909193248e-05
1626,2014-07-17,1.4239240838462826e-05,0.00011347812687745318
1627,2014-07-18,4.835074215640908e-05,6.486813072115183e-05
1628,2014-07-21,3.7656827140976256e-05,8.862270624376833e-05
1629,2014-07-22,3.662400601860021e-05,8.241565228672698e-05
1630,2014-07-23,3.3827297696791934e-05,0.00012278665963094682
1631,2014-07-24,2.448229338398824e-05,8.21109424578026e-05
1632,2014-07-25,5.131315115391986e-05,6.360012048389763e-05
1633,2014-07-28,3.5127978643434876e-05,5.991744910716079e-05
1634,2014-07-30,5.1441874729792164e-05,3.6022560379933566e-05
1635,2014-07-31,3.723768743970009e-05,4.794822234543972e-05
1636,2014-08-01,0.00015547339559752592,4.883855581283569e-05
1637,2014-08-04,5.385148247508538e-05,4.52817948826123e-05
1638,2014-08-05,0.00010421621150050379,4.4467244151746854e-05
1639,2014-08-06,4.488686394526672e-05,4.5882199628977105e-05
1640,2014-08-07,5.050175837916193e-05,4.115675255889073e-05
1641,2014-08-08,8.256038089357645e-05,4.8901285481406376e-05
1642,2014-08-11,5.418194534010615e-05,8.428741421084851e-05
1643,2014-08-12,0.00010773983820640685,7.105791883077472e-05
1644,2014-08-13,2.2612546133148158e-05,6.117285374784842e-05
1645,2014-08-14,2.3746832864010017e-05,5.9627422160701826e-05
1646,2014-08-18,5.721584613897115e-05,0.0001396834122715518
1647,2014-08-19,1.890693869690434e-05,7.019906479399651e-05
1648,2014-08-20,2.3942181655176695e-05,5.766718095401302e-05
1649,2014-08-21,2.1994579752111335e-05,7.70248007029295e-05
1650,2014-08-22,8.018817445829827e-06,5.3447885875357315e-05
1651,2014-08-25,3.562272788183607e-05,5.163803507457487e-05
1652,2014-08-26,3.129466935463767e-05,7.648298924323171e-05
1653,2014-08-27,1.8592275779778118e-05,5.268051245366223e-05
1654,2014-08-28,5.462351336726803e-06,3.0154516934999265e-05
1655,2014-09-01,3.3992239847295314e-05,4.3073039705632254e-05
1656,2014-09-02,2.52511898750872e-05,3.70349116565194e-05
1657,2014-09-03,2.4510109262627755e-05,5.604742545983754e-05
1658,2014-09-04,2.0711915637170884e-05,4.997184078092687e-05
1659,2014-09-05,2.8087947151732716e-05,9.676555782789364e-05
1660,2014-09-08,4.706957623748157e-05,7.11869215592742e-05
1661,2014-09-09,1.4594219032556692e-05,7.106184784788638e-05
1662,2014-09-10,1.997352662957379e-05,3.652080340543762e-05
1663,2014-09-11,3.327498252797999e-05,6.449923967011273e-05
1664,2014-09-12,9.492124936656476e-06,7.231353811221197e-05
1665,2014-09-15,3.052621349136115e-05,5.815129406983033e-05
1666,2014-09-16,7.63602248658151e-05,4.975466799805872e-05
1667,2014-09-17,4.054262234788455e-05,4.492653897614218e-05
1668,2014-09-18,0.00018198655376170275,5.7157383707817644e-05
1669,2014-09-19,1.982754530507633e-05,5.983790833852254e-05
1670,2014-09-22,6.697641543487955e-05,2.783031595754437e-05
1671,2014-09-23,0.00011882125084648302,5.341491851140745e-05
1672,2014-09-24,4.7288651017243584e-05,4.285800605430268e-05
1673,2014-09-25,0.00010844941494327255,6.14058953942731e-05
1674,2014-09-26,0.00013488960442982617,3.4853444958571345e-05
1675,2014-09-29,1.907532567093948e-05,2.0588455299730413e-05
1676,2014-09-30,6.973350192414502e-05,3.9662922063143924e-05
1677,2014-10-01,9.34555794725795e-06,5.765316018369049e-05
1678,2014-10-07,9.73829070250917e-05,6.5657812228892e-05
1679,2014-10-08,2.5930949196920314e-05,5.0322822062298656e-05
1680,2014-10-09,7.129703909243559e-05,5.2826664614258334e-05
1681,2014-10-10,6.974247911380969e-05,5.890649481443688e-05
1682,2014-10-13,7.511288003279701e-05,8.497262751916423e-05
1683,2014-10-14,8.699292965448741e-05,7.5314033892937e-05
1684,2014-10-16,0.0001663746979962373,8.238398731919006e-05
1685,2014-10-17,5.8236527665006154e-05,4.7727415221743286e-05
1686,2014-10-20,0.00023754131638746397,7.152158650569618e-05
1687,2014-10-21,3.4825864730978764e-05,9.40382742555812e-05
1688,2014-10-22,8.322313376681591e-05,6.696474156342447e-05
1689,2014-10-27,0.00010544580955420249,4.731550143333152e-05
1690,2014-10-28,1.1314447610420787e-05,6.656564073637128e-05
1691,2014-10-29,4.983307825798344e-05,6.552351987920702e-05
1692,2014-10-30,4.855347241876984e-05,6.590957491425797e-05
1693,2014-10-31,0.00010230703888253411,5.8615933085093275e-05
1694,2014-11-03,2.5894349453500946e-05,3.256682975916192e-05
1695,2014-11-05,1.8969582141302757e-05,8.292868005810305e-05
1696,2014-11-07,2.5608786688703393e-05,6.949120870558545e-05
1697,2014-11-10,2.943124268737388e-05,6.0487393056973815e-05
1698,2014-11-11,1.7953880331709062e-05,2.704051621549297e-05
1699,2014-11-12,1.56144636724145e-05,4.9731661420082673e-05
1700,2014-11-13,4.9134854746346504e-05,5.2028099162271246e-05
1701,2014-11-14,1.3934101843581429e-05,2.8449783712858334e-05
1702,2014-11-17,4.165798636457358e-05,3.533266135491431e-05
1703,2014-11-18,1.208578633208316e-05,5.7875611673807725e-05
1704,2014-11-19,4.602896464275173e-05,2.805683106998913e-05
1705,2014-11-20,3.322769116505292e-05,3.442719389568083e-05
1706,2014-11-21,3.976184010529932e-05,5.113962106406689e-05
1707,2014-11-24,1.1624162404401433e-05,2.1249865312711336e-05
1708,2014-11-25,5.600705433968975e-05,3.68153523595538e-05
1709,2014-11-26,2.06213937110572e-05,8.004845585674047e-05
1710,2014-11-27,1.2117414308236169e-05,8.613462705397978e-05
1711,2014-11-28,5.694780736391465e-05,8.032581536099315e-05
1712,2014-12-01,3.153500744851948e-05,0.00013175322965253145
1713,2014-12-02,1.982645229063053e-05,4.868602263741195e-05
1714,2014-12-03,7.550553316304203e-06,3.807041503023356e-05
1715,2014-12-04,7.290752972708575e-05,3.8135207432787865e-05
1716,2014-12-05,2.4854830925087088e-05,7.333270332310349e-05
1717,2014-12-08,6.102707385566328e-05,2.9794167858199216e-05
1718,2014-12-09,6.248226631823297e-05,4.307871131459251e-05
1719,2014-12-10,2.6439961999857177e-05,3.322359771118499e-05
1720,2014-12-11,3.2478054258346585e-05,3.4384669561404735e-05
1721,2014-12-12,5.6600643001756915e-05,2.0832456357311457e-05
1722,2014-12-15,0.00010102294422573171,3.07591435557697e-05
1723,2014-12-16,0.00012814461713184065,1.946322117873933e-05
1724,2014-12-17,8.946010573640847e-05,3.178642873535864e-05
1725,2014-12-18,0.00022976442552691202,3.0003144274814986e-05
1726,2014-12-19,9.131943327663167e-05,8.280247857328504e-05
1727,2014-12-22,6.65240387553336e-05,2.2496809833683074e-05
1728,2014-12-23,6.351206694444926e-05,6.312775803962722e-05
1729,2014-12-24,8.589358704378768e-05,4.119692312087864e-05
1730,2014-12-26,5.3590536801715146e-05,6.98663861840032e-05
1731,2014-12-29,2.8428072871672302e-05,2.740083436947316e-05
1732,2014-12-30,1.5849487905049692e-05,4.419746619532816e-05
1733,2014-12-31,1.1596940191725247e-05,6.941158790141344e-05
1734,2015-01-02,7.357351876617532e-05,8.302149944938719e-05
1735,2015-01-05,3.5989439085084444e-05,4.9584090447751805e-05
1736,2015-01-06,0.00027609765849871475,6.569533434230834e-05
1737,2015-01-07,3.819099671287993e-05,6.152970308903605e-05
1738,2015-01-08,0.0001500405610192745,4.5760585635434836e-05
1739,2015-01-09,0.00012737836777817162,5.8905705373035744e-05
1740,2015-01-12,4.35135394615271e-05,4.9692880565999076e-05
1741,2015-01-13,4.778889321042274e-05,2.8360389478621073e-05
1742,2015-01-14,4.21317054643773e-05,4.023956716991961e-05
1743,2015-01-15,0.00041012050956495743,8.720173354959115e-05
1744,2015-01-16,3.517646507964464e-05,4.1614577639847994e-05
1745,2015-01-19,2.5087888283839763e-05,3.093075429205783e-05
1746,2015-01-20,8.931209625429357e-05,5.1555023674154654e-05
1747,2015-01-21,2.087295271001932e-05,7.256687240442261e-05
1748,2015-01-22,1.3277142411107234e-05,3.733926496352069e-05
1749,2015-01-23,7.861520145960375e-05,3.807858593063429e-05
1750,2015-01-27,6.223160171143854e-05,4.120179801248014e-05
1751,2015-01-28,5.8983802590985385e-05,4.3647491111187264e-05
1752,2015-01-29,5.137241061550241e-05,2.6924206395051442e-05
1753,2015-01-30,0.00023870723700057433,3.701679816003889e-05
1754,2015-02-02,3.514000506848271e-05,3.646709956228733e-05
1755,2015-02-03,6.259600132856114e-05,4.2715717427199706e-05
1756,2015-02-04,4.916107132732724e-05,4.760327283293009e-05
1757,2015-02-05,0.00012960945885987155,4.97592736792285e-05
1758,2015-02-06,3.2354239051949557e-05,4.060350329382345e-05
1759,2015-02-09,0.00011585356644647029,6.984287028899416e-05
1760,2015-02-10,0.00019616469069271345,7.10966851329431e-05
1761,2015-02-11,3.547711857170965e-05,6.999543256824836e-05
1762,2015-02-12,0.0001253596885087069,0.00010219436808256432
1763,2015-02-13,4.902545649378274e-05,7.461022323695943e-05
1764,2015-02-16,3.5741095399288514e-05,0.00016833200061228126
1765,2015-02-18,3.3327057965813676e-05,0.00013412817497737706
1766,2015-02-19,8.314754616560646e-05,0.0001555218332214281
1767,2015-02-20,3.06205347759592e-05,9.785906877368689e-05
1768,2015-02-23,8.367705781034452e-05,0.00012324843555688858
1769,2015-02-24,2.7849344688389868e-05,0.00012525692000053823
1770,2015-02-25,5.6873191224504475e-05,7.752859528409317e-05
1771,2015-02-26,6.212378411824259e-05,4.468013139558025e-05
1772,2015-02-27,0.00011237909048448472,4.698504926636815e-05
1773,2015-03-02,0.00019356915150146192,7.04102567397058e-05
1774,2015-03-03,3.139930867593138e-05,4.275610626791604e-05
1775,2015-03-04,0.0003677309038820845,7.368953083641827e-05
1776,2015-03-05,6.454344069911869e-05,5.352684820536524e-05
1777,2015-03-09,0.0001273967542080992,5.103268631501123e-05
1778,2015-03-10,4.959678807187048e-05,6.675050826743245e-05
1779,2015-03-11,2.7429716880118125e-05,5.58777064725291e-05
1780,2015-03-12,3.467581608528639e-05,9.164270886685699e-05
1781,2015-03-13,0.0002704753567907414,5.504168075276539e-05
1782,2015-03-16,1.3827843434115508e-05,8.700901526026428e-05
1783,2015-03-17,0.00010326442829603825,0.00012655330647248775
1784,2015-03-18,3.69992076451329e-05,5.162429442862049e-05
1785,2015-03-19,0.00018762456748991593,7.182226545410231e-05
1786,2015-03-20,2.7580775320383053e-05,8.370281284442171e-05
1787,2015-03-23,2.683027813190103e-05,6.120529724285007e-05
1788,2015-03-24,7.176242701163793e-05,6.66081250528805e-05
1789,2015-03-25,2.458817708990546e-05,4.966777123627253e-05
1790,2015-03-26,0.00018724093855436563,7.881034252932295e-05
1791,2015-03-27,0.00015485791936419,5.836921263835393e-05
1792,2015-03-30,9.470236541395092e-05,8.151058136718348e-05
1793,2015-03-31,6.0650568966144405e-05,6.106513319537044e-05
1794,2015-04-01,8.93114226047477e-05,9.488716023042798e-05
1795,2015-04-06,5.6439692704036885e-05,5.010416862205602e-05
1796,2015-04-07,7.685276752996087e-05,8.762104698689654e-05
1797,2015-04-08,3.109705179661832e-05,5.846871135872789e-05
1798,2015-04-09,8.815556206611552e-05,6.303582631517202e-05
1799,2015-04-10,1.7550813573634988e-05,7.7030599641148e-05
1800,2015-04-13,3.741084960999257e-05,9.968709491658956e-05
1801,2015-04-16,0.0001486608826004196,0.00011399421055102721
1802,2015-04-17,4.931829182321237e-05,5.279302058625035e-05
1803,2015-04-20,0.00018567828618240917,5.757722829002887e-05
1804,2015-04-21,8.170613390555016e-05,7.790183008182794e-05
1805,2015-04-22,0.00017954469784359269,5.6732114899205044e-05
1806,2015-04-23,0.00012930367674925596,5.0612132326932624e-05
1807,2015-04-24,9.793714691745571e-05,7.468148396583274e-05
1808,2015-04-27,9.576315429703222e-05,6.614463200094178e-05
1809,2015-04-28,7.433860387005321e-05,0.00010898982145590708
1810,2015-04-29,4.093339408696172e-05,7.646060112165287e-05
1811,2015-04-30,4.402156089475837e-05,5.6786026107147336e-05
1812,2015-05-04,0.0001124248703259602,4.9981663323706016e-05
1813,2015-05-05,3.0990690876496196e-05,0.00010279542038915679
1814,2015-05-06,0.00031179551892247044,9.17272554943338e-05
1815,2015-05-07,8.727166027041195e-05,6.848434713901952e-05
1816,2015-05-08,0.00013859538104976207,7.407558587146923e-05
1817,2015-05-11,9.743543007084546e-05,8.872994658304378e-05
1818,2015-05-12,0.00022463240334384313,8.415296179009601e-05
1819,2015-05-13,0.00020625323549189895,0.00010784719052026048
1820,2015-05-14,8.24246580557635e-05,8.495568908983842e-05
1821,2015-05-15,2.6310945204732785e-05,7.133657345548272e-05
1822,2015-05-18,6.899631527605671e-05,4.837127198697999e-05
1823,2015-05-19,5.261961018324144e-05,5.749184492742643e-05
1824,2015-05-20,2.2829073084941088e-05,6.062443208065815e-05
1825,2015-05-21,2.414237541014486e-05,9.985065116779879e-05
1826,2015-05-22,2.5501702261963718e-05,7.780493615427986e-05
1827,2015-05-25,3.50276192690836e-05,0.00010836805449798703
1828,2015-05-26,1.8725837673080865e-05,0.00010049875709228218
1829,2015-05-27,4.094153514454989e-05,0.0001279902644455433
1830,2015-05-28,4.871027407816404e-05,8.740363409742713e-05
1831,2015-05-29,9.304003277127866e-05,8.935305231716484e-05
1832,2015-06-01,2.371150786998265e-05,8.367208647541702e-05
1833,2015-06-02,0.0002361005883306805,6.486682832473889e-05
1834,2015-06-03,0.00010900470512881019,8.065566362347454e-05
1835,2015-06-04,8.372240969698445e-05,7.914574234746397e-05
1836,2015-06-05,5.9301275150551296e-05,0.00010908110562013462
1837,2015-06-08,5.3642904399988655e-05,0.000118121417472139
1838,2015-06-09,1.9570050644037274e-05,8.992048969957978e-05
1839,2015-06-10,8.858062008634898e-05,7.030599226709455e-05
1840,2015-06-11,0.00023501331714784377,6.950068927835673e-05
1841,2015-06-12,1.6705873029282063e-05,8.553403313271701e-05
1842,2015-06-15,6.599250247386287e-05,0.00010397420555818826
1843,2015-06-16,7.073855174102399e-05,6.258227222133428e-05
1844,2015-06-17,6.0354590226117315e-05,7.774219557177275e-05
1845,2015-06-18,4.4063286442584754e-05,7.857657328713685e-05
1846,2015-06-19,2.7449904661769874e-05,8.950819028541446e-05
1847,2015-06-22,7.957651256819789e-05,8.962598803918809e-05
1848,2015-06-23,3.059839811082312e-05,5.5116062867455184e-05
1849,2015-06-24,3.668220214724991e-05,5.629577208310366e-05
1850,2015-06-25,5.204672865196496e-05,9.002886508824304e-05
1851,2015-06-26,2.5972197583484507e-05,9.050181688508019e-05
1852,2015-06-29,0.000355254595601148,5.620704177999869e-05
1853,2015-06-30,3.041406172986916e-05,5.9423789934953675e-05
1854,2015-07-01,6.173211111437635e-05,4.625586370821111e-05
1855,2015-07-02,1.496779267575842e-05,5.1538208936108276e-05
1856,2015-07-03,2.562161555750091e-05,6.10467977821827e-05
1857,2015-07-06,0.00023982830913691668,6.288025906542316e-05
1858,2015-07-07,2.7819083140789686e-05,8.400373917538673e-05
1859,2015-07-08,0.00013530702148506092,6.280653906287625e-05
1860,2015-07-09,3.2626359665908075e-05,4.508212077780627e-05
1861,2015-07-10,4.326794607343393e-05,6.901562301209196e-05
1862,2015-07-13,8.696204384090107e-05,4.6458477299893275e-05
1863,2015-07-14,1.8201834716604407e-05,4.405098297866061e-05
1864,2015-07-15,2.3361525524894508e-05,4.3381973227951676e-05
1865,2015-07-16,3.150181031464104e-05,4.2812087485799566e-05
1866,2015-07-17,1.4352060068806768e-05,5.3377134463516995e-05
1867,2015-07-20,3.043760048518548e-05,6.146624218672514e-05
1868,2015-07-21,8.014261936021023e-05,5.0742186431307346e-05
1869,2015-07-22,0.00010089781901567727,4.527678538579494e-05
1870,2015-07-23,3.1125360139693645e-05,5.19547174917534e-05
1871,2015-07-24,2.6696635622930395e-05,7.341722812270746e-05
1872,2015-07-27,0.00010686359000636697,7.154778722906485e-05
1873,2015-07-28,2.9212392036094103e-05,8.722469647182152e-05
1874,2015-07-29,2.252215057308359e-05,6.23136802460067e-05
1875,2015-07-30,4.0576095567314634e-05,8.053982310229912e-05
1876,2015-07-31,6.418441437603768e-05,4.859672480961308e-05
1877,2015-08-03,2.2574351721095392e-05,6.272496102610603e-05
1878,2015-08-04,8.964738352800938e-05,9.020187280839309e-05
1879,2015-08-05,2.4615597321679783e-05,5.9931342548225075e-05
1880,2015-08-06,1.905231740531686e-05,6.712388130836189e-05
1881,2015-08-07,9.314383824986235e-06,4.721651930594817e-05
1882,2015-08-10,7.26413508783145e-05,4.6072935219854116e-05
1883,2015-08-11,6.938330122236919e-05,7.360208837781101e-05
1884,2015-08-12,6.13592659833774e-05,3.647266930784099e-05
1885,2015-08-13,5.9309324334472715e-05,6.321619002847001e-05
1886,2015-08-14,0.00013546791087790203,5.614344991045073e-05
1887,2015-08-17,6.178426459052645e-05,5.4751435527577996e-05
1888,2015-08-18,5.1296629069836185e-05,4.716916737379506e-05
1889,2015-08-19,4.2515021349880646e-05,5.110198617330752e-05
1890,2015-08-20,0.00010387511400533812,7.083734089974314e-05
1891,2015-08-21,0.00012711011419462673,4.534259642241523e-05
1892,2015-08-24,0.0013520628693333727,5.5033651733538136e-05
1893,2015-08-25,0.000667813590770154,4.760463343700394e-05
1894,2015-08-26,0.00014304142668874822,6.904287147335708e-05
1895,2015-08-27,0.0003375640267061066,2.5096742319874465e-05
1896,2015-08-28,0.0002586106482247532,4.478861956158653e-05
1897,2015-08-31,4.888003395205379e-05,3.816427488345653e-05
1898,2015-09-01,0.000247108875940795,4.815843203687109e-05
1899,2015-09-02,0.0002313197964533763,4.7192519559757784e-05
1900,2015-09-03,0.00010088671386238143,4.180810719844885e-05
1901,2015-09-04,0.00018975369240956618,5.848197906743735e-05
1902,2015-09-07,0.0001628620953956971,9.269855945603922e-05
1903,2015-09-08,0.0002043335916802823,4.9493952246848494e-05
1904,2015-09-09,0.00026751670975037987,6.136373849585652e-05
1905,2015-09-10,0.0002451359515656522,3.54713192791678e-05
1906,2015-09-11,9.412195411011974e-05,4.688161061494611e-05
1907,2015-09-14,9.310746863464806e-05,4.3332151108188555e-05
1908,2015-09-15,3.672707704348231e-05,5.1880444516427815e-05
1909,2015-09-16,7.543178773065622e-05,4.4534765038406476e-05
1910,2015-09-18,0.0001441369520909911,6.781551201129332e-05
1911,2015-09-21,0.00011252326537739795,3.812011709669605e-05
1912,2015-09-22,0.0003193431026065911,3.805186861427501e-05
1913,2015-09-23,0.00023501244182702103,4.0351817006012425e-05
1914,2015-09-24,4.523559939103229e-05,6.35172618785873e-05
1915,2015-09-28,7.158963959658123e-05,0.00011890228051925078
1916,2015-09-29,0.00039564829638239775,0.00013649906031787395
1917,2015-09-30,0.00015087734948367868,0.00015091327077243477
1918,2015-10-01,6.0954749958232444e-05,9.599787154002115e-05
1919,2015-10-05,0.00012634461109648092,7.719607674516737e-05
1920,2015-10-06,0.00010756752627654758,8.393902680836618e-05
1921,2015-10-07,1.637802254859315e-05,0.00010161534737562761
1922,2015-10-08,5.007241026432658e-05,7.581169484183192e-05
1923,2015-10-09,9.110368988195907e-05,5.8041481679538265e-05
1924,2015-10-12,9.370809663885584e-05,0.00011507304589031264
1925,2015-10-13,2.7238734360904002e-05,8.441402314929292e-05
1926,2015-10-14,2.5481187529088807e-05,8.774966408964247e-05
1927,2015-10-15,2.9410302550683662e-05,7.633434142917395e-05
1928,2015-10-16,5.824731985438818e-05,9.25831773201935e-05
1929,2015-10-19,1.9212687542290223e-05,8.649730443721637e-05
1930,2015-10-20,2.2496119568669852e-05,0.00014410301810130477
1931,2015-10-21,2.9068224947047548e-05,8.050266478676349e-05
1932,2015-10-23,5.75211698991741e-05,7.102085510268807e-05
1933,2015-10-26,5.610158039336719e-05,0.00013116037007421255
1934,2015-10-27,1.65259615441985e-05,0.00014111351629253477
1935,2015-10-28,6.015520198992027e-05,0.00020031369058415294
1936,2015-10-29,3.452157526350421e-05,0.0001981221721507609
1937,2015-10-30,5.4710821240090346e-05,0.00012229304411448538
1938,2015-11-02,3.599663396196075e-05,0.00015261561202351004
1939,2015-11-03,4.453541587065245e-05,0.00013345168554224074
1940,2015-11-04,7.050346109648479e-05,8.798865746939555e-05
1941,2015-11-05,4.219682723124977e-05,0.00011926320439670235
1942,2015-11-06,3.211044708876137e-05,9.156111627817154e-05
1943,2015-11-09,0.0005953339680919314,0.0001168860835605301
1944,2015-11-10,9.20156791532642e-05,6.559109897352755e-05
1945,2015-11-13,1.9885919470693536e-05,5.705314833903685e-05
1946,2015-11-16,0.00010100041233433531,6.861614383524284e-05
1947,2015-11-17,5.937591546826456e-05,0.00010411798575660214
1948,2015-11-18,8.201301901045803e-05,0.0001479820639360696
1949,2015-11-19,9.781723620328319e-05,0.00015291705494746566
1950,2015-11-20,4.6105500541230134e-05,8.680305472807959e-05
1951,2015-11-23,1.8812203701885176e-05,9.512364340480417e-05
1952,2015-11-24,2.140979610986634e-05,9.218212653649971e-05
1953,2015-11-26,2.381473014317228e-05,8.741706551518291e-05
1954,2015-11-27,4.636920871367446e-05,9.79274045675993e-05
1955,2015-11-30,1.1974241437363895e-05,4.3990363337798044e-05
1956,2015-12-01,1.608022337715691e-05,4.98211411468219e-05
1957,2015-12-02,3.404362052551517e-05,5.045521538704634e-05
1958,2015-12-03,3.219020623030225e-05,3.324172575958073e-05
1959,2015-12-04,4.681961269987729e-05,5.2099501772318035e-05
1960,2015-12-07,5.506061535323278e-05,5.53808749828022e-05
1961,2015-12-08,5.441377279051063e-05,2.491214945621323e-05
1962,2015-12-09,5.36894061664853e-05,3.155269587296061e-05
1963,2015-12-10,5.790326562641308e-05,4.2310326534789056e-05
1964,2015-12-11,0.00010390936136401282,4.966426422470249e-05
1965,2015-12-14,0.00012185342326024105,4.2407034925417975e-05
1966,2015-12-15,4.2646101499463705e-05,4.224351869197562e-05
1967,2015-12-16,3.186805890317743e-05,5.230695387581363e-05
1968,2015-12-17,9.753174239562226e-05,6.585440860362723e-05
1969,2015-12-18,4.1872754355688024e-05,5.540998972719535e-05
1970,2015-12-21,6.857339416277175e-05,3.758366437978111e-05
1971,2015-12-22,2.7116792381057615e-05,3.447861672611907e-05
1972,2015-12-23,4.348978139250286e-05,7.961099618114531e-05
1973,2015-12-24,2.713665262656863e-05,6.9062429247424e-05
1974,2015-12-28,3.053866634401791e-05,4.939521386404522e-05
1975,2015-12-29,9.352071989227194e-06,2.8865080821560696e-05
1976,2015-12-30,1.7633378140393515e-05,3.4922519262181595e-05
1977,2015-12-31,2.224753570518237e-05,4.245753734721802e-05
1978,2016-01-04,0.00014123263101455827,6.084685446694493e-05
1979,2016-01-05,4.983607103744371e-05,5.853030233993195e-05
1980,2016-01-06,3.5673621375061115e-05,8.746166713535786e-05
1981,2016-01-07,0.00015923411786668228,5.6339704315178096e-05
1982,2016-01-08,4.8711148222142705e-05,7.725285104243085e-05
1983,2016-01-11,0.0001670431321636687,3.1133327865973115e-05
1984,2016-01-12,7.188899457922955e-05,4.062031439389102e-05
1985,2016-01-13,0.0002630243339003127,2.8122651201556437e-05
1986,2016-01-14,0.0003229341494367375,4.630529656424187e-05
1987,2016-01-15,0.00012753641301630947,4.679995618062094e-05
1988,2016-01-18,0.00010882534618260898,4.3267940782243386e-05
1989,2016-01-19,7.694960516700029e-05,4.986016938346438e-05
1990,2016-01-20,0.0004449573120843804,8.479365351377055e-05
1991,2016-01-21,0.00022217704314091114,5.4403488320531324e-05
1992,2016-01-22,0.0001867615737241662,6.501484313048422e-05
1993,2016-01-25,6.475780849176803e-05,8.612008241470903e-05
1994,2016-01-27,4.104707141582139e-05,6.530542304972187e-05
1995,2016-01-28,2.7639348211697534e-05,4.2591444071149454e-05
1996,2016-01-29,0.00018215279944026078,4.104711479158141e-05
1997,2016-02-01,3.218971131348542e-05,4.368463487480767e-05
1998,2016-02-02,0.00013499591349292093,6.138159369584173e-05
1999,2016-02-03,0.00010272822982845885,5.803627573186532e-05
2000,2016-02-04,9.536826633909631e-05,5.988894190522842e-05
2001,2016-02-05,5.9928644335170505e-05,5.1786228141281754e-05
2002,2016-02-08,0.0001349805045889111,8.280941983684897e-05
2003,2016-02-09,0.00014313781740978308,5.84720000915695e-05
2004,2016-02-10,8.402746999728743e-05,7.070977881085128e-05
2005,2016-02-11,0.00042077368343724364,6.89243315719068e-05
2006,2016-02-12,0.0003039061421138834,8.201186574297026e-05
2007,2016-02-15,0.0002264247443181613,0.00010506897524464875
2008,2016-02-16,0.00021479024505558647,5.18947999808006e-05
2009,2016-02-17,0.00022613772497907494,8.821904339129105e-05
2010,2016-02-18,0.00014654982800122558,8.067889575613663e-05
2011,2016-02-19,5.132939222976852e-05,7.86427699495107e-05
2012,2016-02-22,1.767264568990166e-05,5.994591992930509e-05
2013,2016-02-23,0.00015248008279441632,8.334286394529045e-05
2014,2016-02-24,6.828333169892548e-05,0.00011845081462524831
2015,2016-02-25,3.911490488780018e-05,0.00011808300769189373
2016,2016-02-26,0.00013350486442166348,0.00013080661301501095
2017,2016-02-29,0.0005983383966640252,8.413193427259102e-05
2018,2016-03-01,0.00032093777058366684,0.00012062899622833356
2019,2016-03-02,0.00021917913336726315,6.334015051834285e-05
2020,2016-03-03,0.00010520024580578395,0.00012307624274399132
2021,2016-03-04,4.829090722898051e-05,5.3037816542200744e-05
2022,2016-03-08,4.262258953957116e-05,0.00010604463750496507
2023,2016-03-09,0.00012282000616524786,8.028653246583417e-05
2024,2016-03-10,7.032245915657246e-05,8.938143582781777e-05
2025,2016-03-11,4.1384059138106564e-05,7.383268530247733e-05
2026,2016-03-14,4.7546839006266015e-05,7.005219958955422e-05
2027,2016-03-15,5.12708465459473e-05,7.19579475116916e-05
2028,2016-03-16,7.42388178265465e-05,0.00013283458247315139
2029,2016-03-17,0.00012646295014095797,0.0001785906933946535
2030,2016-03-18,6.261459533754061e-05,0.00016057527682278305
2031,2016-03-21,5.697008726745507e-05,0.00012980239989701658
2032,2016-03-22,4.94654765433524e-05,0.00012365920701995492
2033,2016-03-23,2.5167907029533643e-05,7.435969018843025e-05
2034,2016-03-28,0.0001615698704365097,8.648881339468062e-05
2035,2016-03-29,3.529716438786733e-05,5.936346860835329e-05
2036,2016-03-30,0.00010565922719085044,5.281859921524301e-05
2037,2016-03-31,3.3443709466839964e-05,6.322855188045651e-05
2038,2016-04-01,4.091117681144208e-05,9.807843889575452e-05
2039,2016-04-04,2.973926771530277e-05,7.31568070477806e-05
2040,2016-04-05,0.00013519414061645017,0.0001266042672796175
2041,2016-04-06,3.347044458013066e-05,7.062903750920668e-05
2042,2016-04-07,5.794978931343225e-05,8.55135585879907e-05
2043,2016-04-08,1.0874569361629457e-05,6.58635763102211e-05
2044,2016-04-11,0.00017706142211848877,7.593847840325907e-05
2045,2016-04-12,1.6681064872019508e-05,7.495455065509304e-05
2046,2016-04-13,0.0001252172908954354,9.178876644000411e-05
2047,2016-04-18,0.00010468545198990556,9.043098543770611e-05
2048,2016-04-20,5.5208979710117805e-05,0.00013042966020293534
2049,2016-04-21,7.10730800349876e-05,8.867275028023869e-05
2050,2016-04-22,1.99623684016149e-05,9.084840712603182e-05
2051,2016-04-25,3.895404586390491e-05,7.410278340103105e-05
2052,2016-04-26,0.0001370044039759001,0.00010312641825294122
2053,2016-04-27,2.068757524224609e-05,0.00011360222561052069
2054,2016-04-28,0.00013627981297136617,8.32769219414331e-05
2055,2016-04-29,5.571475301346533e-05,7.414392166538164e-05
2056,2016-05-02,2.9462393969404483e-05,5.295685332384892e-05
2057,2016-05-03,0.0001521669472434585,7.506206020480022e-05
2058,2016-05-04,2.4920300953003118e-05,9.01542225619778e-05
2059,2016-05-05,3.929030051228988e-05,8.274445281131193e-05
2060,2016-05-06,3.213054794082273e-05,9.28843001020141e-05
2061,2016-05-09,8.808796784670366e-05,7.70210608607158e-05
2062,2016-05-10,2.3464955275724925e-05,9.89330219454132e-05
2063,2016-05-11,0.00018245556715020087,7.162144174799323e-05
2064,2016-05-12,3.202490128655026e-05,9.05751294340007e-05
2065,2016-05-13,6.227030984130201e-05,6.055150879547e-05
2066,2016-05-16,7.178808262500464e-05,7.092731539160013e-05
2067,2016-05-17,4.56832209245676e-05,5.9220743423793465e-05
2068,2016-05-18,6.175159144494807e-05,5.3815325372852385e-05
2069,2016-05-19,6.779048887299967e-05,5.346445686882362e-05
2070,2016-05-20,3.3861458115398054e-05,7.800977618899196e-05
2071,2016-05-23,0.00012224288071093295,7.959224603837356e-05
2072,2016-05-24,1.288117024794707e-05,5.069579856353812e-05
2073,2016-05-25,0.00016055763080611183,5.4681513574905694e-05
2074,2016-05-26,0.00011989646727705564,5.5413689551642165e-05
2075,2016-05-27,4.1208445986290707e-05,8.769536361796781e-05
2076,2016-05-30,1.3592082987709081e-05,5.500689076143317e-05
2077,2016-05-31,4.8490252105563725e-05,6.434306123992428e-05
2078,2016-06-01,1.8753651476179225e-05,4.6108849346637726e-05
2079,2016-06-02,3.63558102400851e-05,6.353343633236364e-05
2080,2016-06-03,2.439437973920095e-05,6.837536056991667e-05
2081,2016-06-06,1.303987214027542e-05,6.343275163089857e-05
2082,2016-06-07,4.804730888345358e-05,4.803925912710838e-05
2083,2016-06-08,1.3371495897300513e-05,4.638330574380234e-05
2084,2016-06-09,4.0877406409710195e-05,5.896162838325836e-05
2085,2016-06-10,8.954539932166314e-05,4.730814544018358e-05
2086,2016-06-13,9.126162994340598e-05,8.122711005853489e-05
2087,2016-06-14,3.7812253788206125e-05,6.937427679076791e-05
2088,2016-06-15,5.539648235023135e-05,5.7522782299201936e-05
2089,2016-06-16,8.868189364461141e-05,6.621387001359835e-05
2090,2016-06-17,3.811188477188464e-05,8.478976815240458e-05
2091,2016-06-20,0.0001394030975086836,8.093698124866933e-05
2092,2016-06-21,2.0417016972501297e-05,5.441770554170944e-05
2093,2016-06-22,3.948027088124554e-05,8.176726987585425e-05
2094,2016-06-23,4.687577659536303e-05,4.2149673390667886e-05
2095,2016-06-24,0.0010747527719417458,4.0512455598218367e-05
2096,2016-06-27,7.456208987425926e-05,5.8945945056620985e-05
2097,2016-06-28,1.8341631880991232e-05,7.16398935765028e-05
2098,2016-06-29,4.5980027449384634e-05,7.044156518531963e-05
2099,2016-06-30,6.784711538201632e-05,5.166463233763352e-05
2100,2016-07-01,2.304761150331385e-05,3.81991958420258e-05
2101,2016-07-04,4.008862792599392e-05,3.4282482374692336e-05
2102,2016-07-05,2.0136567407189245e-05,4.800024180440232e-05
2103,2016-07-07,9.819472436319561e-06,3.187193942721933e-05
2104,2016-07-08,2.7825822998420287e-05,6.27701374469325e-05
2105,2016-07-11,0.00013801895240212096,6.613542791455984e-05
2106,2016-07-12,2.8486557981032518e-05,5.3593052143696696e-05
2107,2016-07-13,2.1037047073433698e-05,8.912030170904472e-05
2108,2016-07-14,2.350939535694882e-05,8.114404045045376e-05
2109,2016-07-15,3.250927520661815e-05,7.274397648870945e-05
2110,2016-07-18,4.668227269336318e-05,5.1754879677901044e-05
2111,2016-07-19,2.1882063277176554e-05,7.3137620347552e-05
2112,2016-07-20,1.7595107668755524e-05,5.471072654472664e-05
2113,2016-07-21,3.490728272629007e-05,7.215901860035956e-05
2114,2016-07-22,1.946582751808911e-05,7.315987750189379e-05
2115,2016-07-25,7.694342589089843e-05,9.450686047784984e-05
2116,2016-07-26,2.0753208848654285e-05,5.013380359741859e-05
2117,2016-07-27,4.153405239846423e-05,6.017198757035658e-05
2118,2016-07-28,1.696096909233357e-05,0.00010130561713594943
2119,2016-07-29,7.072370690967523e-06,8.040536340558901e-05
2120,2016-08-01,6.821966807165238e-05,7.229251059470698e-05
2121,2016-08-02,3.0506021789603598e-05,6.148729153210297e-05
2122,2016-08-03,5.4354611269130414e-05,4.681102655013092e-05
2123,2016-08-04,7.735314820156566e-05,3.907520294887945e-05
2124,2016-08-05,7.731974485430207e-05,4.062325751874596e-05
2125,2016-08-08,1.4619016476037752e-05,4.152312612859532e-05
2126,2016-08-09,4.632293855126e-05,5.110447091283277e-05
2127,2016-08-10,7.268890570004142e-05,5.099492773297243e-05
2128,2016-08-11,1.945939988201039e-05,4.903526132693514e-05
2129,2016-08-16,0.00011563779223880649,5.3715652029495686e-05
2130,2016-08-17,1.8180236176449822e-05,3.156973252771422e-05
2131,2016-08-18,1.8292324381145646e-05,5.629072620649822e-05
2132,2016-08-19,1.807817553001664e-05,4.640317274606787e-05
2133,2016-08-22,2.236352800740794e-05,5.7537868997314945e-05
2134,2016-08-23,2.392452847648828e-05,3.44507752743084e-05
2135,2016-08-24,1.1771692273588226e-05,6.323283014353365e-05
2136,2016-08-25,4.925849890217197e-05,5.41255394637119e-05
2137,2016-08-26,3.353896917991387e-05,5.1922223065048456e-05
2138,2016-08-29,3.214491071474973e-05,9.835766104515642e-05
2139,2016-08-30,7.325082398911906e-05,4.6348461182788014e-05
2140,2016-08-31,2.4144327937051163e-05,4.4371510739438236e-05
2141,2016-09-01,1.2999984480810579e-05,0.0001065216347342357
2142,2016-09-02,2.026034744216622e-05,8.216640708269551e-05
2143,2016-09-06,6.853435995705669e-05,4.527605415205471e-05
2144,2016-09-07,2.1291783824156314e-05,6.3190636865329e-05
2145,2016-09-08,1.7958983277533593e-05,7.295483374036849e-05
2146,2016-09-09,3.173210948827549e-05,3.101665424765088e-05
2147,2016-09-12,0.00024089051674891574,5.6847795349312946e-05
2148,2016-09-14,1.1955158208658918e-05,7.136222848203033e-05
2149,2016-09-15,1.7649770043587715e-05,4.480075222090818e-05
2150,2016-09-16,6.52426724433184e-05,3.730470416485332e-05
2151,2016-09-19,1.171860469864561e-05,5.0490594730945304e-05
2152,2016-09-20,1.6062935649695664e-05,5.6295124522875994e-05
2153,2016-09-21,2.4533323057762382e-05,6.773174391128123e-05
2154,2016-09-22,0.00013218035633419912,3.8650654460070655e-05
2155,2016-09-23,2.0488346241283817e-05,4.867441384703852e-05
2156,2016-09-26,4.664363502143284e-05,4.3891843233723193e-05
2157,2016-09-27,3.5395741051868424e-05,3.6771351005882025e-05
2158,2016-09-28,1.8934667184038748e-05,4.312873716116883e-05
2159,2016-09-29,0.00029506375509324724,7.031115819700062e-05
2160,2016-09-30,3.1401674313975554e-05,5.941472772974521e-05
2161,2016-10-03,9.6854530288184e-05,6.928705988684669e-05
2162,2016-10-04,2.4630760111737668e-05,5.226601570029743e-05
2163,2016-10-05,4.353679404247971e-05,2.870076787075959e-05
2164,2016-10-06,4.943146151066021e-05,5.5764579883543774e-05
2165,2016-10-07,2.2117379924494255e-05,4.5317829062696546e-05
2166,2016-10-10,2.6576216792863498e-05,5.8510544477030635e-05
2167,2016-10-13,0.00010939120079010076,9.840157872531563e-05
2168,2016-10-14,2.1618623392652697e-05,6.0729918914148584e-05
2169,2016-10-17,6.736106457435898e-05,4.5911569031886756e-05
2170,2016-10-18,9.377857554711356e-05,4.935509423376061e-05
2171,2016-10-19,2.4172242434483355e-05,6.269224832067266e-05
2172,2016-10-20,2.6601762712074737e-05,5.0511545850895345e-05
2173,2016-10-21,2.2600112626170614e-05,7.249583723023534e-05
2174,2016-10-24,1.587435923671169e-05,3.826676038443111e-05
2175,2016-10-25,2.0738966466559835e-05,6.546635995618999e-05
2176,2016-10-26,3.348784512171819e-05,2.825750198098831e-05
2177,2016-10-27,3.5838548993025016e-05,3.298134106444195e-05
2178,2016-10-28,2.7728112049879886e-05,6.726440915372223e-05
2179,2016-11-01,1.667732878878141e-05,5.405811680248007e-05
2180,2016-11-02,0.00010368951135556168,4.771162639372051e-05
2181,2016-11-03,2.3859315981004867e-05,2.773995765892323e-05
2182,2016-11-04,6.032951342812197e-05,6.983308412600309e-05
2183,2016-11-07,0.00015931740586893023,6.511437823064625e-05
2184,2016-11-08,6.288652127112728e-05,3.0345348932314664e-05
2185,2016-11-09,0.004401917902383773,3.8614551158389077e-05
2186,2016-11-10,0.0002500472060843077,4.2924719309667125e-05
2187,2016-11-11,0.00021540238917917674,3.9780054066795856e-05
2188,2016-11-15,0.00019494373412594801,3.567990643205121e-05
2189,2016-11-16,0.0002172560679062919,3.500658203847706e-05
2190,2016-11-17,4.575662480025399e-05,3.140747867291793e-05
2191,2016-11-18,3.777465405433972e-05,5.183465327718295e-05
2192,2016-11-21,0.00019552438114009966,5.493962817126885e-05
2193,2016-11-22,9.701876648388942e-05,4.832691411138512e-05
2194,2016-11-23,8.808477548633071e-05,0.00010802393080666661
2195,2016-11-24,3.4548129030991914e-05,6.07948204560671e-05
2196,2016-11-25,0.00014063982439062114,4.9950303946388885e-05
2197,2016-11-28,4.987606980993711e-05,3.1487496016779914e-05
2198,2016-11-29,3.722627047275546e-05,5.76224883843679e-05
2199,2016-11-30,6.104989927990317e-05,4.6231212763814256e-05
2200,2016-12-01,2.712518149821689e-05,5.4701962653780356e-05
2201,2016-12-02,6.439450484442685e-05,6.105878856033087e-05
2202,2016-12-05,3.848954738414748e-05,5.0266895414097235e-05
2203,2016-12-06,2.1223429583034865e-05,4.777609501616098e-05
2204,2016-12-07,7.392312514070153e-05,5.519017213373445e-05
2205,2016-12-08,9.320237892042395e-05,4.330067167757079e-05
2206,2016-12-09,1.566539152904411e-05,4.096647535334341e-05
2207,2016-12-12,4.4629189843292734e-05,6.36132899671793e-05
2208,2016-12-13,4.142107419485353e-05,6.078015940147452e-05
2209,2016-12-14,2.2952558256033943e-05,4.152336259721778e-05
2210,2016-12-15,0.00011869448904570381,4.079789141542278e-05
2211,2016-12-16,2.3000540661969703e-05,7.57193483877927e-05
2212,2016-12-19,9.95805732950961e-06,4.656515739043243e-05
2213,2016-12-20,1.9873772898833504e-05,6.947517249500379e-05
2214,2016-12-21,2.646922722061369e-05,9.83609352260828e-05
2215,2016-12-22,4.0245437491215454e-05,6.105494685471058e-05
2216,2016-12-23,3.4516112483404216e-05,9.119493188336492e-05
2217,2016-12-26,3.819431780625482e-05,5.6207900342997164e-05
2218,2016-12-27,0.00010602981968662448,8.480634278384969e-05
2219,2016-12-28,4.0734867884223486e-05,6.509053491754457e-05
2220,2016-12-29,4.248865271212373e-05,0.00011239719606237486
2221,2016-12-30,3.8328055072668e-05,8.644436456961557e-05
2222,2017-01-02,4.8658917316123446e-05,9.099555609282106e-05
2223,2017-01-03,3.069614340482501e-05,0.00010043533256975934
2224,2017-01-04,8.760079111152476e-06,6.099273741710931e-05
2225,2017-01-05,3.672454055878484e-05,6.115681026130915e-05
2226,2017-01-06,2.82863669262662e-05,6.7102700995747e-05
2227,2017-01-09,9.76819988238459e-06,6.815856613684446e-05
2228,2017-01-10,1.5774978609482168e-05,9.093621338251978e-05
2229,2017-01-11,4.375820340054775e-05,9.381684503750876e-05
2230,2017-01-12,7.278796066182223e-06,5.424930350272916e-05
2231,2017-01-13,7.491015943159706e-05,6.32360897725448e-05
2232,2017-01-16,1.4146453316105498e-05,6.0848829889437184e-05
2233,2017-01-17,1.8569306627761794e-05,4.682861617766321e-05
2234,2017-01-18,2.51693371577335e-05,4.764550976688042e-05
2235,2017-01-19,8.008972014563225e-06,3.2688309147488326e-05
2236,2017-01-20,4.643853823998745e-05,8.714420982869342e-05
2237,2017-01-23,3.4568028667580596e-05,5.444018097477965e-05
2238,2017-01-24,3.5922463050167545e-05,7.921295036794618e-05
2239,2017-01-25,7.280821379085595e-05,6.429926725104451e-05
2240,2017-01-27,2.348924831791798e-05,5.158049680176191e-05
2241,2017-01-30,9.964372394989812e-06,4.175399226369336e-05
2242,2017-01-31,2.911808868666895e-05,5.017005969421007e-05
2243,2017-02-01,0.0001587482934566071,6.048519935575314e-05
2244,2017-02-02,2.436789674284356e-05,6.512815889436752e-05
2245,2017-02-03,8.876817930028001e-06,5.5413049267372116e-05
2246,2017-02-06,3.406681217931385e-05,6.071353345760144e-05
2247,2017-02-07,2.28352851977605e-05,4.563316178973764e-05
2248,2017-02-08,3.1602699584836655e-05,5.704808791051619e-05
2249,2017-02-09,5.326815296821516e-05,6.718049553455785e-05
2250,2017-02-10,2.6676404852540967e-05,7.863459177315235e-05
2251,2017-02-13,3.969122507688247e-05,5.614296969724819e-05
2252,2017-02-14,1.4329607345083635e-05,6.35913893347606e-05
2253,2017-02-15,4.277595249296048e-05,6.0196784033905715e-05
2254,2017-02-16,2.1509214491655848e-05,6.95090348017402e-05
2255,2017-02-17,0.0001796743463127946,5.097091707284562e-05
2256,2017-02-20,2.5247211683134655e-05,3.203317100997083e-05
2257,2017-02-21,1.787765993659879e-05,3.741386899491772e-05
2258,2017-02-22,2.0058054621642804e-05,3.592683424358256e-05
2259,2017-02-23,2.3964552313110645e-05,4.5443157432600856e-05
2260,2017-02-27,1.7037093564097862e-05,4.417416130308993e-05
2261,2017-02-28,9.450411292000101e-06,4.3053700210293755e-05
2262,2017-03-01,2.4351464364551258e-05,4.755000554723665e-05
2263,2017-03-02,7.088750052706836e-05,5.560065255849622e-05
2264,2017-03-03,1.3410144644256254e-05,5.7661796745378524e-05
2265,2017-03-06,1.6167128510647676e-05,4.005731170764193e-05
2266,2017-03-07,1.182002862676494e-05,5.568104097619653e-05
2267,2017-03-08,2.064503992680895e-05,6.441963341785595e-05
2268,2017-03-09,1.017050508012567e-05,2.6972111299983226e-05
2269,2017-03-10,3.0536830987972844e-05,6.036573904566467e-05
2270,2017-03-14,0.00031938305655894277,3.317427035653964e-05
2271,2017-03-15,4.280266426866462e-06,3.021946395165287e-05
2272,2017-03-16,2.7903497926724253e-05,3.948031007894315e-05
2273,2017-03-17,5.4625854587875576e-05,3.691825986607e-05
2274,2017-03-20,1.153956949808972e-05,3.791074414039031e-05
2275,2017-03-21,1.685989222322642e-05,6.942509935470298e-05
2276,2017-03-22,7.936113469499421e-05,3.848216510959901e-05
2277,2017-03-23,1.5104706616368448e-05,3.8357116864062846e-05
2278,2017-03-24,1.2009571739656923e-05,3.091958205914125e-05
2279,2017-03-27,2.4136056632467014e-05,2.0292800400056876e-05
2280,2017-03-28,2.0069818278399382e-05,4.97164401167538e-05
2281,2017-03-29,1.7496782330682278e-05,2.8589854991878383e-05
2282,2017-03-30,8.786137944873559e-06,2.6533038180787116e-05
2283,2017-03-31,9.287198821635768e-06,5.545217209146358e-05
2284,2017-04-03,3.854201798541387e-05,2.979774581035599e-05
2285,2017-04-05,2.7722125620935037e-05,4.068583803018555e-05
2286,2017-04-06,1.5415920025714867e-05,4.047870243084617e-05
2287,2017-04-07,3.337951633686071e-05,6.92687535774894e-05
2288,2017-04-10,1.924203718704489e-05,5.014083217247389e-05
2289,2017-04-11,1.9572033392986674e-05,3.621804353315383e-05
2290,2017-04-12,3.3999227406551724e-05,7.55790388211608e-05
2291,2017-04-13,1.351107323296168e-05,4.969885048922151e-05
2292,2017-04-17,6.740676158408304e-06,6.0084479628130794e-05
2293,2017-04-18,7.407288729647297e-05,3.67934480891563e-05
2294,2017-04-19,1.0417324931744038e-05,4.0923405322246253e-05
2295,2017-04-20,7.1139213546514225e-06,3.512570037855767e-05
2296,2017-04-21,6.0492358617786335e-05,2.7325782866682857e-05
2297,2017-04-24,3.91358025481625e-05,3.6834808270214126e-05
2298,2017-04-25,5.047605449995543e-05,1.8952001482830383e-05
2299,2017-04-26,2.7921398005893785e-05,3.629417915362865e-05
2300,2017-04-27,8.628607729765679e-06,2.193051295762416e-05
2301,2017-04-28,1.560077252135661e-05,3.102843038504943e-05
2302,2017-05-02,4.456539032207974e-05,3.681896851048805e-05
2303,2017-05-03,2.035103330390376e-05,1.793295996321831e-05
2304,2017-05-04,3.820164245790223e-05,2.24324940063525e-05
2305,2017-05-05,4.573068578701604e-05,2.0286433937144466e-05
2306,2017-05-08,1.4690164112931832e-05,2.533162296458613e-05
2307,2017-05-09,1.0215109313771378e-05,4.015783270006068e-05
2308,2017-05-10,2.983154502485927e-05,3.745217327377759e-05
2309,2017-05-11,2.5317009671558285e-05,1.910385071823839e-05
2310,2017-05-12,2.1069634830386977e-05,3.74924493371509e-05
2311,2017-05-15,1.473233523424625e-05,2.904398388636764e-05
2312,2017-05-16,1.6592434414745827e-05,1.987994801311288e-05
2313,2017-05-17,1.043874279335704e-05,3.6051220376975834e-05
2314,2017-05-18,7.933509405596313e-05,4.03014782932587e-05
2315,2017-05-19,6.742032866542055e-05,3.0450959457084537e-05
2316,2017-05-22,4.953775850459483e-05,5.260671241558157e-05
2317,2017-05-23,2.426873086112516e-05,6.081547326175496e-05
2318,2017-05-24,3.7742595477921535e-05,2.9713921321672387e-05
2319,2017-05-25,8.504352945871144e-05,4.080532380612567e-05
2320,2017-05-26,4.429042070016859e-05,3.6452533095143735e-05
2321,2017-05-29,4.4177478342821896e-05,4.233955405652523e-05
2322,2017-05-30,1.2796533630048106e-05,4.22180637542624e-05
2323,2017-05-31,7.375703310211218e-06,4.750218431581743e-05
2324,2017-06-01,1.0644289205186812e-05,4.039270424982533e-05
2325,2017-06-02,2.2748404051033123e-05,3.984228169429116e-05
2326,2017-06-05,7.806672175144673e-06,3.212509909644723e-05
2327,2017-06-06,3.162717882672092e-05,2.0301509721321054e-05
2328,2017-06-07,1.712045560772506e-05,5.7268476666649804e-05
2329,2017-06-08,1.166122868228682e-05,3.1948504329193383e-05
2330,2017-06-09,1.9163958971651436e-05,3.309930980321951e-05
2331,2017-06-12,1.4579820519592179e-05,2.5324980015284382e-05
2332,2017-06-13,1.491464882719624e-05,4.1912615415640175e-05
2333,2017-06-14,1.3845953008029953e-05,4.4754888222087175e-05
2334,2017-06-15,1.4030677002702763e-05,3.0258683182182722e-05
2335,2017-06-16,1.2413095658854464e-05,3.176815516781062e-05
2336,2017-06-19,2.820216210962336e-05,2.4376871806452982e-05
2337,2017-06-20,5.669832497002004e-06,4.900614294456318e-05
2338,2017-06-21,8.398878126773637e-06,3.131321136606857e-05
2339,2017-06-22,3.0963889725139255e-05,3.263974213041365e-05
2340,2017-06-23,2.6747068131287057e-05,4.351734969532117e-05
2341,2017-06-27,7.875595330857597e-05,5.1867336878785864e-05
2342,2017-06-28,1.0211563375588857e-05,4.943578824168071e-05
2343,2017-06-29,4.209983213826359e-05,5.217637226451188e-05
2344,2017-06-30,3.6050985311516475e-05,3.22424057230819e-05
2345,2017-07-03,7.71139805742713e-05,2.371547816437669e-05
2346,2017-07-04,2.1859992963678212e-05,2.8946513339178637e-05
2347,2017-07-05,5.322527804814414e-06,3.339194881846197e-05
2348,2017-07-06,1.6366488294788588e-05,2.4579918317613192e-05
2349,2017-07-07,6.611300467329398e-06,1.447939303034218e-05
2350,2017-07-10,0.00010861317146423544,2.91689266305184e-05
2351,2017-07-11,1.850002207461352e-05,2.39484834310133e-05
2352,2017-07-12,9.873425818746856e-06,2.064771979348734e-05
2353,2017-07-13,2.2949391170935385e-05,1.8344926502322778e-05
2354,2017-07-14,2.6068223569900177e-05,2.3297825464396738e-05
2355,2017-07-17,8.633089829355597e-06,2.6768417228595354e-05
2356,2017-07-18,0.00010178571188602759,2.459917413943913e-05
2357,2017-07-19,1.8406268990113508e-05,2.8394299079081975e-05
2358,2017-07-20,1.6514057965716125e-05,3.349870894453488e-05
2359,2017-07-21,4.1739087510356195e-05,2.4134886189131066e-05
2360,2017-07-24,1.780840640292259e-05,3.0336639611050487e-05
2361,2017-07-25,3.328666131191012e-05,2.248572309326846e-05
2362,2017-07-26,1.620595813102399e-05,1.6840818716445938e-05
2363,2017-07-27,6.147011452921705e-05,4.485247700358741e-05
2364,2017-07-28,3.325393361947144e-05,3.395689418539405e-05
2365,2017-07-31,2.0032680774487673e-05,5.214045449974947e-05
2366,2017-08-01,1.9925850761656354e-05,2.6500720196054317e-05
2367,2017-08-02,2.967983867624305e-05,3.406383257242851e-05
2368,2017-08-03,2.3734695257749996e-05,4.408796667121351e-05
2369,2017-08-04,2.5783073628637503e-05,2.476108056725934e-05
2370,2017-08-07,6.417032676236576e-06,2.531715654185973e-05
2371,2017-08-08,6.443597728006273e-05,2.4555949494242668e-05
2372,2017-08-09,2.317804997830433e-05,3.078147710766643e-05
2373,2017-08-10,6.127221845828908e-05,3.0985997000243515e-05
2374,2017-08-11,0.00015242004057003473,4.096772681805305e-05
2375,2017-08-14,3.8025601267983315e-05,3.18337552016601e-05
2376,2017-08-16,7.575647122906958e-05,3.8005262467777357e-05
2377,2017-08-17,3.8705861525993506e-05,3.402276342967525e-05
2378,2017-08-18,4.808000104598623e-05,2.6366935344412923e-05
2379,2017-08-21,8.011529431703144e-05,3.2538238883716986e-05
2380,2017-08-22,5.94453928281125e-05,2.339637285331264e-05
2381,2017-08-23,3.266952769634482e-05,3.164291774737649e-05
2382,2017-08-24,1.2347711039919e-05,2.1878748157178052e-05
2383,2017-08-28,3.265055595520532e-05,2.077462340821512e-05
2384,2017-08-29,4.5012069470175416e-05,2.020817373704631e-05
2385,2017-08-30,5.4271876787531064e-05,2.3707383661530912e-05
2386,2017-08-31,2.615798454006605e-05,1.7899505110108294e-05
2387,2017-09-01,2.3347009679682733e-05,3.935411587008275e-05
2388,2017-09-04,6.350993186281627e-05,3.579298572731204e-05
2389,2017-09-05,1.8671693721567243e-05,3.444013054831885e-05
2390,2017-09-06,3.6567147844552075e-05,3.496590943541378e-05
2391,2017-09-07,1.6651360561601247e-05,2.9281551178428344e-05
2392,2017-09-08,1.7788930841056456e-05,3.6921534046996385e-05
2393,2017-09-11,2.6991636742127862e-05,3.113047932856716e-05
2394,2017-09-12,4.345137254469303e-05,7.16748763807118e-05
2395,2017-09-13,1.6612112137841947e-05,5.250396134215407e-05
2396,2017-09-14,1.8021229991162165e-05,3.2911146263359115e-05
2397,2017-09-15,2.28409557689492e-05,3.986717638326809e-05
2398,2017-09-18,2.8430060400650136e-05,6.0026748542441055e-05
2399,2017-09-19,1.3313408466347835e-05,4.095624171895906e-05
2400,2017-09-20,6.158235038534547e-06,6.470254447776824e-05
2401,2017-09-21,3.8849920093834524e-05,4.516935587162152e-05
2402,2017-09-22,7.596340885040726e-05,6.093674528528936e-05
2403,2017-09-25,8.212720682165013e-05,6.791790656279773e-05
2404,2017-09-26,2.708755906513826e-05,5.4408003052230924e-05
2405,2017-09-27,0.00017589518260709434,5.6089826102834195e-05
2406,2017-09-28,3.8961242526113025e-05,6.47267370368354e-05
2407,2017-09-29,4.508568989228581e-05,3.7491630791919306e-05
2408,2017-10-03,0.00012972528658953812,6.07061228947714e-05
2409,2017-10-04,3.269684958396696e-05,5.285997758619487e-05
2410,2017-10-05,1.5919271197449515e-05,5.1256170991109684e-05
2411,2017-10-06,2.7429530623726068e-05,4.8394384066341445e-05
2412,2017-10-09,1.1221873647704073e-05,3.752901102416217e-05
2413,2017-10-10,9.632886118707531e-06,5.784057066193782e-05
2414,2017-10-11,4.78383475917553e-05,2.980613317049574e-05
2415,2017-10-12,6.303511592999649e-05,5.442289329948835e-05
2416,2017-10-13,2.535317069439369e-05,5.683055496774614e-05
2417,2017-10-16,3.131103288664536e-05,5.933974534855224e-05
2418,2017-10-17,4.974809169054282e-06,8.00247144070454e-05
2419,2017-10-18,1.7888312745639345e-05,3.692428072099574e-05
2420,2017-10-19,2.695411062805133e-05,3.4180298825958744e-05
2421,2017-10-23,4.0983977238474716e-05,3.2576368539594114e-05
2422,2017-10-24,2.0742350107581793e-05,3.530742833390832e-05
2423,2017-10-25,0.00015704366465436634,3.303910852991976e-05
2424,2017-10-26,2.2367871875639995e-05,5.433193291537464e-05
2425,2017-10-27,1.2819868191313316e-05,5.332528962753713e-05
2426,2017-10-30,1.4238818740416066e-05,3.908545113517903e-05
2427,2017-10-31,6.2241499351426164e-06,3.6891513445880264e-05
2428,2017-11-01,4.280634844171145e-05,4.9568916438147426e-05
2429,2017-11-02,4.990976924028228e-06,5.506404704647139e-05
2430,2017-11-03,3.052274921830456e-05,4.501415605773218e-05
2431,2017-11-06,2.302938095191947e-05,4.1599541873438284e-05
2432,2017-11-07,7.130102620834614e-05,3.66100030078087e-05
2433,2017-11-08,3.181357784745931e-05,4.819141759071499e-05
2434,2017-11-09,6.427596662087807e-05,3.598046532715671e-05
2435,2017-11-10,2.8210278952494895e-05,3.496570570860058e-05
2436,2017-11-13,4.437624775951654e-05,4.522612289292738e-05
2437,2017-11-14,1.733720230174111e-05,5.141768997418694e-05
2438,2017-11-15,2.503567429055782e-05,3.647110497695394e-05
2439,2017-11-16,3.977530022808129e-05,5.610470179817639e-05
2440,2017-11-17,0.00013224260203689188,5.1266779337311164e-05
2441,2017-11-20,8.09632388827759e-06,3.0152961699059233e-05
2442,2017-11-21,1.5582235524083175e-05,2.9410934075713158e-05
2443,2017-11-22,1.6839164755705246e-05,4.360109960543923e-05
2444,2017-11-23,1.8333880582881358e-05,2.721145938267e-05
2445,2017-11-24,8.869055083073786e-06,4.251535574439913e-05
2446,2017-11-27,2.205198763118219e-05,4.2108167690457776e-05
2447,2017-11-28,1.045902114573604e-05,3.528618981363252e-05
2448,2017-11-29,7.198774131475007e-06,2.9104319764883257e-05
2449,2017-11-30,5.5579146194044484e-05,3.8679674617014825e-05
2450,2017-12-01,0.00010077703212312568,4.2998261051252484e-05
2451,2017-12-04,5.265548416055481e-05,4.0278653614223e-05
2452,2017-12-05,2.2200160724306474e-05,4.798976078745909e-05
2453,2017-12-06,2.5101632003823217e-05,4.723691745311953e-05
2454,2017-12-07,5.236743737004551e-05,4.74200387543533e-05
2455,2017-12-08,2.817732746797424e-05,2.792109989968594e-05
2456,2017-12-11,2.7366528788596584e-05,3.265916893724352e-05
2457,2017-12-12,2.9716174425947025e-05,2.5073728465940803e-05
2458,2017-12-13,5.509887789063815e-05,6.49450666969642e-05
2459,2017-12-14,8.304889781940409e-05,3.6557532439474016e-05
2460,2017-12-15,9.19201856281325e-05,2.4911556465667672e-05
2461,2017-12-18,0.0005323057887534672,2.6697183784563094e-05
2462,2017-12-19,1.9758045997267172e-05,1.7623158782953396e-05
2463,2017-12-20,1.9135392353583114e-05,2.9848091799067333e-05
2464,2017-12-21,1.542758947151026e-05,3.420938446652144e-05
2465,2017-12-22,1.116689953750842e-05,4.6281456889119e-05
2466,2017-12-26,1.8271389921030036e-05,3.8733713154215366e-05
2467,2017-12-27,2.080159505914494e-05,3.423252564971335e-05
2468,2017-12-28,1.804126831765644e-05,2.8029178793076426e-05
2469,2017-12-29,9.56522989562545e-06,3.614827073761262e-05
2470,2018-01-02,5.1711152345409854e-05,6.526184006361291e-05
2471,2018-01-03,3.176436393467116e-05,2.7911117285839282e-05
2472,2018-01-04,2.2965006941833536e-05,3.504442429402843e-05
2473,2018-01-05,1.4316766440468319e-05,5.058385067968629e-05
2474,2018-01-08,1.5130103270764797e-05,4.868912947131321e-05
2475,2018-01-09,1.4203308880338319e-05,3.2508429285371676e-05
2476,2018-01-10,1.737505242104902e-05,4.068249472766183e-05
2477,2018-01-11,8.56202792220579e-06,3.269732042099349e-05
2478,2018-01-12,5.098298522228729e-05,3.770831972360611e-05
2479,2018-01-15,2.9478171225733893e-05,3.531972106429748e-05
2480,2018-01-16,2.0088697954974724e-05,4.737375274999067e-05
2481,2018-01-17,5.516302730483575e-05,4.283761154511012e-05
2482,2018-01-18,9.389544297821404e-05,3.270683009759523e-05
2483,2018-01-19,3.892048874761976e-05,4.413937858771533e-05
2484,2018-01-22,2.609019025702643e-05,5.1705694204429165e-05
2485,2018-01-23,3.496248951499831e-05,1.671730205998756e-05
2486,2018-01-24,1.2699413529315203e-05,2.905404289776925e-05
2487,2018-01-25,3.086538441504956e-05,3.6544774047797546e-05
2488,2018-01-29,2.9130026837322363e-05,3.552795897121541e-05
2489,2018-01-30,2.2248335545029476e-05,3.5315679269842803e-05
2490,2018-01-31,2.5084725827419814e-05,3.294025736977346e-05
2491,2018-02-01,0.00016971636612586537,3.5926292184740305e-05
2492,2018-02-02,0.00018864376244969157,3.104862116742879e-05
2493,2018-02-05,0.00025458024514201586,5.9332112869014964e-05
2494,2018-02-06,0.0015833993371257753,4.0232003811979666e-05
2495,2018-02-07,0.00019340538100059737,3.9221704355441034e-05
2496,2018-02-08,9.166015320058885e-05,2.238744309579488e-05
2497,2018-02-09,0.00025401068066716666,1.9358649296918884e-05
2498,2018-02-12,5.1949587526022354e-05,2.8358872441458516e-05
2499,2018-02-14,7.772835094865775e-05,2.6643159799277782e-05
2500,2018-02-15,5.238916191633619e-05,4.0370443457504734e-05
2501,2018-02-16,0.00012020625075814326,3.529446985339746e-05
2502,2018-02-19,0.0001371185883911354,5.4376465413952246e-05
2503,2018-02-20,2.395409870370307e-05,4.498952330322936e-05
2504,2018-02-21,6.480398350951336e-05,4.32837478001602e-05
2505,2018-02-22,2.7270334347436223e-05,6.905716145411134e-05
2506,2018-02-23,3.836764725155878e-05,4.528611680143513e-05
2507,2018-02-26,2.7412414245690685e-05,3.445830225246027e-05
2508,2018-02-27,3.604350550608012e-05,3.025075056939386e-05
2509,2018-02-28,5.5636332967020066e-05,1.8649461708264425e-05
2510,2018-03-01,2.3497134828637427e-05,2.4603701604064554e-05
2511,2018-03-05,4.607329097053941e-05,3.338418173370883e-05
2512,2018-03-06,0.0001957195644063695,3.137909880024381e-05
2513,2018-03-07,3.606748617135036e-05,2.897620106523391e-05
2514,2018-03-08,9.15434713656269e-05,4.6550681872759014e-05
2515,2018-03-09,3.0892729888288394e-05,3.846506660920568e-05
2516,2018-03-12,0.00011315702123015208,5.080445407656953e-05
2517,2018-03-13,4.516823988369781e-05,5.521338971448131e-05
2518,2018-03-14,3.9102035203575866e-05,7.265876774908975e-05
2519,2018-03-15,1.7136852771313495e-05,4.0850140067050233e-05
2520,2018-03-16,9.122021077547936e-05,4.4796393922297284e-05
2521,2018-03-19,7.701234451565826e-05,2.6380541385151446e-05
2522,2018-03-20,5.786868646378787e-05,4.9957310693571344e-05
2523,2018-03-21,6.226446386333083e-05,6.013842357788235e-05
2524,2018-03-22,3.8342157666918726e-05,6.364884757203981e-05
2525,2018-03-23,0.00023086637202875097,0.00011287962843198329
2526,2018-03-26,0.00011558612441370944,8.880316454451531e-05
2527,2018-03-27,4.866387801379975e-05,5.628433427773416e-05
2528,2018-03-28,2.8168157225227275e-05,5.736708772019483e-05
2529,2018-04-02,4.2354137951103795e-05,7.430375990225002e-05
2530,2018-04-03,2.8888013846540334e-05,5.1333263400010765e-05
2531,2018-04-04,0.00010102761163256124,5.1047143642790616e-05
2532,2018-04-05,0.00013161175310502613,4.90823840664234e-05
2533,2018-04-06,1.1600833780437695e-05,4.319385334383696e-05
2534,2018-04-09,1.54768190670522e-05,4.988360888091847e-05
2535,2018-04-10,1.6393903963003617e-05,0.00013321390724740922
2536,2018-04-11,3.3869247169855435e-05,8.692267874721438e-05
2537,2018-04-12,1.7551976063535963e-05,8.904722926672548e-05
2538,2018-04-13,2.6384204669979085e-05,8.019859524210915e-05
2539,2018-04-16,0.0001262560511426069,6.842806760687381e-05
2540,2018-04-17,2.7473457495825348e-05,7.788675429765135e-05
2541,2018-04-18,2.9589890121781605e-05,4.461106800590642e-05
2542,2018-04-19,1.4944373607751591e-05,5.164148024050519e-05
2543,2018-04-20,9.78572448507828e-06,4.1639268602011725e-05
2544,2018-04-23,5.409091579775338e-05,6.889081123517826e-05
2545,2018-04-24,1.451712432942822e-05,9.520503954263404e-05
2546,2018-04-25,2.0708309665634574e-05,6.434257375076413e-05
2547,2018-04-26,1.704241304757745e-05,4.5540640712715685e-05
2548,2018-04-27,2.6942382527553863e-05,8.033592894207686e-05
2549,2018-04-30,1.113516468073619e-05,5.8555815485306084e-05
2550,2018-05-02,4.539682489856144e-05,5.131041325512342e-05
2551,2018-05-03,1.8577029039122285e-05,5.162631714483723e-05
2552,2018-05-04,3.361791518428578e-05,5.280535333440639e-05
2553,2018-05-07,3.4700793838251424e-05,5.4282372730085626e-05
2554,2018-05-08,3.167447934642717e-05,3.93599366361741e-05
2555,2018-05-09,2.341812614485739e-05,6.258978828554973e-05
2556,2018-05-10,3.142013730893148e-05,6.016085171722807e-05
2557,2018-05-11,2.82142701986204e-05,4.318215724197216e-05
2558,2018-05-14,1.1279238469398682e-05,3.64322004315909e-05
2559,2018-05-15,8.723172680494422e-05,4.416581941768527e-05
2560,2018-05-16,4.50157574425826e-05,5.227279325481504e-05
2561,2018-05-17,4.8328410000689583e-05,3.643039599410258e-05
2562,2018-05-18,2.3105166387128064e-05,3.799732439802028e-05
2563,2018-05-21,4.438869814121862e-05,4.032727156300098e-05
2564,2018-05-22,1.3964942552652112e-05,5.058076203567907e-05
2565,2018-05-23,4.323635026609398e-05,5.108497862238437e-05
2566,2018-05-24,5.2852629561736e-05,3.570662374841049e-05
2567,2018-05-25,3.629144017970868e-05,4.123631151742302e-05
2568,2018-05-28,3.106570111319208e-05,5.12199112563394e-05
2569,2018-05-29,3.0276199122504455e-05,4.38913848483935e-05
2570,2018-05-30,5.07746314002575e-05,3.5873054002877325e-05
2571,2018-05-31,8.863442754153774e-05,4.002584682893939e-05
2572,2018-06-01,2.0470127594864743e-05,2.9383769287960604e-05
2573,2018-06-04,0.00011062234796533318,3.427067713346332e-05
2574,2018-06-05,2.4747261676618764e-05,3.149380427203141e-05
2575,2018-06-06,3.7341779315133754e-05,4.7151850594673306e-05
2576,2018-06-07,4.56268009417493e-05,3.676335472846404e-05
2577,2018-06-08,2.3780756259939078e-05,2.739341107371729e-05
2578,2018-06-11,2.6726342877657237e-05,2.192965621361509e-05
2579,2018-06-12,2.0557795572653024e-05,3.3321266528218985e-05
2580,2018-06-13,2.4315808292360276e-05,3.9401544199790806e-05
2581,2018-06-14,1.8317670223431767e-05,2.4118207875289954e-05
2582,2018-06-15,2.139558201061215e-05,3.062249015783891e-05
2583,2018-06-18,7.04153094163182e-06,5.0020855269394815e-05
2584,2018-06-19,2.3973707240441083e-05,3.377686516614631e-05
2585,2018-06-20,1.4735512086618884e-05,4.1918730858014897e-05
2586,2018-06-21,3.2276349969023786e-05,3.544389255694114e-05
2587,2018-06-22,4.694568814966676e-05,3.1790888897376135e-05
2588,2018-06-25,1.756647002099438e-05,5.055940346210264e-05
2589,2018-06-26,2.0376848167941144e-05,2.860000131477136e-05
2590,2018-06-27,5.5363655935367225e-05,2.9019676730968058e-05
2591,2018-06-28,4.215467339412913e-05,3.8281650631688535e-05
2592,2018-06-29,4.1656286135887054e-05,3.26733170368243e-05
2593,2018-07-02,6.042405202109738e-05,3.278393342043273e-05
2594,2018-07-03,2.3016468945651213e-05,4.172501576249488e-05
2595,2018-07-04,3.318841144969248e-05,4.442549470695667e-05
2596,2018-07-05,1.4139338169435691e-05,5.14303392264992e-05
2597,2018-07-06,2.2507553034526007e-05,6.053436663933098e-05
2598,2018-07-09,4.647385968889792e-05,4.5711691200267524e-05
2599,2018-07-10,3.975774427415636e-05,3.6649726098403335e-05
2600,2018-07-11,8.697741357174599e-06,4.44634715677239e-05
2601,2018-07-12,5.148409738711664e-05,4.031561911688186e-05
2602,2018-07-13,2.3390093824588877e-05,3.408849806874059e-05
2603,2018-07-16,2.4671341668647213e-05,3.9947099139681086e-05
2604,2018-07-17,2.4149428992657494e-05,3.715809725690633e-05
2605,2018-07-18,6.214298953384793e-05,4.556675412459299e-05
2606,2018-07-19,1.7588253692670795e-05,2.3494596462114714e-05
2607,2018-07-20,1.9848683567997918e-05,3.814095180132426e-05
2608,2018-07-23,1.947812061069429e-05,3.320988253108226e-05
2609,2018-07-24,1.1891995928168909e-05,3.957096123485826e-05
2610,2018-07-25,7.020721237630722e-06,3.608011320466176e-05
2611,2018-07-26,1.003122186018189e-05,2.9903019822086208e-05
2612,2018-07-27,4.907431416584799e-05,3.093662598985247e-05
2613,2018-07-30,1.6007671152954225e-05,2.8343596568447538e-05
2614,2018-07-31,2.8566848567090093e-05,2.9595761589007452e-05
2615,2018-08-01,1.5292012055500212e-05,3.226027911296114e-05
2616,2018-08-02,2.6018014134579094e-05,4.765223275171593e-05
2617,2018-08-03,3.640874627011528e-05,4.4826265366282314e-05
2618,2018-08-06,2.130389272136837e-05,3.343984644743614e-05
2619,2018-08-07,2.3734335681877755e-05,2.5420366000616923e-05
2620,2018-08-08,2.2034615997627374e-05,3.088176890742034e-05
2621,2018-08-09,1.902610515700148e-05,3.203329106327146e-05
2622,2018-08-10,9.180751963672784e-06,3.794873191509396e-05
2623,2018-08-13,3.9882282043824726e-05,2.0293302441132255e-05
2624,2018-08-14,2.242634266065871e-05,3.137963722110726e-05
2625,2018-08-16,3.1675582313525366e-05,3.036529233213514e-05
2626,2018-08-17,2.8705528183952844e-05,2.8379085051710717e-05
2627,2018-08-20,1.863200075512075e-05,2.3628788767382503e-05
2628,2018-08-21,1.0499693922936726e-05,3.403947994229384e-05
2629,2018-08-23,3.5225099953725895e-05,2.5192828616127372e-05
2630,2018-08-24,1.5354278407348518e-05,3.4332308132434264e-05
2631,2018-08-27,4.5263151495580326e-05,3.4555116144474596e-05
2632,2018-08-28,1.7586486217915675e-05,2.7682372092385776e-05
2633,2018-08-29,1.3853461141200638e-05,1.792490729712881e-05
2634,2018-08-30,1.1201656427755056e-05,2.4636969101266004e-05
2635,2018-08-31,1.8843113775740517e-05,2.8854126867372543e-05
2636,2018-09-03,0.00012223836622577775,2.6629924832377583e-05
2637,2018-09-04,3.1067296147533436e-05,3.9024034776957706e-05
2638,2018-09-05,6.367028582700778e-05,2.573537130956538e-05
2639,2018-09-06,5.727568434337352e-05,2.632535142765846e-05
2640,2018-09-07,4.7284245015891795e-05,2.933353971457109e-05
2641,2018-09-10,5.710539943424408e-05,3.333159475005232e-05
2642,2018-09-11,0.00012209341278036697,2.2426122086471878e-05
2643,2018-09-12,8.18053240334535e-05,3.149861004203558e-05
2644,2018-09-14,6.361412641418819e-05,1.8847569663194008e-05
2645,2018-09-17,4.4353354171903604e-05,3.6097804695600644e-05
2646,2018-09-18,5.4041745382628226e-05,3.854574606521055e-05
2647,2018-09-19,5.7499916882426685e-05,2.9173932489356957e-05
2648,2018-09-21,0.0007420449193022255,3.151275814161636e-05
2649,2018-09-24,0.00014627458760951622,3.2832740544108674e-05
2650,2018-09-25,0.0001230366296344477,3.963532071793452e-05
2651,2018-09-26,0.00012278999324804424,3.764647772186436e-05
2652,2018-09-27,5.7292007019212644e-05,4.2409661546116695e-05
2653,2018-09-28,0.00010959056939052557,4.067865666002035e-05
2654,2018-10-01,0.00014608633159750013,3.625325916800648e-05
2655,2018-10-03,6.537422450061196e-05,3.8342121115420014e-05
2656,2018-10-04,0.0002271176477747916,4.499874557950534e-05
2657,2018-10-05,0.0003082530039243635,4.4645923480857164e-05
2658,2018-10-08,0.00013698904651112296,3.247772474423982e-05
2659,2018-10-09,6.117233098245656e-05,3.009642387041822e-05
2660,2018-10-10,9.280951600144411e-05,4.137248470215127e-05
2661,2018-10-11,0.0009303691074887392,3.805564119829796e-05
2662,2018-10-12,0.00017932507538972046,4.873238140135072e-05
2663,2018-10-15,9.520366060810037e-05,5.24282586411573e-05
2664,2018-10-16,3.169001697239451e-05,3.002859011758119e-05
2665,2018-10-17,0.0003216876629753496,3.599034607759677e-05
2666,2018-10-19,0.00017242044879141964,2.037486592598725e-05
2667,2018-10-22,0.00020672895679812295,5.19002387591172e-05
2668,2018-10-23,0.000130305539769772,6.806185410823673e-05
2669,2018-10-24,0.00027421598257593583,4.984404586139135e-05
2670,2018-10-25,0.00010284905608556067,5.48248972336296e-05
2671,2018-10-26,5.24074837128055e-05,5.875736314919777e-05
2672,2018-10-29,0.00023782847301749582,5.6676897656871006e-05
2673,2018-10-30,4.097359581404956e-05,5.3424904763232917e-05
2674,2018-10-31,0.0002989836696757268,6.521225441247225e-05
2675,2018-11-01,6.341984347429038e-05,5.940809569437988e-05
2676,2018-11-02,0.00013586473833494193,5.751027129008435e-05
2677,2018-11-05,2.6963025168953302e-05,8.006516873138025e-05
2678,2018-11-06,4.249239744705516e-05,8.11629943200387e-05
2679,2018-11-07,6.784168299463405e-05,8.11255449661985e-05
2680,2018-11-09,2.2614270007426083e-05,0.00012400734703987837
2681,2018-11-12,0.00010458714689386885,7.654443470528349e-05
2682,2018-11-13,8.224834607667027e-05,9.193069854518399e-05
2683,2018-11-14,6.84516394190721e-05,6.740100070601329e-05
2684,2018-11-15,2.3662388932408935e-05,6.416236283257604e-05
2685,2018-11-16,1.8611399145073515e-05,9.071439126273617e-05
2686,2018-11-19,4.502291101364887e-05,0.00010227208258584142
2687,2018-11-20,3.4805848114532606e-05,8.093613723758608e-05
2688,2018-11-21,4.1222893738405304e-05,7.28207451174967e-05
2689,2018-11-22,5.623678654831454e-05,0.00011136565444758162
2690,2018-11-26,9.501478693890645e-05,0.00015278438513632864
2691,2018-11-27,2.9955177823847688e-05,0.00015479588182643056
2692,2018-11-28,1.549207682136705e-05,0.00012918986612930894
2693,2018-11-29,8.372646363120459e-05,0.0001213264258694835
2694,2018-11-30,3.109419617247006e-05,0.00011631928646238521
2695,2018-12-03,5.2403837389330836e-05,7.158620428526774e-05
2696,2018-12-04,1.1057080385732409e-05,6.858153210487217e-05
2697,2018-12-05,3.909889853338298e-05,8.347530092578381e-05
2698,2018-12-06,9.019395613501434e-05,8.530691411579028e-05
2699,2018-12-07,5.2799243910989774e-05,6.427364132832736e-05
2700,2018-12-10,0.00032956706411893473,7.257795368786901e-05
2701,2018-12-11,0.00034456211980572163,5.8309011365054175e-05
2702,2018-12-12,0.00012476657920491716,7.574297342216596e-05
2703,2018-12-13,6.919856041255021e-05,7.841637125238776e-05
2704,2018-12-14,1.3356303839515079e-05,6.460432632593438e-05
2705,2018-12-17,2.818181574228739e-05,6.909076182637364e-05
2706,2018-12-18,3.9844448887874645e-05,7.317090785363689e-05
2707,2018-12-19,1.3735321283693179e-05,9.367236634716392e-05
2708,2018-12-20,7.575071241517942e-05,7.006195664871484e-05
2709,2018-12-21,0.00014546932074520038,5.5150812841020525e-05
2710,2018-12-24,5.8796771026690814e-05,4.820042886422016e-05
2711,2018-12-26,0.00016042529393079795,7.025498052826151e-05
2712,2018-12-27,8.068522272737673e-05,4.024574445793405e-05
2713,2018-12-28,3.3503405361845565e-05,5.865770799573511e-05
2714,2018-12-31,3.796485694945857e-05,5.643053009407595e-05
2715,2019-01-02,7.611069936290559e-05,3.194908640580252e-05
2716,2019-01-03,6.843791666059308e-05,3.323275450384244e-05
2717,2019-01-04,5.2757530367792114e-05,5.0530383305158466e-05
2718,2019-01-07,7.301308824151146e-05,4.925804023514502e-05
2719,2019-01-08,2.6303974617544044e-05,5.575783143285662e-05
2720,2019-01-09,9.933751797817317e-05,3.810724592767656e-05
2721,2019-01-10,1.069512775557744e-05,3.905761695932597e-05
2722,2019-01-11,4.09594851403159e-05,5.6242912251036614e-05
2723,2019-01-14,4.548306949510718e-05,4.847318632528186e-05
2724,2019-01-15,5.5153907589188115e-05,3.161929635098204e-05
2725,2019-01-16,9.319694219404381e-06,4.74395310448017e-05
2726,2019-01-17,3.565687438006458e-05,6.328375457087532e-05
2727,2019-01-18,2.1649838050152016e-05,5.698767927242443e-05
2728,2019-01-21,3.016341160990839e-05,4.622217238647863e-05
2729,2019-01-22,3.116994782259973e-05,4.215940134599805e-05
2730,2019-01-23,5.0730819107695466e-05,5.4425439884653315e-05
2731,2019-01-24,1.6642206141435042e-05,3.638949419837445e-05
2732,2019-01-25,9.385666647079034e-05,3.0040848287171684e-05
2733,2019-01-28,9.021455771707543e-05,6.611669959966093e-05
2734,2019-01-29,3.676134649385087e-05,4.4599964894587174e-05
2735,2019-01-30,5.2525837221005654e-05,4.565775452647358e-05
2736,2019-01-31,8.749857090077217e-05,5.41179979336448e-05
2737,2019-02-01,9.131242517305968e-05,8.463457925245166e-05
2738,2019-02-04,4.486039956269826e-05,7.514113531215116e-05
2739,2019-02-05,1.3720503042165358e-05,8.397690544370562e-05
2740,2019-02-06,4.166342572229514e-05,7.476806786144152e-05
2741,2019-02-07,1.6709323386779658e-05,8.641468593850732e-05
2742,2019-02-08,5.444796560189154e-05,9.040339500643313e-05
2743,2019-02-11,1.9446965299753782e-05,0.00010024748917203397
2744,2019-02-12,2.363786180242947e-05,0.00011520525004016235
2745,2019-02-14,3.4535306141061293e-05,5.6359156587859616e-05
2746,2019-02-15,0.0001172719196225772,5.712180063710548e-05
2747,2019-02-18,5.2706139743754945e-05,6.860619760118425e-05
2748,2019-02-19,6.808196287481062e-05,5.9846981457667425e-05
2749,2019-02-20,5.643055227649151e-05,5.4331885621650144e-05
2750,2019-02-21,2.2595667000653866e-05,4.176462607574649e-05
2751,2019-02-22,6.3253363644903935e-06,6.913010292919353e-05
2752,2019-02-25,3.288576896126192e-05,0.00011726345837814733
2753,2019-02-26,0.0001659400755211656,9.630937711335719e-05
2754,2019-02-27,0.00011805052479990061,5.552938091568649e-05
2755,2019-02-28,4.872610771117822e-05,5.106725075165741e-05
2756,2019-03-01,3.0023256586041368e-05,7.32463740860112e-05
2757,2019-03-05,9.36937256252971e-05,6.752394256182015e-05
2758,2019-03-06,2.329335100470423e-05,5.6030319683486596e-05
2759,2019-03-07,1.6560115268693683e-05,4.153318513999693e-05
2760,2019-03-08,8.143458835290319e-06,8.067266026046127e-05
2761,2019-03-11,4.904616295291065e-05,5.976336615276523e-05
2762,2019-03-12,5.554600789192477e-05,5.243446139502339e-05
2763,2019-03-13,2.3612373127526662e-05,3.3771164453355595e-05
2764,2019-03-14,2.7558287767508766e-05,4.892232391284779e-05
2765,2019-03-15,5.04001927206632e-05,4.288813579478301e-05
2766,2019-03-18,5.1670490039361626e-05,5.8994028222514316e-05
2767,2019-03-19,3.6049595740118755e-05,4.495530083659105e-05
2768,2019-03-20,1.0921649691932307e-05,6.067412323318422e-05
2769,2019-03-22,5.426503202101839e-05,3.314012064947747e-05
2770,2019-03-25,5.162649937574494e-05,4.7676603571744636e-05
2771,2019-03-26,5.716491065123408e-05,6.387182656908408e-05
2772,2019-03-27,6.33091994131181e-05,5.265876461635344e-05
2773,2019-03-28,4.9640118670516385e-05,4.495457324082963e-05
2774,2019-04-01,9.383654137298826e-05,3.4318134567001835e-05
2775,2019-04-02,2.998560505696535e-05,4.314951365813613e-05
2776,2019-04-03,4.63849382936267e-05,3.6092947993893176e-05
2777,2019-04-04,3.165053485627737e-05,7.323813042603433e-05
2778,2019-04-05,2.783763287464684e-05,6.4357795054093e-05
2779,2019-04-08,8.097500794329322e-05,7.291755173355341e-05
2780,2019-04-09,3.480813485713258e-05,6.099908205214888e-05
2781,2019-04-10,3.458649485419237e-05,7.179247040767223e-05
2782,2019-04-11,1.0796688641310073e-05,3.462263703113422e-05
2783,2019-04-12,1.8093593055402338e-05,5.175522528588772e-05
2784,2019-04-15,1.185837991376299e-05,3.975059007643722e-05
2785,2019-04-16,3.1391917728313683e-05,5.163537571206689e-05
2786,2019-04-18,6.814366415150907e-05,5.495078949024901e-05
2787,2019-04-22,5.6118799023555525e-05,2.0310457330197096e-05
2788,2019-04-23,1.993793814930579e-05,4.1521423554513603e-05
2789,2019-04-24,6.987007108420605e-05,4.695467941928655e-05
2790,2019-04-25,7.735296590896093e-05,4.658816760638729e-05
2791,2019-04-26,3.837909867684011e-05,3.882906457874924e-05
2792,2019-04-30,4.1825354270115414e-05,5.6529206631239504e-05
2793,2019-05-02,2.650959090968962e-05,3.648741767392494e-05
2794,2019-05-03,1.529876669200082e-05,3.6064393498236313e-05
2795,2019-05-06,9.255005952718524e-05,3.427597403060645e-05
2796,2019-05-07,9.633517623690252e-05,5.962866634945385e-05
2797,2019-05-08,4.8502747170757953e-05,6.175620364956558e-05
2798,2019-05-09,3.821213102634147e-05,6.104778731241822e-05
2799,2019-05-10,2.453251240010182e-05,5.623738616122864e-05
2800,2019-05-13,8.510235220929301e-05,5.559450437431224e-05
2801,2019-05-14,9.409219303625134e-05,4.726066254079342e-05
2802,2019-05-15,7.955436107158022e-05,4.085516411578283e-05
2803,2019-05-16,5.5406627738507596e-05,4.946648914483376e-05
2804,2019-05-17,7.348421273632228e-05,3.46827509929426e-05
2805,2019-05-20,0.0006119996436182463,4.300494765629992e-05
2806,2019-05-21,0.00010654849803701458,4.539564179140143e-05
2807,2019-05-22,2.7731318533717902e-05,3.745224603335373e-05
2808,2019-05-23,0.0006461561990106561,4.4964901462662965e-05
2809,2019-05-24,0.000171022790168542,6.216167093953118e-05
2810,2019-05-27,5.0502448297255924e-05,5.1679962780326605e-05
2811,2019-05-28,3.7821981290226135e-05,5.570919529418461e-05
2812,2019-05-29,2.4988235285753668e-05,4.600277679855935e-05
2813,2019-05-30,2.892567008658311e-05,5.10558566020336e-05
2814,2019-05-31,0.0001295852519233086,6.769809988327324e-05
2815,2019-06-03,8.540400750910678e-05,5.1302042265888304e-05
2816,2019-06-04,2.8664509497748812e-05,5.3997107897885144e-05
2817,2019-06-06,0.00010713395503213644,4.46616395493038e-05
2818,2019-06-07,5.31387935439218e-05,3.0365843485924415e-05
2819,2019-06-10,5.4199320997675435e-05,6.723248225171119e-05
2820,2019-06-11,3.1981882400404824e-05,6.109397509135306e-05
2821,2019-06-12,2.547047330907554e-05,8.260450704256073e-05
2822,2019-06-13,4.177092112495471e-05,4.3727312004193664e-05
2823,2019-06-14,3.2589522651245954e-05,4.938762867823243e-05
2824,2019-06-17,8.864529282355704e-05,6.358986865961924e-05
2825,2019-06-18,1.8090415653083832e-05,8.280634210677817e-05
2826,2019-06-19,9.650538244726807e-05,5.224334017839283e-05
2827,2019-06-20,0.00011696206525766538,5.8768855524249375e-05
2828,2019-06-21,3.770551758362649e-05,9.357772796647623e-05
2829,2019-06-24,1.696954982762716e-05,6.909286457812414e-05
2830,2019-06-25,6.788564249441038e-05,6.75293558742851e-05
2831,2019-06-26,3.754229963512311e-05,4.6901823225198314e-05
2832,2019-06-27,2.2372981577819922e-05,4.4154530769446865e-05
2833,2019-06-28,2.4974732907164583e-05,7.711366197327152e-05
2834,2019-07-01,2.5755034130982613e-05,5.596421397058293e-05
2835,2019-07-02,4.011447631172587e-05,4.350066956249066e-05
2836,2019-07-03,1.1883930403233584e-05,6.0293416026979685e-05
2837,2019-07-04,6.5456237132787784e-06,4.93047118652612e-05
2838,2019-07-05,8.287055865960618e-05,6.652890442637727e-05
2839,2019-07-08,0.0001684185004579936,8.841132512316108e-05
2840,2019-07-09,4.71011660024487e-05,5.987512122374028e-05
2841,2019-07-10,4.047218799724261e-05,7.785029447404668e-05
2842,2019-07-11,4.67382300909713e-05,6.034035686752759e-05
2843,2019-07-12,2.9151363884750205e-05,6.37645207461901e-05
2844,2019-07-15,5.3974348768764976e-05,5.620500451186672e-05
2845,2019-07-16,2.3973169876833275e-05,5.076512388768606e-05
2846,2019-07-17,7.961669480053565e-06,4.378352241474204e-05
2847,2019-07-18,2.3812500059353163e-05,4.058097692904994e-05
2848,2019-07-19,0.00015508332191909165,4.6297485823743045e-05
2849,2019-07-22,3.363316078638941e-05,4.1984905692515895e-05
2850,2019-07-23,2.869529796611789e-05,4.3424155592219904e-05
2851,2019-07-24,4.451817590944424e-05,4.23338969994802e-05
2852,2019-07-25,5.0164716094407475e-05,5.103141666040756e-05
2853,2019-07-26,2.5585642149202854e-05,4.2130261135753244e-05
2854,2019-07-29,7.403447669210043e-05,4.157074727118015e-05
2855,2019-07-30,0.00011082852514632,3.441652734181844e-05
2856,2019-07-31,7.959051850983467e-05,3.679270957945846e-05
2857,2019-08-01,0.00015148083737343034,3.814895171672106e-05
2858,2019-08-02,0.00016769341646961068,5.0212707719765604e-05
2859,2019-08-05,0.00014017935841941092,6.527535151690245e-05
2860,2019-08-06,0.00014945783590689186,4.86946155433543e-05
2861,2019-08-07,5.589732643099565e-05,3.553677015588619e-05
2862,2019-08-08,0.00014764669645900443,4.629889372154139e-05
2863,2019-08-09,6.84841917317922e-05,3.8473801396321505e-05
2864,2019-08-13,0.00017386884690120667,2.9791526685585268e-05
2865,2019-08-14,0.00010625949111391006,5.188792056287639e-05
2866,2019-08-16,8.514909680203475e-05,6.589782424271107e-05
2867,2019-08-19,5.350057052528297e-05,4.460468699107878e-05
2868,2019-08-20,2.448088201552056e-05,4.745694968733005e-05
2869,2019-08-21,4.548418878454542e-05,3.667178316391073e-05
2870,2019-08-22,0.00010680224806177121,5.851885725860484e-05
2871,2019-08-23,0.00016428603798208794,5.32509402546566e-05
2872,2019-08-26,0.0006678413178280442,5.86284622841049e-05
2873,2019-08-27,4.328578394186385e-05,4.7991317842388526e-05
2874,2019-08-28,5.7298472223770476e-05,6.908641080372036e-05
2875,2019-08-29,4.752072714151409e-05,5.168325878912583e-05
2876,2019-08-30,0.00011476142967588795,3.873999594361521e-05
2877,2019-09-03,0.00014135285410310817,5.291868728818372e-05
2878,2019-09-04,3.903340759997137e-05,8.514573710272089e-05
2879,2019-09-05,3.458722848049226e-05,7.276979158632457e-05
2880,2019-09-06,3.357775931058769e-05,0.00012239490752108395
2881,2019-09-09,5.550662827915424e-05,3.8079968362580985e-05
2882,2019-09-11,1.0402477887393914e-05,8.881807298166677e-05
2883,2019-09-12,4.1783554359788234e-05,7.1362366725225e-05
2884,2019-09-13,5.602333096481956e-05,7.520831422880292e-05
2885,2019-09-16,7.475303217527683e-05,5.2248971769586205e-05
2886,2019-09-17,0.00011933194429033839,7.120131340343505e-05
2887,2019-09-18,4.564437098900575e-05,7.300445577129722e-05
2888,2019-09-19,9.260392273327104e-05,9.074232366401702e-05
2889,2019-09-20,0.0013384984816024936,6.287672295002267e-05
2890,2019-09-23,0.0006782967570183897,4.142732359468937e-05
2891,2019-09-24,3.415995805522195e-05,6.450151704484597e-05
2892,2019-09-25,6.207776248167778e-05,8.895056089386344e-05
2893,2019-09-26,6.243182784157211e-05,7.57876259740442e-05
2894,2019-09-27,2.5076438552678264e-05,0.00012299339869059622
2895,2019-09-30,4.937640372771174e-05,0.00012282122042961419
2896,2019-10-01,0.00026688881847943045,0.00012569031969178468
2897,2019-10-03,4.4174532638993384e-05,8.517571404809132e-05
2898,2019-10-04,0.00019852328870832687,0.00010308108903700486
2899,2019-10-07,4.438205674814502e-05,9.649701678426936e-05
2900,2019-10-09,0.00015647229338620438,0.00010267421748721972
2901,2019-10-10,2.780178470682451e-05,0.0001069564968929626
2902,2019-10-11,8.285969531215829e-05,9.478577703703195e-05
2903,2019-10-14,5.375278810425236e-05,0.00010329345241189003
2904,2019-10-15,4.064400838224526e-05,8.125569729600102e-05
2905,2019-10-16,2.6002386289212537e-05,8.653526310808957e-05
2906,2019-10-17,6.485065756964877e-05,8.886390423867851e-05
2907,2019-10-18,4.311839224215728e-05,7.043182267807424e-05
2908,2019-10-22,5.303461514085077e-05,7.474197627743706e-05
2909,2019-10-23,2.3695540558823736e-05,9.122998744715005e-05
2910,2019-10-24,7.865118212339078e-05,9.751279139891267e-05
2911,2019-10-25,0.00011151951765950427,7.099736103555188e-05
2912,2019-10-29,0.0001079488164962948,0.00019491149578243494
2913,2019-10-30,9.908113307162571e-05,0.00028671155450865626
2914,2019-10-31,3.6495351271525765e-05,0.00017896764620672911
2915,2019-11-01,1.4300742597755168e-05,0.00015911474474705756
2916,2019-11-04,2.7939331850351768e-05,0.00013929842680227011
2917,2019-11-05,4.5871469248293104e-05,6.436859257519245e-05
2918,2019-11-06,5.59278097852526e-05,4.4864715164294466e-05
2919,2019-11-07,4.3529678165291166e-05,5.858050280949101e-05
2920,2019-11-08,5.522520442758901e-05,6.523265619762242e-05
2921,2019-11-11,2.0545896804921544e-05,0.00010135443153558299
2922,2019-11-13,3.723811137196346e-05,7.493089651688933e-05
2923,2019-11-14,2.5240405854116552e-05,5.1926428568549454e-05
2924,2019-11-15,3.451904631879856e-05,8.24193557491526e-05
2925,2019-11-18,1.7643990479744643e-05,7.22650729585439e-05
2926,2019-11-19,2.3301917174142088e-05,9.81262419372797e-05
2927,2019-11-20,4.12203466095418e-05,7.188660674728453e-05
2928,2019-11-21,1.6962982830109254e-05,6.998502067290246e-05
2929,2019-11-22,1.8923678504490143e-05,6.811399362049997e-05
2930,2019-11-25,6.437331232027267e-05,6.352955824695528e-05
2931,2019-11-26,4.5667409254993015e-05,7.384979835478589e-05
2932,2019-11-27,1.4668932619668745e-05,4.450720734894276e-05
2933,2019-11-28,1.5860754515563225e-05,5.917930684518069e-05
2934,2019-11-29,4.2120686254761266e-05,4.425828592502512e-05
2935,2019-12-02,7.583944015975865e-05,5.142421287018806e-05
2936,2019-12-03,3.489023315192242e-05,6.483893957920372e-05
2937,2019-12-04,3.841482924253673e-05,6.0440685047069564e-05
2938,2019-12-05,2.1298095962925037e-05,4.0645889384904876e-05
2939,2019-12-06,7.325954756858859e-05,3.787146488321014e-05
2940,2019-12-09,2.2710180705747405e-05,2.9009575882810168e-05
2941,2019-12-10,2.945148255575621e-05,4.1140072426060215e-05
2942,2019-12-11,2.1393385999571705e-05,4.6151257265591994e-05
2943,2019-12-12,2.1278110771796102e-05,5.6071163271553814e-05
2944,2019-12-13,3.399820158725481e-05,5.6331162340939045e-05
2945,2019-12-16,3.167099530170572e-05,4.5347915147431195e-05
2946,2019-12-17,3.446115146060638e-05,4.359847662271932e-05
2947,2019-12-18,1.9850578768432568e-05,4.424571307026781e-05
2948,2019-12-19,1.4495516865727665e-05,4.1167702875100076e-05
2949,2019-12-20,4.167972118365906e-06,3.248128268751316e-05
2950,2019-12-23,2.0868635031057054e-05,4.292525409255177e-05
2951,2019-12-24,1.5148669810308273e-05,5.642288670060225e-05
2952,2019-12-26,2.4048448141046533e-05,6.754416972398758e-05
2953,2019-12-27,3.7309814937814494e-05,3.205416214768775e-05
2954,2019-12-30,1.932123533430303e-05,4.919775892631151e-05
2955,2019-12-31,2.168211834458705e-05,5.076575689599849e-05
2956,2020-01-01,1.4877800452855948e-05,3.876379560097121e-05
2957,2020-01-02,2.1967312543763787e-05,4.458193507161923e-05
2958,2020-01-03,1.7305184297794668e-05,4.167804945609532e-05
2959,2020-01-06,0.00011852481223656642,5.305952072376385e-05
2960,2020-01-07,0.0001013233332539548,3.7186211557127535e-05
2961,2020-01-08,0.00012137910391386572,3.2291212846757844e-05
2962,2020-01-09,0.0001310013792497741,3.592481880332343e-05
2963,2020-01-10,4.137299551486008e-05,3.7838617572560906e-05
2964,2020-01-13,1.652600467077061e-05,3.7358284316724166e-05
2965,2020-01-14,9.787647948357239e-06,2.9746952350251377e-05
2966,2020-01-15,2.1322288615254492e-05,2.903958193201106e-05
2967,2020-01-16,1.1713819248965148e-05,3.470584852038883e-05
2968,2020-01-17,1.5196620683045977e-05,4.72079191240482e-05
2969,2020-01-20,0.00014183789039935734,4.4564676500158384e-05
2970,2020-01-21,1.759926232283318e-05,3.183727676514536e-05
2971,2020-01-22,5.900830441348911e-05,3.2991280022542924e-05
2972,2020-01-23,2.330951123055538e-05,2.318655424460303e-05
2973,2020-01-24,3.3806484803544675e-05,2.5689050744404085e-05
2974,2020-01-27,4.4847845987563625e-05,2.4662454961799085e-05
2975,2020-01-28,5.0539653569428996e-05,3.734564234036952e-05
2976,2020-01-29,3.550437832294879e-05,2.9749136956525035e-05
2977,2020-01-30,4.842329340191289e-05,5.218691876507364e-05
2978,2020-01-31,8.713487078206058e-05,3.270620800321922e-05
2979,2020-02-03,0.0008518918464742616,5.1499984692782164e-05
2980,2020-02-04,0.00014320923881507334,3.837786425719969e-05
2981,2020-02-05,5.746430651412088e-05,4.733680179924704e-05
2982,2020-02-06,1.9838653088094105e-05,3.100157482549548e-05
2983,2020-02-07,1.7017291127540288e-05,3.6449095205171034e-05
2984,2020-02-10,3.296494974400387e-05,3.382528302608989e-05
2985,2020-02-11,5.939803108367244e-05,3.7948837416479364e-05
2986,2020-02-12,3.1038875393057186e-05,4.0856019040802494e-05
2987,2020-02-13,2.063119912706229e-05,3.479668885120191e-05
2988,2020-02-14,5.8472062686674975e-05,3.202605148544535e-05
2989,2020-02-17,3.7486765244932315e-05,2.8728261895594187e-05
2990,2020-02-18,5.2418551066311234e-05,2.8255559300305322e-05
2991,2020-02-19,8.940065944193173e-05,2.3142747522797436e-05
2992,2020-02-20,1.6262641535284617e-05,4.4819171307608485e-05
2993,2020-02-24,0.00012733507172376396,4.2685220250859857e-05
2994,2020-02-25,4.2371750488497084e-05,4.4951568270334974e-05
2995,2020-02-26,7.541902676828718e-05,3.2171425118576735e-05
2996,2020-02-27,6.362410671263391e-05,3.8810994738014415e-05
2997,2020-02-28,0.0005950919329509915,4.773915861733258e-05
2998,2020-03-02,0.0006941063132975494,5.167458584764972e-05
2999,2020-03-03,0.00015389609356761437,4.717564661405049e-05
3000,2020-03-04,0.00028718333412456357,6.058963845134713e-05
3001,2020-03-05,8.690780573322371e-05,5.3762389143230394e-05
3002,2020-03-06,0.0009966520344470763,6.704372208332643e-05
3003,2020-03-09,0.0012158773352649369,5.216770659899339e-05
3004,2020-03-11,0.00028576822914082333,5.90402414673008e-05
3005,2020-03-12,0.002693186145034291,6.187930557643995e-05
3006,2020-03-13,0.01308174412816012,6.504802877316251e-05
3007,2020-03-16,0.0021489477899013757,5.037592927692458e-05
3008,2020-03-17,0.001056525694906474,5.077645982964896e-05
3009,2020-03-18,0.002464930386654642,5.902047632844187e-05
3010,2020-03-19,0.005144415989199362,4.907049151370302e-05
3011,2020-03-20,0.002293346802053906,4.077805351698771e-05
3012,2020-03-23,0.011157190095124536,4.188237289781682e-05
3013,2020-03-24,0.0025259320814660447,5.018398223910481e-05
3014,2020-03-25,0.002367746711097736,4.750041989609599e-05
3015,2020-03-26,0.0011613698871895976,6.649141141679138e-05
3016,2020-03-27,0.0023866406922694143,4.666469249059446e-05
3017,2020-03-30,0.0016578950826092766,7.475595339201391e-05
3018,2020-03-31,0.0013794985304174858,5.090615741210058e-05
3019,2020-04-01,0.0007427582149944734,5.811160008306615e-05
3020,2020-04-03,0.0006113939356230489,7.396108412649482e-05
3021,2020-04-07,0.0028972288727045488,7.034657028270885e-05
3022,2020-04-08,0.0015901671022629312,6.479115108959377e-05
3023,2020-04-09,0.0008578595313641988,9.299696102971211e-05
3024,2020-04-13,0.00018644042322208724,5.4367646953323856e-05
3025,2020-04-15,0.0011070845308223391,7.225997978821397e-05
3026,2020-04-16,0.00029789779260388735,0.0001064243697328493
3027,2020-04-17,0.0016346614006695723,0.00010276042303303257
3028,2020-04-20,0.0002781140862416629,0.00015148571401368827
3029,2020-04-21,0.000801201677410225,0.0001618576789041981
3030,2020-04-22,0.0003205072539756703,0.0001780198363121599
3031,2020-04-23,0.00014478661314180406,0.00014560073032043874
3032,2020-04-24,0.0004132048980997975,0.0003221018414478749
3033,2020-04-27,0.0002196167214306619,0.00019295696984045208
3034,2020-04-28,0.0002546311019990722,0.0003431782533880323
3035,2020-04-29,0.00017182812986957135,0.0002926492888946086
3036,2020-04-30,0.000516364628312252,0.0002620233572088182
3037,2020-05-04,0.0014078474253375213,0.00043497042497619987
3038,2020-05-05,0.00047377136815568725,0.0003169823612552136
3039,2020-05-06,0.00021601199569663487,0.0002786607656162232
3040,2020-05-07,5.791058634082894e-05,0.0002647355431690812
3041,2020-05-08,0.00044837005248972385,0.0005877992371097207
3042,2020-05-11,0.00031227510270942786,0.0004056671750731766
3043,2020-05-12,0.00023779322209300244,0.00043007347267121077
3044,2020-05-13,0.0019135948676708764,0.0003478401049505919
3045,2020-05-14,0.0004422001966624835,0.0003966426884289831
3046,2020-05-15,0.00011868776545425456,0.00053833780111745
3047,2020-05-18,0.000526139267426089,0.0004428894317243248
3048,2020-05-19,0.0003777977319420824,0.0003714803315233439
3049,2020-05-20,0.00020097999969475767,0.0004421561898197979
3050,2020-05-21,7.102099189161913e-05,0.0003224866813980043
3051,2020-05-22,0.00015013940778996963,0.0007901960634626448
3052,2020-05-26,0.00015745098962372084,0.0003248731081839651
3053,2020-05-27,0.00048202139238493174,0.0004663708677981049
3054,2020-05-28,0.00014411932990880056,0.00040827292832545936
3055,2020-05-29,0.00023767708363993438,0.00026055960915982723
3056,2020-06-01,0.0004288008870213064,0.00036294455640017986
3057,2020-06-02,0.00013627517792763957,0.00023152100038714707
3058,2020-06-03,0.00023518796900675337,0.0002798037021420896
3059,2020-06-04,0.00010716124874410749,0.0002690597320906818
3060,2020-06-05,0.00010325493698820981,0.0002766971883829683
3061,2020-06-08,0.000471316447825842,0.0002967259497381747
3062,2020-06-09,0.000258692209896061,0.00031712930649518967
3063,2020-06-10,4.7443973352503686e-05,0.0002462585107423365
3064,2020-06-11,0.0001785645973356767,0.0002094815718010068
3065,2020-06-12,0.0020752116419897344,0.00020431926532182842
3066,2020-06-15,0.00020485078025377326,0.0003261807141825557
3067,2020-06-16,0.0008351468615587157,0.00027380732353776693
3068,2020-06-17,0.00013185207593368768,0.00026685616467148066
3069,2020-06-18,0.0002433438612565675,0.0002415647468296811
3070,2020-06-19,0.00013723538301658328,0.00035917415516451
3071,2020-06-22,9.910028874790498e-05,0.00029453725437633693
3072,2020-06-23,0.00011962407174890053,0.0002631346578709781
3073,2020-06-24,0.0002590695661300437,0.0001634413783904165
3074,2020-06-25,0.00013688287888100425,0.00026498635997995734
3075,2020-06-26,0.0001109078795133648,0.00031744036823511124
3076,2020-06-29,0.00010037587860091429,0.00020924117416143417
3077,2020-06-30,0.00010271732781004213,0.0001761975436238572
3078,2020-07-01,7.232431255786066e-05,0.00019625687855295837
3079,2020-07-02,7.87338518126361e-05,0.00020834313181694597
3080,2020-07-03,5.19487323921337e-05,0.00022730421915184706
3081,2020-07-06,0.00015905395260603527,0.0002296141319675371
3082,2020-07-07,8.523296123144928e-05,0.0001918088091770187
3083,2020-07-08,8.779794588611376e-05,0.00014145685418043286
3084,2020-07-09,5.2425738353919956e-05,0.00013498717453330755
3085,2020-07-10,5.315686107546728e-05,0.00020968483295291662
3086,2020-07-13,0.00011399952024562725,0.00012184053775854409
3087,2020-07-14,0.0001375144686788117,0.0001922901428770274
3088,2020-07-15,0.0002782679020684888,0.0002738731272984296
3089,2020-07-16,0.00016913806715753454,0.00023118164972402155
3090,2020-07-17,0.00010040748166788291,0.00015481137961614877
3091,2020-07-20,0.0001020034273471472,0.00025414148694835603
3092,2020-07-21,9.985777843563946e-05,0.00025986775290220976
3093,2020-07-22,0.00013908678323928798,0.0001648425532039255
3094,2020-07-23,5.0100836350326306e-05,0.00012289419828448445
3095,2020-07-24,8.503615269121945e-05,0.00013725068129133433
3096,2020-07-27,6.330690534282055e-05,0.00014206793275661767
3097,2020-07-28,7.8599845896217e-05,0.0001655925443628803
3098,2020-07-29,0.00010097191128807613,0.0001891297724796459
3099,2020-07-30,0.00014668429117304044,0.00017836311599239707
3100,2020-07-31,5.623676977306531e-05,0.00025793351233005524
3101,2020-08-03,8.932071542574453e-05,0.00015289253497030586
3102,2020-08-04,0.00014201476873174285,0.00010344004112994298
3103,2020-08-05,0.00010188025928600013,9.520576713839546e-05
3104,2020-08-06,0.00010109836350791939,0.00012120486644562334
3105,2020-08-07,2.4710193891919758e-05,0.00011797135084634647
3106,2020-08-10,5.365012100498883e-05,0.00010491568536963314
3107,2020-08-11,3.7502746131747744e-05,9.858379780780524e-05
3108,2020-08-12,2.7931676077255212e-05,0.00010454663424752653
3109,2020-08-13,2.6228093054568053e-05,7.885153900133446e-05
3110,2020-08-14,0.0002016294723231509,0.00010593445767881349
3111,2020-08-17,9.782724565896924e-05,0.00015131030522752553
3112,2020-08-18,5.949400633256152e-05,7.700754213146865e-05
3113,2020-08-19,4.55579713346615e-05,8.066189184319228e-05
3114,2020-08-20,7.846543803425588e-05,0.0001057889821822755
3115,2020-08-21,8.175191806186402e-05,8.019974484341219e-05
3116,2020-08-24,3.383791948087453e-05,0.00011424680997151881
3117,2020-08-25,4.6265170917271145e-05,9.888321801554412e-05
3118,2020-08-26,4.1222216993235845e-05,7.887034735176712e-05
3119,2020-08-27,4.154719640437663e-05,9.55333816818893e-05
3120,2020-08-28,3.863987606347643e-05,9.472648525843397e-05
3121,2020-08-31,0.000681689222406693,0.00012182358477730304
3122,2020-09-01,0.0001332754517744667,9.216569742420688e-05
3123,2020-09-02,4.144919024704067e-05,0.000123074947623536
3124,2020-09-03,2.2202916901327794e-05,0.00010034954902948812
3125,2020-09-04,0.0002964312343067586,9.679822687758133e-05
3126,2020-09-07,6.56703500420397e-05,9.188064723275602e-05
3127,2020-09-08,6.216109788409436e-05,9.727435826789588e-05
3128,2020-09-09,0.00011090358106176342,0.000101748104498256
3129,2020-09-10,0.00010595200177924861,8.400942897424102e-05
3130,2020-09-11,1.3658993465720842e-05,8.65162000991404e-05
3131,2020-09-14,0.00013215857606702818,8.239223825512454e-05
3132,2020-09-15,4.1351158773938385e-05,5.356366455089301e-05
3133,2020-09-16,2.791382046802762e-05,9.262167441193014e-05
3134,2020-09-17,5.3462202419013054e-05,9.221880463883281e-05
3135,2020-09-18,9.120731807900921e-05,9.215383761329576e-05
3136,2020-09-21,0.0002608036650908777,7.340168667724356e-05
3137,2020-09-22,0.00015956365395906468,7.902694778749719e-05
3138,2020-09-23,0.0002668357534596149,9.158827015198767e-05
3139,2020-09-24,0.0002637245547925327,9.257549390895292e-05
3140,2020-09-25,0.00022819086053700105,6.907804345246404e-05
3141,2020-09-28,0.00012104461114140284,6.615858001168817e-05
3142,2020-09-29,7.176271146664911e-05,5.360199065762572e-05
3143,2020-09-30,3.63472173797733e-05,4.7655463276896626e-05
3144,2020-10-01,0.00012413310292521453,8.688820526003838e-05
3145,2020-10-05,8.141062086128452e-05,9.991876868298277e-05
3146,2020-10-06,0.00010932424711095035,6.587519601453096e-05
3147,2020-10-07,4.709510834917732e-05,6.856884283479303e-05
3148,2020-10-08,9.960377095665353e-05,8.484396676067263e-05
3149,2020-10-09,4.532136387951421e-05,4.607658411259763e-05
3150,2020-10-12,8.085202449354192e-05,6.213867891347036e-05
3151,2020-10-13,2.30653895929716e-05,8.271312981378287e-05
3152,2020-10-14,8.481621836424595e-05,6.621456850552931e-05
3153,2020-10-15,0.00034019520844844975,6.710583693347871e-05
3154,2020-10-16,5.443431853951542e-05,7.076246401993558e-05
3155,2020-10-19,0.00011443774324085889,6.661352381343022e-05
3156,2020-10-20,3.227974967483041e-05,5.997078915243037e-05
3157,2020-10-21,0.00018904311001723698,6.037069033482112e-05
3158,2020-10-22,4.8824444481476777e-05,5.9540136135183275e-05
3159,2020-10-23,3.6675330235208445e-05,9.766933362698182e-05
3160,2020-10-26,0.00013460510126841769,0.00011095029913121834
3161,2020-10-27,9.819924331903148e-05,9.317886724602431e-05
3162,2020-10-28,0.0001555069046289618,0.00013635517098009586
3163,2020-10-29,0.00011913056399482923,0.000117577234050259
3164,2020-10-30,0.00011491049063837805,6.458602729253471e-05
3165,2020-11-02,0.00010829799158958092,7.731882215011865e-05
3166,2020-11-03,6.221451999196341e-05,7.150303281378001e-05
3167,2020-11-04,7.83578646196029e-05,6.767789454897866e-05
3168,2020-11-05,0.00019066073897966603,7.43720302125439e-05
3169,2020-11-06,5.876085388420394e-05,8.936694212025031e-05
3170,2020-11-09,0.0001467548196348167,8.717505261301994e-05
3171,2020-11-10,0.00012784034799315268,7.345749327214435e-05
3172,2020-11-11,0.00011314889042316898,9.536598372505978e-05
3173,2020-11-12,4.291508222626066e-05,8.590549987275153e-05
3174,2020-11-13,4.2745833691928004e-05,5.4049043683335185e-05
3175,2020-11-17,0.0003236607603110979,6.356155790854245e-05
3176,2020-11-18,3.673691045402734e-05,4.921254003420472e-05
3177,2020-11-19,0.0001720025151535234,5.111304926685989e-05
3178,2020-11-20,6.87118654152713e-05,4.869178155786358e-05
3179,2020-11-23,0.00011917724808530264,6.703630060655996e-05
3180,2020-11-24,5.4535418301741205e-05,5.6962791859405115e-05
3181,2020-11-25,0.00022786564339154886,7.447480311384425e-05
3182,2020-11-26,0.00013154805285755521,7.338768045883626e-05
3183,2020-11-27,3.448471637311303e-05,6.250967999221757e-05
3184,2020-12-01,0.00011717292849585772,7.088343409122899e-05
3185,2020-12-02,7.095637524048128e-05,0.00010729700443334877
3186,2020-12-03,8.35635902178609e-05,0.00011045917199226096
3187,2020-12-04,4.189800581448844e-05,9.085108467843384e-05
3188,2020-12-07,2.9958017954734718e-05,9.229533316101879e-05
3189,2020-12-08,3.970549785100705e-05,7.62704512453638e-05
3190,2020-12-09,4.190973312192007e-05,8.187737694242969e-05
3191,2020-12-10,3.6347319693203926e-05,0.00011348256521159783
3192,2020-12-11,6.641994974331248e-05,9.103756747208536e-05
3193,2020-12-14,5.2725863639056965e-05,9.729374869493768e-05
3194,2020-12-15,4.855461683454311e-05,8.534148946637288e-05
3195,2020-12-16,6.595820638299687e-05,7.770157390041277e-05
3196,2020-12-17,2.2630277295622962e-05,9.381183190271258e-05
3197,2020-12-18,4.1230156316505906e-05,8.544916636310518e-05
3198,2020-12-21,0.0008222634813983543,7.611857290612534e-05
3199,2020-12-22,0.00022301855490095793,6.505758210550994e-05
3200,2020-12-23,6.539996076097611e-05,5.6885699450504035e-05
3201,2020-12-24,6.52891072558501e-05,7.29784878785722e-05
3202,2020-12-28,3.252166008811165e-05,6.654140452155843e-05
3203,2020-12-29,2.7366311709987136e-05,6.918940198374912e-05
3204,2020-12-30,5.898384653972317e-05,5.996678737574257e-05
3205,2020-12-31,1.4081341366799207e-05,6.371254858095199e-05
3206,2021-01-01,8.007103611700786e-06,8.087934838840738e-05
3207,2021-01-04,0.00013121895423687995,8.501794218318537e-05
3208,2021-01-05,6.407667539611348e-05,5.919415343669243e-05
3209,2021-01-06,9.546974953176518e-05,7.39403476472944e-05
3210,2021-01-07,8.727089303000721e-05,8.947064634412527e-05
3211,2021-01-08,0.0001078031055049479,7.252149225678295e-05
3212,2021-01-11,0.0001079298793825198,6.257749919313937e-05
3213,2021-01-12,4.028326318236103e-05,6.380552804330364e-05
3214,2021-01-13,0.0001225277682698967,5.913140921620652e-05
3215,2021-01-14,3.9522388407913524e-05,7.967031706357375e-05
3216,2021-01-15,0.00011168200036537829,7.017870666459203e-05
3217,2021-01-18,9.742973639919144e-05,6.315322389127687e-05
3218,2021-01-19,0.00010110137317960069,6.605750968446955e-05
3219,2021-01-20,3.628826300731775e-05,4.999915836378932e-05
3220,2021-01-21,0.0001254517413309716,3.490187373245135e-05
3221,2021-01-22,0.0001111552023839714,0.00013111159205436707
3222,2021-01-25,0.00017567699760499757,7.457166793756187e-05
3223,2021-01-27,0.00016466626739689336,6.09106027695816e-05
3224,2021-01-28,0.00018770950359436428,7.780293526593596e-05
3225,2021-01-29,0.000330129321241973,9.554914140608162e-05
3226,2021-02-01,0.0008658767713808923,6.289081647992134e-05
3227,2021-02-02,0.000309113032063498,5.2423361921682954e-05
3228,2021-02-03,0.00020152469005796988,0.00010879468027269468
3229,2021-02-04,6.486852749623855e-05,9.70102337305434e-05
3230,2021-02-05,4.782766863438668e-05,8.823612733976915e-05
3231,2021-02-08,0.00010841839658414442,8.540809358237311e-05
3232,2021-02-09,6.692963194786728e-05,8.555394015274942e-05
3233,2021-02-10,6.28778665150844e-05,5.969870835542679e-05
3234,2021-02-11,2.7222994413662455e-05,8.417550998274237e-05
3235,2021-02-12,3.957775090493032e-05,8.570427598897368e-05
3236,2021-02-15,6.27430199344549e-05,8.191462984541431e-05
3237,2021-02-16,6.441562476771497e-05,6.838716944912449e-05
3238,2021-02-17,3.4319429999537395e-05,6.599020707653835e-05
3239,2021-02-18,4.8470063620663535e-05,7.199720857897773e-05
3240,2021-02-19,9.76750692698071e-05,9.264358959626406e-05
3241,2021-02-22,0.00021874707341082696,9.517536091152579e-05
3242,2021-02-23,0.0001152264564545709,0.000133307054056786
3243,2021-02-24,0.0004513591292940083,7.033442670945078e-05
3244,2021-02-25,6.623197332001495e-05,5.489050454343669e-05
3245,2021-02-26,0.0005132887465611668,7.339272269746289e-05
3246,2021-03-01,0.00018448779023019313,0.0001266234612558037
3247,2021-03-02,0.00011427372423314657,0.00015425799938384444
3248,2021-03-03,0.00020870947552380443,0.00012483952741604298
3249,2021-03-04,0.0002887156365263204,0.00012066638737451285
3250,2021-03-05,0.00012692726473621945,9.876597323454916e-05
3251,2021-03-08,7.967867702532859e-05,0.0001289227802772075
3252,2021-03-09,0.00011200027832744764,5.9573871112661436e-05
3253,2021-03-10,7.158693076391061e-05,0.00010465287050465122
3254,2021-03-12,0.0003122593050496065,7.087532139848918e-05
3255,2021-03-15,0.00018865623521681173,9.396252426085994e-05
3256,2021-03-16,6.012686319940967e-05,0.00010433587158331648
3257,2021-03-17,0.00011039509430949162,7.959004869917408e-05
3258,2021-03-18,0.00033307904571396453,9.808826143853366e-05
3259,2021-03-19,0.000347312424045856,6.678068893961608e-05
3260,2021-03-22,6.142787139782576e-05,9.805777517613024e-05
3261,2021-03-23,4.925922803012349e-05,9.513688564766198e-05
3262,2021-03-24,0.0001229322487659712,8.894174243323505e-05
3263,2021-03-25,0.00016383166512035273,6.399431003956124e-05
3264,2021-03-26,0.00019902583581480157,0.00017444048717152327
3265,2021-03-30,0.00017354383429719526,0.00011816546611953527
3266,2021-03-31,3.7499144246154634e-05,0.0001227484899573028
3267,2021-04-01,0.00012083925501310483,8.008089935174212e-05
3268,2021-04-05,0.00028315532404050406,0.00014068541349843144
3269,2021-04-06,0.00011736477594212301,0.00011097993410658091
3270,2021-04-07,8.561888390908754e-05,8.541860734112561e-05
3271,2021-04-08,5.859843830479637e-05,8.185114711523056e-05
3272,2021-04-09,2.712037122514251e-05,0.00011046253348467872
3273,2021-04-12,0.0004343388336664408,9.043314639711753e-05
3274,2021-04-13,0.00012488648023782574,7.739111606497318e-05
3275,2021-04-15,0.0001328621405335557,8.356937178177759e-05
3276,2021-04-16,3.357073291260141e-05,5.293544381856918e-05
3277,2021-04-19,0.0005361904843244016,8.054428326431662e-05
3278,2021-04-20,0.0003128449166294328,7.913940498838201e-05
3279,2021-04-22,0.00015586253539506714,9.490942466072738e-05
3280,2021-04-23,9.429282374115425e-05,8.279505709651858e-05
3281,2021-04-26,8.866585651044321e-05,0.0001333962136413902
3282,2021-04-27,5.3454400294993774e-05,8.045745198614895e-05
3283,2021-04-28,7.406812055865878e-05,7.94572479208e-05
3284,2021-04-29,0.00013777606559426235,6.568650132976472e-05
3285,2021-04-30,0.00020693542060403697,9.039554424816743e-05
3286,2021-05-03,0.000211924989918987,9.661894000601023e-05
3287,2021-05-04,0.00012113252097080003,0.0001063238232745789
3288,2021-05-05,9.0918329200988e-05,8.288527169497684e-05
3289,2021-05-06,4.110192152102255e-05,9.018096898216754e-05
3290,2021-05-07,5.334981993855365e-05,9.972228144761175e-05
3291,2021-05-10,5.831007861775901e-05,0.00010019970068242401
3292,2021-05-11,0.00013182419474772842,0.00012468316708691418
3293,2021-05-12,5.3578942917620266e-05,7.096399349393323e-05
3294,2021-05-14,6.26055752041939e-05,7.136896601878107e-05
3295,2021-05-17,9.791983625955918e-05,7.470677519449964e-05
3296,2021-05-18,0.00010508465464234393,0.0001412105921190232
3297,2021-05-19,3.747199411377885e-05,9.155752923106775e-05
3298,2021-05-20,5.186154481690646e-05,0.00010500016651349142
3299,2021-05-21,9.210976078581005e-05,0.00011511717457324266
3300,2021-05-24,2.3252467451626042e-05,0.0001061122165992856
3301,2021-05-25,6.52156376942405e-05,0.00015322155377361923
3302,2021-05-26,3.512079948112127e-05,8.299355249619111e-05
3303,2021-05-27,1.9835226006066742e-05,9.585489169694483e-05
3304,2021-05-28,3.7231664916915963e-05,6.0829675931017846e-05
3305,2021-05-31,7.742289241749166e-05,6.420367571990937e-05
3306,2021-06-01,3.327491161525992e-05,6.279001536313444e-05
3307,2021-06-02,4.046119218603134e-05,8.329264528583735e-05
3308,2021-06-03,3.89917636694734e-05,9.561932529322803e-05
3309,2021-06-04,1.9654778210026475e-05,0.00010693763761082664
3310,2021-06-07,2.5225300031915728e-05,8.219000301323831e-05
3311,2021-06-08,1.9135539150517806e-05,0.00010264924640068784
3312,2021-06-09,7.827379486845665e-05,8.48015770316124e-05
3313,2021-06-10,2.8568137809426368e-05,8.121797145577148e-05
3314,2021-06-11,2.3737544189769985e-05,6.766647129552439e-05
3315,2021-06-14,0.00010337458279311847,7.63459102017805e-05
3316,2021-06-15,1.6770956096745588e-05,5.4598865972366184e-05
3317,2021-06-16,2.745409336577071e-05,9.853923984337598e-05
3318,2021-06-17,9.176126276309946e-05,7.773203833494335e-05
3319,2021-06-18,0.00021856786065420635,8.778380288276821e-05
3320,2021-06-21,0.00019477558508569745,7.360054587479681e-05
3321,2021-06-22,6.436044345777884e-05,5.7401233789278194e-05
3322,2021-06-23,8.128419882934974e-05,5.761375359725207e-05
3323,2021-06-24,2.9117268408039392e-05,8.250049722846597e-05
3324,2021-06-25,2.660606072566692e-05,6.399626727215946e-05
3325,2021-06-28,3.306587283885488e-05,6.456065602833405e-05
3326,2021-06-29,1.694704755278313e-05,5.967611286905594e-05
3327,2021-06-30,2.9135761414535058e-05,5.054778011981398e-05
3328,2021-07-01,1.54513691295415e-05,5.141052679391578e-05
3329,2021-07-02,2.0676463525137483e-05,5.010455060983077e-05
3330,2021-07-05,3.030320316863344e-05,3.224151805625297e-05
3331,2021-07-06,2.7576086279067653e-05,5.042750490247272e-05
3332,2021-07-07,1.8104861305286375e-05,3.735165955731645e-05
3333,2021-07-08,5.779041601866431e-05,3.740616739378311e-05
3334,2021-07-09,1.9571724454818346e-05,3.186047979397699e-05
3335,2021-07-12,5.2946287701330686e-05,3.434262180235237e-05
3336,2021-07-13,5.141902098781883e-05,4.707461630459875e-05
3337,2021-07-14,1.761086925578745e-05,4.320760854170658e-05
3338,2021-07-15,1.3943305597108534e-05,3.307920997031033e-05
3339,2021-07-16,1.4673128883410915e-05,3.531140464474447e-05
3340,2021-07-19,0.00013776920709983507,4.184659701422788e-05
3341,2021-07-20,4.111920576321744e-05,3.2274525437969714e-05
3342,2021-07-22,6.027049809971032e-05,4.39457107859198e-05
3343,2021-07-23,2.9652741984923264e-05,5.410566882346757e-05
3344,2021-07-26,1.2764101863426972e-05,6.154848233563825e-05
3345,2021-07-27,4.9646553542544205e-05,6.124202627688646e-05
3346,2021-07-28,0.00013701055928596966,5.8790432376554236e-05
3347,2021-07-29,2.0127950099952033e-05,4.4025113311363384e-05
3348,2021-07-30,2.294493660397889e-05,4.849288598052226e-05
3349,2021-08-02,5.583618567294292e-05,3.920562085113488e-05
3350,2021-08-03,8.86833605716897e-05,5.607832645182498e-05
3351,2021-08-04,3.2552791939152964e-05,7.297570846276358e-05
3352,2021-08-05,2.8265484536939327e-05,6.523782212752849e-05
3353,2021-08-06,1.6926476844384864e-05,6.0523281717905775e-05
3354,2021-08-09,3.4163109973205345e-05,5.157420309842564e-05
3355,2021-08-10,3.177259121724171e-05,5.2217288612155244e-05
3356,2021-08-11,6.196952744181406e-05,5.192415483179502e-05
3357,2021-08-12,1.1616715863464127e-05,5.8154400903731585e-05
3358,2021-08-13,3.657356537634457e-05,4.373494448373094e-05
3359,2021-08-16,1.4898733277785643e-05,5.4699401516700163e-05
3360,2021-08-17,2.4226273032221237e-05,5.756558311986737e-05
3361,2021-08-18,5.569451346546776e-05,3.910338273271918e-05
3362,2021-08-20,0.0001532144009988534,4.400912075652741e-05
3363,2021-08-23,0.0001332536701896174,4.0601335058454424e-05
3364,2021-08-24,4.5589701115517084e-05,6.639427010668442e-05
3365,2021-08-25,1.5864474527447625e-05,3.963664858019911e-05
3366,2021-08-26,8.431778128614065e-06,3.582344652386382e-05
3367,2021-08-27,3.375476825257028e-05,3.4720447729341686e-05
3368,2021-08-30,5.92132673796762e-05,3.3426840673200786e-05
3369,2021-08-31,6.647744722103444e-05,3.540328543749638e-05
3370,2021-09-01,4.321545424611917e-05,2.887312075472437e-05
3371,2021-09-02,4.13085703389634e-05,3.093804480158724e-05
3372,2021-09-03,2.2175752373428414e-05,5.239537131274119e-05
3373,2021-09-06,2.6759041475978494e-05,4.568440999719314e-05
3374,2021-09-07,2.8174926629034088e-05,5.377048728405498e-05
3375,2021-09-08,2.8264463812203358e-05,4.7872785216895863e-05
3376,2021-09-09,1.2104105716888661e-05,4.951429946231656e-05
3377,2021-09-13,1.8835452779121716e-05,5.484241773956455e-05
3378,2021-09-14,1.9649229126080005e-05,3.730687967617996e-05
3379,2021-09-15,2.394331599631233e-05,3.051479689020198e-05
3380,2021-09-16,2.095764396073206e-05,5.364239405025728e-05
3381,2021-09-17,9.130384229260417e-05,5.04865929542575e-05
3382,2021-09-20,0.0001607054307877023,3.8652906368952245e-05
3383,2021-09-21,9.15945193277602e-05,3.475854464340955e-05
3384,2021-09-22,9.236150374684734e-06,5.6422617490170524e-05
3385,2021-09-23,9.131307404769492e-05,4.600387183018029e-05
3386,2021-09-24,3.470360134423471e-05,5.5592328862985596e-05
3387,2021-09-27,4.184334698787978e-05,6.210342689882964e-05
3388,2021-09-28,0.00015710542679162222,5.3594329074257985e-05
3389,2021-09-29,5.850703600903111e-05,6.464808393502608e-05
3390,2021-09-30,2.6614418817555967e-05,4.2678217141656205e-05
3391,2021-10-01,3.893018754177212e-05,4.182070551905781e-05
3392,2021-10-04,5.3825061588024496e-05,4.377671575639397e-05
3393,2021-10-05,4.2667928413000683e-05,5.3250281780492514e-05
3394,2021-10-06,8.359887405216313e-05,6.73944377922453e-05
3395,2021-10-07,9.573997179007082e-05,5.274017894407734e-05
3396,2021-10-08,3.9887499043288253e-05,4.4545762648340315e-05
3397,2021-10-11,4.939135318342821e-05,4.0013674151850864e-05
3398,2021-10-12,2.5397678099023358e-05,6.581887282663956e-05
3399,2021-10-13,5.641789866063538e-05,4.3191175791434944e-05
3400,2021-10-14,4.772702017195964e-05,4.514906686381437e-05
3401,2021-10-18,8.62984896926461e-05,2.5745732273207977e-05
3402,2021-10-19,9.776548031510568e-05,4.424723010743037e-05
3403,2021-10-20,6.457082986242415e-05,4.0207723941421136e-05
3404,2021-10-21,0.0001704487273778101,4.5173615944804624e-05
3405,2021-10-22,8.703399958794068e-05,5.3969462896930054e-05
3406,2021-10-25,0.00013641712120268033,6.64039034745656e-05
3407,2021-10-26,4.754220124857418e-05,8.41610599309206e-05
3408,2021-10-27,3.25121439586948e-05,3.3517557312734425e-05
3409,2021-10-28,0.00016412822105424943,4.6645513066323474e-05
3410,2021-10-29,9.908628498726991e-05,3.2814587029861286e-05
3411,2021-11-01,0.0001128456818160581,4.86755307065323e-05
3412,2021-11-02,3.331829366585014e-05,5.1627837819978595e-05
3413,2021-11-03,6.730288602974832e-05,6.367136666085571e-05
3414,2021-11-04,3.7328507441237866e-05,5.610898369923234e-05
3415,2021-11-08,0.00014703738111101493,4.309223004383966e-05
3416,2021-11-09,1.8929494245153255e-05,4.340991290519014e-05
3417,2021-11-10,3.754893818775758e-05,3.507843575789593e-05
3418,2021-11-11,4.4158847158227364e-05,4.8607900680508465e-05
3419,2021-11-12,8.480489864915494e-05,5.797814083052799e-05
3420,2021-11-15,2.475858442764725e-05,6.613864388782531e-05
3421,2021-11-16,3.331240337793726e-05,4.9933256377698854e-05
3422,2021-11-17,3.63589257420679e-05,3.784854197874665e-05
3423,2021-11-18,6.9919715982552e-05,4.289153002901003e-05
3424,2021-11-22,0.0003209273918715601,4.053231532452628e-05
3425,2021-11-23,0.00018673432028314585,6.236355693545192e-05
3426,2021-11-24,7.352945784505207e-05,5.889340536668897e-05
3427,2021-11-25,5.100028813254928e-05,5.2751747716683894e-05
3428,2021-11-26,0.0002852654650513096,4.7474422899540514e-05
3429,2021-11-29,0.00019941290226644466,4.738477218779735e-05
3430,2021-11-30,0.00022871515458618556,4.148354128119536e-05
3431,2021-12-01,7.561476081747312e-05,4.2178908188361675e-05
3432,2021-12-02,8.391576129769645e-05,6.272394239204004e-05
3433,2021-12-03,0.00011094983989920059,5.483044151333161e-05
3434,2021-12-06,0.00012362592149751828,3.978547829319723e-05
3435,2021-12-07,0.00013968647483721995,6.183476216392592e-05
3436,2021-12-08,9.905168675333036e-05,6.450367072829977e-05
3437,2021-12-09,5.3963367200208186e-05,4.425314182299189e-05
3438,2021-12-10,2.5984657671600997e-05,7.245719461934641e-05
3439,2021-12-13,0.0001264491032037191,4.694617018685676e-05
3440,2021-12-14,4.9139059349450056e-05,4.251957579981536e-05
3441,2021-12-15,2.8326395808200454e-05,4.443239595275372e-05
3442,2021-12-16,0.00012272756045921814,3.9815578929847106e-05
3443,2021-12-17,0.0001291581486041179,4.0099548641592264e-05
3444,2021-12-20,0.0003558954189542848,4.0937535231933e-05
3445,2021-12-21,0.00016999969910503655,4.184468343737535e-05
3446,2021-12-22,5.961437228882499e-05,4.2312629375373945e-05
3447,2021-12-23,5.492388800703176e-05,7.530606671934947e-05
3448,2021-12-24,9.867805126374194e-05,5.841843449161388e-05
3449,2021-12-27,0.00011220368660763778,5.9351688832975924e-05
3450,2021-12-28,3.738617736590271e-05,5.83533983444795e-05
3451,2021-12-29,1.477953256615218e-05,6.370112532749772e-05
3452,2021-12-30,1.596848554535841e-05,7.408235978800803e-05
3453,2021-12-31,3.6733163710500155e-05,7.212227501440793e-05
3454,2022-01-03,8.040252097999786e-05,9.519206651020795e-05
3455,2022-01-04,7.265861192794253e-05,5.865401908522472e-05
3456,2022-01-05,4.360034649940229e-05,7.921785436337814e-05
3457,2022-01-06,0.00010237775430550511,7.618022937094793e-05
3458,2022-01-07,5.02988663457977e-05,9.747615695232525e-05
3459,2022-01-10,5.197823303250117e-05,8.5768464487046e-05
3460,2022-01-11,1.413506723232182e-05,8.522201824234799e-05
3461,2022-01-12,5.061592863613087e-05,7.945308607304469e-05
3462,2022-01-13,2.3868123475463672e-05,8.827845886116847e-05
3463,2022-01-14,4.516995021938485e-05,7.096899207681417e-05
3464,2022-01-17,9.921939048031073e-06,6.510791718028486e-05
3465,2022-01-18,7.40697125377207e-05,7.623350393259898e-05
3466,2022-01-19,6.559903092629053e-05,6.585001392522827e-05
3467,2022-01-20,0.00010043846027659016,0.00013601126556750387
3468,2022-01-21,0.000119608701660118,6.313353514997289e-05
3469,2022-01-24,0.0004293209304016739,6.144256622064859e-05
3470,2022-01-25,0.00035066490146106605,6.03898661211133e-05
3471,2022-01-27,0.00028932512021758307,6.100797691033222e-05
3472,2022-01-28,0.00015246906777207058,9.70575274550356e-05
3473,2022-01-31,0.00015857511769031465,9.469631913816556e-05
3474,2022-02-01,0.0003361951068224068,8.20458953967318e-05
3475,2022-02-02,6.92919853717404e-05,5.305557351675816e-05
3476,2022-02-03,8.049393743182274e-05,0.00012592223356477916
3477,2022-02-04,2.969198761443339e-05,0.00011378492490621284
3478,2022-02-07,0.00020544480763482544,0.00011457240179879591
3479,2022-02-08,0.000135417160192396,0.00012949775555171072
3480,2022-02-09,5.703430282107675e-05,8.42796143842861e-05
3481,2022-02-10,8.451830930644932e-05,8.371862350031734e-05
3482,2022-02-11,0.00010847648498847341,6.13685988355428e-05
3483,2022-02-14,0.00039897458894548463,0.00011271740368101746
3484,2022-02-15,0.000364385587258246,6.805289012845606e-05
3485,2022-02-16,7.024408008922654e-05,8.424168481724337e-05
3486,2022-02-17,6.62563249011977e-05,7.963811367517337e-05
3487,2022-02-18,5.3027565780390344e-05,0.00011245155474171042
3488,2022-02-21,0.00011188282118349227,6.0957318055443466e-05
3489,2022-02-22,0.0005550528258938551,7.674558582948521e-05
3490,2022-02-23,7.815222727539217e-05,7.466026727342978e-05
3491,2022-02-24,0.0012619741092888316,8.810059080133215e-05
3492,2022-02-25,0.000358548338295604,0.00014215277042239904
3493,2022-02-28,0.0003839845226567027,0.00011056012590415776
3494,2022-03-02,0.0001948197581921794,6.121014303062111e-05
3495,2022-03-03,0.00017865458178188546,8.296546729980037e-05
3496,2022-03-04,0.00022269082799894176,7.891375571489334e-05
3497,2022-03-07,0.0006316788562367229,7.092636224115267e-05
3498,2022-03-08,0.00022884060295560532,7.208233000710607e-05
3499,2022-03-09,0.0002495754058873497,6.55206385999918e-05
3500,2022-03-10,0.0007605570271204136,0.0001215753291035071
3501,2022-03-11,7.628825399964866e-05,7.777793507557362e-05
3502,2022-03-14,9.539641600482704e-05,9.226743713952601e-05
3503,2022-03-15,0.0001765582456169969,0.00010758606367744505
3504,2022-03-16,0.0001894374638305055,9.404231241205707e-05
3505,2022-03-17,0.00021013177618245334,8.663178596179932e-05
3506,2022-03-21,8.097131546712282e-05,7.694984378758818e-05
3507,2022-03-22,0.0001321462334770925,9.966646757675335e-05
3508,2022-03-23,9.239408674373636e-05,9.875288378680125e-05
3509,2022-03-24,0.00012722658724855618,8.71699012350291e-05
3510,2022-03-25,7.425210681409988e-05,6.639306957367808e-05
3511,2022-03-28,9.380104779044398e-05,0.00010765442129923031
3512,2022-03-29,3.394196128966752e-05,0.00012244404933881015
3513,2022-03-30,9.079139209586026e-05,0.00010713515803217888
3514,2022-03-31,1.8390435467509046e-05,0.0003648214624263346
3515,2022-04-01,8.916837863336007e-05,0.00024825052241794765
3516,2022-04-04,0.00017182168639097887,0.00013290237984620035
3517,2022-04-05,3.396345598914384e-05,0.00012014150706818327
3518,2022-04-06,5.723158627768318e-05,0.00013658800162374973
3519,2022-04-07,5.3447365217517516e-05,6.615012534894049e-05
3520,2022-04-08,7.45487392994263e-05,0.00015966806677170098
3521,2022-04-11,2.358390959482132e-05,0.00017897840007208288
3522,2022-04-12,5.786199505635653e-05,0.00016562113887630403
3523,2022-04-13,6.390699740703463e-05,0.000211640028283
3524,2022-04-18,0.00031972108401797695,0.00015532677934970707
3525,2022-04-19,0.0002744964912129372,8.378387428820133e-05
3526,2022-04-20,7.543723889356312e-05,0.00014232544344849885
3527,2022-04-21,7.706856190533879e-05,0.00019569283176679164
3528,2022-04-22,0.0001084292510084747,0.00014787075633648783
3529,2022-04-25,0.00012285137398428461,0.00013008012319914997
3530,2022-04-26,0.00012652763451595424,0.00011032336624339223
3531,2022-04-27,8.380816519588428e-05,0.00012932569370605052
3532,2022-04-28,0.0001505676303497513,0.0001831203990150243
3533,2022-04-29,0.00014264351415466776,9.384029544889927e-05
3534,2022-05-02,0.0001455466937414941,0.00010394129640189931
3535,2022-05-04,0.0003091931199663895,7.497070328099653e-05
3536,2022-05-05,0.00021779392874083126,8.287033415399492e-05
3537,2022-05-06,0.00028566759719593726,6.984706851653755e-05
3538,2022-05-09,0.00021228898637530428,6.338769890135154e-05
3539,2022-05-10,7.963303059265942e-05,7.715883111814037e-05
3540,2022-05-11,0.0001587162429715556,8.876794163370505e-05
3541,2022-05-12,0.00021020507967521587,6.616678001591936e-05
3542,2022-05-13,0.00027307000499523745,8.410209557041526e-05
3543,2022-05-16,9.14881512218051e-05,6.877192936372012e-05
3544,2022-05-17,0.00021183716071622447,9.789172327145934e-05
3545,2022-05-18,6.0807789379821846e-05,6.695828778902069e-05
3546,2022-05-19,0.0004626477655614385,8.539319242117926e-05
3547,2022-05-20,0.0003179178631955709,8.57943159644492e-05
3548,2022-05-23,7.867329788264526e-05,0.00014859653310850263
3549,2022-05-24,4.3770575727571875e-05,7.491417636629194e-05
3550,2022-05-25,8.011693617069067e-05,7.17262300895527e-05
3551,2022-05-26,0.00017638495057944559,7.175961945904419e-05
3552,2022-05-27,9.225224614185706e-05,8.363554661627859e-05
3553,2022-05-30,0.00015764968393505252,9.970325481845066e-05
3554,2022-05-31,6.19330961030904e-05,8.600493310950696e-05
3555,2022-06-01,5.495088719822794e-05,8.08124168543145e-05
3556,2022-06-02,5.7343889909498844e-05,6.892347300890833e-05
3557,2022-06-03,0.00012605501982068448,8.26977557153441e-05
3558,2022-06-06,4.64438455583853e-05,6.83893813402392e-05
3559,2022-06-07,6.405028188874296e-05,8.333833102369681e-05
3560,2022-06-08,7.380278560351611e-05,9.33519477257505e-05
3561,2022-06-09,0.00011018551615747801,9.506323840469122e-05
3562,2022-06-10,0.00016980738411294068,5.997519474476576e-05
3563,2022-06-13,0.00047218498816848,9.144775685854256e-05
3564,2022-06-14,0.00010938029686769312,9.789127216208726e-05
3565,2022-06-15,1.6964663564420705e-05,7.814119453541934e-05
3566,2022-06-16,0.0004664002721930307,6.596793537028134e-05
3567,2022-06-17,9.984753601390387e-05,7.255226955749094e-05
3568,2022-06-20,7.64512939673875e-05,9.943974873749539e-05
3569,2022-06-21,0.00016245906030709,0.00010230865882476792
3570,2022-06-22,8.087800094330828e-05,0.0001240653364220634
3571,2022-06-23,0.00010040304097743227,9.003805462270975e-05
3572,2022-06-24,6.453254294009407e-05,8.289499237434939e-05
3573,2022-06-27,0.00022307666226604122,8.956011151894927e-05
3574,2022-06-28,6.645315791159055e-05,8.657817670609802e-05
3575,2022-06-29,0.0001321432976244825,6.620541535085067e-05
3576,2022-06-30,4.208487662778365e-05,9.318854426965117e-05
3577,2022-07-01,0.00016251391164761374,7.442616333719343e-05
3578,2022-07-04,5.722511851170587e-05,8.065511792665347e-05
3579,2022-07-05,0.00010802981972297729,7.611785258632153e-05
3580,2022-07-06,5.916997142899018e-05,9.678946662461385e-05
3581,2022-07-07,7.678640678350477e-05,8.485424041282386e-05
3582,2022-07-08,9.758085170702768e-05,6.92985558998771e-05
3583,2022-07-11,4.997334424598034e-05,7.895139424363151e-05
3584,2022-07-12,5.179126147424656e-05,8.289302058983594e-05
3585,2022-07-13,6.611130039492038e-05,8.274926949525252e-05
3586,2022-07-14,7.054968506069627e-05,0.00011006609565811232
3587,2022-07-15,5.121604528476015e-05,0.00012842273281421512
3588,2022-07-18,6.757065334934608e-05,0.00010076152830151841
3589,2022-07-19,7.013207628086063e-05,0.0001390507532050833
3590,2022-07-20,0.00019396205798753426,0.00010317491978639737
3591,2022-07-21,2.5304934745739647e-05,6.727878644596785e-05
3592,2022-07-22,3.5525830616900845e-05,5.9417670854600146e-05
3593,2022-07-25,3.629549131951419e-05,5.802543455502018e-05
3594,2022-07-26,3.7167532447374065e-05,7.417468441417441e-05
3595,2022-07-27,5.760752181883472e-05,7.10557505954057e-05
3596,2022-07-28,0.0001115522607788719,7.101300434442237e-05
3597,2022-07-29,0.00010742534985954176,6.858480628579855e-05
3598,2022-08-01,7.552021322172924e-05,8.75232508406043e-05
3599,2022-08-02,3.9261027088225254e-05,0.0001123019537772052
3600,2022-08-03,4.83944473652559e-05,8.637925930088386e-05
3601,2022-08-04,0.00017944879508622873,7.698367699049413e-05
3602,2022-08-05,2.2939749521887737e-05,8.27096591820009e-05
3603,2022-08-08,3.9632717423079334e-05,8.673933916725218e-05
3604,2022-08-10,3.098784965064304e-05,8.031692414078861e-05
3605,2022-08-11,0.0001093099297517245,9.303164551965892e-05
3606,2022-08-12,1.8391877871956007e-05,6.948616646695882e-05
3607,2022-08-16,3.7427551960516585e-05,8.020020322874188e-05
3608,2022-08-17,2.425000164441683e-05,8.958300168160349e-05
3609,2022-08-18,2.1760575054756012e-05,9.191903518512845e-05
3610,2022-08-19,8.422898493923485e-05,9.977317677112296e-05
3611,2022-08-22,7.262267768929373e-05,6.185015809023753e-05
3612,2022-08-23,0.0001463577119803449,6.641131039941683e-05
3613,2022-08-24,2.5621177521199154e-05,8.056863589445129e-05
3614,2022-08-25,7.939666511142933e-05,5.732431964133866e-05
3615,2022-08-26,6.078349488102893e-05,6.267598655540496e-05
3616,2022-08-29,0.0005075152772336074,7.30921674403362e-05
3617,2022-08-30,0.00018932064657208324,9.340903488919139e-05
3618,2022-09-01,0.0003157371491169953,6.983654748182744e-05
3619,2022-09-02,4.045852564615826e-05,6.695892807329074e-05
3620,2022-09-05,2.2447142687073064e-05,7.627146260347217e-05
3621,2022-09-06,3.60010258855636e-05,9.122233313973993e-05
3622,2022-09-07,9.004027435552379e-05,8.388893184019253e-05
3623,2022-09-08,6.541613810337178e-05,7.448190444847569e-05
3624,2022-09-09,7.127593402659034e-05,5.456081999000162e-05
3625,2022-09-12,2.0845708963988883e-05,5.749130286858417e-05
3626,2022-09-13,4.161828442451868e-05,6.020717410137877e-05
3627,2022-09-14,0.0003930734561534302,5.1063449063804e-05
3628,2022-09-15,6.38334584229306e-05,6.527005461975932e-05
3629,2022-09-16,0.00013308807347084907,6.0063226555939764e-05
3630,2022-09-19,6.573528128886885e-05,4.830935358768329e-05
3631,2022-09-20,0.00010801295780820407,4.174873902229592e-05
3632,2022-09-21,4.035975181590162e-05,3.079395537497476e-05
3633,2022-09-22,7.65890018518376e-05,5.010546010453254e-05
3634,2022-09-23,0.00013953733262047157,5.227902147453278e-05
3635,2022-09-26,0.000152857352610591,5.533167131943628e-05
3636,2022-09-27,9.324790063030532e-05,6.28220004728064e-05
3637,2022-09-28,0.0001385820919051843,5.9397447330411524e-05
3638,2022-09-29,0.00012979206031747662,4.934756361762993e-05
3639,2022-09-30,0.00022773176678360417,6.505491910502315e-05
3640,2022-10-03,7.903369125252285e-05,7.431693666148931e-05
3641,2022-10-04,0.0002667270473276094,6.976152508286759e-05
3642,2022-10-06,5.197251470175006e-05,7.990605081431568e-05
3643,2022-10-07,2.520795099909071e-05,6.130034307716414e-05
3644,2022-10-10,0.0002167383650806816,8.170390356099233e-05
3645,2022-10-11,0.00011360271679757509,5.242411498329602e-05
3646,2022-10-12,4.666519274779238e-05,4.3418564018793404e-05
3647,2022-10-13,3.3351101665366934e-05,5.735307786380872e-05
3648,2022-10-14,0.0003579171783068199,6.679291982436553e-05
3649,2022-10-17,6.652611948286359e-05,6.153110734885558e-05
3650,2022-10-18,6.435594639823107e-05,6.760958058293909e-05
3651,2022-10-19,4.104052268161858e-05,7.801647734595463e-05
3652,2022-10-20,5.572018913326995e-05,8.535957022104412e-05
3653,2022-10-21,3.5147355021873317e-05,8.732798596611246e-05
3654,2022-10-24,8.766087517667024e-05,9.837360994424671e-05
3655,2022-10-25,5.204572131140197e-05,0.00014270967221818864
3656,2022-10-27,6.498675348877271e-05,0.00011012584582203999
3657,2022-10-28,1.5468269757342537e-05,8.245732169598341e-05
3658,2022-10-31,6.357223559560953e-05,0.000108632943010889
3659,2022-11-01,5.8084406463862034e-05,0.00012191237328806892
3660,2022-11-02,2.162578128824187e-05,9.893048263620585e-05
3661,2022-11-03,6.45178999689579e-05,0.00010228437167825177
3662,2022-11-04,1.4519551966435138e-05,7.739635475445539e-05
3663,2022-11-07,7.250440265149771e-05,5.798560596304014e-05
3664,2022-11-09,5.5304098561575715e-05,5.350490391720086e-05
3665,2022-11-10,5.687444954197942e-05,7.622855628142133e-05
3666,2022-11-11,0.00019156177503069734,7.285804895218462e-05
3667,2022-11-14,9.80069306369844e-06,7.026965613476932e-05
3668,2022-11-15,2.7386530713943893e-05,4.9662608944345266e-05
3669,2022-11-16,9.910635647669969e-06,5.09719320689328e-05
3670,2022-11-17,1.9159724683758495e-05,7.060856296448037e-05
3671,2022-11-18,4.57037311839673e-05,6.501274037873372e-05
3672,2022-11-21,2.8143119232413823e-05,5.683462222805247e-05
3673,2022-11-22,1.7171788553531722e-05,8.090580377029255e-05
3674,2022-11-23,2.6385488958340904e-05,8.172992238542065e-05
3675,2022-11-24,6.522139203822352e-05,9.465604671277106e-05
3676,2022-11-25,1.7155926183496926e-05,8.857116336002946e-05
3677,2022-11-28,8.018493461525707e-05,8.51993536343798e-05
3678,2022-11-29,1.8927290914388984e-05,8.539979171473533e-05
3679,2022-11-30,4.0363482205094125e-05,7.115075277397409e-05
3680,2022-12-01,4.801632312106969e-05,6.71063462505117e-05
3681,2022-12-02,3.0254182169184216e-05,7.656158413738012e-05
3682,2022-12-05,2.9057497697425363e-05,7.034757436485961e-05
3683,2022-12-06,3.478320803273597e-05,5.171619704924524e-05
3684,2022-12-07,1.8901557476284388e-05,3.781072882702574e-05
3685,2022-12-08,8.08525093335532e-06,4.018296385766007e-05
3686,2022-12-09,7.80258911131964e-05,3.9017631934257224e-05
3687,2022-12-12,5.7521069908326924e-05,3.838470729533583e-05
3688,2022-12-13,1.844645741000852e-05,5.163616515346803e-05
3689,2022-12-14,1.5308024941328103e-05,4.927706686430611e-05
3690,2022-12-15,7.500867420817274e-05,4.593447738443501e-05
3691,2022-12-16,7.249575301058946e-05,3.6888697650283575e-05
3692,2022-12-19,3.700545758216845e-05,4.233555591781624e-05
3693,2022-12-20,7.31727452895391e-05,4.714951501227915e-05
3694,2022-12-21,0.00010387487612088369,3.7841320590814576e-05
3695,2022-12-22,8.820257034710112e-05,4.3015446863137186e-05
3696,2022-12-23,0.00014723829634533784,5.103740841150284e-05
3697,2022-12-26,0.00010153416417393139,3.47486711689271e-05
3698,2022-12-27,6.21576743531073e-05,2.8827447749790736e-05
3699,2022-12-28,1.9133626838603018e-05,3.6803485272685066e-05
3700,2022-12-29,7.535756913568543e-05,3.739781823242083e-05
3701,2022-12-30,4.9218970289800955e-05,3.4132837754441425e-05
3702,2023-01-02,1.9598539143773132e-05,3.992032361566089e-05
3703,2023-01-03,1.4123582434622003e-05,4.008410178357735e-05
3704,2023-01-04,5.083568271999611e-05,3.728766751009971e-05
3705,2023-01-05,7.058673703318422e-05,4.431999695952982e-05
3706,2023-01-06,6.72874714231065e-05,4.919574348605238e-05
3707,2023-01-09,7.100040410773952e-05,4.656400051317178e-05
3708,2023-01-10,8.054005225167609e-05,4.185474244877696e-05
3709,2023-01-11,2.453182135955816e-05,3.803430809057318e-05
3710,2023-01-12,4.256207709648432e-05,4.0082035411614925e-05
3711,2023-01-13,5.547270396556227e-05,3.768566602957435e-05
3712,2023-01-16,5.8666748816725685e-05,3.752632619580254e-05
3713,2023-01-17,3.82464356822584e-05,3.6351611925056204e-05
3714,2023-01-18,2.5205252759415015e-05,4.348723086877726e-05
3715,2023-01-19,1.4800851470818553e-05,4.385518695926294e-05
3716,2023-01-20,1.7620517134528122e-05,4.304934918764047e-05
3717,2023-01-23,3.5252517590586284e-05,4.922709194943309e-05
3718,2023-01-24,2.8693333087189935e-05,5.241515827947296e-05
3719,2023-01-25,7.083623848914866e-05,6.275176565395668e-05
3720,2023-01-27,0.00017591000038860374,5.322793367668055e-05
3721,2023-01-30,0.00011804748494907168,7.457636820618063e-05
3722,2023-01-31,7.899722482375285e-05,5.288175816531293e-05
3723,2023-02-01,0.0004894501556108085,4.793007246917114e-05
3724,2023-02-02,7.935381430410922e-05,7.953063322929665e-05
3725,2023-02-03,0.00014187081343666055,4.852337224292569e-05
3726,2023-02-06,2.441244373654654e-05,6.023244350217283e-05
3727,2023-02-07,3.104130203395865e-05,6.726312858518213e-05
3728,2023-02-08,2.8365881900702483e-05,9.051424422068521e-05
3729,2023-02-09,2.7105323070715236e-05,7.289578934432939e-05
3730,2023-02-10,1.3291115348667962e-05,5.5033600801834837e-05
3731,2023-02-13,2.81710764708769e-05,7.257926336023957e-05
3732,2023-02-14,4.0369412517417055e-05,7.693735824432224e-05
3733,2023-02-15,3.783393116231181e-05,5.6791330280248076e-05
3734,2023-02-16,3.740292620596214e-05,5.494607103173621e-05
3735,2023-02-17,3.4420561624022176e-05,7.987130811670795e-05
3736,2023-02-20,3.759412530737032e-05,6.907434726599604e-05
3737,2023-02-21,2.803242767714815e-05,7.482278306270018e-05
3738,2023-02-22,8.002021889903077e-05,7.1388429205399e-05
3739,2023-02-23,3.068452196584485e-05,7.31379768694751e-05
3740,2023-02-24,5.6801122690701884e-05,7.516873301938176e-05
3741,2023-02-27,3.554468644520618e-05,6.40887301415205e-05
3742,2023-02-28,3.820662447882867e-05,3.7703033740399405e-05
3743,2023-03-01,2.7116022928460667e-05,6.777529051760212e-05
3744,2023-03-02,2.4608584019034968e-05,8.166323823388666e-05
3745,2023-03-03,0.00010732427653816046,6.763466808479279e-05
3746,2023-03-06,4.770416362849865e-05,8.177577547030523e-05
3747,2023-03-08,3.820610057847355e-05,4.2522693547653034e-05
3748,2023-03-09,4.4052192834559184e-05,6.43261955701746e-05
3749,2023-03-10,9.411508690834299e-05,7.31220789020881e-05
3750,2023-03-13,0.0001981848814616442,6.503369513666257e-05
3751,2023-03-14,6.430537895392705e-05,5.875271381228231e-05
3752,2023-03-15,0.00013728915811411516,5.67307070014067e-05
3753,2023-03-16,5.8835650743987174e-05,4.945262480759993e-05
3754,2023-03-17,0.00010806258156219224,6.42340601189062e-05
3755,2023-03-20,9.883434009403769e-05,6.97792274877429e-05
3756,2023-03-21,3.276055705893315e-05,5.954167136223987e-05
3757,2023-03-22,2.79802014113892e-05,5.253887502476573e-05
3758,2023-03-23,4.550416282085908e-05,5.7021596148842946e-05
3759,2023-03-24,4.269971781164651e-05,8.433678158326074e-05
3760,2023-03-27,4.104018410444867e-05,5.217622310738079e-05
3761,2023-03-28,3.2676745553334046e-05,4.796262510353699e-05
3762,2023-03-29,4.1886812883156944e-05,0.00011527899914653972
3763,2023-03-31,9.27631358175725e-05,9.012904047267511e-05
3764,2023-04-03,3.789558379174822e-05,7.162765541579574e-05
3765,2023-04-05,3.298176252684842e-05,6.338964158203453e-05
3766,2023-04-06,2.168792434504679e-05,4.551511665340513e-05
3767,2023-04-10,1.50724877644139e-05,4.796006760443561e-05
3768,2023-04-11,3.070546775398388e-05,3.820440178969875e-05
3769,2023-04-12,1.7680269192959156e-05,6.0848415159853175e-05
3770,2023-04-13,1.75200890241467e-05,4.471107240533456e-05
3771,2023-04-17,0.00011108440733316023,5.357577538234182e-05
3772,2023-04-18,4.015689467130366e-05,5.912464257562533e-05
3773,2023-04-19,8.828845788178649e-06,5.488385431817733e-05
3774,2023-04-20,1.1940789484588461e-05,6.873586244182661e-05
3775,2023-04-21,1.579394348169556e-05,8.691811672179028e-05
3776,2023-04-24,5.1128829992348785e-05,4.961957529303618e-05
3777,2023-04-25,9.67872895340405e-06,5.882818004465662e-05
3778,2023-04-26,1.6128088973461152e-05,6.379182741511613e-05
3779,2023-04-27,1.8811495781099764e-05,5.691288970410824e-05
3780,2023-04-28,4.841755261083794e-05,5.7744779041968286e-05
3781,2023-05-02,1.7207042539650144e-05,5.3945532272337005e-05
3782,2023-05-03,1.1063078855544259e-05,5.8187524700770155e-05
3783,2023-05-04,4.146906066493288e-05,4.507124685915187e-05
3784,2023-05-05,9.163434359214939e-05,4.588950832840055e-05
3785,2023-05-08,4.349295881416483e-05,4.323374741943553e-05
3786,2023-05-09,1.755875370597264e-05,5.7439236115897074e-05
3787,2023-05-10,2.7839082557141078e-05,5.101472561364062e-05
3788,2023-05-11,1.9537833819233534e-05,4.407430606079288e-05
3789,2023-05-12,2.6005622730971484e-05,4.6488123189192265e-05
3790,2023-05-15,3.054423884982234e-05,4.305447873775847e-05
3791,2023-05-16,3.2090922245532606e-05,4.4369771785568446e-05
3792,2023-05-17,4.167719872619448e-05,4.56441703136079e-05
3793,2023-05-18,7.147969782974101e-05,3.951933831558563e-05
3794,2023-05-19,4.6937434814902875e-05,4.142147736274637e-05
3795,2023-05-22,2.4621231564201113e-05,5.667565710609779e-05
3796,2023-05-23,1.698829450624282e-05,4.689659544965252e-05
3797,2023-05-24,3.050284397086269e-05,4.973057366441935e-05
3798,2023-05-25,2.1546352582521176e-05,5.282489655655809e-05
3799,2023-05-26,3.7711135489762996e-05,4.541941234492697e-05
3800,2023-05-29,4.512422017356809e-05,2.943293293355964e-05
3801,2023-05-30,7.409655785465655e-06,3.453232056926936e-05
3802,2023-05-31,2.0083070975098402e-05,3.1370960641652346e-05
3803,2023-06-01,1.949327395593865e-05,3.02328680845676e-05
3804,2023-06-02,2.13938104646995e-05,2.911667434091214e-05
3805,2023-06-05,2.101232185550716e-05,3.9277405448956415e-05
3806,2023-06-06,1.0067085419679763e-05,3.6067107430426404e-05
3807,2023-06-07,2.3175062163321868e-05,2.4662194846314378e-05
3808,2023-06-08,2.6158110648505613e-05,3.171999196638353e-05
3809,2023-06-09,1.5710352120241727e-05,2.6870979127124883e-05
3810,2023-06-12,8.117510906395407e-06,2.8384361939970404e-05
3811,2023-06-13,1.1922430091548254e-05,2.7229996703681536e-05
3812,2023-06-14,9.856509171675544e-06,2.474729626555927e-05
3813,2023-06-15,1.58969429907351e-05,2.1418654796434566e-05
3814,2023-06-16,2.668962538394642e-05,3.70158813893795e-05
3815,2023-06-19,3.2030887511726894e-05,3.876749178743921e-05
3816,2023-06-20,3.4706844267877766e-05,3.371513957972638e-05
3817,2023-06-21,1.0303976201111935e-05,2.737854993029032e-05
3818,2023-06-22,1.5683397832902332e-05,2.8025839128531516e-05
3819,2023-06-23,1.3910122248286537e-05,2.4698298147995956e-05
3820,2023-06-26,6.205985710813148e-06,2.8225531423231587e-05
3821,2023-06-27,2.238218550288777e-05,2.7889513148693368e-05
3822,2023-06-28,4.3996941052915664e-05,3.412997102714144e-05
3823,2023-06-30,6.04265598503702e-05,2.6061788958031684e-05
3824,2023-07-03,2.0055301160137857e-05,3.3730448194546625e-05
3825,2023-07-04,3.802179800198069e-05,3.4814114769687876e-05
3826,2023-07-05,8.320679660918517e-06,2.8647988074226305e-05
3827,2023-07-06,1.76845568182863e-05,2.2260346668190323e-05
3828,2023-07-07,6.181437307668081e-05,2.468188904458657e-05
3829,2023-07-10,2.300925975482766e-05,2.5735445888130926e-05
3830,2023-07-11,2.6401403416929162e-05,2.3722061087028123e-05
3831,2023-07-12,2.7974542652523245e-05,2.921505438280292e-05
3832,2023-07-13,6.293232876232865e-05,2.5908118914230727e-05
3833,2023-07-14,4.03641378892828e-05,2.5659255697974004e-05
3834,2023-07-17,3.128058313915976e-05,2.7051402867073193e-05
3835,2023-07-18,2.962189025975202e-05,2.417895848338958e-05
3836,2023-07-19,2.3151939378561892e-05,2.791393853840418e-05
3837,2023-07-20,4.9188271324349426e-05,3.4459222661098465e-05
3838,2023-07-21,0.00011183818307833433,3.8699563447153196e-05
3839,2023-07-24,1.3665652086199198e-05,2.826976378855761e-05
3840,2023-07-25,2.2970341834468797e-05,2.9335666113183834e-05
3841,2023-07-26,1.8015551124002944e-05,2.9683473258046433e-05
3842,2023-07-27,7.47739735211871e-05,3.2523130357731134e-05
3843,2023-07-28,1.70006757390236e-05,2.793782732624095e-05
3844,2023-07-31,2.9523023846197452e-05,3.0333254471770488e-05
3845,2023-08-01,9.661361867121821e-06,2.2024787540431134e-05
3846,2023-08-02,7.780704184704464e-05,3.605620440794155e-05
3847,2023-08-03,6.160445382756249e-05,4.8020614485722035e-05
3848,2023-08-04,2.6665024949096476e-05,4.016867023892701e-05
3849,2023-08-07,1.7991169161866024e-05,2.785179458442144e-05
3850,2023-08-08,1.204360466937657e-05,3.1913426937535405e-05
3851,2023-08-09,3.5966754159909565e-05,4.6225257392507046e-05
3852,2023-08-10,1.6938337537629635e-05,3.914999251719564e-05
3853,2023-08-11,1.914482872885466e-05,4.492456719162874e-05
3854,2023-08-14,5.132887078697601e-05,3.239046054659411e-05
3855,2023-08-16,3.67205978045929e-05,2.8892842237837613e-05
3856,2023-08-17,1.7500552008709357e-05,3.25261389662046e-05
3857,2023-08-18,2.3779235798464058e-05,4.320831430959515e-05
3858,2023-08-21,1.5289393020563453e-05,3.475748235359788e-05
3859,2023-08-22,4.975753438708527e-06,3.0335857445606962e-05
3860,2023-08-23,1.632427265490677e-05,2.6162018912145868e-05
3861,2023-08-24,6.368877520954462e-05,3.556026058504358e-05
3862,2023-08-25,3.208089241849139e-05,3.731149990926497e-05
3863,2023-08-28,1.5126303900065214e-05,2.2150225049699657e-05
3864,2023-08-29,1.7678843481551104e-05,2.1358440790208988e-05
3865,2023-08-30,3.439462533402483e-05,3.0047698601265438e-05
3866,2023-08-31,2.675326557207079e-05,3.399756315047853e-05
3867,2023-09-01,3.7506795448738734e-05,3.230100992368534e-05
3868,2023-09-04,3.7194827679649464e-05,4.131826790398918e-05
3869,2023-09-05,7.228048567167161e-06,5.0627630116650835e-05
3870,2023-09-06,2.182906732542623e-05,5.317694740369916e-05
3871,2023-09-07,3.200862075424759e-05,4.676319076679647e-05
3872,2023-09-08,2.2424123135267215e-05,3.886092235916294e-05
3873,2023-09-11,2.9802038305468966e-05,2.8653892513830215e-05
3874,2023-09-12,6.919025157218269e-05,2.945073356386274e-05
3875,2023-09-13,1.9706792697958046e-05,3.64331754099112e-05
3876,2023-09-14,2.125202630403073e-05,5.109374978928827e-05
3877,2023-09-15,1.4038095827246752e-05,3.023598219442647e-05
3878,2023-09-18,8.805331637208436e-06,3.141826528008096e-05
3879,2023-09-20,8.428020663019033e-05,4.318281571613625e-05
3880,2023-09-21,2.637311426466243e-05,5.103624062030576e-05
3881,2023-09-22,1.8190753529521495e-05,3.7752757634734735e-05
3882,2023-09-25,1.5294907357455867e-05,4.2313593439757824e-05
3883,2023-09-26,3.5513118528628212e-06,4.233708750689402e-05
3884,2023-09-27,3.292703241632052e-05,3.655272303149104e-05
3885,2023-09-28,7.192603368458712e-05,5.5703349062241614e-05
3886,2023-09-29,3.787031426434055e-05,4.46220874437131e-05
3887,2023-10-03,2.0698514693361625e-05,4.26442020398099e-05
3888,2023-10-04,3.871362829391695e-05,2.5630568416090682e-05
3889,2023-10-05,2.63563838097851e-05,4.819293462787755e-05
3890,2023-10-06,2.13335975347476e-05,5.064095603302121e-05
3891,2023-10-09,4.432745796235078e-05,5.533663716050796e-05
3892,2023-10-10,2.8339439153826833e-05,4.0845774492481723e-05
3893,2023-10-11,2.1303866281586466e-05,4.632848867913708e-05
3894,2023-10-12,4.547745705125378e-06,3.1394840334542096e-05
3895,2023-10-13,7.580833345031414e-05,3.564647340681404e-05
3896,2023-10-16,7.281904986128643e-06,4.899904160993174e-05
3897,2023-10-17,3.7088500930491824e-05,2.6998310204362497e-05
3898,2023-10-18,2.8563470438242738e-05,3.592186840251088e-05
3899,2023-10-19,6.655907643794617e-05,3.0631777917733416e-05
3900,2023-10-20,2.329414125342848e-05,3.430690776440315e-05
3901,2023-10-23,8.112706771550856e-05,5.441952089313418e-05
3902,2023-10-25,6.764341994129652e-05,5.2918177971150726e-05
3903,2023-10-26,6.381119808423657e-05,4.455685484572314e-05
3904,2023-10-27,3.579153707446537e-05,5.637835056404583e-05
3905,2023-10-30,5.214953978135324e-05,3.5116019716951996e-05
3906,2023-10-31,5.2398849131931166e-05,6.266935088206083e-05
3907,2023-11-01,1.4699890759008256e-05,3.759029641514644e-05
3908,2023-11-02,5.848168940262964e-05,3.957201988669112e-05
3909,2023-11-03,3.555942424734914e-05,3.3965090551646426e-05
3910,2023-11-06,4.766327559190287e-05,3.133176505798474e-05
3911,2023-11-07,1.096993275209749e-05,3.794261647271924e-05
3912,2023-11-08,8.982714005867097e-06,2.6969746613758616e-05
3913,2023-11-09,7.112734352835008e-06,1.7646181731834076e-05
3914,2023-11-10,1.8216078279475803e-05,2.915682489401661e-05
3915,2023-11-13,1.5932174334883717e-05,4.634417200577445e-05
3916,2023-11-15,0.0001266204866389606,2.6599798729876056e-05
3917,2023-11-16,5.556888228416017e-05,3.287563595222309e-05
3918,2023-11-17,4.115891839071012e-05,2.9186259780544788e-05
3919,2023-11-20,6.312088296493996e-06,3.2435655157314613e-05
3920,2023-11-21,2.0635241762635412e-05,2.53402249654755e-05
3921,2023-11-22,1.6276399982085682e-05,3.6236426240066066e-05
3922,2023-11-23,8.102691455063175e-06,2.1340521925594658e-05
3923,2023-11-24,3.606317804252489e-06,3.384225783520378e-05
3924,2023-11-28,1.808936897684283e-05,3.1044175557326525e-05
3925,2023-11-29,3.756928732740244e-05,3.912457395927049e-05
3926,2023-11-30,2.0757970396784295e-05,6.53881870675832e-05
3927,2023-12-01,1.8782246137713395e-05,2.695879084058106e-05
3928,2023-12-04,0.0003017367917804396,5.0375496357446536e-05
3929,2023-12-05,5.85789329728682e-05,4.6468845539493486e-05
3930,2023-12-06,3.422679964200314e-05,3.433800156926736e-05
3931,2023-12-07,7.575096064481483e-06,3.569096588762477e-05
3932,2023-12-08,1.8912181087912807e-05,3.240940714022145e-05
3933,2023-12-11,8.047791298168635e-06,4.180328323855065e-05
3934,2023-12-12,2.354869384514218e-05,3.278452641097829e-05
3935,2023-12-13,4.014118803109188e-05,3.275943163316697e-05
3936,2023-12-14,9.05883615745151e-05,2.6218267521471716e-05
3937,2023-12-15,7.292409251490227e-05,2.2279989934759215e-05
3938,2023-12-18,1.098318110355093e-05,2.275671977258753e-05
3939,2023-12-19,3.330065838580229e-05,4.431838897289708e-05
3940,2023-12-20,0.00020652281018842142,4.079123755218461e-05
3941,2023-12-21,0.00010361182480409157,3.664357427624054e-05
3942,2023-12-22,2.2260382053183398e-05,2.9978515158290975e-05
3943,2023-12-26,1.638915363409479e-05,2.677155498531647e-05
3944,2023-12-27,3.05985866784983e-05,1.9108789274469018e-05
3945,2023-12-28,1.8590875661454774e-05,2.3091313778422773e-05
3946,2023-12-29,9.997065326695357e-06,1.6529726053704508e-05
3947,2024-01-01,1.7888493455006124e-05,1.9216868167859502e-05
3948,2024-01-02,3.640591591478041e-05,2.946565109596122e-05
3949,2024-01-03,2.258660044815092e-05,6.830829806858674e-05
3950,2024-01-04,2.7381834774672697e-05,4.465648453333415e-05
3951,2024-01-05,1.5906210945777803e-05,3.2990239560604095e-05
3952,2024-01-08,5.5884176637429444e-05,3.5308035876369104e-05
3953,2024-01-09,7.41579257741679e-05,3.571336856111884e-05
3954,2024-01-10,2.9603645994134834e-05,3.545840081642382e-05
3955,2024-01-11,2.283497702239127e-05,4.1027040424523875e-05
3956,2024-01-12,6.608383856282555e-05,3.401435969863087e-05
3957,2024-01-15,7.132222454989736e-05,3.61193269782234e-05
3958,2024-01-16,1.705841539123622e-05,2.7256861358182505e-05
3959,2024-01-17,0.0003977419616537098,3.168639887007885e-05
3960,2024-01-18,0.00010226204750087475,3.505321728880517e-05
3961,2024-01-19,5.6922193333614534e-05,3.49523761542514e-05
3962,2024-01-23,0.0002466416249473236,3.0017996323294938e-05
3963,2024-01-24,9.483318200340763e-05,4.778607399202883e-05
3964,2024-01-25,4.0188293965094754e-05,2.2027224986231886e-05
3965,2024-01-29,9.525864118768265e-05,3.449973155511543e-05
3966,2024-01-30,7.280284127480797e-05,2.1684420062229037e-05
3967,2024-01-31,6.476465830943518e-05,3.407689291634597e-05
3968,2024-02-01,2.7828522827051026e-05,4.724349491880275e-05
3969,2024-02-02,0.00014690153518791865,5.9191610489506274e-05
3970,2024-02-05,4.886666372360611e-05,4.142578472965397e-05
3971,2024-02-06,4.0889537781928074e-05,6.652921001659706e-05
3972,2024-02-07,5.613478918045584e-05,0.0001086440242943354
3973,2024-02-08,9.932511155579733e-05,3.966792064602487e-05
3974,2024-02-09,2.553460945634915e-05,3.652062878245488e-05
3975,2024-02-12,4.7767039500329635e-05,3.078473309869878e-05
3976,2024-02-13,4.6971203133058884e-05,3.0803792469669133e-05
3977,2024-02-14,0.00014109378331623082,2.7372416298021562e-05
3978,2024-02-15,2.9962615359689537e-05,4.164066194789484e-05
3979,2024-02-16,3.2024712451872316e-05,4.5149197831051424e-05
3980,2024-02-19,2.6838411000038984e-05,4.7322137106675655e-05
3981,2024-02-20,2.151787250110406e-05,5.3338208090281114e-05
3982,2024-02-21,5.102541213471816e-05,5.8204110246151686e-05
3983,2024-02-22,0.00011842659967061898,6.0136590036563575e-05
3984,2024-02-23,1.927291492209343e-05,6.942073378013447e-05
3985,2024-02-26,1.488167197163079e-05,7.658386311959475e-05
3986,2024-02-27,1.4296089238096574e-05,8.760552009334788e-05
3987,2024-02-28,6.869649717965768e-05,0.00018126697978004813
3988,2024-02-29,2.7924473919451214e-05,0.00028263527201488614
3989,2024-03-01,7.320646945596204e-05,0.0002490812330506742
3990,2024-03-04,1.2930172487966649e-05,0.0001336341811111197
3991,2024-03-05,1.7939862585990952e-05,0.00017071627371478826
3992,2024-03-06,5.550496710372643e-05,7.783804176142439e-05
3993,2024-03-07,9.132562056562576e-06,8.098060061456636e-05
3994,2024-03-11,3.3586427307326235e-05,7.923568045953289e-05
3995,2024-03-12,2.6471641944902283e-05,6.554501305799931e-05
3996,2024-03-13,0.0002230468094600393,9.334972128272057e-05
3997,2024-03-14,5.695882949083673e-05,0.00010427359666209668
3998,2024-03-15,3.895796438949868e-05,0.00010682347055990249
3999,2024-03-18,3.1600063821565494e-05,7.299464050447568e-05
4000,2024-03-19,4.8673410071425126e-05,9.430626960238442e-05
4001,2024-03-20,3.6476564055918964e-05,0.00011341169738443568
4002,2024-03-21,6.0923926470157054e-05,8.583605813328177e-05
4003,2024-03-22,7.466658000951208e-05,9.228935959981754e-05
4004,2024-03-26,5.9661179152713095e-05,3.693121834658086e-05
4005,2024-03-27,2.1640391970354953e-05,6.0799116909038275e-05
4006,2024-03-28,0.0001093863698213286,5.047485319664702e-05
4007,2024-04-01,4.062933671819645e-05,4.0043181797955185e-05
4008,2024-04-02,8.328636284173247e-06,5.5749904277035967e-05
4009,2024-04-03,3.0575252166428714e-05,5.796730692964047e-05
4010,2024-04-04,0.00013630818035969216,4.485975296120159e-05
4011,2024-04-05,1.029107466540285e-05,4.521210939856246e-05
4012,2024-04-08,2.230180122197048e-05,2.9435095711960457e-05
4013,2024-04-09,3.531362426262244e-05,4.016100865555927e-05
4014,2024-04-10,1.873668331846955e-05,3.6995410482631996e-05
4015,2024-04-12,4.451036614003541e-05,3.744275090866722e-05
4016,2024-04-15,8.712156743445176e-05,4.25250873377081e-05
4017,2024-04-16,5.637934832438504e-05,5.0538867071736604e-05
4018,2024-04-18,0.00010317642202925749,3.2611678761895746e-05
4019,2024-04-19,0.0001514305192478012,4.199812246952206e-05
4020,2024-04-22,0.00010043912687806717,4.462796277948655e-05
4021,2024-04-23,3.108922731281847e-05,5.356510155252181e-05
4022,2024-04-24,1.2201342978770627e-05,4.694514427683316e-05
4023,2024-04-25,8.438623080344674e-05,4.9514441343490034e-05
4024,2024-04-26,4.24205272123722e-05,4.28090279456228e-05
4025,2024-04-29,3.668292060174757e-05,3.444427056820132e-05
4026,2024-04-30,3.518890308972049e-05,5.549147317651659e-05
4027,2024-05-02,1.8402227348809935e-05,6.731568282702938e-05
4028,2024-05-03,0.0001645087431702994,4.8404403059976175e-05
4029,2024-05-06,3.57750772262955e-05,4.689332490670495e-05
4030,2024-05-07,5.4612686763200844e-05,5.922486889176071e-05
4031,2024-05-08,3.299707472778452e-05,3.970167745137587e-05
4032,2024-05-09,0.000110867299151106,3.93039699702058e-05
4033,2024-05-10,2.5495823758050453e-05,4.204906144877896e-05
4034,2024-05-13,8.969784076963733e-05,4.00537574023474e-05
4035,2024-05-14,2.4581056935298087e-05,4.1097016946878284e-05
4036,2024-05-15,1.7179136409904252e-05,4.677719698520377e-05
4037,2024-05-16,0.00016121727155031548,3.116371590294875e-05
4038,2024-05-17,1.7133049047756826e-05,5.071577106718905e-05
4039,2024-05-21,3.3018993959740606e-05,3.812276918324642e-05
4040,2024-05-22,2.0834244235488415e-05,8.859178342390805e-05
4041,2024-05-23,0.00011308965653168591,5.781966319773346e-05
4042,2024-05-24,1.2717314837157743e-05,5.113498991704546e-05
4043,2024-05-27,4.878621647561241e-05,5.274526120047085e-05
4044,2024-05-28,1.6299056493684606e-05,6.0070156905567273e-05
4045,2024-05-29,4.394549977415766e-05,4.88319419673644e-05
4046,2024-05-30,6.936986253936597e-05,5.237723235040903e-05
4047,2024-05-31,3.5792637504024e-05,5.782584412372671e-05
4048,2024-06-03,0.0013107721804514305,4.8499172407900915e-05
4049,2024-06-04,0.002712500813659214,3.996405939687975e-05
4050,2024-06-05,0.0006997220907914263,4.059847196913324e-05
4051,2024-06-06,0.0001100967848323987,4.832659033127129e-05
4052,2024-06-07,0.0001793068884263922,3.736352300620638e-05
4053,2024-06-10,2.454283548996708e-05,4.8471712943864986e-05
4054,2024-06-11,2.2787682798320993e-05,5.0496371841290966e-05
4055,2024-06-12,2.7544696437669882e-05,4.311800512368791e-05
4056,2024-06-13,5.6653090823012544e-05,5.880434764549136e-05
4057,2024-06-14,2.939451264981131e-05,3.6433557397685945e-05
4058,2024-06-18,2.5250741689252275e-05,4.3372256186557934e-05
4059,2024-06-19,4.9958071243862005e-05,3.603087316150777e-05
4060,2024-06-20,3.297792043079558e-05,6.5742147853598e-05
4061,2024-06-21,6.509324580527519e-05,4.5308315748116e-05
4062,2024-06-24,5.2192060708018735e-05,4.123249527765438e-05
4063,2024-06-25,2.5088802907523065e-05,3.216495315427892e-05
4064,2024-06-26,2.907550502430386e-05,4.52662497991696e-05
4065,2024-06-27,4.7184472753783184e-05,4.705083119915798e-05
4066,2024-06-28,2.547675559027942e-05,4.65335906483233e-05
4067,2024-07-01,1.7895426912320505e-05,4.0796374378260225e-05
4068,2024-07-02,3.343693286376157e-05,3.680861118482426e-05
4069,2024-07-03,5.6106779472118254e-05,4.5930482883704826e-05
4070,2024-07-04,1.991749745206919e-05,4.61484378320165e-05
4071,2024-07-05,3.475108209447212e-05,8.408059511566535e-05
4072,2024-07-08,8.464910821527445e-06,7.11468092049472e-05
4073,2024-07-09,8.644292989571375e-06,0.00011498846288304776
4074,2024-07-10,7.695411474542827e-05,6.428210326703265e-05
4075,2024-07-11,4.082763826627449e-05,8.19250926724635e-05
4076,2024-07-12,4.71328066872799e-05,8.850404265103862e-05
4077,2024-07-15,1.91597624086022e-05,4.114874536753632e-05
4078,2024-07-16,4.573672980360866e-06,3.498325531836599e-05
4079,2024-07-18,6.924819414289151e-05,2.6427578632137738e-05
4080,2024-07-19,7.161709905689162e-05,1.9773495296249166e-05
4081,2024-07-22,4.2033048981674364e-05,2.025030698860064e-05
4082,2024-07-23,0.00023590615611328856,1.720776162983384e-05
4083,2024-07-24,2.4701640787734017e-05,1.788436929928139e-05
4084,2024-07-25,8.273030051208439e-05,2.8138023481005803e-05
4085,2024-07-26,0.00011362131703898884,2.9856717446818948e-05
4086,2024-07-29,4.6197471683151066e-05,2.221964496129658e-05
4087,2024-07-30,1.8865321897916464e-05,2.310516902070958e-05
4088,2024-07-31,1.0188785085925345e-05,2.432397195661906e-05
4089,2024-08-01,1.806541756350721e-05,2.7839421818498522e-05
4090,2024-08-02,9.470012759035145e-05,2.140929973393213e-05
4091,2024-08-05,0.00041329486043020775,2.4810200557112694e-05
4092,2024-08-06,0.00014668427551726786,3.119384200545028e-05
4093,2024-08-07,0.00016663088657429306,2.9286551580298692e-05
4094,2024-08-08,4.430932657027558e-05,3.6261935747461393e-05
4095,2024-08-09,0.00013067468963815016,4.264485323801637e-05
4096,2024-08-12,4.182661467190444e-05,3.7094472645549104e-05
4097,2024-08-13,3.404647105578148e-05,3.645705146482214e-05
4098,2024-08-14,9.442086645061289e-06,2.4770648451521993e-05
4099,2024-08-16,0.0001410787469106989,3.136916348012164e-05
4100,2024-08-19,2.3610229721568624e-05,3.805916276178323e-05
4101,2024-08-20,1.842115807409597e-05,2.6276038624928333e-05
4102,2024-08-21,1.0335163338046175e-05,1.9658891687868163e-05
4103,2024-08-22,1.8114392740977706e-05,3.3113392419181764e-05
4104,2024-08-23,6.701915472631185e-06,3.4932578273583204e-05
4105,2024-08-26,2.6453639930492276e-05,5.147636329638772e-05
4106,2024-08-27,5.544138624383295e-06,4.993440234102309e-05
4107,2024-08-28,1.4653183168347023e-05,2.2449190510087647e-05
4108,2024-08-29,2.048975365233161e-05,4.193200948066078e-05
4109,2024-08-30,1.7678136000851415e-05,5.9466881793923676e-05
4110,2024-09-02,2.0913044432174243e-05,4.9266447604168206e-05
4111,2024-09-03,6.371698305373101e-06,4.057903788634576e-05
4112,2024-09-04,6.622522592278352e-05,3.7995083403075114e-05
4113,2024-09-05,1.5756222092146475e-05,4.087028719368391e-05
4114,2024-09-06,7.6791191317978e-05,7.521405495936051e-05
4115,2024-09-09,2.5156916249522743e-05,8.592573431087658e-05
4116,2024-09-10,3.529973545718913e-05,8.020310633582994e-05
4117,2024-09-11,2.899486918974774e-05,6.900745938764885e-05
4118,2024-09-12,0.00016243249502181166,5.947192767052911e-05
4119,2024-09-13,1.4644069795831043e-05,6.601386849069968e-05
4120,2024-09-16,1.0087548858991236e-05,6.777872476959601e-05
4121,2024-09-17,6.678424457483183e-06,4.945196269545704e-05
4122,2024-09-18,2.02999130667608e-05,5.612150198430754e-05
4123,2024-09-19,5.0515703720638375e-05,5.8898687711916864e-05
4124,2024-09-20,0.00011034456408061658,5.587866689893417e-05
4125,2024-09-23,1.588563596991459e-05,5.543625957216136e-05
4126,2024-09-24,8.73701213053647e-06,5.500814950210042e-05
4127,2024-09-25,1.543085201277853e-05,5.1535556849557906e-05
4128,2024-09-26,3.185122249113048e-05,6.199726340128109e-05
4129,2024-09-27,9.195345979278155e-06,3.613234730437398e-05
4130,2024-09-30,7.95522409117627e-05,4.717771662399173e-05
4131,2024-10-01,1.664296956450031e-05,3.881843440467492e-05
4132,2024-10-03,0.0002803383614560176,4.664092921302654e-05
4133,2024-10-04,0.00018040860282069057,3.468907016213052e-05
4134,2024-10-07,0.00011702846873596604,3.4129709092667326e-05
4135,2024-10-08,4.7665277497243715e-05,3.204095992259681e-05
4136,2024-10-09,5.68487178097216e-05,2.4478300474584103e-05
4137,2024-10-10,2.5411157978598225e-05,3.414934690226801e-05
4138,2024-10-11,6.5243688279380266e-06,3.576637027435936e-05
4139,2024-10-14,1.6740579810877413e-05,2.737706199695822e-05
4140,2024-10-15,2.769723210798208e-05,3.943199408240616e-05
4141,2024-10-16,2.2130441860561655e-05,3.5626726457849145e-05
4142,2024-10-17,5.4647185475792453e-05,3.987478339695372e-05
4143,2024-10-18,6.949531557355325e-05,4.2274590668966994e-05
4144,2024-10-21,6.847910616657593e-05,5.801868246635422e-05
4145,2024-10-22,0.00010719861210772868,4.6093500714050606e-05
4146,2024-10-23,5.8609204719346165e-05,3.791949711740017e-05
4147,2024-10-24,1.1694421035105916e-05,3.8377020246116444e-05
4148,2024-10-25,8.09045229912571e-05,3.4382341254968196e-05
4149,2024-10-28,8.071024104220938e-05,2.5138064302154817e-05
4150,2024-10-29,8.276942096814165e-05,2.4831670089042746e-05
4151,2024-10-30,4.02592560205642e-05,2.3692397007835098e-05
4152,2024-10-31,2.2922403340671912e-05,4.11502733186353e-05
4153,2024-11-01,2.14020018521235e-05,3.776795347221196e-05
4154,2024-11-04,0.00016311110185374394,2.697483796509914e-05
4155,2024-11-05,9.956033874860683e-05,5.0052254664478824e-05
4156,2024-11-06,7.931099218488842e-05,8.919818355934694e-05
4157,2024-11-07,6.0076220804129035e-05,7.989690493559465e-05
4158,2024-11-08,2.507312512148224e-05,8.584481111029163e-05
4159,2024-11-11,7.584368927862418e-05,7.742676825728267e-05
4160,2024-11-12,0.0001073684051885504,5.9929167036898434e-05
4161,2024-11-13,8.567812699078306e-05,3.724633643287234e-05
4162,2024-11-14,2.661583930335124e-05,4.617467493517324e-05
4163,2024-11-18,5.551823089387348e-05,3.0486642572213896e-05
4164,2024-11-19,9.229078171888819e-05,3.419999120524153e-05
4165,2024-11-21,4.076928273216185e-05,4.9718386435415596e-05
4166,2024-11-22,0.00022164954387297246,4.126376734348014e-05
4167,2024-11-25,0.0002331276423960867,6.01885694777593e-05
4168,2024-11-26,5.474949975867566e-05,5.190564115764573e-05
4169,2024-11-27,2.4980628922794003e-05,5.6413795391563326e-05
4170,2024-11-28,0.00012944116831195015,5.0541031669126824e-05
4171,2024-11-29,4.1805329855461424e-05,4.498253110796213e-05
4172,2024-12-02,5.5538433083159256e-05,6.465918704634532e-05
4173,2024-12-03,3.90250281046655e-05,5.685272844857536e-05
4174,2024-12-04,2.5429017258090136e-05,5.4258045565802604e-05
4175,2024-12-05,0.00018688242631257352,5.793188029201701e-05
4176,2024-12-06,1.0693659568880977e-05,3.805382948485203e-05
4177,2024-12-09,1.221480453396439e-05,4.647509558708407e-05
4178,2024-12-10,2.0163214784524682e-05,5.368061829358339e-05
4179,2024-12-11,6.611545226700714e-06,4.738318966701627e-05
4180,2024-12-12,1.553991634149351e-05,5.071862688055262e-05
4181,2024-12-13,0.0002593826092060663,4.411610643728636e-05
4182,2024-12-16,1.873964910574598e-05,2.9519287636503577e-05
4183,2024-12-17,6.923406459162058e-05,4.145557977608405e-05
4184,2024-12-18,3.736659596747889e-05,3.7703284760937095e-05
4185,2024-12-19,0.00019087105452993329,5.566967956838198e-05
4186,2024-12-20,0.00016695886529810957,4.2137377022299916e-05
4187,2024-12-23,6.98215945669919e-05,3.9872120396466926e-05
4188,2024-12-24,2.1721190302998113e-05,5.495267396327108e-05
4189,2024-12-26,2.792255268446223e-05,4.477990296436474e-05
4190,2024-12-27,2.4704034231101094e-05,5.627521386486478e-05
4191,2024-12-30,6.23339527117138e-05,5.9195335779804736e-05
4192,2024-12-31,4.5962759891149514e-05,5.489024624694139e-05
4193,2025-01-01,4.0041319971705624e-05,6.304772978182882e-05
4194,2025-01-02,0.00013519920562083938,7.82781426096335e-05
4195,2025-01-03,2.88512484816153e-05,5.9340942243579775e-05
4196,2025-01-06,0.00017480533164085772,6.420478894142434e-05
4197,2025-01-07,2.302541281494055e-05,4.156654904363677e-05
4198,2025-01-08,6.226078603936175e-05,9.020521974889562e-05
4199,2025-01-09,2.1404395226618577e-05,6.966957880649716e-05
4200,2025-01-10,4.065139354719227e-05,3.6784222174901515e-05
4201,2025-01-13,0.0001626148930739721,3.95193746953737e-05
4202,2025-01-14,2.4436082973320673e-05,6.593509897356853e-05
4203,2025-01-15,2.3905429431504844e-05,2.9506427381420508e-05
4204,2025-01-16,5.873608666308657e-05,4.232287756167352e-05
4205,2025-01-17,2.963140555609234e-05,5.173691897653043e-05
4206,2025-01-20,4.703379198686998e-05,3.648153870017268e-05
4207,2025-01-21,0.00013874701931593635,8.736055315239355e-05
4208,2025-01-22,3.914566000707164e-05,5.706724550691433e-05
4209,2025-01-23,2.1873248032654662e-05,7.886582898208871e-05
4210,2025-01-24,6.411467403698332e-05,6.623199442401528e-05
4211,2025-01-27,7.487711115052694e-05,8.235703717218712e-05
4212,2025-01-28,8.562172547936757e-05,9.266276902053505e-05
4213,2025-01-29,3.655980837451269e-05,4.637870370061137e-05
4214,2025-01-30,2.1718029704000057e-05,4.112014721613377e-05
4215,2025-01-31,4.884740191121427e-05,4.192713095108047e-05
4216,2025-02-01,6.21019679840293e-05,4.538663415587507e-05
4217,2025-02-03,6.751702666277877e-05,5.960302587482147e-05
4218,2025-02-04,0.00011207787303285446,7.053211447782815e-05
4219,2025-02-05,1.6592146998772343e-05,6.045774352969602e-05
4220,2025-02-06,3.6679085875405385e-05,6.720317469444126e-05
4221,2025-02-07,4.458058769392907e-05,5.511337803909555e-05
4222,2025-02-10,4.017657069750629e-05,6.395392119884491e-05
4223,2025-02-11,0.0001055449571250911,4.666469249059446e-05
4224,2025-02-12,9.069172344364436e-05,7.30834508431144e-05
4225,2025-02-13,4.891259683176449e-05,6.47258129902184e-05
4226,2025-02-14,9.787262882449031e-05,4.9885518819792196e-05
4227,2025-02-17,6.988061195988246e-05,4.931745206704363e-05
4228,2025-02-18,3.135568915880249e-05,7.116092456271872e-05
4229,2025-02-19,5.761193006362841e-05,6.0416590713430196e-05
4230,2025-02-20,3.1837487720710085e-05,6.889935320941731e-05
4231,2025-02-21,3.166812248396109e-05,6.135830335551873e-05
4232,2025-02-24,8.235510684366715e-05,4.8431185859953985e-05
4233,2025-02-25,1.439754390417271e-05,5.778036575065926e-05
4234,2025-02-27,8.08277424911203e-06,4.577320214593783e-05
4235,2025-02-28,0.0001059504550064698,6.084650522097945e-05
4236,2025-03-03,5.6063405052489144e-05,6.380467675626278e-05
4237,2025-03-04,5.6921682635274695e-05,6.114217831054702e-05
4238,2025-03-05,7.48509873136129e-05,9.607526590116322e-05
4239,2025-03-06,0.0001336562136464444,4.966686901752837e-05
4240,2025-03-07,2.2040611864430842e-05,6.267610297072679e-05
4241,2025-03-10,5.157694515756426e-05,4.534549589152448e-05
4242,2025-03-11,5.479191527734367e-05,6.80341399856843e-05
4243,2025-03-12,4.981229098824429e-05,4.4371081457939e-05
4244,2025-03-13,3.1718705142723275e-05,5.2162886277073994e-05
4245,2025-03-17,4.014720135961756e-05,5.5825672461651266e-05
4246,2025-03-18,9.050389010975108e-05,5.28915406903252e-05
4247,2025-03-19,1.5030146732063203e-05,5.315590897225775e-05
4248,2025-03-20,6.9281791016611e-05,5.597205017693341e-05
4249,2025-03-21,4.611502420202492e-05,4.9280359235126525e-05
4250,2025-03-24,9.556044945028004e-05,6.232651503523812e-05
4251,2025-03-25,5.917422438774678e-05,4.6832097723381594e-05
4252,2025-03-26,5.076705255886208e-05,4.558370710583404e-05
4253,2025-03-27,3.8872022051658774e-05,3.547030428308062e-05
4254,2025-03-28,2.4065842239742383e-05,4.927725240122527e-05
4255,2025-04-01,0.0001923739329774665,8.748553227633238e-05
4256,2025-04-02,2.4269076332983453e-05,7.068981358315796e-05
4257,2025-04-03,7.89776286053253e-05,5.072679414297454e-05
4258,2025-04-04,8.785443659691299e-05,4.2049501644214615e-05
4259,2025-04-07,0.0028198923139253888,5.683798372047022e-05
4260,2025-04-08,0.00028245047120501506,4.644261935027316e-05
4261,2025-04-09,2.103659173719947e-05,3.338644455652684e-05
4262,2025-04-11,0.00021183249050540313,5.471192343975417e-05
4263,2025-04-15,0.0005710589427488225,4.5244327338878065e-05
4264,2025-04-16,2.1920902456476593e-05,4.490584979066625e-05
4265,2025-04-17,0.00020541530256456774,4.808716039406136e-05
4266,2025-04-21,6.401421521434143e-05,4.596756480168551e-05
4267,2025-04-22,2.343349958059068e-05,4.346505011199042e-05
4268,2025-04-23,0.00011791047435176909,4.2988463974324986e-05
4269,2025-04-24,1.4998327572089077e-05,5.511553899850696e-05
4270,2025-04-25,0.0001640319874589658,4.502008596318774e-05
4271,2025-04-28,5.389810387612486e-05,3.747175287571736e-05
4272,2025-04-29,1.9453212319718093e-05,4.40542607975658e-05
4273,2025-04-30,2.557510990598748e-05,4.755489862873219e-05
4274,2025-05-02,8.458340231862679e-05,5.3882700740359724e-05
4275,2025-05-05,1.884400399124463e-05,4.443850048119202e-05
4276,2025-05-06,2.120909794890567e-05,5.166409391677007e-05
4277,2025-05-07,6.64214406534436e-05,6.104446947574615e-05
4278,2025-05-08,5.679489638185779e-05,4.343562977737747e-05
4279,2025-05-09,0.000240453096007628,4.3366962927393615e-05
4280,2025-05-12,0.0004679065077484526,5.430593591881916e-05
4281,2025-05-13,0.00010836545342841863,4.3717303924495354e-05
4282,2025-05-14,3.1612637337699084e-05,0.00019127305131405592
4283,2025-05-15,0.00022258783628151577,0.00010141717211809009
4284,2025-05-16,9.251175802110015e-06,5.975322346785106e-05
4285,2025-05-19,1.213475366316508e-05,7.897745672380552e-05
4286,2025-05-20,6.777547968939183e-05,7.916898903204128e-05
4287,2025-05-21,4.538006135754184e-05,9.154461440630257e-05
4288,2025-05-22,6.315305759396991e-05,5.575309842242859e-05
4289,2025-05-23,4.9535326891456265e-05,5.993642480461858e-05
4290,2025-05-26,2.5896415184952496e-05,7.468632975360379e-05
4291,2025-05-27,7.221590594210996e-05,6.88405052642338e-05
4292,2025-05-28,8.99120315453556e-06,7.485025707865134e-05
4293,2025-05-29,3.776521218781642e-05,9.1056055680383e-05
4294,2025-05-30,1.2481667620473114e-05,7.821881445124745e-05
4295,2025-06-02,4.522195367551009e-05,6.876615952933207e-05
4296,2025-06-03,7.28362694634093e-05,4.8149984650081024e-05
4297,2025-06-04,7.682867858200698e-06,5.391277591115795e-05
4298,2025-06-05,5.527154344371308e-05,3.458247738308273e-05
4299,2025-06-06,7.097521091818979e-05,5.034663627156988e-05
4300,2025-06-09,4.321258735092265e-05,3.331592961330898e-05
4301,2025-06-10,2.5668788857208985e-05,5.454739584820345e-05
4302,2025-06-11,1.2211082034553745e-05,6.892623059684411e-05
4303,2025-06-12,7.490868648137895e-05,9.628752013668418e-05
4304,2025-06-13,0.00032782808281901294,8.92386888153851e-05
4305,2025-06-16,3.823881093891531e-05,5.7655579439597204e-05
4306,2025-06-17,1.7589865473981867e-05,7.048288534861058e-05
4307,2025-06-18,3.270108382067702e-05,5.50120894331485e-05
4308,2025-06-19,9.154603223282224e-06,3.445879337959923e-05
4309,2025-06-20,6.778760550180692e-05,4.6354165533557534e-05
4310,2025-06-23,7.668974618041899e-05,3.6537319829221815e-05
4311,2025-06-24,0.0001262720487614688,4.635571167455055e-05
4312,2025-06-25,2.842951706099139e-05,4.8684443754609674e-05
4313,2025-06-26,4.981986192405583e-05,5.972382496111095e-05
4314,2025-06-27,1.0512654240261301e-05,4.411960253491998e-05
4315,2025-06-30,2.124282561382167e-05,4.9226619012188166e-05
4316,2025-07-01,6.049985999702376e-06,4.042707951157354e-05
4317,2025-07-02,3.1841790959335445e-05,4.509854989009909e-05
4318,2025-07-03,2.7140270989752154e-05,3.449693394941278e-05
4319,2025-07-04,1.4664992537706565e-05,3.6967969208490103e-05
4320,2025-07-07,3.757077303343957e-06,3.983840724686161e-05
4321,2025-07-08,9.906974204108824e-06,3.671500599011779e-05
4322,2025-07-09,8.135007761032555e-06,3.65877385775093e-05
4323,2025-07-10,1.952481257809667e-05,3.7475507269846275e-05
4324,2025-07-11,3.621194731948125e-05,2.866643808374647e-05
4325,2025-07-14,1.5010229071224873e-05,3.460907100816257e-05
4326,2025-07-15,1.4275464499215775e-05,2.9463346436386928e-05
4327,2025-07-16,9.9275443348441e-06,6.086548819439486e-05
4328,2025-07-17,1.0605566035019687e-05,4.049738708999939e-05
4329,2025-07-18,2.7318360613431804e-05,4.6653167373733595e-05
4330,2025-07-21,3.425700566505373e-05,4.0522190829506144e-05
4331,2025-07-22,2.0592554068112573e-05,4.1966093704104424e-05
4332,2025-07-23,2.2140354931284905e-05,3.215946344425902e-05
4333,2025-07-24,2.9293713515287665e-05,4.5345062972046435e-05
4334,2025-07-25,2.7394941970494887e-05,3.902898242813535e-05
4335,2025-07-28,3.945369899132725e-05,4.0359358536079526e-05
4336,2025-07-29,4.256313855029285e-05,3.650527651188895e-05
4337,2025-07-30,1.960360576905629e-05,3.9480575651396066e-05
4338,2025-07-31,0.000147132911496031,3.3619780879234895e-05
4339,2025-08-01,3.616152697102896e-05,4.4012940634274855e-05
4340,2025-08-04,2.0318438956516346e-05,5.7045424910029396e-05
4341,2025-08-05,1.2331402826329362e-05,3.6818022635998204e-05
4342,2025-08-06,9.725680038864724e-06,4.889326010015793e-05
4343,2025-08-07,7.046488387197727e-05,1.636142587813083e-05
4344,2025-08-08,3.9056424725223165e-05,1.7533169739181176e-05
4345,2025-08-11,3.62905911534575e-05,1.7382977603119798e-05
4346,2025-08-12,3.902302074531413e-05,2.6665224140742794e-05
4347,2025-08-13,2.536737755439557e-05,3.210001887055114e-05
4348,2025-08-14,4.0094866707036926e-06,3.648651545518078e-05
4349,2025-08-18,0.00017045292636589334,3.0081417207838967e-05
4350,2025-08-19,1.0778444521782814e-05,3.9297821786021814e-05
4351,2025-08-20,1.380889732452863e-05,3.7334957596613094e-05
4352,2025-08-21,1.8594238374665146e-05,4.1838655306492e-05
4353,2025-08-22,2.8221159106487062e-05,3.056139394175261e-05
4354,2025-08-25,1.864936748243749e-05,3.993761129095219e-05
4355,2025-08-26,3.64528535601747e-05,3.7076082662679255e-05
4356,2025-08-28,2.7809737979562853e-05,3.644589378382079e-05
4357,2025-08-29,2.1290558293087407e-05,3.953320992877707e-05
4358,2025-09-01,2.3303393239618813e-05,3.288799416623078e-05
4359,2025-09-02,3.219553675083698e-05,2.610362571431324e-05
4360,2025-09-03,2.7068731112941546e-05,3.372977516846731e-05
4361,2025-09-04,0.000155409127933443,5.441734174382873e-05
4362,2025-09-05,4.180039395774945e-05,5.41797089681495e-05
4363,2025-09-08,1.781482680378254e-05,5.228261579759419e-05
4364,2025-09-09,1.7051329078739193e-05,5.562902879319154e-05
4365,2025-09-10,3.1908455168293295e-05,6.845522875664756e-05
4366,2025-09-11,6.636673622394212e-06,2.2574567992705852e-05
4367,2025-09-12,1.306119769817317e-05,4.16713701270055e-05
4368,2025-09-15,4.294410603605652e-06,2.332626172574237e-05
4369,2025-09-16,1.965226900159887e-05,4.7916226321831346e-05
4370,2025-09-17,4.9725254027111204e-06,3.499296144582331e-05
4371,2025-09-18,3.011674497726976e-05,2.5656660000095144e-05
4372,2025-09-19,1.1055333376667001e-05,2.7706590117304586e-05
4373,2025-09-22,3.021527647936391e-05,3.737585211638361e-05
4374,2025-09-23,1.6996367833472985e-05,3.57790631824173e-05
4375,2025-09-24,1.38067718544312e-05,3.364386793691665e-05
4376,2025-09-25,2.6520390803704654e-05,4.06741164624691e-05
4377,2025-09-26,4.003749508426587e-05,3.3738040656317025e-05
4378,2025-09-29,2.8242723464946728e-05,3.432245648582466e-05
4379,2025-09-30,1.6871097163050238e-05,4.426377563504502e-05
4380,2025-10-01,3.8080992683124044e-05,3.7679343222407624e-05
4381,2025-10-03,2.3114451379395062e-05,3.659883441287093e-05
4382,2025-10-06,2.5636163503641185e-05,3.087381992372684e-05
4383,2025-10-07,1.6601232906083284e-05,3.786673551076092e-05
4384,2025-10-08,2.1978634742524714e-05,2.93858702207217e-05
4385,2025-10-09,1.8022645858504564e-05,3.114274295512587e-05
4386,2025-10-10,1.6808816628883533e-05,3.689478398882784e-05
4387,2025-10-13,2.535937663492826e-05,2.9926328352303244e-05
4388,2025-10-14,3.812818153688006e-05,3.0596242140745744e-05
4389,2025-10-15,2.4496203215804194e-05,3.056987770833075e-05
4390,2025-10-16,4.006493266566564e-05,2.9980346880620345e-05
4391,2025-10-17,4.058112898790718e-05,3.667850251076743e-05
4392,2025-10-20,3.0276580040898867e-05,3.518910307320766e-05
4393,2025-10-21,1.0902234311457442e-05,2.8609545552171767e-05
4394,2025-10-23,8.18974887067974e-05,3.500978709780611e-05
4395,2025-10-24,3.068424606878333e-05,4.7625344450352713e-05
4396,2025-10-27,1.9693919439444325e-05,5.739094194723293e-05
4397,2025-10-28,2.766215037258047e-05,6.0839134675916284e-05
4398,2025-10-29,1.264302194539933e-05,4.3521336920093745e-05
4399,2025-10-30,2.4526621633144613e-05,5.37578780495096e-05
4400,2025-10-31,3.2755662839928514e-05,5.320753189153038e-05
4401,2025-11-03,1.3487020998700613e-05,4.138479562243447e-05
4402,2025-11-04,2.297260864972215e-05,3.563685095286928e-05
4403,2025-11-06,2.0168824325871388e-05,4.2526469769654796e-05
4404,2025-11-07,3.822713489557517e-05,3.74542833014857e-05
4405,2025-11-10,1.4758096005035971e-05,3.887181810569018e-05
4406,2025-11-11,4.963846371841662e-05,4.3514155549928546e-05
4407,2025-11-12,4.090769210839308e-05,3.89079432352446e-05
4408,2025-11-13,2.2049118734990795e-05,3.6049019399797544e-05
4409,2025-11-14,3.851625076466666e-05,3.896111229551025e-05
4410,2025-11-17,9.501705509449492e-06,3.431790537433699e-05
4411,2025-11-18,1.2130672580438098e-05,3.339580507599749e-05
4412,2025-11-19,2.451248960063856e-05,3.36756493197754e-05
4413,2025-11-20,2.5663253076516383e-05,3.841037323581986e-05
4414,2025-11-21,1.9195288784145097e-05,4.111508678761311e-05
4415,2025-11-24,3.1065890631786665e-05,2.4703884264454246e-05
4416,2025-11-25,1.7497954315185827e-05,2.9598613764392212e-05
4417,2025-11-26,7.208259209966738e-05,2.398050310148392e-05
4418,2025-11-27,1.850170133223124e-05,3.757434751605615e-05
4419,2025-11-28,6.4236153795229435e-06,3.686977652250789e-05
4420,2025-12-01,4.299007106907079e-05,3.100778485531919e-05
4421,2025-12-02,2.375960067976785e-05,2.7536159905139357e-05
4422,2025-12-03,1.671419089834875e-05,4.112889291718602e-05
4423,2025-12-04,1.265871391443563e-05,4.2352556192781776e-05
4424,2025-12-05,2.509049018214858e-05,3.796820601564832e-05
4425,2025-12-08,4.277520394607434e-05,3.4827498893719167e-05
4426,2025-12-09,3.347617155252424e-05,3.073407424381003e-05
4427,2025-12-10,2.5272206405504482e-05,2.9992384952493012e-05
4428,2025-12-11,2.8077268438790303e-05,2.4174370992113836e-05
4429,2025-12-12,1.5103069372832571e-05,3.322556585771963e-05
4430,2025-12-15,3.0305397183621505e-05,3.7514124414883554e-05
4431,2025-12-16,1.9174420430068784e-05,2.3877990315668285e-05
4432,2025-12-17,1.5461363115780272e-05,2.4846567612257786e-05
4433,2025-12-18,2.0894787911032446e-05,2.3806413082638755e-05
4434,2025-12-19,2.0069018051553627e-05,3.2764928619144484e-05
4435,2025-12-22,2.057189724084423e-05,2.9334210921660997e-05
4436,2025-12-23,8.323385161266924e-06,2.4175777070922777e-05
4437,2025-12-24,7.308972961434864e-06,2.9704968255828135e-05
4438,2025-12-26,9.709081404147127e-06,3.692488098749891e-05
4439,2025-12-29,1.8056808923603175e-05,4.1260460420744494e-05
4440,2025-12-30,5.098273165423469e-06,2.573883466538973e-05
4441,2025-12-31,2.669909217884558e-05,3.155495141982101e-05
4442,2026-01-01,6.257570085325034e-06,4.123351754969917e-05
4443,2026-01-02,2.4409051252097723e-05,3.399918205104768e-05
4444,2026-01-05,1.2846403133802323e-05,3.899449438904412e-05
4445,2026-01-06,1.648136237301268e-05,2.99938146781642e-05
4446,2026-01-07,9.130759683230814e-06,3.4900778700830415e-05
4447,2026-01-08,3.939444326418805e-05,3.4314958611503243e-05
4448,2026-01-09,5.319997507649683e-05,3.9512175135314465e-05
4449,2026-01-12,7.35558592792686e-05,4.166946018813178e-05
4450,2026-01-13,6.935555053249644e-05,4.180387986707501e-05
4451,2026-01-14,3.155720243241255e-05,3.5322857002029195e-05
4452,2026-01-16,3.404285117431094e-05,3.210393697372638e-05
4453,2026-01-19,1.95842994863944e-05,4.0199483919423074e-05
4454,2026-01-20,9.125093905675152e-05,3.179258419550024e-05
4455,2026-01-21,9.251423824854684e-05,2.9567072488134727e-05
4456,2026-01-22,9.198101511878666e-05,3.517202640068717e-05
4457,2026-01-23,6.041484744076756e-05,2.921399391198065e-05
4458,2026-01-27,5.417552995692636e-05,3.0155953936628066e-05
4459,2026-01-28,2.954414073260386e-05,3.9447040762752295e-05
4460,2026-01-29,5.7018643013266475e-05,3.91170360671822e-05
4461,2026-01-30,5.8688435248688786e-05,4.3366173485992476e-05
4462,2026-02-02,0.000541940592515345,3.678246503113769e-05
4463,2026-02-03,0.0024990980999761475,2.0197479898342863e-05
4464,2026-02-04,3.9119038450109134e-05,6.457814743043855e-05
4465,2026-02-05,1.8604809317917493e-05,5.633341788779944e-05
4466,2026-02-06,3.0285570232476644e-05,6.522948388010263e-05
4467,2026-02-09,6.842527150494805e-05,8.189643267542124e-05
4468,2026-02-10,1.1523315781545032e-05,6.486633355962113e-05
4469,2026-02-11,1.2540340351126475e-05,5.765156674897298e-05
4470,2026-02-12,1.6721836407759667e-05,6.377759564202279e-05
4471,2026-02-13,0.00010262526870907719,8.673528645886108e-05
4472,2026-02-16,5.843581118941146e-05,4.5849876187276095e-05
4473,2026-02-17,2.2454938844857765e-05,4.807294317288324e-05
4474,2026-02-18,2.2735833418351037e-05,5.158881322131492e-05
4475,2026-02-19,0.0001323155668265276,4.6529603423550725e-05
4476,2026-02-20,4.689901183363182e-05,3.6253328289603814e-05
4477,2026-02-23,3.070028255477098e-05,4.591936158249155e-05
4478,2026-02-24,6.340152566264084e-05,4.616156002157368e-05
4479,2026-02-25,4.1093461279607835e-05,4.09055755881127e-05
4480,2026-02-26,2.6629823425138152e-05,3.515307980705984e-05
4481,2026-02-27,6.139188587047657e-05,3.081340037169866e-05
4482,2026-03-02,0.00051749008115891,4.7093610191950575e-05
4483,2026-03-04,0.0004246357085066715,4.313716999604367e-05
4484,2026-03-05,8.791602333405176e-05,5.160647560842335e-05
4485,2026-03-06,6.487876517103031e-05,5.474355202750303e-05
4486,2026-03-09,0.0006737986674335998,4.496606197790243e-05
4487,2026-03-10,0.00015199530506031464,7.739118882454932e-05
4488,2026-03-11,0.00012750026668761124,5.7388147979509085e-05
4489,2026-03-12,0.0001135959918000216,8.320150664076209e-05
4490,2026-03-13,0.00014605231585888628,8.673727279528975e-05
4491,2026-03-16,0.00018970613775188638,4.968416033079848e-05
4492,2026-03-17,7.366821473264992e-05,6.063761611585505e-05
4493,2026-03-18,4.2822254727269474e-05,6.343033601297066e-05
4494,2026-03-19,0.0007415183840268445,4.167184670222923e-05
4495,2026-03-20,9.072578836609362e-05,7.588128210045397e-05
4496,2026-03-23,0.0002546142722787373,5.03917399328202e-05
4497,2026-03-24,0.0003863003194908714,4.767045902553946e-05
4498,2026-03-25,0.0001584249330765248,6.485321500804275e-05
4499,2026-03-27,0.0001259316442982423,7.819957681931555e-05
4500,2026-03-30,0.0002719480012616607,6.650789873674512e-05
4501,2026-04-01,0.000697369220981819,8.073631033767015e-05
4502,2026-04-02,0.00042136289462010054,7.392187399091199e-05
4503,2026-04-06,0.00016911886205643953,7.658678077859804e-05
4504,2026-04-07,0.0001571027083229217,4.502695082919672e-05
4505,2026-04-08,0.0009926078325014694,6.826225580880418e-05
4506,2026-04-09,6.905948275092434e-05,8.074077777564526e-05
4507,2026-04-10,4.7321503598967164e-05,6.651500007137656e-05
4508,2026-04-13,0.0004487706655313657,4.6604294766439125e-05
4509,2026-04-15,0.0001899241210163562,7.92839055065997e-05
4510,2026-04-16,9.403615506871695e-05,7.924340025056154e-05
4511,2026-04-17,4.649729546582539e-05,6.26920664217323e-05
4512,2026-04-20,3.498824110425352e-05,5.555014649871737e-05
4513,2026-04-21,3.440142395676707e-05,8.960197010310367e-05
4514,2026-04-22,3.3648140761524e-05,7.318067218875512e-05
4515,2026-04-23,7.237414740470293e-05,9.177801257465035e-05
4516,2026-04-24,9.808902650579066e-05,7.894611917436123e-05
4517,2026-04-27,2.639917737150998e-05,7.873589493101463e-05
4518,2026-04-28,3.6895961678364544e-05,7.905468373792246e-05
4519,2026-04-29,6.842394787822978e-05,0.00011307388922432438
4520,2026-04-30,0.0001119839566651127,8.812420128379017e-05
4521,2026-05-04,6.0736830648948004e-05,6.392032810254022e-05
4522,2026-05-05,3.907405610317405e-05,7.760537118883803e-05
4523,2026-05-06,0.000118344894684602,0.00010157911310670897
4524,2026-05-07,3.0471961219897118e-05,9.864511230261996e-05
4525,2026-05-08,2.433488915651375e-05,0.00016790952940937132
4526,2026-05-11,9.647601894317674e-05,0.00013519499043468386
4527,2026-05-12,0.00011710797076956928,0.00017474751803092659
4528,2026-05-13,6.523080964795629e-05,0.00015425504534505308
4529,2026-05-14,9.859638976772168e-05,0.0001479697966715321
4530,2026-05-15,3.722723226679789e-05,0.00017523032147437334
4531,2026-05-18,0.00014162418641440277,0.00017166041652671993
4532,2026-05-19,2.698740677804476e-05,0.00017189416394103318
4533,2026-05-20,9.917835583305923e-05,0.00014473326154984534
4534,2026-05-21,9.355625962705775e-05,0.0001110509765567258
4535,2026-05-22,2.4257868867235933e-05,0.00012011161743430421
4536,2026-05-25,9.606353937146771e-05,6.718286749674007e-05
4537,2026-05-26,2.7284801965780234e-05,8.470942702842876e-05
4538,2026-05-27,1.2634904816099784e-05,7.542379171354696e-05
4539,2026-05-29,0.00016014704133478284,9.214529563905671e-05
4540,2026-06-01,7.035957504700808e-05,8.293247810797766e-05
