index,date,y_true,y_pred
1000,2011-10-21,9.729988846415524e-05,0.00015612035333008382
1001,2011-10-24,0.00021292690384703202,0.00014879150677778259
1002,2011-10-25,0.00027074999719126856,0.00016521307183802519
1003,2011-10-28,0.0008869568277780503,0.00015148190185475108
1004,2011-10-31,2.594280257270101e-05,0.00016842507187074564
1005,2011-11-01,0.0001463491626366392,0.00015174028952313957
1006,2011-11-02,0.00018125652955075392,0.00018000935969929733
1007,2011-11-03,9.39409648898035e-05,0.00018626890733432772
1008,2011-11-04,0.00019291486331701136,0.0002503717044100563
1009,2011-11-08,4.233126145620917e-05,0.0001347657903201943
1010,2011-11-09,0.00015077158890523427,0.00016982884122883823
1011,2011-11-11,0.00018052298434643337,0.00017304758224946133
1012,2011-11-14,0.00018498508336192934,0.00014556733105066568
1013,2011-11-15,0.00015630800022254672,0.00014457030435810933
1014,2011-11-16,9.461913363877126e-05,0.00011917448712706248
1015,2011-11-17,0.00018773354403536416,0.00013917372435652046
1016,2011-11-18,0.00017322744522588746,0.00014320710033626223
1017,2011-11-21,0.0002182252363648006,0.00014682766355627564
1018,2011-11-22,9.665942832081508e-05,0.00014153353364883267
1019,2011-11-23,0.0003996714876046575,0.00013868249941284045
1020,2011-11-25,0.00011435165969482996,0.00015373673497413471
1021,2011-11-28,0.0002819482849346123,0.00015304155757469594
1022,2011-11-29,0.00010068866532038449,0.00016138193881845564
1023,2011-11-30,0.0002029231557441421,0.0001402484617469372
1024,2011-12-01,0.0009295054907482204,0.0001878469871100698
1025,2011-12-02,0.0002822730155617318,0.00015403696719339802
1026,2011-12-05,4.791946020486352e-05,0.0001806611206568445
1027,2011-12-07,6.695175509388845e-05,0.00014966670338422786
1028,2011-12-08,0.0002462296002343847,0.0001721708932533412
1029,2011-12-09,0.0003089547674966159,0.00022729048162998305
1030,2011-12-12,0.00041482547505158267,0.00020283289527688367
1031,2011-12-13,0.00018354262408855592,0.00014389019593873128
1032,2011-12-14,0.00014091738100142237,0.00014460011025653455
1033,2011-12-15,0.00025124751514010366,0.0001747899777817091
1034,2011-12-16,0.0005697013693212377,0.00017046151245141795
1035,2011-12-19,0.00015991503305193787,0.00018481069789843033
1036,2011-12-20,0.00020703545956284183,0.00018574384280212308
1037,2011-12-21,0.0005811288576503234,0.00018834639366448975
1038,2011-12-22,0.0003238975526905564,0.00020517164636213976
1039,2011-12-23,0.00011842892979749236,0.0002429358402674001
1040,2011-12-27,0.0002814907743739401,0.00019239272511452113
1041,2011-12-28,8.235056247501118e-05,0.00020332979193128867
1042,2011-12-29,9.039681329724327e-05,0.00026087540808308033
1043,2011-12-30,0.00011413054832162951,0.00024791687535006125
1044,2012-01-03,0.00026712055734660347,0.00019339528666308635
1045,2012-01-04,4.9390575133281664e-05,0.00022886332175973544
1046,2012-01-05,3.772576829060178e-05,0.0001784769283501799
1047,2012-01-06,0.00020161833039830467,0.00015809274339884295
1048,2012-01-09,8.049748813342523e-05,0.00014986150473570489
1049,2012-01-10,0.0001494892018385893,0.00017972240315532377
1050,2012-01-11,2.5958201211331028e-05,0.00012498006203905763
1051,2012-01-12,7.72022012958658e-05,0.00010790682431445939
1052,2012-01-13,9.870482245417006e-05,0.0001418602472275683
1053,2012-01-16,6.28211326600913e-05,0.00012334421169802335
1054,2012-01-17,0.00011082705702725984,0.0001302843912348284
1055,2012-01-18,4.412739810980746e-05,9.501226915959018e-05
1056,2012-01-19,7.615088960308307e-05,0.00011273370497920975
1057,2012-01-20,8.251671773399174e-05,0.00010838607873282384
1058,2012-01-23,4.154467398428744e-05,9.844052251409185e-05
1059,2012-01-24,0.00012083712566699823,0.00010352232001841909
1060,2012-01-25,4.643084223677742e-05,9.223224823243926e-05
1061,2012-01-27,0.00018525830571962956,9.604219909814535e-05
1062,2012-01-30,0.00016672115311272057,9.503443761826786e-05
1063,2012-01-31,0.00017086885184436565,8.20495327717441e-05
1064,2012-02-01,0.00010126764353538766,9.3333556109059e-05
1065,2012-02-02,0.00010556267736452432,7.97219376259246e-05
1066,2012-02-03,7.789539473831196e-05,0.000103147442164819
1067,2012-02-06,0.00015229906555186298,0.00010576500227092969
1068,2012-02-07,0.00018798218230304858,0.00011842547827078283
1069,2012-02-08,6.299476653004354e-05,0.00010922160234436799
1070,2012-02-09,0.00010552769936419439,0.00011595971900492194
1071,2012-02-10,9.297077280529584e-05,0.00010276056542858507
1072,2012-02-13,5.5213393139362436e-05,0.00011393513320466049
1073,2012-02-14,3.278226378094553e-05,0.00012090598664876411
1074,2012-02-15,0.0001423303420325353,9.88157413526293e-05
1075,2012-02-16,4.0214093403971926e-05,0.00010648634436244117
1076,2012-02-17,0.00013073248226420475,0.00010499945035497612
1077,2012-02-21,4.0634289799988644e-05,9.242770741139898e-05
1078,2012-02-22,0.00020914480890194134,7.524356445682165e-05
1079,2012-02-23,7.84045441353802e-05,9.777742689990874e-05
1080,2012-02-24,0.00015262295689635622,7.666207692269501e-05
1081,2012-02-27,0.00040240372563595585,9.223304654664379e-05
1082,2012-02-28,0.00011625035252605656,7.73143921172067e-05
1083,2012-02-29,0.00021262074579254356,0.00011126798897687755
1084,2012-03-01,9.313417158560816e-05,9.359376658970161e-05
1085,2012-03-02,0.00010525357313194616,0.00011449774215226254
1086,2012-03-05,8.596129792600559e-05,0.0001436921710268982
1087,2012-03-06,0.0004871790506383391,0.0001321010254231007
1088,2012-03-07,7.439790636054269e-05,0.0001441255753912994
1089,2012-03-09,0.00022726877970320104,0.000129208486964405
1090,2012-03-12,0.0003733602109140209,0.00012726008284055806
1091,2012-03-13,6.150235551670266e-05,0.00011137410298106757
1092,2012-03-14,0.00017046449637777447,0.00015828236027573274
1093,2012-03-15,0.00011925083866219604,0.00011475911784787713
1094,2012-03-16,0.0002579592604460923,0.00014238406221187325
1095,2012-03-19,0.00014147306856952398,0.00016796106238691456
1096,2012-03-20,4.905284769318898e-05,0.00012909688604199014
1097,2012-03-21,0.00016387476548059663,0.00013836028101064498
1098,2012-03-22,0.00038939853877663344,0.00013671656693257347
1099,2012-03-23,0.0001278935980008644,0.00015702295515871958
1100,2012-03-26,0.00012545421814565692,0.00013868445331799323
1101,2012-03-27,0.00023862542696973362,0.00011647248824574049
1102,2012-03-28,6.500867442529342e-05,0.00013967530709029579
1103,2012-03-29,0.00013195839197377099,0.00017273401061085013
1104,2012-03-30,0.00016016406633260474,0.00014463534864212962
1105,2012-04-02,3.300236549826398e-05,0.0001419365699203229
1106,2012-04-03,5.87935064921161e-05,0.00017515869486931665
1107,2012-04-04,4.470958252535276e-05,0.00013648565102932503
1108,2012-04-09,0.00010172540738397269,0.00013644369953096338
1109,2012-04-10,4.833184867406059e-05,0.00014287902281799608
1110,2012-04-11,0.00011078323217885492,0.00010244389592725553
1111,2012-04-12,3.9861172580942284e-05,9.975353743556908e-05
1112,2012-04-13,0.00020327378464616246,9.226323226885016e-05
1113,2012-04-16,4.138292550267914e-05,0.0001015576994733468
1114,2012-04-17,0.0001859155107464405,8.1453352382529e-05
1115,2012-04-18,6.431487905378303e-05,9.969147063614181e-05
1116,2012-04-19,5.001085127121379e-05,8.245845338334565e-05
1117,2012-04-20,0.00011571906305371627,0.00011226106418029763
1118,2012-04-23,0.00019549094453192412,8.500351558987381e-05
1119,2012-04-24,4.976164391411318e-05,0.00011395810410372409
1120,2012-04-25,7.90269390112168e-05,9.452912442365794e-05
1121,2012-04-26,2.3576401764663333e-05,9.055110035813804e-05
1122,2012-04-27,5.801362839689101e-05,9.663432269221553e-05
1123,2012-04-30,5.192300548580243e-05,0.00011775782141787562
1124,2012-05-02,3.7102656399580094e-05,8.811212579026397e-05
1125,2012-05-03,4.523896557360595e-05,9.242390032431408e-05
1126,2012-05-04,0.0001633569809363827,7.281222705924454e-05
1127,2012-05-07,0.00043679751860812134,7.72267086441534e-05
1128,2012-05-08,0.00024726067290296194,6.795141370143478e-05
1129,2012-05-09,0.00010067811379711375,6.339833300525304e-05
1130,2012-05-10,0.00012902943846835685,6.158674578613158e-05
1131,2012-05-11,9.86660859528083e-05,8.319925848182596e-05
1132,2012-05-14,9.649309144339993e-05,0.00011315169283850114
1133,2012-05-15,0.0001668251367408501,0.00011970682409705248
1134,2012-05-16,0.00022061269058946611,0.00011582495414209318
1135,2012-05-17,9.68356938171289e-05,0.00012934465057522391
1136,2012-05-18,0.0004388613819708845,0.0001219064872860787
1137,2012-05-22,0.00032544030758871326,0.00010965578306182421
1138,2012-05-23,5.440420859287591e-05,0.00011711114632018825
1139,2012-05-24,0.0001849434599542616,0.00012819607770059
1140,2012-05-25,3.949887905066694e-05,0.00011486334718320536
1141,2012-05-28,6.17718255454806e-05,0.00015625333886350773
1142,2012-05-29,3.5305805442831424e-05,0.00016756544886672902
1143,2012-05-30,4.76948001187113e-05,0.00012376426087708933
1144,2012-05-31,0.00013573709884382492,0.00014305746486318469
1145,2012-06-01,0.0001302587464166083,0.00010789171215237432
1146,2012-06-04,0.0001998836246396283,0.00010017296119895923
1147,2012-06-05,5.8368973262918304e-05,7.921538644923873e-05
1148,2012-06-06,0.00023836332435316383,8.237319905516054e-05
1149,2012-06-07,9.739127686938205e-05,9.341496258954128e-05
1150,2012-06-08,0.00012053240817543131,0.00010237906278067968
1151,2012-06-11,0.00012396536481258145,0.00012033178931816282
1152,2012-06-12,0.00023071003800338122,0.00010720440824077
1153,2012-06-13,3.090957357909485e-05,0.0001436141784939652
1154,2012-06-14,0.00010166277914995135,0.00012246212742033838
1155,2012-06-15,8.606792015430292e-05,0.00012355895303775897
1156,2012-06-18,0.0003292094236110085,0.00012035077968017177
1157,2012-06-19,6.363207098852866e-05,0.00014422488750956837
1158,2012-06-20,2.6207489462809843e-05,9.612741058409828e-05
1159,2012-06-21,9.65812559803681e-05,0.00011144191602638114
1160,2012-06-22,0.000207359734108546,0.00010550792118647225
1161,2012-06-25,0.00011397953875698404,0.00013435239177223655
1162,2012-06-26,2.1323970903067842e-05,9.950689876820605e-05
1163,2012-06-27,4.3068563945047956e-05,8.385021585776704e-05
1164,2012-06-28,1.846884769351679e-05,9.649074154228487e-05
1165,2012-06-29,0.00018318831109269548,0.00011513366670089655
1166,2012-07-02,1.879493931918031e-05,9.857189757263844e-05
1167,2012-07-03,4.56037201016941e-05,7.304260557983912e-05
1168,2012-07-04,4.684721943088439e-05,8.201222242017311e-05
1169,2012-07-05,2.4922422667117014e-05,6.495738314349361e-05
1170,2012-07-06,2.68663966346735e-05,8.846829952760235e-05
1171,2012-07-09,6.112509254172237e-05,5.616050695209929e-05
1172,2012-07-10,5.375894261910255e-05,6.518106269941291e-05
1173,2012-07-11,4.9867556741221005e-05,6.422055006496888e-05
1174,2012-07-12,0.0001816213549377757,5.963993479566194e-05
1175,2012-07-13,3.484244550528343e-05,5.1063362303147954e-05
1176,2012-07-16,4.065027074368219e-05,6.091309109449134e-05
1177,2012-07-17,7.223810091349742e-05,5.9762790835754584e-05
1178,2012-07-18,4.3743195964700634e-05,5.8623988944305425e-05
1179,2012-07-19,4.8414176730087854e-05,7.884256981995168e-05
1180,2012-07-20,2.3996724537698073e-05,6.535655326467746e-05
1181,2012-07-23,0.00010631789344854725,6.36258873055583e-05
1182,2012-07-24,2.657309929860412e-05,6.969855780573291e-05
1183,2012-07-25,4.0700374807195046e-05,6.262920954232067e-05
1184,2012-07-26,0.00012757741433196186,5.7524198087597425e-05
1185,2012-07-27,0.00032235788330608106,5.135194339731534e-05
1186,2012-07-30,0.00010954640594142006,6.648041573950707e-05
1187,2012-07-31,0.00012523698435464964,5.059569225459573e-05
1188,2012-08-01,1.6431453516940496e-05,5.2331685343355645e-05
1189,2012-08-02,1.3170367051296219e-05,6.612806474136135e-05
1190,2012-08-03,8.459947474849641e-05,9.109871282672282e-05
1191,2012-08-06,8.820213188422257e-05,8.252495401968181e-05
1192,2012-08-07,6.122679356785002e-05,9.297250222291784e-05
1193,2012-08-08,3.491052587749492e-05,6.808910047839995e-05
1194,2012-08-09,4.1286045978838254e-05,5.508164375034009e-05
1195,2012-08-10,2.3140653005165117e-05,6.367333410436666e-05
1196,2012-08-13,2.289448569053037e-05,6.418922605041434e-05
1197,2012-08-14,4.094741313274507e-05,5.903094176910622e-05
1198,2012-08-16,1.4506726751830742e-05,5.755016713089779e-05
1199,2012-08-17,4.042603141606514e-05,6.314950208865838e-05
1200,2012-08-21,3.7436826532769526e-05,5.2997292350673e-05
1201,2012-08-22,4.291426045462803e-05,4.6471458712284434e-05
1202,2012-08-23,3.972813004257747e-05,4.863004831526282e-05
1203,2012-08-24,2.7932776093366354e-05,3.9560571151180286e-05
1204,2012-08-27,3.271134035247067e-05,4.429469911261685e-05
1205,2012-08-29,4.877374443347274e-05,4.5216405732640636e-05
1206,2012-08-30,0.00010678954065539667,4.797714213846082e-05
1207,2012-08-31,6.238508275778173e-05,4.794526949797739e-05
1208,2012-09-03,4.5686485535526806e-05,4.705153633256673e-05
1209,2012-09-04,2.6968202392885867e-05,4.7427835199015605e-05
1210,2012-09-05,5.632593698609306e-05,5.082202536383303e-05
1211,2012-09-06,3.061477523981973e-05,5.9508881833777265e-05
1212,2012-09-07,0.00019888279871401604,5.5824491710658856e-05
1213,2012-09-10,2.1663822527517755e-05,5.503827957064733e-05
1214,2012-09-11,7.020125385499147e-05,4.9446459214576305e-05
1215,2012-09-12,2.7290745129104744e-05,5.588647781820844e-05
1216,2012-09-13,7.938397425310236e-06,4.807331630067407e-05
1217,2012-09-14,0.0003273158345356238,6.629668281205293e-05
1218,2012-09-17,0.00014053919788437787,4.67737862333125e-05
1219,2012-09-18,1.4273074663479947e-05,5.8395300543187775e-05
1220,2012-09-20,0.00015822520728389703,4.888161345969264e-05
1221,2012-09-21,0.0002445458831251483,3.728964148207724e-05
1222,2012-09-24,2.4046303271995458e-05,6.362317278786782e-05
1223,2012-09-25,2.7122396106410454e-05,6.735197162107885e-05
1224,2012-09-26,2.5470371073918194e-05,4.540661794349808e-05
1225,2012-09-27,3.449066395793313e-05,7.034213425288353e-05
1226,2012-09-28,7.534482290003559e-05,9.716229909298568e-05
1227,2012-10-01,9.057197498392096e-06,6.147944661807205e-05
1228,2012-10-03,9.997077184030429e-06,5.4555641566826536e-05
1229,2012-10-04,4.747932521146569e-05,5.5669651422399785e-05
1230,2012-10-05,0.018615232857210978,5.2044673081463535e-05
1231,2012-10-08,7.775190681072206e-05,5.4044307541278e-05
1232,2012-10-09,5.8440334908762963e-05,3.83392951797848e-05
1233,2012-10-10,5.176164982895675e-05,3.4849109586487845e-05
1234,2012-10-11,7.902182197821344e-05,4.347457486555241e-05
1235,2012-10-12,7.243701108254257e-05,0.00014936425754056136
1236,2012-10-15,2.170789447005765e-05,8.04779067660088e-05
1237,2012-10-16,7.456883176944743e-05,8.854717435816021e-05
1238,2012-10-17,6.603907401051927e-05,9.873143811374687e-05
1239,2012-10-18,6.499608027306166e-05,0.00010505693654029447
1240,2012-10-19,3.7261685077944394e-05,7.242752146401738e-05
1241,2012-10-22,5.0743588507183014e-05,5.675470511349838e-05
1242,2012-10-23,1.62084500745669e-05,6.743734985054565e-05
1243,2012-10-25,1.2459208373901737e-05,7.002097026632449e-05
1244,2012-10-29,8.038171425201321e-05,6.683630159869602e-05
1245,2012-10-30,0.00011413446745512082,5.865577668331807e-05
1246,2012-10-31,1.903905180188835e-05,6.588676264765296e-05
1247,2012-11-01,2.740165210323122e-05,5.009485356861341e-05
1248,2012-11-02,9.024685998261915e-05,4.106287048205284e-05
1249,2012-11-05,1.0431483351604407e-05,5.253044855873535e-05
1250,2012-11-06,1.773611814843626e-05,6.0048405300547306e-05
1251,2012-11-07,4.596073058758185e-05,4.587508636699182e-05
1252,2012-11-08,0.00010634130129039316,4.927918987052693e-05
1253,2012-11-09,5.9101271960584636e-05,6.458549959537064e-05
1254,2012-11-12,3.0488768309756514e-05,4.465760042745706e-05
1255,2012-11-15,6.601471749577865e-05,4.177368110886993e-05
1256,2012-11-16,8.902496682234918e-05,4.92345064284176e-05
1257,2012-11-19,2.0960005154177567e-05,5.414397713014388e-05
1258,2012-11-20,8.353196630513377e-05,4.898061594911908e-05
1259,2012-11-21,4.332587304892978e-05,4.876867959928232e-05
1260,2012-11-22,1.932291324268603e-05,5.823342436593867e-05
1261,2012-11-23,3.226007153250479e-05,6.287062219831683e-05
1262,2012-11-26,2.371105108230429e-05,4.708656376296781e-05
1263,2012-11-27,7.528811177273037e-05,5.7041207663190874e-05
1264,2012-11-29,9.909859172908017e-05,5.403411480277411e-05
1265,2012-11-30,3.589561818594228e-05,4.46346804264368e-05
1266,2012-12-03,1.924373019745432e-05,4.333535788796191e-05
1267,2012-12-04,1.3037877639907191e-05,4.186459902940214e-05
1268,2012-12-05,1.532501371113619e-05,4.719908050061154e-05
1269,2012-12-06,0.0001760896276974992,5.295978160074778e-05
1270,2012-12-07,3.5838456178933825e-05,5.075918229240343e-05
1271,2012-12-10,1.4472180833363621e-05,4.459182404941388e-05
1272,2012-12-11,0.00010081689918340179,3.9266183995470986e-05
1273,2012-12-12,3.5101400036161404e-05,3.579810046248765e-05
1274,2012-12-13,4.6958454158741234e-05,5.0075028758694323e-05
1275,2012-12-14,2.211028987139598e-05,4.1493358862991634e-05
1276,2012-12-17,2.596284301411303e-05,3.7063237986702875e-05
1277,2012-12-18,8.950833728618655e-05,5.425229541101323e-05
1278,2012-12-19,1.9876482288371285e-05,5.1112343768270585e-05
1279,2012-12-20,4.015612904585067e-05,4.731106260285491e-05
1280,2012-12-21,4.458982849407565e-05,4.139257436396803e-05
1281,2012-12-24,2.1025963285826505e-05,4.374436152304435e-05
1282,2012-12-26,3.505247309889827e-05,4.983898716532155e-05
1283,2012-12-27,5.999115893699705e-05,3.9529408312548235e-05
1284,2012-12-28,2.1009244790702335e-05,4.2763565040552295e-05
1285,2012-12-31,6.898550980397025e-06,4.480285479756215e-05
1286,2013-01-02,0.00017672040331452723,3.99648667453701e-05
1287,2013-01-03,2.6949767378723e-05,4.016511488009551e-05
1288,2013-01-04,2.0368095411932226e-05,4.64019775166803e-05
1289,2013-01-07,5.9167645841048763e-05,3.950866713509611e-05
1290,2013-01-08,1.927316223472055e-05,2.9558209068542542e-05
1291,2013-01-09,3.5867892097205244e-05,4.878618208760229e-05
1292,2013-01-10,5.408625610547154e-05,3.899714065905268e-05
1293,2013-01-11,0.00011106601211905322,3.5174895255403995e-05
1294,2013-01-14,5.979124891776423e-05,4.363012392233e-05
1295,2013-01-15,2.8329325669237457e-05,4.189744593001354e-05
1296,2013-01-16,3.939978929269253e-05,3.881616295009674e-05
1297,2013-01-17,3.899554003757296e-05,4.287622820081923e-05
1298,2013-01-18,2.319854900670871e-05,5.402399841777304e-05
1299,2013-01-21,2.0657540421804304e-05,5.003828196827778e-05
1300,2013-01-22,3.502066923464479e-05,4.72535264910188e-05
1301,2013-01-23,2.4283507120777365e-05,4.9011576728912025e-05
1302,2013-01-24,3.238825795211792e-05,4.825086240323205e-05
1303,2013-01-25,4.100443305410099e-05,4.086246255276331e-05
1304,2013-01-28,8.489545712396905e-06,3.649602306801163e-05
1305,2013-01-29,5.976315632305722e-05,3.939667682045074e-05
1306,2013-01-30,1.3383566482520606e-05,3.6352123680818876e-05
1307,2013-01-31,1.2673739324959268e-05,3.6669771137889774e-05
1308,2013-02-01,4.600585016920553e-05,3.9476450598450316e-05
1309,2013-02-04,4.995953524064686e-05,3.060392357791631e-05
1310,2013-02-05,4.931911701564049e-05,3.9080529996804214e-05
1311,2013-02-06,4.0717649980248616e-05,3.179319902970081e-05
1312,2013-02-07,4.758004624940128e-05,2.9981190495868252e-05
1313,2013-02-08,4.928297759357344e-05,3.3791434472575175e-05
1314,2013-02-11,2.9256415051609915e-05,3.905187822652081e-05
1315,2013-02-12,1.6706184147464525e-05,3.9085970868316096e-05
1316,2013-02-13,3.4840467655964394e-05,4.0992443173510927e-05
1317,2013-02-14,2.9897294304821746e-05,4.643592566481108e-05
1318,2013-02-15,4.1532684463449983e-05,4.704585404705581e-05
1319,2013-02-18,1.0195570682363746e-05,4.24268904236112e-05
1320,2013-02-19,4.049095999329924e-05,3.5650586602816214e-05
1321,2013-02-20,3.0539188564802946e-05,3.772888547306103e-05
1322,2013-02-21,8.900674574112384e-05,3.596977220912209e-05
1323,2013-02-22,2.4304672144889663e-05,3.693218060647365e-05
1324,2013-02-25,4.4154006136713416e-05,2.886475925730018e-05
1325,2013-02-26,9.123939472892992e-05,3.5864263025043756e-05
1326,2013-02-27,6.492734423679488e-05,3.486922736577856e-05
1327,2013-02-28,0.00036294586057602433,4.2869355959399013e-05
1328,2013-03-01,3.8798556990831824e-05,3.626028186745117e-05
1329,2013-03-04,3.861188809820392e-05,4.300693076486909e-05
1330,2013-03-05,6.472386056758574e-05,4.9889919264399597e-05
1331,2013-03-06,4.3032690369405256e-05,5.26373075043874e-05
1332,2013-03-07,6.899653254590373e-05,7.2138636098852e-05
1333,2013-03-08,5.947286535673953e-05,5.9643006461017496e-05
1334,2013-03-11,1.714351078187132e-05,6.030691113287592e-05
1335,2013-03-12,3.4063247719821736e-05,6.241429630383366e-05
1336,2013-03-13,5.0512429983088326e-05,5.7778255380181955e-05
1337,2013-03-14,0.0001787944453546776,5.477861597578264e-05
1338,2013-03-15,7.278011372472201e-05,5.5988650609258925e-05
1339,2013-03-18,0.00010540267542449822,4.534397641325515e-05
1340,2013-03-19,0.0002149200648145051,4.663457487835703e-05
1341,2013-03-20,4.2212803402931755e-05,4.9873221099309944e-05
1342,2013-03-21,0.00014389953084679636,6.376492364600826e-05
1343,2013-03-22,3.816002728124065e-05,5.954780804225828e-05
1344,2013-03-25,0.0001894124803643114,7.167669062862031e-05
1345,2013-03-26,3.395527778001207e-05,9.070710013173369e-05
1346,2013-03-28,9.292225083624032e-05,7.671355496418921e-05
1347,2013-04-01,2.7659263726904485e-05,8.860935180554274e-05
1348,2013-04-02,4.742499682033169e-05,7.358009709235097e-05
1349,2013-04-03,9.81228119505237e-05,9.236496632934274e-05
1350,2013-04-04,9.94149779681601e-05,6.810946341440401e-05
1351,2013-04-05,2.184427788683998e-05,8.131516920645468e-05
1352,2013-04-08,1.3068625923472101e-05,6.233036330588453e-05
1353,2013-04-09,0.00017507235222489944,6.649706418361778e-05
1354,2013-04-10,0.00017320054726049347,6.736969488051176e-05
1355,2013-04-11,0.0001270005982522979,7.387762961195777e-05
1356,2013-04-12,0.0002017141445322703,5.61305352260382e-05
1357,2013-04-15,0.0001090128612683344,4.914151020096185e-05
1358,2013-04-16,0.00022062593275952197,7.313018520421293e-05
1359,2013-04-17,5.27046777960748e-05,7.746304820438563e-05
1360,2013-04-18,0.0001320985504656562,7.709720947874754e-05
1361,2013-04-22,3.2547263592395116e-05,9.848664510390959e-05
1362,2013-04-23,4.839397128025933e-05,0.0001079772536983255
1363,2013-04-25,6.04887002199652e-05,0.00012154005360926284
1364,2013-04-26,2.8865023044380188e-05,9.379256327602284e-05
1365,2013-04-29,2.521297703017839e-05,0.00010496390159329406
1366,2013-04-30,0.00011771518247206019,7.797950974478754e-05
1367,2013-05-02,0.0001249705180492381,7.523138283007366e-05
1368,2013-05-03,4.7751695755288456e-05,7.152842467541359e-05
1369,2013-05-06,2.2858776419935333e-05,6.145856281464356e-05
1370,2013-05-07,4.727358771193069e-05,5.390402221859144e-05
1371,2013-05-08,4.815891569358793e-05,6.880230271773746e-05
1372,2013-05-09,2.012056050066396e-05,7.541912445583595e-05
1373,2013-05-10,3.378685553745325e-05,6.583208759731361e-05
1374,2013-05-13,0.0001619304372090384,5.956255357268466e-05
1375,2013-05-14,3.243233836208962e-05,6.72644952008799e-05
1376,2013-05-15,0.0001907853737350881,6.266123656242472e-05
1377,2013-05-16,4.2508281453312235e-05,4.919722708517213e-05
1378,2013-05-17,2.712312207611578e-05,5.1285308096309954e-05
1379,2013-05-20,6.696790275119435e-05,7.231548779184903e-05
1380,2013-05-21,5.6265938878661276e-05,5.74094068940862e-05
1381,2013-05-22,5.204616483000557e-05,7.61641122767383e-05
1382,2013-05-23,0.00020214712268113501,6.659308287503171e-05
1383,2013-05-24,0.00012680764787278542,6.0319420382149545e-05
1384,2013-05-27,0.00014341736443935436,6.211664866837734e-05
1385,2013-05-28,4.879757924028075e-05,6.168373498893949e-05
1386,2013-05-29,3.740486513123758e-05,5.6123114059656696e-05
1387,2013-05-30,6.305710308312825e-05,7.229912970648155e-05
1388,2013-05-31,0.00017525952077153715,7.82011705649177e-05
1389,2013-06-03,8.853634360642093e-05,8.522610907654795e-05
1390,2013-06-04,5.68002331635097e-05,7.504846269590502e-05
1391,2013-06-05,3.0370111611881523e-05,7.168294277843199e-05
1392,2013-06-06,9.63845775593921e-05,7.128327214063677e-05
1393,2013-06-07,0.0001468995450338642,8.189310884110834e-05
1394,2013-06-10,7.352938722567737e-05,7.333120031476439e-05
1395,2013-06-11,0.00010188351389531786,7.083784965676474e-05
1396,2013-06-12,3.801266396372456e-05,6.571400055122266e-05
1397,2013-06-13,0.0001010021909458509,7.752691166324945e-05
1398,2013-06-14,0.00014015486085416202,8.19918756256499e-05
1399,2013-06-17,9.471436564902634e-05,7.708162476567293e-05
1400,2013-06-18,3.7464632813634236e-05,8.477174134205471e-05
1401,2013-06-19,3.1544374260778125e-05,7.508203606226965e-05
1402,2013-06-20,0.0002637534019760181,8.554771068473219e-05
1403,2013-06-21,5.8117727275212424e-05,8.800873418510457e-05
1404,2013-06-24,9.048291372115542e-05,8.697407334568017e-05
1405,2013-06-25,0.00010946092904941521,7.406134236810665e-05
1406,2013-06-26,4.459009895309885e-05,7.081729586663688e-05
1407,2013-06-27,0.00015969340060064465,9.801062043416565e-05
1408,2013-06-28,0.0002466335986843073,7.85499528597657e-05
1409,2013-07-01,6.833281803540368e-05,8.108657353000081e-05
1410,2013-07-02,2.6640374060941153e-05,8.849694303938118e-05
1411,2013-07-03,9.150417382544184e-05,8.004925456858987e-05
1412,2013-07-04,5.526522911252425e-05,9.124854010585832e-05
1413,2013-07-05,9.869565530510361e-05,0.00010891020921820497
1414,2013-07-08,8.096066189957376e-05,9.306346085531023e-05
1415,2013-07-09,2.506641333371739e-05,7.38464149631289e-05
1416,2013-07-10,6.108747754027794e-05,8.852164270938022e-05
1417,2013-07-11,0.00021242346406085346,7.808813918556305e-05
1418,2013-07-12,0.00017688470501939376,8.040111970686092e-05
1419,2013-07-15,3.9261682587445675e-05,7.933536077795063e-05
1420,2013-07-16,0.000308939205510497,6.697087209583991e-05
1421,2013-07-17,5.296746824494176e-05,7.191088187625302e-05
1422,2013-07-18,5.7982297160504606e-05,9.111348729242037e-05
1423,2013-07-19,2.9866147268124543e-05,9.545839757991632e-05
1424,2013-07-22,4.9579574330511915e-05,7.597819803338306e-05
1425,2013-07-23,3.95046671897187e-05,0.00011326615852261173
1426,2013-07-24,0.00012433858293597465,9.180887041379311e-05
1427,2013-07-25,9.615190775924488e-05,8.595750676895359e-05
1428,2013-07-26,8.139676649165786e-05,7.131066883493497e-05
1429,2013-07-29,4.3931373769963124e-05,7.394764871908508e-05
1430,2013-07-30,0.00013216628316620492,6.262286903995892e-05
1431,2013-07-31,9.537214863441652e-05,7.52600702277519e-05
1432,2013-08-01,0.00021490818737358026,7.554275575916462e-05
1433,2013-08-02,0.00014874633038262323,8.02396438010897e-05
1434,2013-08-05,3.885817654217826e-05,7.274462193703629e-05
1435,2013-08-06,0.00023837069388514878,8.731217235214251e-05
1436,2013-08-07,6.654973096548766e-05,8.353176383508993e-05
1437,2013-08-08,5.421548529187276e-05,9.996050525648129e-05
1438,2013-08-12,0.00013713975263496072,0.00010073960597879423
1439,2013-08-13,0.00017469374761106357,8.602208307924441e-05
1440,2013-08-14,5.163679230536893e-05,0.0001103908808449572
1441,2013-08-16,0.0005647224541765141,9.38157948655107e-05
1442,2013-08-19,0.00025285384355440996,8.545195136610049e-05
1443,2013-08-20,0.0002841560453129321,9.507950124155974e-05
1444,2013-08-21,0.0009431834059306823,0.00010732155937601526
1445,2013-08-22,0.00033868040949358564,8.367722453401338e-05
1446,2013-08-23,0.00015078326108678252,0.00013015644591126292
1447,2013-08-26,8.64497736214948e-05,0.00013211509997149314
1448,2013-08-27,0.0003630327461757128,0.0001447339465468505
1449,2013-08-28,0.0006698401386561724,0.00019388052432911445
1450,2013-08-29,0.00022038879038660698,0.00020786113668106284
1451,2013-08-30,0.0002077971807884011,0.00017842541810292247
1452,2013-09-02,8.588800302834463e-05,0.00015900151340734063
1453,2013-09-03,0.0007729995212731883,0.0001918370604179561
1454,2013-09-04,0.0002490718867105556,0.00020840022444767583
1455,2013-09-05,0.0004363189616205052,0.0001830744356369491
1456,2013-09-06,0.00019633696113205805,0.0001915654125573606
1457,2013-09-10,0.00038199531287830675,0.00017267302960329264
1458,2013-09-11,0.0001011600490099743,0.0002394194274275229
1459,2013-09-12,0.00015150951662284347,0.00019880439965860733
1460,2013-09-13,5.9391113082679316e-05,0.00022527812440055182
1461,2013-09-16,0.0004297203342593833,0.0002124131955723294
1462,2013-09-17,3.656225498948873e-05,0.00025427702314501034
1463,2013-09-18,7.342347742725081e-05,0.00019412864749901316
1464,2013-09-19,0.0006863301318641111,0.00019935804565287833
1465,2013-09-20,0.00038802999374198813,0.00015602274048476537
1466,2013-09-23,0.0002603049268508987,0.00020565435044966188
1467,2013-09-24,0.000121678139167857,0.00013549554297776338
1468,2013-09-25,0.00012565629989711873,0.0001370943009542277
1469,2013-09-26,3.4062130336749626e-05,0.0001947935830252782
1470,2013-09-27,9.573722369558743e-05,0.00020818849631791314
1471,2013-09-30,0.00011597006290421184,0.00018853866715050978
1472,2013-10-01,0.00011036330398716331,0.0001862980659579343
1473,2013-10-03,0.00017532501840736102,0.00019306957343750238
1474,2013-10-04,6.288455766059532e-05,0.00013580760573688843
1475,2013-10-07,0.0001124579457356696,0.00013313957121781431
1476,2013-10-08,0.00017969716408544243,0.0001242635779466372
1477,2013-10-09,0.0002184835902961002,0.00012135321707744868
1478,2013-10-10,2.8701957224501102e-05,0.00012980684349425664
1479,2013-10-11,0.0002448248912197223,0.00012112836902682752
1480,2013-10-14,1.543056211432616e-05,0.00012527095498996403
1481,2013-10-15,0.00012638996826867474,0.00013412147812806835
1482,2013-10-17,5.791236274194981e-05,0.00014149468070723094
1483,2013-10-18,0.00017147376621983373,9.867439845714461e-05
1484,2013-10-21,3.612970221702077e-05,0.0001325681821501818
1485,2013-10-22,1.717384204974844e-05,8.547402830702521e-05
1486,2013-10-23,0.00011549802834108004,0.00010164289642935535
1487,2013-10-24,0.0001490407952513955,8.57749939938026e-05
1488,2013-10-25,2.364685193864307e-05,0.00010638218407182752
1489,2013-10-28,5.282025457333345e-05,7.974149326131749e-05
1490,2013-10-29,0.0002016525784193455,7.261883377734876e-05
1491,2013-10-30,2.1731663740494965e-05,8.426139377343999e-05
1492,2013-10-31,5.1909345239799416e-05,9.035913628528082e-05
1493,2013-11-01,2.3794754978321352e-05,6.312119901566984e-05
1494,2013-11-05,4.82426168586855e-05,6.876676737601714e-05
1495,2013-11-06,3.353173609730044e-05,9.378382007193115e-05
1496,2013-11-07,0.00012876239735491697,6.685248754766698e-05
1497,2013-11-08,4.402548323209346e-05,6.662121578325587e-05
1498,2013-11-11,7.673135931164532e-05,6.016869233938312e-05
1499,2013-11-12,8.971080940704088e-05,6.290194444192957e-05
1500,2013-11-13,6.100602935573218e-05,5.195063281867126e-05
1501,2013-11-14,0.00011828996035956361,6.770431536675357e-05
1502,2013-11-18,0.00014854078912635542,5.958582030546722e-05
1503,2013-11-19,1.1251100718652468e-05,6.720064251653516e-05
1504,2013-11-20,9.081174658141309e-05,6.992024791417586e-05
1505,2013-11-21,0.00013609932978663012,7.139083018003095e-05
1506,2013-11-22,7.630263366034386e-05,7.452043199864439e-05
1507,2013-11-25,0.00011605249280751111,8.650447713770647e-05
1508,2013-11-26,4.507807915344105e-05,5.684124549362837e-05
1509,2013-11-27,1.975035646783215e-05,6.96392492991439e-05
1510,2013-11-28,5.080778408669597e-05,7.607917290628212e-05
1511,2013-11-29,5.979253712260916e-05,7.082247461332376e-05
1512,2013-12-02,3.064868532498116e-05,7.493524122860331e-05
1513,2013-12-03,1.5665906444101575e-05,7.441170544387349e-05
1514,2013-12-04,3.6435016709127394e-05,5.9388322159391335e-05
1515,2013-12-05,0.0003136227838961247,6.135786693894602e-05
1516,2013-12-06,1.9274322987935546e-05,6.15200410793548e-05
1517,2013-12-09,0.0006425078371398651,5.0724453317784756e-05
1518,2013-12-10,2.9432463258360165e-05,4.420608192407549e-05
1519,2013-12-11,3.489126265375152e-05,4.953182870811615e-05
1520,2013-12-12,5.171892956503665e-05,7.213280822454471e-05
1521,2013-12-13,5.2546046591575224e-05,5.0487595987380026e-05
1522,2013-12-16,1.2400048990373773e-05,9.135847791102826e-05
1523,2013-12-17,4.405171567609635e-05,7.01532784724857e-05
1524,2013-12-18,0.00010430665674215759,7.056470045511691e-05
1525,2013-12-19,0.00014651669075624332,6.379945666083927e-05
1526,2013-12-20,0.00011782201837641019,6.800492705285004e-05
1527,2013-12-23,3.1552634176618424e-05,4.401734695997631e-05
1528,2013-12-24,1.687244092956525e-05,4.956584734812946e-05
1529,2013-12-26,1.7219060426342467e-05,5.724446576279212e-05
1530,2013-12-27,1.5943462395116126e-05,6.642508787411001e-05
1531,2013-12-30,5.5862978481389515e-05,6.926377642483782e-05
1532,2013-12-31,1.451751855281898e-05,6.471069550736224e-05
1533,2014-01-02,0.00020059012843749534,5.5437929077121014e-05
1534,2014-01-03,4.1723256713142565e-05,4.725125048090417e-05
1535,2014-01-06,3.07412255979172e-05,3.9171905116375195e-05
1536,2014-01-07,5.533601292478208e-05,4.190121837380114e-05
1537,2014-01-08,1.528154336129494e-05,3.465948598475532e-05
1538,2014-01-09,1.6758678876506762e-05,5.262010790388298e-05
1539,2014-01-10,9.496569564107382e-05,4.946991585288052e-05
1540,2014-01-13,9.486811508393159e-05,5.136799582424496e-05
1541,2014-01-14,2.333817546942452e-05,5.426609670602923e-05
1542,2014-01-15,4.5600474745914595e-05,4.643466610646056e-05
1543,2014-01-16,3.0129249871845632e-05,3.8832058893790686e-05
1544,2014-01-17,5.9205848715211025e-05,4.567962294954314e-05
1545,2014-01-20,3.676432784855484e-05,5.077903899587761e-05
1546,2014-01-21,1.5563470253546735e-05,4.2257629136023936e-05
1547,2014-01-22,3.402564522262885e-05,4.812305542289173e-05
1548,2014-01-23,1.6943913917988617e-05,4.80789355378948e-05
1549,2014-01-24,9.268746924724543e-05,5.038235005573838e-05
1550,2014-01-27,0.00019728068477998178,4.510462158178715e-05
1551,2014-01-28,5.4156436028002605e-05,3.9508763401125445e-05
1552,2014-01-29,6.46425555304567e-05,4.011588223323339e-05
1553,2014-01-30,0.0001126781225235124,3.5091233051412376e-05
1554,2014-01-31,1.097401365934784e-05,4.2514897481237216e-05
1555,2014-02-03,8.568243126597371e-05,5.318705784721783e-05
1556,2014-02-04,0.00014913519294049965,5.393564784367457e-05
1557,2014-02-05,5.274112477232016e-05,5.899126576130419e-05
1558,2014-02-06,8.778271968443769e-05,7.18220811555891e-05
1559,2014-02-07,7.64443867925468e-05,5.0815623581253475e-05
1560,2014-02-10,1.4745662996268773e-05,5.52893071005749e-05
1561,2014-02-11,1.7178545009473628e-05,6.353013492277965e-05
1562,2014-02-12,2.338908997366274e-05,5.823524485760479e-05
1563,2014-02-13,9.892499324259787e-05,5.982698926305712e-05
1564,2014-02-14,7.018418861185605e-05,7.054538658642177e-05
1565,2014-02-18,6.575123038256531e-05,5.451308083799079e-05
1566,2014-02-19,1.124867436266472e-05,4.551168481352437e-05
1567,2014-02-20,3.39003040106693e-05,4.258613387277896e-05
1568,2014-02-21,3.175262018267772e-05,4.931819171945139e-05
1569,2014-02-24,3.867252946133236e-05,4.8049659884493856e-05
1570,2014-02-25,2.525054048141083e-05,5.420743950672504e-05
1571,2014-02-26,1.7262729958847926e-05,4.447227415210008e-05
1572,2014-02-28,2.8743741054926772e-05,4.9542386006106034e-05
1573,2014-03-03,4.0954977649680797e-05,4.586575324345856e-05
1574,2014-03-04,6.529558600620915e-05,4.4653131558290406e-05
1575,2014-03-05,5.1858217147848534e-05,4.05646495306205e-05
1576,2014-03-06,4.3603136657303416e-05,3.9410793967749365e-05
1577,2014-03-07,0.00012941358596490164,3.907579610291868e-05
1578,2014-03-10,7.599879057001787e-05,4.0827132419519246e-05
1579,2014-03-11,3.704769528930493e-05,4.408075984839815e-05
1580,2014-03-12,3.4691323562336074e-05,4.496703557657133e-05
1581,2014-03-13,9.267300036678654e-05,4.87267300719363e-05
1582,2014-03-14,0.00010886019801790062,5.978717174990506e-05
1583,2014-03-18,6.919122723064768e-05,5.9354075277228e-05
1584,2014-03-19,1.4173045667248137e-05,5.346326598342096e-05
1585,2014-03-20,2.6031879131334877e-05,5.0565811580969354e-05
1586,2014-03-21,3.530394308266797e-05,5.791097384883893e-05
1587,2014-03-24,5.9261747536925495e-05,6.009353577474702e-05
1588,2014-03-25,4.5885951094810905e-05,5.9108126543193856e-05
1589,2014-03-26,3.2664367591704936e-05,4.8079152190179626e-05
1590,2014-03-27,4.739753006551414e-05,4.813338087738919e-05
1591,2014-03-28,5.164158255284758e-05,4.5391918560873055e-05
1592,2014-03-31,5.9278385850370396e-05,4.5202834906611185e-05
1593,2014-04-01,5.140639785098761e-05,4.417340635752299e-05
1594,2014-04-02,4.484034433047394e-05,4.563835196275609e-05
1595,2014-04-03,6.368821167313272e-05,4.949523860860818e-05
1596,2014-04-04,2.539121426307743e-05,5.153507606973126e-05
1597,2014-04-07,4.266358463701505e-05,5.2914304120036346e-05
1598,2014-04-09,9.507756301228588e-05,5.383616067957943e-05
1599,2014-04-10,1.354215794151438e-05,5.498793430397939e-05
1600,2014-04-11,4.701102143135488e-05,5.8179096594397824e-05
1601,2014-04-15,8.118845249703264e-05,5.0364966636938564e-05
1602,2014-04-16,5.3410766197418525e-05,5.113375389784667e-05
1603,2014-04-17,8.187577131127877e-05,5.788961179694587e-05
1604,2014-04-21,1.3078815614646966e-05,4.345473135856461e-05
1605,2014-04-22,8.004861357132738e-06,4.651464281930845e-05
1606,2014-04-23,1.5526099108532277e-05,5.3566901148301184e-05
1607,2014-04-25,7.279022470733911e-05,5.294772247697315e-05
1608,2014-04-28,9.8370784920274e-06,5.411885227522281e-05
1609,2014-04-29,3.8691778989335236e-05,4.4622349532260334e-05
1610,2014-04-30,0.00011516939664065337,3.615239155034862e-05
1611,2014-05-02,2.4766416725004086e-05,3.396393389915344e-05
1612,2014-05-05,4.282739125730091e-05,3.994268398027915e-05
1613,2014-05-06,2.224923229122912e-05,2.8546105127469234e-05
1614,2014-05-07,4.423932207423968e-05,3.4090540750864036e-05
1615,2014-05-08,2.53381652359293e-05,4.599549117459234e-05
1616,2014-05-09,0.0003575386732890154,4.1934909003909466e-05
1617,2014-05-12,0.0001745150770310301,4.214383323133585e-05
1618,2014-05-13,0.00017585508893972106,4.198952007487769e-05
1619,2014-05-14,2.4804007115949985e-05,4.4564586410836857e-05
1620,2014-05-15,3.207734248077397e-05,3.7658971852590636e-05
1621,2014-05-16,0.0018507799311123952,5.8239481907668694e-05
1622,2014-05-19,0.00018366190568116955,6.33579092919954e-05
1623,2014-05-20,0.00011177481758266805,7.669394674435261e-05
1624,2014-05-21,4.806085031388509e-05,6.161274381566053e-05
1625,2014-05-22,5.0197862371263626e-05,6.270580894067122e-05
1626,2014-05-23,6.423408356032516e-05,0.00010993748230421965
1627,2014-05-26,0.00040590351804873314,9.239059129532985e-05
1628,2014-05-27,6.696476080241768e-05,8.668501613545217e-05
1629,2014-05-28,1.2164646324181228e-05,8.442012148122094e-05
1630,2014-05-29,6.80633757051589e-05,8.569787811715266e-05
1631,2014-05-30,0.00021514717696432498,7.098117180886548e-05
1632,2014-06-02,0.0001292113248709812,9.536959893881605e-05
1633,2014-06-03,4.8403370467318515e-05,8.060151936665675e-05
1634,2014-06-04,1.0803267850191747e-05,6.0657380125406716e-05
1635,2014-06-05,9.853463165239584e-05,7.485641837399483e-05
1636,2014-06-06,9.426426413628537e-05,9.37420746693813e-05
1637,2014-06-09,7.792291056061944e-05,8.264750541664142e-05
1638,2014-06-10,0.00010172247471996627,7.465911940234785e-05
1639,2014-06-11,7.491089627765237e-05,6.277148249901356e-05
1640,2014-06-12,3.582976948594214e-05,8.137799238127734e-05
1641,2014-06-13,0.00014266058845059396,7.748403509518444e-05
1642,2014-06-16,2.878634690044724e-05,7.51169792467749e-05
1643,2014-06-17,9.862355535311004e-05,7.909748300092369e-05
1644,2014-06-18,0.00012754954302573185,8.684596296479879e-05
1645,2014-06-19,7.186746992301514e-05,7.332102224225838e-05
1646,2014-06-20,2.364051046420902e-05,8.861814280233025e-05
1647,2014-06-23,5.703861722685034e-05,7.110856215305842e-05
1648,2014-06-24,4.552872322011856e-05,7.509063625060338e-05
1649,2014-06-25,8.006043876939407e-06,7.924906023355966e-05
1650,2014-06-26,5.081559259734319e-05,7.826411323466936e-05
1651,2014-06-27,2.6504838795090354e-05,6.145698713936094e-05
1652,2014-06-30,6.155790869890096e-05,6.99269048052173e-05
1653,2014-07-01,1.1022930377261481e-05,6.440812590896617e-05
1654,2014-07-02,5.7040212393605825e-05,4.181672384542212e-05
1655,2014-07-03,1.4951128960516658e-05,4.801163963480233e-05
1656,2014-07-04,6.649432539212185e-05,4.620144590517856e-05
1657,2014-07-07,2.3486138872910003e-05,5.003595056775792e-05
1658,2014-07-08,0.00026538940416401485,3.65742053942522e-05
1659,2014-07-09,6.22039371624628e-05,4.8193495868583835e-05
1660,2014-07-10,0.00037760063740127024,3.844407414553758e-05
1661,2014-07-11,0.00019767468728455604,4.855322434532121e-05
1662,2014-07-14,2.3515403595134222e-05,4.0471225074495357e-05
1663,2014-07-15,6.201767515699356e-05,6.372534904739604e-05
1664,2014-07-16,9.329494858236362e-05,5.63123286801803e-05
1665,2014-07-17,1.4239240838462826e-05,8.493055639383927e-05
1666,2014-07-18,4.835074215640908e-05,8.78090475318539e-05
1667,2014-07-21,3.7656827140976256e-05,7.280231813083389e-05
1668,2014-07-22,3.662400601860021e-05,6.990842171829919e-05
1669,2014-07-23,3.3827297696791934e-05,7.605167051684273e-05
1670,2014-07-24,2.448229338398824e-05,4.962067459406959e-05
1671,2014-07-25,5.131315115391986e-05,4.8984566317532674e-05
1672,2014-07-28,3.5127978643434876e-05,4.889560252082401e-05
1673,2014-07-30,5.1441874729792164e-05,4.742507940949165e-05
1674,2014-07-31,3.723768743970009e-05,4.347640503079272e-05
1675,2014-08-01,0.00015547339559752592,4.3342048970703834e-05
1676,2014-08-04,5.385148247508538e-05,4.820791623255225e-05
1677,2014-08-05,0.00010421621150050379,4.611300911774791e-05
1678,2014-08-06,4.488686394526672e-05,4.947783290843435e-05
1679,2014-08-07,5.050175837916193e-05,4.7958012807145925e-05
1680,2014-08-08,8.256038089357645e-05,6.486047647640834e-05
1681,2014-08-11,5.418194534010615e-05,5.93587921648325e-05
1682,2014-08-12,0.00010773983820640685,7.033513495087244e-05
1683,2014-08-13,2.2612546133148158e-05,6.432420723706723e-05
1684,2014-08-14,2.3746832864010017e-05,6.726969317882656e-05
1685,2014-08-18,5.721584613897115e-05,6.563980326492013e-05
1686,2014-08-19,1.890693869690434e-05,6.310854860064727e-05
1687,2014-08-20,2.3942181655176695e-05,6.544657699438089e-05
1688,2014-08-21,2.1994579752111335e-05,5.2137704937162916e-05
1689,2014-08-22,8.018817445829827e-06,4.9660921268117886e-05
1690,2014-08-25,3.562272788183607e-05,5.217020845363537e-05
1691,2014-08-26,3.129466935463767e-05,4.259336705526557e-05
1692,2014-08-27,1.8592275779778118e-05,3.9703406565884335e-05
1693,2014-08-28,5.462351336726803e-06,3.864734372529685e-05
1694,2014-09-01,3.3992239847295314e-05,3.162411074737055e-05
1695,2014-09-02,2.52511898750872e-05,3.503706497313052e-05
1696,2014-09-03,2.4510109262627755e-05,3.574353639833876e-05
1697,2014-09-04,2.0711915637170884e-05,3.3299242942523934e-05
1698,2014-09-05,2.8087947151732716e-05,2.5881481234789358e-05
1699,2014-09-08,4.706957623748157e-05,3.3688620113944095e-05
1700,2014-09-09,1.4594219032556692e-05,3.161453605409367e-05
1701,2014-09-10,1.997352662957379e-05,3.067706042326085e-05
1702,2014-09-11,3.327498252797999e-05,2.921205423761344e-05
1703,2014-09-12,9.492124936656476e-06,3.3198072511507123e-05
1704,2014-09-15,3.052621349136115e-05,3.491688980224379e-05
1705,2014-09-16,7.63602248658151e-05,2.9589042574178887e-05
1706,2014-09-17,4.054262234788455e-05,2.952551745124268e-05
1707,2014-09-18,0.00018198655376170275,3.13819066727121e-05
1708,2014-09-19,1.982754530507633e-05,2.5254646579905105e-05
1709,2014-09-22,6.697641543487955e-05,2.652279643890175e-05
1710,2014-09-23,0.00011882125084648302,3.316587774592924e-05
1711,2014-09-24,4.7288651017243584e-05,3.336634800842663e-05
1712,2014-09-25,0.00010844941494327255,4.407645913261258e-05
1713,2014-09-26,0.00013488960442982617,3.792195856040244e-05
1714,2014-09-29,1.907532567093948e-05,4.59847689126089e-05
1715,2014-09-30,6.973350192414502e-05,5.144314392967523e-05
1716,2014-10-01,9.34555794725795e-06,4.950893464833943e-05
1717,2014-10-07,9.73829070250917e-05,5.240930519676408e-05
1718,2014-10-08,2.5930949196920314e-05,6.28868313607382e-05
1719,2014-10-09,7.129703909243559e-05,4.797979377396948e-05
1720,2014-10-10,6.974247911380969e-05,5.4920020923448544e-05
1721,2014-10-13,7.511288003279701e-05,3.9838103566639165e-05
1722,2014-10-14,8.699292965448741e-05,5.0396311931512186e-05
1723,2014-10-16,0.0001663746979962373,3.9962642014711374e-05
1724,2014-10-17,5.8236527665006154e-05,4.925163421496517e-05
1725,2014-10-20,0.00023754131638746397,5.0047427458018516e-05
1726,2014-10-21,3.4825864730978764e-05,5.877421613752755e-05
1727,2014-10-22,8.322313376681591e-05,6.116299417517611e-05
1728,2014-10-27,0.00010544580955420249,7.685037371218342e-05
1729,2014-10-28,1.1314447610420787e-05,6.958966516409569e-05
1730,2014-10-29,4.983307825798344e-05,9.152992356514114e-05
1731,2014-10-30,4.855347241876984e-05,7.279817354735619e-05
1732,2014-10-31,0.00010230703888253411,7.878299618514783e-05
1733,2014-11-03,2.5894349453500946e-05,7.96180654181994e-05
1734,2014-11-05,1.8969582141302757e-05,5.478763005605229e-05
1735,2014-11-07,2.5608786688703393e-05,5.762756577122088e-05
1736,2014-11-10,2.943124268737388e-05,5.8347229314963735e-05
1737,2014-11-11,1.7953880331709062e-05,6.32744037357255e-05
1738,2014-11-12,1.56144636724145e-05,4.9881298621692734e-05
1739,2014-11-13,4.9134854746346504e-05,4.836921597407947e-05
1740,2014-11-14,1.3934101843581429e-05,4.603818285992069e-05
1741,2014-11-17,4.165798636457358e-05,4.5395000517695175e-05
1742,2014-11-18,1.208578633208316e-05,3.7470564617225456e-05
1743,2014-11-19,4.602896464275173e-05,3.596214787997659e-05
1744,2014-11-20,3.322769116505292e-05,4.2266978680490224e-05
1745,2014-11-21,3.976184010529932e-05,3.550726439385875e-05
1746,2014-11-24,1.1624162404401433e-05,3.993708473897859e-05
1747,2014-11-25,5.600705433968975e-05,3.330658905557153e-05
1748,2014-11-26,2.06213937110572e-05,4.0345721456252474e-05
1749,2014-11-27,1.2117414308236169e-05,3.732938103420154e-05
1750,2014-11-28,5.694780736391465e-05,3.960753265149109e-05
1751,2014-12-01,3.153500744851948e-05,3.1349475570137105e-05
1752,2014-12-02,1.982645229063053e-05,3.924007240738124e-05
1753,2014-12-03,7.550553316304203e-06,3.343982890280644e-05
1754,2014-12-04,7.290752972708575e-05,2.848647814743973e-05
1755,2014-12-05,2.4854830925087088e-05,3.337681489200617e-05
1756,2014-12-08,6.102707385566328e-05,3.453881652207551e-05
1757,2014-12-09,6.248226631823297e-05,3.0269519566153245e-05
1758,2014-12-10,2.6439961999857177e-05,2.49461217173992e-05
1759,2014-12-11,3.2478054258346585e-05,3.4585361194302876e-05
1760,2014-12-12,5.6600643001756915e-05,2.9546726805728413e-05
1761,2014-12-15,0.00010102294422573171,3.441766435614437e-05
1762,2014-12-16,0.00012814461713184065,3.81217823409505e-05
1763,2014-12-17,8.946010573640847e-05,3.8407353740163186e-05
1764,2014-12-18,0.00022976442552691202,3.7526379663908344e-05
1765,2014-12-19,9.131943327663167e-05,4.307330338892044e-05
1766,2014-12-22,6.65240387553336e-05,4.782393849315976e-05
1767,2014-12-23,6.351206694444926e-05,5.369343461868513e-05
1768,2014-12-24,8.589358704378768e-05,5.743641863737071e-05
1769,2014-12-26,5.3590536801715146e-05,7.621639393553184e-05
1770,2014-12-29,2.8428072871672302e-05,7.317825880128052e-05
1771,2014-12-30,1.5849487905049692e-05,6.961721385081421e-05
1772,2014-12-31,1.1596940191725247e-05,6.623578231091294e-05
1773,2015-01-02,7.357351876617532e-05,7.03053748619485e-05
1774,2015-01-05,3.5989439085084444e-05,6.086378614281813e-05
1775,2015-01-06,0.00027609765849871475,5.323706293952993e-05
1776,2015-01-07,3.819099671287993e-05,4.608167280511696e-05
1777,2015-01-08,0.0001500405610192745,3.862549751523481e-05
1778,2015-01-09,0.00012737836777817162,4.630536199276951e-05
1779,2015-01-12,4.35135394615271e-05,4.2777392377201796e-05
1780,2015-01-13,4.778889321042274e-05,6.479538058686865e-05
1781,2015-01-14,4.21317054643773e-05,5.635553531287965e-05
1782,2015-01-15,0.00041012050956495743,7.88258634759372e-05
1783,2015-01-16,3.517646507964464e-05,8.191627194455278e-05
1784,2015-01-19,2.5087888283839763e-05,7.437170313523673e-05
1785,2015-01-20,8.931209625429357e-05,6.734866566079277e-05
1786,2015-01-21,2.087295271001932e-05,6.734687974661696e-05
1787,2015-01-22,1.3277142411107234e-05,9.304578408650739e-05
1788,2015-01-23,7.861520145960375e-05,6.6138083807444e-05
1789,2015-01-27,6.223160171143854e-05,5.982870014008624e-05
1790,2015-01-28,5.8983802590985385e-05,7.014149250028276e-05
1791,2015-01-29,5.137241061550241e-05,5.5803764835815816e-05
1792,2015-01-30,0.00023870723700057433,4.089393953080894e-05
1793,2015-02-02,3.514000506848271e-05,5.110110263911864e-05
1794,2015-02-03,6.259600132856114e-05,5.311896090925156e-05
1795,2015-02-04,4.916107132732724e-05,5.1038787792449156e-05
1796,2015-02-05,0.00012960945885987155,5.350320895019059e-05
1797,2015-02-06,3.2354239051949557e-05,7.789688520821958e-05
1798,2015-02-09,0.00011585356644647029,6.306390768774153e-05
1799,2015-02-10,0.00019616469069271345,6.872898351532289e-05
1800,2015-02-11,3.547711857170965e-05,6.5982092815125e-05
1801,2015-02-12,0.0001253596885087069,7.845679657080054e-05
1802,2015-02-13,4.902545649378274e-05,5.8120153931156585e-05
1803,2015-02-16,3.5741095399288514e-05,7.211432123192125e-05
1804,2015-02-18,3.3327057965813676e-05,8.197413520376256e-05
1805,2015-02-19,8.314754616560646e-05,6.717105833170215e-05
1806,2015-02-20,3.06205347759592e-05,7.647562603572626e-05
1807,2015-02-23,8.367705781034452e-05,7.243545435272464e-05
1808,2015-02-24,2.7849344688389868e-05,6.489710993671403e-05
1809,2015-02-25,5.6873191224504475e-05,5.438553620345828e-05
1810,2015-02-26,6.212378411824259e-05,6.348133738227424e-05
1811,2015-02-27,0.00011237909048448472,5.310965978739296e-05
1812,2015-03-02,0.00019356915150146192,6.00805248918573e-05
1813,2015-03-03,3.139930867593138e-05,5.402268031771577e-05
1814,2015-03-04,0.0003677309038820845,6.135543436264153e-05
1815,2015-03-05,6.454344069911869e-05,6.046288322660863e-05
1816,2015-03-09,0.0001273967542080992,7.032491956149445e-05
1817,2015-03-10,4.959678807187048e-05,7.998644621126919e-05
1818,2015-03-11,2.7429716880118125e-05,6.789991307787613e-05
1819,2015-03-12,3.467581608528639e-05,9.647098331270249e-05
1820,2015-03-13,0.0002704753567907414,8.372782063814928e-05
1821,2015-03-16,1.3827843434115508e-05,9.106811261432668e-05
1822,2015-03-17,0.00010326442829603825,7.645992663104615e-05
1823,2015-03-18,3.69992076451329e-05,6.978075902635066e-05
1824,2015-03-19,0.00018762456748991593,6.0919026244595565e-05
1825,2015-03-20,2.7580775320383053e-05,8.159446143089804e-05
1826,2015-03-23,2.683027813190103e-05,5.158897432617013e-05
1827,2015-03-24,7.176242701163793e-05,6.572236743932725e-05
1828,2015-03-25,2.458817708990546e-05,5.9863093301281624e-05
1829,2015-03-26,0.00018724093855436563,7.914924063089695e-05
1830,2015-03-27,0.00015485791936419,5.7288920394422004e-05
1831,2015-03-30,9.470236541395092e-05,5.953510692473342e-05
1832,2015-03-31,6.0650568966144405e-05,6.314317938026356e-05
1833,2015-04-01,8.93114226047477e-05,5.5758585443811014e-05
1834,2015-04-06,5.6439692704036885e-05,6.756231567888975e-05
1835,2015-04-07,7.685276752996087e-05,7.711939965308204e-05
1836,2015-04-08,3.109705179661832e-05,8.12151489189075e-05
1837,2015-04-09,8.815556206611552e-05,7.720255397316543e-05
1838,2015-04-10,1.7550813573634988e-05,8.654423832091452e-05
1839,2015-04-13,3.741084960999257e-05,7.481239650714858e-05
1840,2015-04-16,0.0001486608826004196,7.468173242887815e-05
1841,2015-04-17,4.931829182321237e-05,6.105892615215215e-05
1842,2015-04-20,0.00018567828618240917,6.891915293556706e-05
1843,2015-04-21,8.170613390555016e-05,5.17294838045842e-05
1844,2015-04-22,0.00017954469784359269,5.3509435159592244e-05
1845,2015-04-23,0.00012930367674925596,6.524692970461884e-05
1846,2015-04-24,9.793714691745571e-05,6.15982846619797e-05
1847,2015-04-27,9.576315429703222e-05,7.207167547534564e-05
1848,2015-04-28,7.433860387005321e-05,7.689968291316781e-05
1849,2015-04-29,4.093339408696172e-05,9.227755686799239e-05
1850,2015-04-30,4.402156089475837e-05,9.104165414211526e-05
1851,2015-05-04,0.0001124248703259602,9.15778013166377e-05
1852,2015-05-05,3.0990690876496196e-05,8.986126244120405e-05
1853,2015-05-06,0.00031179551892247044,8.909798202146571e-05
1854,2015-05-07,8.727166027041195e-05,7.610211102396377e-05
1855,2015-05-08,0.00013859538104976207,7.228363399104571e-05
1856,2015-05-11,9.743543007084546e-05,7.83069596153752e-05
1857,2015-05-12,0.00022463240334384313,6.300780229595388e-05
1858,2015-05-13,0.00020625323549189895,8.648505617997328e-05
1859,2015-05-14,8.24246580557635e-05,8.210526301010125e-05
1860,2015-05-15,2.6310945204732785e-05,9.287704720235948e-05
1861,2015-05-18,6.899631527605671e-05,9.015211233532003e-05
1862,2015-05-19,5.261961018324144e-05,0.00011252607178190423
1863,2015-05-20,2.2829073084941088e-05,0.00011296289183410358
1864,2015-05-21,2.414237541014486e-05,0.0001036711245444468
1865,2015-05-22,2.5501702261963718e-05,8.506689110589932e-05
1866,2015-05-25,3.50276192690836e-05,9.154619678707712e-05
1867,2015-05-26,1.8725837673080865e-05,7.979338814208809e-05
1868,2015-05-27,4.094153514454989e-05,6.338500051023544e-05
1869,2015-05-28,4.871027407816404e-05,5.645816493355788e-05
1870,2015-05-29,9.304003277127866e-05,5.5247317246623755e-05
1871,2015-06-01,2.371150786998265e-05,5.271823022132509e-05
1872,2015-06-02,0.0002361005883306805,4.475666805359403e-05
1873,2015-06-03,0.00010900470512881019,4.91493083337792e-05
1874,2015-06-04,8.372240969698445e-05,5.1516440344398314e-05
1875,2015-06-05,5.9301275150551296e-05,5.947367482682809e-05
1876,2015-06-08,5.3642904399988655e-05,5.077008799959046e-05
1877,2015-06-09,1.9570050644037274e-05,7.557535720724091e-05
1878,2015-06-10,8.858062008634898e-05,7.472789719897883e-05
1879,2015-06-11,0.00023501331714784377,7.712601224219609e-05
1880,2015-06-12,1.6705873029282063e-05,7.033695485750505e-05
1881,2015-06-15,6.599250247386287e-05,7.247675784163873e-05
1882,2015-06-16,7.073855174102399e-05,5.45268254860612e-05
1883,2015-06-17,6.0354590226117315e-05,6.138062348399261e-05
1884,2015-06-18,4.4063286442584754e-05,7.136030474737578e-05
1885,2015-06-19,2.7449904661769874e-05,4.9612066757381875e-05
1886,2015-06-22,7.957651256819789e-05,5.635801261014414e-05
1887,2015-06-23,3.059839811082312e-05,6.271628006301499e-05
1888,2015-06-24,3.668220214724991e-05,6.017441811264607e-05
1889,2015-06-25,5.204672865196496e-05,5.256045801061453e-05
1890,2015-06-26,2.5972197583484507e-05,5.2184807981967276e-05
1891,2015-06-29,0.000355254595601148,5.9440683457367185e-05
1892,2015-06-30,3.041406172986916e-05,5.213232328496201e-05
1893,2015-07-01,6.173211111437635e-05,5.141078515080739e-05
1894,2015-07-02,1.496779267575842e-05,5.477857374577186e-05
1895,2015-07-03,2.562161555750091e-05,5.0737807987116686e-05
1896,2015-07-06,0.00023982830913691668,7.331363803222903e-05
1897,2015-07-07,2.7819083140789686e-05,5.737456678825213e-05
1898,2015-07-08,0.00013530702148506092,6.448174131245265e-05
1899,2015-07-09,3.2626359665908075e-05,4.945859369229724e-05
1900,2015-07-10,4.326794607343393e-05,5.034033615869752e-05
1901,2015-07-13,8.696204384090107e-05,6.192365769094035e-05
1902,2015-07-14,1.8201834716604407e-05,4.9560611142568125e-05
1903,2015-07-15,2.3361525524894508e-05,6.149042549937648e-05
1904,2015-07-16,3.150181031464104e-05,5.6953833889562784e-05
1905,2015-07-17,1.4352060068806768e-05,5.942206741916933e-05
1906,2015-07-20,3.043760048518548e-05,5.8349398587652514e-05
1907,2015-07-21,8.014261936021023e-05,4.911753004644716e-05
1908,2015-07-22,0.00010089781901567727,4.4259008784874965e-05
1909,2015-07-23,3.1125360139693645e-05,4.4693782129375405e-05
1910,2015-07-24,2.6696635622930395e-05,3.765307823284917e-05
1911,2015-07-27,0.00010686359000636697,3.758440417174082e-05
1912,2015-07-28,2.9212392036094103e-05,4.616883693547628e-05
1913,2015-07-29,2.252215057308359e-05,5.17327502301796e-05
1914,2015-07-30,4.0576095567314634e-05,4.62930106852317e-05
1915,2015-07-31,6.418441437603768e-05,4.706073868300431e-05
1916,2015-08-03,2.2574351721095392e-05,5.8664555315697024e-05
1917,2015-08-04,8.964738352800938e-05,4.90263554918411e-05
1918,2015-08-05,2.4615597321679783e-05,4.123538536099442e-05
1919,2015-08-06,1.905231740531686e-05,4.44733160747769e-05
1920,2015-08-07,9.314383824986235e-06,4.891861157025948e-05
1921,2015-08-10,7.26413508783145e-05,4.0728948128526726e-05
1922,2015-08-11,6.938330122236919e-05,5.0818657833291855e-05
1923,2015-08-12,6.13592659833774e-05,4.327054218233563e-05
1924,2015-08-13,5.9309324334472715e-05,4.006979119553044e-05
1925,2015-08-14,0.00013546791087790203,3.1551364844413155e-05
1926,2015-08-17,6.178426459052645e-05,4.155527258177945e-05
1927,2015-08-18,5.1296629069836185e-05,4.119647361265069e-05
1928,2015-08-19,4.2515021349880646e-05,4.276741742252703e-05
1929,2015-08-20,0.00010387511400533812,4.684980926459718e-05
1930,2015-08-21,0.00012711011419462673,6.170705190576611e-05
1931,2015-08-24,0.0013520628693333727,5.784530077369981e-05
1932,2015-08-25,0.000667813590770154,5.770588359046364e-05
1933,2015-08-26,0.00014304142668874822,5.607358237975854e-05
1934,2015-08-27,0.0003375640267061066,6.327903575712308e-05
1935,2015-08-28,0.0002586106482247532,6.464591132532713e-05
1936,2015-08-31,4.888003395205379e-05,0.00010527328470721307
1937,2015-09-01,0.000247108875940795,0.00012365049005055135
1938,2015-09-02,0.0002313197964533763,0.00011779593766938142
1939,2015-09-03,0.00010088671386238143,0.00014478571928470334
1940,2015-09-04,0.00018975369240956618,0.00015516235144139967
1941,2015-09-07,0.0001628620953956971,0.00010882485252333479
1942,2015-09-08,0.0002043335916802823,0.0001210357017714089
1943,2015-09-09,0.00026751670975037987,0.00013028617061412295
1944,2015-09-10,0.0002451359515656522,0.00011240817792415574
1945,2015-09-11,9.412195411011974e-05,0.00012138606970941087
1946,2015-09-14,9.310746863464806e-05,0.00013530543333964838
1947,2015-09-15,3.672707704348231e-05,0.00014501053363549053
1948,2015-09-16,7.543178773065622e-05,0.00015369265165408817
1949,2015-09-18,0.0001441369520909911,0.0001656998556493939
1950,2015-09-21,0.00011252326537739795,0.00014698097375694626
1951,2015-09-22,0.0003193431026065911,0.00014284296913798952
1952,2015-09-23,0.00023501244182702103,0.00011490233760290758
1953,2015-09-24,4.523559939103229e-05,0.00011310206634199131
1954,2015-09-28,7.158963959658123e-05,0.00011771935646453807
1955,2015-09-29,0.00039564829638239775,0.00011880330937397851
1956,2015-09-30,0.00015087734948367868,0.0001443594651795107
1957,2015-10-01,6.0954749958232444e-05,0.0001607434496807837
1958,2015-10-05,0.00012634461109648092,0.0001260351011586494
1959,2015-10-06,0.00010756752627654758,0.00011965501959433606
1960,2015-10-07,1.637802254859315e-05,0.00015336086156745004
1961,2015-10-08,5.007241026432658e-05,0.0001321371155311069
1962,2015-10-09,9.110368988195907e-05,0.00010888710650893203
1963,2015-10-12,9.370809663885584e-05,0.00012612126564872235
1964,2015-10-13,2.7238734360904002e-05,0.00012568548902025452
1965,2015-10-14,2.5481187529088807e-05,8.256256786257956e-05
1966,2015-10-15,2.9410302550683662e-05,8.292514209863323e-05
1967,2015-10-16,5.824731985438818e-05,8.813822349528195e-05
1968,2015-10-19,1.9212687542290223e-05,8.561265172206578e-05
1969,2015-10-20,2.2496119568669852e-05,6.745026777131776e-05
1970,2015-10-21,2.9068224947047548e-05,6.577613414461259e-05
1971,2015-10-23,5.75211698991741e-05,6.151340735065996e-05
1972,2015-10-26,5.610158039336719e-05,6.266830617100866e-05
1973,2015-10-27,1.65259615441985e-05,4.965712201626081e-05
1974,2015-10-28,6.015520198992027e-05,4.9046065872467086e-05
1975,2015-10-29,3.452157526350421e-05,4.967601884242351e-05
1976,2015-10-30,5.4710821240090346e-05,5.408710263380395e-05
1977,2015-11-02,3.599663396196075e-05,5.310556284886017e-05
1978,2015-11-03,4.453541587065245e-05,4.4644563781296355e-05
1979,2015-11-04,7.050346109648479e-05,5.1905713360980935e-05
1980,2015-11-05,4.219682723124977e-05,4.983317627336495e-05
1981,2015-11-06,3.211044708876137e-05,5.138076122625156e-05
1982,2015-11-09,0.0005953339680919314,4.5868106366042895e-05
1983,2015-11-10,9.20156791532642e-05,4.89190481954671e-05
1984,2015-11-13,1.9885919470693536e-05,5.160771154073375e-05
1985,2015-11-16,0.00010100041233433531,4.896155867727342e-05
1986,2015-11-17,5.937591546826456e-05,4.509832798323317e-05
1987,2015-11-18,8.201301901045803e-05,7.501781571342735e-05
1988,2015-11-19,9.781723620328319e-05,6.809949845250616e-05
1989,2015-11-20,4.6105500541230134e-05,5.3285769928448046e-05
1990,2015-11-23,1.8812203701885176e-05,6.499968471718121e-05
1991,2015-11-24,2.140979610986634e-05,6.560744331751242e-05
1992,2015-11-26,2.381473014317228e-05,6.0247752290297996e-05
1993,2015-11-27,4.636920871367446e-05,6.282501645295277e-05
1994,2015-11-30,1.1974241437363895e-05,6.203854750226158e-05
1995,2015-12-01,1.608022337715691e-05,5.120513627967071e-05
1996,2015-12-02,3.404362052551517e-05,4.82395365916283e-05
1997,2015-12-03,3.219020623030225e-05,4.466290020385939e-05
1998,2015-12-04,4.681961269987729e-05,4.485369287101806e-05
1999,2015-12-07,5.506061535323278e-05,3.5320230872486446e-05
2000,2015-12-08,5.441377279051063e-05,3.589499128821293e-05
2001,2015-12-09,5.36894061664853e-05,3.911253610824297e-05
2002,2015-12-10,5.790326562641308e-05,3.967450124886698e-05
2003,2015-12-11,0.00010390936136401282,4.09280279522792e-05
2004,2015-12-14,0.00012185342326024105,4.635916448881201e-05
2005,2015-12-15,4.2646101499463705e-05,5.040157380675635e-05
2006,2015-12-16,3.186805890317743e-05,5.156211821911089e-05
2007,2015-12-17,9.753174239562226e-05,5.42469170577701e-05
2008,2015-12-18,4.1872754355688024e-05,6.165307052356504e-05
2009,2015-12-21,6.857339416277175e-05,6.374071377569195e-05
2010,2015-12-22,2.7116792381057615e-05,5.629508531596166e-05
2011,2015-12-23,4.348978139250286e-05,5.34630795650809e-05
2012,2015-12-24,2.713665262656863e-05,6.103202717686237e-05
2013,2015-12-28,3.053866634401791e-05,5.2938311793949316e-05
2014,2015-12-29,9.352071989227194e-06,5.3074387168559325e-05
2015,2015-12-30,1.7633378140393515e-05,4.615821015313593e-05
2016,2015-12-31,2.224753570518237e-05,4.89863327737787e-05
2017,2016-01-04,0.00014123263101455827,4.3553249871233894e-05
2018,2016-01-05,4.983607103744371e-05,4.351040168686574e-05
2019,2016-01-06,3.5673621375061115e-05,3.382268986019928e-05
2020,2016-01-07,0.00015923411786668228,3.4134744808362455e-05
2021,2016-01-08,4.8711148222142705e-05,3.392007879900368e-05
2022,2016-01-11,0.0001670431321636687,4.6432485693835714e-05
2023,2016-01-12,7.188899457922955e-05,4.415617475705404e-05
2024,2016-01-13,0.0002630243339003127,4.6709515816154685e-05
2025,2016-01-14,0.0003229341494367375,6.308131564853678e-05
2026,2016-01-15,0.00012753641301630947,5.940996461204446e-05
2027,2016-01-18,0.00010882534618260898,6.890396467558173e-05
2028,2016-01-19,7.694960516700029e-05,6.565834198093107e-05
2029,2016-01-20,0.0004449573120843804,8.656065253893246e-05
2030,2016-01-21,0.00022217704314091114,9.488590276081253e-05
2031,2016-01-22,0.0001867615737241662,9.273552407294394e-05
2032,2016-01-25,6.475780849176803e-05,9.082652609144546e-05
2033,2016-01-27,4.104707141582139e-05,8.975519220534968e-05
2034,2016-01-28,2.7639348211697534e-05,0.00011271956994406459
2035,2016-01-29,0.00018215279944026078,0.00010613464696789279
2036,2016-02-01,3.218971131348542e-05,0.00010928734713753147
2037,2016-02-02,0.00013499591349292093,9.721436796162499e-05
2038,2016-02-03,0.00010272822982845885,8.954128424105653e-05
2039,2016-02-04,9.536826633909631e-05,7.257264339357852e-05
2040,2016-02-05,5.9928644335170505e-05,8.86250772923852e-05
2041,2016-02-08,0.0001349805045889111,6.926740505461933e-05
2042,2016-02-09,0.00014313781740978308,8.638510035381809e-05
2043,2016-02-10,8.402746999728743e-05,9.209793747311304e-05
2044,2016-02-11,0.00042077368343724364,9.802800638227048e-05
2045,2016-02-12,0.0003039061421138834,8.799256594302144e-05
2046,2016-02-15,0.0002264247443181613,0.00010667868084587112
2047,2016-02-16,0.00021479024505558647,0.00010746675748786263
2048,2016-02-17,0.00022613772497907494,0.00010218319979028114
2049,2016-02-18,0.00014654982800122558,0.00013267592982540318
2050,2016-02-19,5.132939222976852e-05,0.0001466724956734725
2051,2016-02-22,1.767264568990166e-05,0.00014675093409916658
2052,2016-02-23,0.00015248008279441632,0.0001480930338850474
2053,2016-02-24,6.828333169892548e-05,0.00016002169968374756
2054,2016-02-25,3.911490488780018e-05,0.00014476364714543726
2055,2016-02-26,0.00013350486442166348,0.00011667331328337887
2056,2016-02-29,0.0005983383966640252,8.46898204009165e-05
2057,2016-03-01,0.00032093777058366684,0.00010044149733091278
2058,2016-03-02,0.00021917913336726315,8.514673504927766e-05
2059,2016-03-03,0.00010520024580578395,7.401473474351513e-05
2060,2016-03-04,4.829090722898051e-05,8.984098668633475e-05
2061,2016-03-08,4.262258953957116e-05,0.00013562421272737173
2062,2016-03-09,0.00012282000616524786,0.00013551519423378732
2063,2016-03-10,7.032245915657246e-05,0.00014650014661947615
2064,2016-03-11,4.1384059138106564e-05,0.00014511059550412146
2065,2016-03-14,4.7546839006266015e-05,0.00012504486775744938
2066,2016-03-15,5.12708465459473e-05,0.00010344585289129009
2067,2016-03-16,7.42388178265465e-05,0.00010899975059188753
2068,2016-03-17,0.00012646295014095797,9.54476471395517e-05
2069,2016-03-18,6.261459533754061e-05,8.38441499477014e-05
2070,2016-03-21,5.697008726745507e-05,8.377558624037636e-05
2071,2016-03-22,4.94654765433524e-05,8.156554486447528e-05
2072,2016-03-23,2.5167907029533643e-05,7.940479721790514e-05
2073,2016-03-28,0.0001615698704365097,8.516279964357401e-05
2074,2016-03-29,3.529716438786733e-05,7.991942239507893e-05
2075,2016-03-30,0.00010565922719085044,7.779643403179243e-05
2076,2016-03-31,3.3443709466839964e-05,7.493760563807378e-05
2077,2016-04-01,4.091117681144208e-05,6.498648467484897e-05
2078,2016-04-04,2.973926771530277e-05,8.182009437729947e-05
2079,2016-04-05,0.00013519414061645017,6.666518722434211e-05
2080,2016-04-06,3.347044458013066e-05,7.716568281337604e-05
2081,2016-04-07,5.794978931343225e-05,6.767959404049141e-05
2082,2016-04-08,1.0874569361629457e-05,6.92558833393127e-05
2083,2016-04-11,0.00017706142211848877,5.691392619616659e-05
2084,2016-04-12,1.6681064872019508e-05,6.963010084275645e-05
2085,2016-04-13,0.0001252172908954354,5.5017929480586084e-05
2086,2016-04-18,0.00010468545198990556,5.904575491597694e-05
2087,2016-04-20,5.5208979710117805e-05,4.5535039235128727e-05
2088,2016-04-21,7.10730800349876e-05,6.696639767204548e-05
2089,2016-04-22,1.99623684016149e-05,4.587560770444355e-05
2090,2016-04-25,3.895404586390491e-05,6.0142837333467504e-05
2091,2016-04-26,0.0001370044039759001,6.253394625801736e-05
2092,2016-04-27,2.068757524224609e-05,6.552026368694574e-05
2093,2016-04-28,0.00013627981297136617,6.374368414590134e-05
2094,2016-04-29,5.571475301346533e-05,5.599750238996078e-05
2095,2016-05-02,2.9462393969404483e-05,5.402072773186462e-05
2096,2016-05-03,0.0001521669472434585,6.245484919963533e-05
2097,2016-05-04,2.4920300953003118e-05,4.860828656648427e-05
2098,2016-05-05,3.929030051228988e-05,6.127332526484095e-05
2099,2016-05-06,3.213054794082273e-05,6.109747807203121e-05
2100,2016-05-09,8.808796784670366e-05,5.4690198535682604e-05
2101,2016-05-10,2.3464955275724925e-05,6.586473445514906e-05
2102,2016-05-11,0.00018245556715020087,5.489280510895783e-05
2103,2016-05-12,3.202490128655026e-05,5.3226478541546675e-05
2104,2016-05-13,6.227030984130201e-05,5.027344238277217e-05
2105,2016-05-16,7.178808262500464e-05,6.013853931620138e-05
2106,2016-05-17,4.56832209245676e-05,4.5997815496096534e-05
2107,2016-05-18,6.175159144494807e-05,6.455342637593085e-05
2108,2016-05-19,6.779048887299967e-05,5.3990010658173586e-05
2109,2016-05-20,3.3861458115398054e-05,6.184723354603335e-05
2110,2016-05-23,0.00012224288071093295,6.066778936364173e-05
2111,2016-05-24,1.288117024794707e-05,6.205009866920886e-05
2112,2016-05-25,0.00016055763080611183,5.868908793042776e-05
2113,2016-05-26,0.00011989646727705564,6.144586924022296e-05
2114,2016-05-27,4.1208445986290707e-05,5.5109803802001695e-05
2115,2016-05-30,1.3592082987709081e-05,6.455754187285031e-05
2116,2016-05-31,4.8490252105563725e-05,4.843958505616724e-05
2117,2016-06-01,1.8753651476179225e-05,6.608827904550591e-05
2118,2016-06-02,3.63558102400851e-05,6.639880318114732e-05
2119,2016-06-03,2.439437973920095e-05,6.212488148152695e-05
2120,2016-06-06,1.303987214027542e-05,4.692339358956087e-05
2121,2016-06-07,4.804730888345358e-05,5.662767691506714e-05
2122,2016-06-08,1.3371495897300513e-05,4.520792671408703e-05
2123,2016-06-09,4.0877406409710195e-05,4.318172843137689e-05
2124,2016-06-10,8.954539932166314e-05,4.033003402303693e-05
2125,2016-06-13,9.126162994340598e-05,3.7225926343976485e-05
2126,2016-06-14,3.7812253788206125e-05,4.220424672614972e-05
2127,2016-06-15,5.539648235023135e-05,3.547246432770858e-05
2128,2016-06-16,8.868189364461141e-05,3.993450857613945e-05
2129,2016-06-17,3.811188477188464e-05,4.5712073026165524e-05
2130,2016-06-20,0.0001394030975086836,5.2648949540371395e-05
2131,2016-06-21,2.0417016972501297e-05,4.753108481245971e-05
2132,2016-06-22,3.948027088124554e-05,5.3261143970029844e-05
2133,2016-06-23,4.687577659536303e-05,5.900834189273557e-05
2134,2016-06-24,0.0010747527719417458,5.142309500492507e-05
2135,2016-06-27,7.456208987425926e-05,6.0305317576097634e-05
2136,2016-06-28,1.8341631880991232e-05,4.853452598662109e-05
2137,2016-06-29,4.5980027449384634e-05,4.913928924659332e-05
2138,2016-06-30,6.784711538201632e-05,4.931116577531774e-05
2139,2016-07-01,2.304761150331385e-05,8.315229590676463e-05
2140,2016-07-04,4.008862792599392e-05,6.235428790043459e-05
2141,2016-07-05,2.0136567407189245e-05,5.394125339476606e-05
2142,2016-07-07,9.819472436319561e-06,6.030641362475301e-05
2143,2016-07-08,2.7825822998420287e-05,6.405062997899968e-05
2144,2016-07-11,0.00013801895240212096,4.6463123197612355e-05
2145,2016-07-12,2.8486557981032518e-05,4.718701244326002e-05
2146,2016-07-13,2.1037047073433698e-05,4.444626834685845e-05
2147,2016-07-14,2.350939535694882e-05,3.777706463357634e-05
2148,2016-07-15,3.250927520661815e-05,3.880349733486717e-05
2149,2016-07-18,4.668227269336318e-05,5.2309351106384326e-05
2150,2016-07-19,2.1882063277176554e-05,4.418678180643686e-05
2151,2016-07-20,1.7595107668755524e-05,4.176925681538359e-05
2152,2016-07-21,3.490728272629007e-05,4.313297299784966e-05
2153,2016-07-22,1.946582751808911e-05,4.466026817461984e-05
2154,2016-07-25,7.694342589089843e-05,4.302551345001221e-05
2155,2016-07-26,2.0753208848654285e-05,3.844360402230362e-05
2156,2016-07-27,4.153405239846423e-05,3.665508821455103e-05
2157,2016-07-28,1.696096909233357e-05,3.8763250778334596e-05
2158,2016-07-29,7.072370690967523e-06,3.559535140068141e-05
2159,2016-08-01,6.821966807165238e-05,4.200838742185959e-05
2160,2016-08-02,3.0506021789603598e-05,3.659044773329853e-05
2161,2016-08-03,5.4354611269130414e-05,3.8277838596372444e-05
2162,2016-08-04,7.735314820156566e-05,3.2761339511277457e-05
2163,2016-08-05,7.731974485430207e-05,2.795698577048245e-05
2164,2016-08-08,1.4619016476037752e-05,3.4344243161001454e-05
2165,2016-08-09,4.632293855126e-05,3.2128265750811285e-05
2166,2016-08-10,7.268890570004142e-05,3.501162847788883e-05
2167,2016-08-11,1.945939988201039e-05,4.021133347754741e-05
2168,2016-08-16,0.00011563779223880649,4.775590486846817e-05
2169,2016-08-17,1.8180236176449822e-05,3.793639027272454e-05
2170,2016-08-18,1.8292324381145646e-05,4.349652649062837e-05
2171,2016-08-19,1.807817553001664e-05,4.539612070581564e-05
2172,2016-08-22,2.236352800740794e-05,3.679865217555457e-05
2173,2016-08-23,2.392452847648828e-05,4.5784552272273785e-05
2174,2016-08-24,1.1771692273588226e-05,3.911203418505699e-05
2175,2016-08-25,4.925849890217197e-05,3.646934245009733e-05
2176,2016-08-26,3.353896917991387e-05,3.285908274368194e-05
2177,2016-08-29,3.214491071474973e-05,3.3786501966498734e-05
2178,2016-08-30,7.325082398911906e-05,3.113070004655233e-05
2179,2016-08-31,2.4144327937051163e-05,2.7857691907552792e-05
2180,2016-09-01,1.2999984480810579e-05,3.426149721194037e-05
2181,2016-09-02,2.026034744216622e-05,3.368389026669564e-05
2182,2016-09-06,6.853435995705669e-05,3.4593988869554234e-05
2183,2016-09-07,2.1291783824156314e-05,4.032958581335376e-05
2184,2016-09-08,1.7958983277533593e-05,3.842573912660593e-05
2185,2016-09-09,3.173210948827549e-05,3.3980708657426546e-05
2186,2016-09-12,0.00024089051674891574,3.340460418012901e-05
2187,2016-09-14,1.1955158208658918e-05,3.9713804189223356e-05
2188,2016-09-15,1.7649770043587715e-05,3.256071465279299e-05
2189,2016-09-16,6.52426724433184e-05,3.0511899970572112e-05
2190,2016-09-19,1.171860469864561e-05,3.3230745337835455e-05
2191,2016-09-20,1.6062935649695664e-05,4.8795306260980406e-05
2192,2016-09-21,2.4533323057762382e-05,3.2867021029851365e-05
2193,2016-09-22,0.00013218035633419912,3.2562134139155456e-05
2194,2016-09-23,2.0488346241283817e-05,4.046936697459508e-05
2195,2016-09-26,4.664363502143284e-05,3.1337933435394377e-05
2196,2016-09-27,3.5395741051868424e-05,2.726161489997945e-05
2197,2016-09-28,1.8934667184038748e-05,2.9707260979455974e-05
2198,2016-09-29,0.00029506375509324724,4.0322078891330566e-05
2199,2016-09-30,3.1401674313975554e-05,3.214972158665946e-05
2200,2016-10-03,9.6854530288184e-05,3.805583987323776e-05
2201,2016-10-04,2.4630760111737668e-05,3.994954899872419e-05
2202,2016-10-05,4.353679404247971e-05,3.6470226323207234e-05
2203,2016-10-06,4.943146151066021e-05,5.090693627964195e-05
2204,2016-10-07,2.2117379924494255e-05,4.298701621609545e-05
2205,2016-10-10,2.6576216792863498e-05,4.977799899199442e-05
2206,2016-10-13,0.00010939120079010076,4.3221215289157885e-05
2207,2016-10-14,2.1618623392652697e-05,4.908362962236574e-05
2208,2016-10-17,6.736106457435898e-05,4.5376068517415036e-05
2209,2016-10-18,9.377857554711356e-05,4.047116490722216e-05
2210,2016-10-19,2.4172242434483355e-05,3.826801746815747e-05
2211,2016-10-20,2.6601762712074737e-05,4.911474184019494e-05
2212,2016-10-21,2.2600112626170614e-05,4.062086949401466e-05
2213,2016-10-24,1.587435923671169e-05,4.434511566292516e-05
2214,2016-10-25,2.0738966466559835e-05,5.1953812858037853e-05
2215,2016-10-26,3.348784512171819e-05,4.631469209446144e-05
2216,2016-10-27,3.5838548993025016e-05,4.2035711030529315e-05
2217,2016-10-28,2.7728112049879886e-05,4.215667309763058e-05
2218,2016-11-01,1.667732878878141e-05,3.747297302152693e-05
2219,2016-11-02,0.00010368951135556168,3.4841796697830985e-05
2220,2016-11-03,2.3859315981004867e-05,3.6003916840511844e-05
2221,2016-11-04,6.032951342812197e-05,3.728900959073175e-05
2222,2016-11-07,0.00015931740586893023,3.654208370011339e-05
2223,2016-11-08,6.288652127112728e-05,3.458833857240599e-05
2224,2016-11-09,0.004401917902383773,4.62158582217502e-05
2225,2016-11-10,0.0002500472060843077,3.793701653186621e-05
2226,2016-11-11,0.00021540238917917674,4.320070076050504e-05
2227,2016-11-15,0.00019494373412594801,5.28808451431572e-05
2228,2016-11-16,0.0002172560679062919,5.368902880462318e-05
2229,2016-11-17,4.575662480025399e-05,0.00010915012721273909
2230,2016-11-18,3.777465405433972e-05,9.929691336147516e-05
2231,2016-11-21,0.00019552438114009966,0.00011014147169263673
2232,2016-11-22,9.701876648388942e-05,0.0001158259929095696
2233,2016-11-23,8.808477548633071e-05,0.0001274144675673642
2234,2016-11-24,3.4548129030991914e-05,8.628213237297009e-05
2235,2016-11-25,0.00014063982439062114,7.487823112614657e-05
2236,2016-11-28,4.987606980993711e-05,8.776794032648093e-05
2237,2016-11-29,3.722627047275546e-05,8.158666174064121e-05
2238,2016-11-30,6.104989927990317e-05,7.879465871060355e-05
2239,2016-12-01,2.712518149821689e-05,7.199117078116556e-05
2240,2016-12-02,6.439450484442685e-05,9.223243439803995e-05
2241,2016-12-05,3.848954738414748e-05,7.921341682154499e-05
2242,2016-12-06,2.1223429583034865e-05,7.317435393080125e-05
2243,2016-12-07,7.392312514070153e-05,7.570766177281084e-05
2244,2016-12-08,9.320237892042395e-05,6.934930851893353e-05
2245,2016-12-09,1.566539152904411e-05,7.386510363777474e-05
2246,2016-12-12,4.4629189843292734e-05,6.780458952796959e-05
2247,2016-12-13,4.142107419485353e-05,6.200927485278414e-05
2248,2016-12-14,2.2952558256033943e-05,7.038436094079205e-05
2249,2016-12-15,0.00011869448904570381,7.617080281015818e-05
2250,2016-12-16,2.3000540661969703e-05,5.80507204890462e-05
2251,2016-12-19,9.95805732950961e-06,5.818632718883928e-05
2252,2016-12-20,1.9873772898833504e-05,5.774864462831477e-05
2253,2016-12-21,2.646922722061369e-05,4.8651271064226816e-05
2254,2016-12-22,4.0245437491215454e-05,5.660785842036866e-05
2255,2016-12-23,3.4516112483404216e-05,4.760409725062073e-05
2256,2016-12-26,3.819431780625482e-05,3.9055959452448254e-05
2257,2016-12-27,0.00010602981968662448,3.923914198496857e-05
2258,2016-12-28,4.0734867884223486e-05,3.897368582944566e-05
2259,2016-12-29,4.248865271212373e-05,3.7242704941793985e-05
2260,2016-12-30,3.8328055072668e-05,3.6895569005130426e-05
2261,2017-01-02,4.8658917316123446e-05,4.042128790609666e-05
2262,2017-01-03,3.069614340482501e-05,4.866654331325689e-05
2263,2017-01-04,8.760079111152476e-06,4.559331866539147e-05
2264,2017-01-05,3.672454055878484e-05,4.5959366872785466e-05
2265,2017-01-06,2.82863669262662e-05,4.535244582376041e-05
2266,2017-01-09,9.76819988238459e-06,4.757248286325955e-05
2267,2017-01-10,1.5774978609482168e-05,4.167299740655611e-05
2268,2017-01-11,4.375820340054775e-05,3.2883225030382454e-05
2269,2017-01-12,7.278796066182223e-06,3.756759945356098e-05
2270,2017-01-13,7.491015943159706e-05,3.523220304250534e-05
2271,2017-01-16,1.4146453316105498e-05,2.776949200777635e-05
2272,2017-01-17,1.8569306627761794e-05,2.7840144105584793e-05
2273,2017-01-18,2.51693371577335e-05,3.353281743569191e-05
2274,2017-01-19,8.008972014563225e-06,2.4952462278757714e-05
2275,2017-01-20,4.643853823998745e-05,3.342683507401639e-05
2276,2017-01-23,3.4568028667580596e-05,2.805526646362573e-05
2277,2017-01-24,3.5922463050167545e-05,2.89169642336292e-05
2278,2017-01-25,7.280821379085595e-05,2.9363017125197226e-05
2279,2017-01-27,2.348924831791798e-05,2.6117653654563396e-05
2280,2017-01-30,9.964372394989812e-06,3.017738716156105e-05
2281,2017-01-31,2.911808868666895e-05,3.079721608812348e-05
2282,2017-02-01,0.0001587482934566071,3.2165934656537036e-05
2283,2017-02-02,2.436789674284356e-05,3.7131461464104377e-05
2284,2017-02-03,8.876817930028001e-06,3.4551887513543114e-05
2285,2017-02-06,3.406681217931385e-05,2.8217834101598027e-05
2286,2017-02-07,2.28352851977605e-05,3.057108504491383e-05
2287,2017-02-08,3.1602699584836655e-05,4.015392992187776e-05
2288,2017-02-09,5.326815296821516e-05,3.124545892243427e-05
2289,2017-02-10,2.6676404852540967e-05,2.6226330313363863e-05
2290,2017-02-13,3.969122507688247e-05,3.281509838470202e-05
2291,2017-02-14,1.4329607345083635e-05,3.088445581142693e-05
2292,2017-02-15,4.277595249296048e-05,2.89540612575784e-05
2293,2017-02-16,2.1509214491655848e-05,3.300773823806692e-05
2294,2017-02-17,0.0001796743463127946,3.3427447503633756e-05
2295,2017-02-20,2.5247211683134655e-05,3.4979138603185595e-05
2296,2017-02-21,1.787765993659879e-05,3.147345215625796e-05
2297,2017-02-22,2.0058054621642804e-05,3.49264951689257e-05
2298,2017-02-23,2.3964552313110645e-05,3.1360341330914337e-05
2299,2017-02-27,1.7037093564097862e-05,4.468756497869532e-05
2300,2017-02-28,9.450411292000101e-06,3.63840448592182e-05
2301,2017-03-01,2.4351464364551258e-05,3.6298237391326706e-05
2302,2017-03-02,7.088750052706836e-05,3.4416540712255146e-05
2303,2017-03-03,1.3410144644256254e-05,3.495201701296613e-05
2304,2017-03-06,1.6167128510647676e-05,2.8986680592352654e-05
2305,2017-03-07,1.182002862676494e-05,2.4784194264223145e-05
2306,2017-03-08,2.064503992680895e-05,2.748069439567848e-05
2307,2017-03-09,1.017050508012567e-05,3.4029210384463955e-05
2308,2017-03-10,3.0536830987972844e-05,2.776645911694364e-05
2309,2017-03-14,0.00031938305655894277,2.678538231548724e-05
2310,2017-03-15,4.280266426866462e-06,2.609360954882516e-05
2311,2017-03-16,2.7903497926724253e-05,2.7574832579560075e-05
2312,2017-03-17,5.4625854587875576e-05,2.246156644555274e-05
2313,2017-03-20,1.153956949808972e-05,2.6242454852755738e-05
2314,2017-03-21,1.685989222322642e-05,4.053923275710297e-05
2315,2017-03-22,7.936113469499421e-05,2.465722991394894e-05
2316,2017-03-23,1.5104706616368448e-05,2.9639394542620954e-05
2317,2017-03-24,1.2009571739656923e-05,3.493316352179123e-05
2318,2017-03-27,2.4136056632467014e-05,2.868389078773088e-05
2319,2017-03-28,2.0069818278399382e-05,2.431694065274988e-05
2320,2017-03-29,1.7496782330682278e-05,3.400082302156987e-05
2321,2017-03-30,8.786137944873559e-06,2.6941149896133813e-05
2322,2017-03-31,9.287198821635768e-06,2.3683692032850187e-05
2323,2017-04-03,3.854201798541387e-05,2.6400403756135525e-05
2324,2017-04-05,2.7722125620935037e-05,2.627699346458235e-05
2325,2017-04-06,1.5415920025714867e-05,2.3561163886137375e-05
2326,2017-04-07,3.337951633686071e-05,2.1177109959828305e-05
2327,2017-04-10,1.924203718704489e-05,2.0966028997144813e-05
2328,2017-04-11,1.9572033392986674e-05,2.4585785294603748e-05
2329,2017-04-12,3.3999227406551724e-05,2.3861713784408604e-05
2330,2017-04-13,1.351107323296168e-05,2.2611783256107536e-05
2331,2017-04-17,6.740676158408304e-06,2.65590333527709e-05
2332,2017-04-18,7.407288729647297e-05,2.6699919417248278e-05
2333,2017-04-19,1.0417324931744038e-05,2.5686402275122326e-05
2334,2017-04-20,7.1139213546514225e-06,2.79393406048569e-05
2335,2017-04-21,6.0492358617786335e-05,2.5131861780305425e-05
2336,2017-04-24,3.91358025481625e-05,1.9805768221022086e-05
2337,2017-04-25,5.047605449995543e-05,2.7975516711390752e-05
2338,2017-04-26,2.7921398005893785e-05,2.2400517815869833e-05
2339,2017-04-27,8.628607729765679e-06,1.888665247993027e-05
2340,2017-04-28,1.560077252135661e-05,2.5621762222746353e-05
2341,2017-05-02,4.456539032207974e-05,2.79494442044721e-05
2342,2017-05-03,2.035103330390376e-05,2.7646050589416095e-05
2343,2017-05-04,3.820164245790223e-05,2.8288855005520818e-05
2344,2017-05-05,4.573068578701604e-05,2.5774543035744275e-05
2345,2017-05-08,1.4690164112931832e-05,2.474491963310362e-05
2346,2017-05-09,1.0215109313771378e-05,2.7664751853459392e-05
2347,2017-05-10,2.983154502485927e-05,2.457110114476269e-05
2348,2017-05-11,2.5317009671558285e-05,2.7255719666768042e-05
2349,2017-05-12,2.1069634830386977e-05,3.1703055784462835e-05
2350,2017-05-15,1.473233523424625e-05,2.8143411027546127e-05
2351,2017-05-16,1.6592434414745827e-05,2.439860401164861e-05
2352,2017-05-17,1.043874279335704e-05,2.7672861025122896e-05
2353,2017-05-18,7.933509405596313e-05,2.6424381844744866e-05
2354,2017-05-19,6.742032866542055e-05,2.4924999414122658e-05
2355,2017-05-22,4.953775850459483e-05,2.4086848833986982e-05
2356,2017-05-23,2.426873086112516e-05,2.4685379310240953e-05
2357,2017-05-24,3.7742595477921535e-05,2.216807497889587e-05
2358,2017-05-25,8.504352945871144e-05,2.96885980453594e-05
2359,2017-05-26,4.429042070016859e-05,3.1439758397422575e-05
2360,2017-05-29,4.4177478342821896e-05,3.412308688135574e-05
2361,2017-05-30,1.2796533630048106e-05,3.378653961134806e-05
2362,2017-05-31,7.375703310211218e-06,3.742313948289252e-05
2363,2017-06-01,1.0644289205186812e-05,4.0826539729189834e-05
2364,2017-06-02,2.2748404051033123e-05,3.746779069758724e-05
2365,2017-06-05,7.806672175144673e-06,3.755841821130331e-05
2366,2017-06-06,3.162717882672092e-05,3.278066746552691e-05
2367,2017-06-07,1.712045560772506e-05,2.7956008985930663e-05
2368,2017-06-08,1.166122868228682e-05,2.469947461567462e-05
2369,2017-06-09,1.9163958971651436e-05,2.5379178314430654e-05
2370,2017-06-12,1.4579820519592179e-05,2.0178564756017426e-05
2371,2017-06-13,1.491464882719624e-05,2.3765844052033436e-05
2372,2017-06-14,1.3845953008029953e-05,2.375040167450037e-05
2373,2017-06-15,1.4030677002702763e-05,2.3155949403830493e-05
2374,2017-06-16,1.2413095658854464e-05,2.365660877965314e-05
2375,2017-06-19,2.820216210962336e-05,2.3657881893175034e-05
2376,2017-06-20,5.669832497002004e-06,2.2503682497137044e-05
2377,2017-06-21,8.398878126773637e-06,2.1993748033192504e-05
2378,2017-06-22,3.0963889725139255e-05,2.213752439560789e-05
2379,2017-06-23,2.6747068131287057e-05,2.1444874684431476e-05
2380,2017-06-27,7.875595330857597e-05,2.338108797492077e-05
2381,2017-06-28,1.0211563375588857e-05,1.824340316581988e-05
2382,2017-06-29,4.209983213826359e-05,1.7578265022964424e-05
2383,2017-06-30,3.6050985311516475e-05,2.076545378647851e-05
2384,2017-07-03,7.71139805742713e-05,2.1318898315994875e-05
2385,2017-07-04,2.1859992963678212e-05,2.4902029300940997e-05
2386,2017-07-05,5.322527804814414e-06,2.0879251639233164e-05
2387,2017-07-06,1.6366488294788588e-05,2.5851414862267597e-05
2388,2017-07-07,6.611300467329398e-06,2.6301399554957473e-05
2389,2017-07-10,0.00010861317146423544,3.140878089807414e-05
2390,2017-07-11,1.850002207461352e-05,2.6612700377305768e-05
2391,2017-07-12,9.873425818746856e-06,2.1862934379788445e-05
2392,2017-07-13,2.2949391170935385e-05,2.320165664922529e-05
2393,2017-07-14,2.6068223569900177e-05,1.8718346023453108e-05
2394,2017-07-17,8.633089829355597e-06,2.55979227729133e-05
2395,2017-07-18,0.00010178571188602759,2.182040478503175e-05
2396,2017-07-19,1.8406268990113508e-05,2.1141330171653506e-05
2397,2017-07-20,1.6514057965716125e-05,2.345217771274358e-05
2398,2017-07-21,4.1739087510356195e-05,2.599218199484938e-05
2399,2017-07-24,1.780840640292259e-05,2.0163245072067572e-05
2400,2017-07-25,3.328666131191012e-05,2.891557837495565e-05
2401,2017-07-26,1.620595813102399e-05,2.603039336852808e-05
2402,2017-07-27,6.147011452921705e-05,2.497093375307155e-05
2403,2017-07-28,3.325393361947144e-05,2.9173751524392796e-05
2404,2017-07-31,2.0032680774487673e-05,2.8719203156300868e-05
2405,2017-08-01,1.9925850761656354e-05,2.8472584566544165e-05
2406,2017-08-02,2.967983867624305e-05,2.621434640205616e-05
2407,2017-08-03,2.3734695257749996e-05,3.164180488886561e-05
2408,2017-08-04,2.5783073628637503e-05,3.0372400897299447e-05
2409,2017-08-07,6.417032676236576e-06,2.8754111622667238e-05
2410,2017-08-08,6.443597728006273e-05,2.7461584037250016e-05
2411,2017-08-09,2.317804997830433e-05,2.8861486322335498e-05
2412,2017-08-10,6.127221845828908e-05,2.6823910975694013e-05
2413,2017-08-11,0.00015242004057003473,2.762941060405907e-05
2414,2017-08-14,3.8025601267983315e-05,2.245309554046004e-05
2415,2017-08-16,7.575647122906958e-05,3.101772731098366e-05
2416,2017-08-17,3.8705861525993506e-05,2.702503308001031e-05
2417,2017-08-18,4.808000104598623e-05,3.197803101111389e-05
2418,2017-08-21,8.011529431703144e-05,4.089238407092605e-05
2419,2017-08-22,5.94453928281125e-05,4.054050017436809e-05
2420,2017-08-23,3.266952769634482e-05,4.461898178918803e-05
2421,2017-08-24,1.2347711039919e-05,4.474206682770689e-05
2422,2017-08-28,3.265055595520532e-05,4.411155131783756e-05
2423,2017-08-29,4.5012069470175416e-05,4.601034308010788e-05
2424,2017-08-30,5.4271876787531064e-05,4.729897449514493e-05
2425,2017-08-31,2.615798454006605e-05,4.248887611728281e-05
2426,2017-09-01,2.3347009679682733e-05,3.61421262916365e-05
2427,2017-09-04,6.350993186281627e-05,3.856538222147502e-05
2428,2017-09-05,1.8671693721567243e-05,3.934570214909469e-05
2429,2017-09-06,3.6567147844552075e-05,3.967003072460083e-05
2430,2017-09-07,1.6651360561601247e-05,3.6466594750447865e-05
2431,2017-09-08,1.7788930841056456e-05,3.75295079039549e-05
2432,2017-09-11,2.6991636742127862e-05,4.379435364590496e-05
2433,2017-09-12,4.345137254469303e-05,3.6872408447411325e-05
2434,2017-09-13,1.6612112137841947e-05,3.870055207985368e-05
2435,2017-09-14,1.8021229991162165e-05,3.475242218846772e-05
2436,2017-09-15,2.28409557689492e-05,3.5202392385876564e-05
2437,2017-09-18,2.8430060400650136e-05,3.4116776378343996e-05
2438,2017-09-19,1.3313408466347835e-05,3.791478343134872e-05
2439,2017-09-20,6.158235038534547e-06,3.220447599298456e-05
2440,2017-09-21,3.8849920093834524e-05,3.097887001313907e-05
2441,2017-09-22,7.596340885040726e-05,3.1752342894421384e-05
2442,2017-09-25,8.212720682165013e-05,3.180343940042929e-05
2443,2017-09-26,2.708755906513826e-05,2.7101253926020066e-05
2444,2017-09-27,0.00017589518260709434,2.2781251606025346e-05
2445,2017-09-28,3.8961242526113025e-05,2.7741461459373857e-05
2446,2017-09-29,4.508568989228581e-05,3.1748083100762445e-05
2447,2017-10-03,0.00012972528658953812,3.471664345908256e-05
2448,2017-10-04,3.269684958396696e-05,3.335868026682115e-05
2449,2017-10-05,1.5919271197449515e-05,4.971420030989041e-05
2450,2017-10-06,2.7429530623726068e-05,4.312343269812825e-05
2451,2017-10-09,1.1221873647704073e-05,4.219706212221786e-05
2452,2017-10-10,9.632886118707531e-06,4.928901299611121e-05
2453,2017-10-11,4.78383475917553e-05,4.4194259438005974e-05
2454,2017-10-12,6.303511592999649e-05,3.5108638228818946e-05
2455,2017-10-13,2.535317069439369e-05,3.650115749780009e-05
2456,2017-10-16,3.131103288664536e-05,3.0333166279790293e-05
2457,2017-10-17,4.974809169054282e-06,2.5553738232102365e-05
2458,2017-10-18,1.7888312745639345e-05,3.075241362538255e-05
2459,2017-10-19,2.695411062805133e-05,3.4688924447371935e-05
2460,2017-10-23,4.0983977238474716e-05,3.142927141325629e-05
2461,2017-10-24,2.0742350107581793e-05,3.444298490088904e-05
2462,2017-10-25,0.00015704366465436634,2.731957865466412e-05
2463,2017-10-26,2.2367871875639995e-05,2.888248863443956e-05
2464,2017-10-27,1.2819868191313316e-05,2.8473692873755928e-05
2465,2017-10-30,1.4238818740416066e-05,3.1096986893366834e-05
2466,2017-10-31,6.2241499351426164e-06,2.9411272077770802e-05
2467,2017-11-01,4.280634844171145e-05,4.398799838996999e-05
2468,2017-11-02,4.990976924028228e-06,3.66582261979044e-05
2469,2017-11-03,3.052274921830456e-05,3.199399244146063e-05
2470,2017-11-06,2.302938095191947e-05,2.9935356909824883e-05
2471,2017-11-07,7.130102620834614e-05,2.4064785722649367e-05
2472,2017-11-08,3.181357784745931e-05,2.6475329417755274e-05
2473,2017-11-09,6.427596662087807e-05,1.920529949784741e-05
2474,2017-11-10,2.8210278952494895e-05,2.285287428796949e-05
2475,2017-11-13,4.437624775951654e-05,2.2760928735885813e-05
2476,2017-11-14,1.733720230174111e-05,2.9860377647122713e-05
2477,2017-11-15,2.503567429055782e-05,2.7474763666996825e-05
2478,2017-11-16,3.977530022808129e-05,3.513708163958943e-05
2479,2017-11-17,0.00013224260203689188,3.344266479418101e-05
2480,2017-11-20,8.09632388827759e-06,3.610364512961331e-05
2481,2017-11-21,1.5582235524083175e-05,2.9772189063514822e-05
2482,2017-11-22,1.6839164755705246e-05,3.0253442227039567e-05
2483,2017-11-23,1.8333880582881358e-05,3.076495680233722e-05
2484,2017-11-24,8.869055083073786e-06,4.011225875662057e-05
2485,2017-11-27,2.205198763118219e-05,2.8207590424175116e-05
2486,2017-11-28,1.045902114573604e-05,2.9222772713297515e-05
2487,2017-11-29,7.198774131475007e-06,2.8128621408593303e-05
2488,2017-11-30,5.5579146194044484e-05,2.6988837893591346e-05
2489,2017-12-01,0.00010077703212312568,2.0382059570047932e-05
2490,2017-12-04,5.265548416055481e-05,2.3357242791491563e-05
2491,2017-12-05,2.2200160724306474e-05,2.137474366291771e-05
2492,2017-12-06,2.5101632003823217e-05,1.943517280862238e-05
2493,2017-12-07,5.236743737004551e-05,2.587687040011404e-05
2494,2017-12-08,2.817732746797424e-05,3.1876751872408034e-05
2495,2017-12-11,2.7366528788596584e-05,3.3453363002336814e-05
2496,2017-12-12,2.9716174425947025e-05,3.217609050339211e-05
2497,2017-12-13,5.509887789063815e-05,3.4928459948385776e-05
2498,2017-12-14,8.304889781940409e-05,3.681182722081157e-05
2499,2017-12-15,9.19201856281325e-05,3.24672901592316e-05
2500,2017-12-18,0.0005323057887534672,3.064073327424606e-05
2501,2017-12-19,1.9758045997267172e-05,3.1508777746556865e-05
2502,2017-12-20,1.9135392353583114e-05,3.485343919535918e-05
2503,2017-12-21,1.542758947151026e-05,3.836506217178068e-05
2504,2017-12-22,1.116689953750842e-05,4.2563345979655765e-05
2505,2017-12-26,1.8271389921030036e-05,6.165361680909966e-05
2506,2017-12-27,2.080159505914494e-05,4.38153339797139e-05
2507,2017-12-28,1.804126831765644e-05,4.189120805024149e-05
2508,2017-12-29,9.56522989562545e-06,3.738489717281106e-05
2509,2018-01-02,5.1711152345409854e-05,3.20097023925143e-05
2510,2018-01-03,3.176436393467116e-05,2.7783652755744966e-05
2511,2018-01-04,2.2965006941833536e-05,2.875109542034583e-05
2512,2018-01-05,1.4316766440468319e-05,2.8170908929940048e-05
2513,2018-01-08,1.5130103270764797e-05,2.5929966088814655e-05
2514,2018-01-09,1.4203308880338319e-05,3.4024705679374315e-05
2515,2018-01-10,1.737505242104902e-05,3.317439487163228e-05
2516,2018-01-11,8.56202792220579e-06,3.132545543465305e-05
2517,2018-01-12,5.098298522228729e-05,2.8788779160313498e-05
2518,2018-01-15,2.9478171225733893e-05,2.9422490676211214e-05
2519,2018-01-16,2.0088697954974724e-05,2.6874844466901236e-05
2520,2018-01-17,5.516302730483575e-05,2.5735183512626102e-05
2521,2018-01-18,9.389544297821404e-05,2.2361415189734716e-05
2522,2018-01-19,3.892048874761976e-05,2.8295864630811232e-05
2523,2018-01-22,2.609019025702643e-05,2.8067231251986406e-05
2524,2018-01-23,3.496248951499831e-05,2.705504584045505e-05
2525,2018-01-24,1.2699413529315203e-05,3.105464575505339e-05
2526,2018-01-25,3.086538441504956e-05,3.699073025731224e-05
2527,2018-01-29,2.9130026837322363e-05,3.184363254414798e-05
2528,2018-01-30,2.2248335545029476e-05,3.080414606632364e-05
2529,2018-01-31,2.5084725827419814e-05,3.297831176979233e-05
2530,2018-02-01,0.00016971636612586537,2.7841679178545842e-05
2531,2018-02-02,0.00018864376244969157,2.893456406765398e-05
2532,2018-02-05,0.00025458024514201586,2.8717815424508006e-05
2533,2018-02-06,0.0015833993371257753,2.7962571481139037e-05
2534,2018-02-07,0.00019340538100059737,2.8063400359432735e-05
2535,2018-02-08,9.166015320058885e-05,4.055235033030084e-05
2536,2018-02-09,0.00025401068066716666,4.671769792893891e-05
2537,2018-02-12,5.1949587526022354e-05,5.697636327126081e-05
2538,2018-02-14,7.772835094865775e-05,9.275176664471237e-05
2539,2018-02-15,5.238916191633619e-05,9.245870842622353e-05
2540,2018-02-16,0.00012020625075814326,8.716640420913349e-05
2541,2018-02-19,0.0001371185883911354,0.00010343608982296628
2542,2018-02-20,2.395409870370307e-05,8.530056320630654e-05
2543,2018-02-21,6.480398350951336e-05,7.835819794806977e-05
2544,2018-02-22,2.7270334347436223e-05,7.062277167461545e-05
2545,2018-02-23,3.836764725155878e-05,7.944714527364972e-05
2546,2018-02-26,2.7412414245690685e-05,8.126717637139909e-05
2547,2018-02-27,3.604350550608012e-05,6.588352472607157e-05
2548,2018-02-28,5.5636332967020066e-05,7.033646933265396e-05
2549,2018-03-01,2.3497134828637427e-05,6.254227887442031e-05
2550,2018-03-05,4.607329097053941e-05,6.104914731341355e-05
2551,2018-03-06,0.0001957195644063695,5.4053344588267296e-05
2552,2018-03-07,3.606748617135036e-05,5.809165827963081e-05
2553,2018-03-08,9.15434713656269e-05,6.059400442973212e-05
2554,2018-03-09,3.0892729888288394e-05,5.5585689331246344e-05
2555,2018-03-12,0.00011315702123015208,6.044634244001942e-05
2556,2018-03-13,4.516823988369781e-05,7.992896288898991e-05
2557,2018-03-14,3.9102035203575866e-05,6.659767077120706e-05
2558,2018-03-15,1.7136852771313495e-05,7.280423063330507e-05
2559,2018-03-16,9.122021077547936e-05,6.403614318239568e-05
2560,2018-03-19,7.701234451565826e-05,7.056582553727435e-05
2561,2018-03-20,5.786868646378787e-05,5.826700038985072e-05
2562,2018-03-21,6.226446386333083e-05,5.666281978814409e-05
2563,2018-03-22,3.8342157666918726e-05,4.5287369326398005e-05
2564,2018-03-23,0.00023086637202875097,5.608287661778685e-05
2565,2018-03-26,0.00011558612441370944,5.418878633885985e-05
2566,2018-03-27,4.866387801379975e-05,5.373796746124504e-05
2567,2018-03-28,2.8168157225227275e-05,5.459573936515615e-05
2568,2018-04-02,4.2354137951103795e-05,5.3053965590426005e-05
2569,2018-04-03,2.8888013846540334e-05,6.864138095650494e-05
2570,2018-04-04,0.00010102761163256124,6.694366265409677e-05
2571,2018-04-05,0.00013161175310502613,6.246934728422932e-05
2572,2018-04-06,1.1600833780437695e-05,5.675458732871882e-05
2573,2018-04-09,1.54768190670522e-05,5.959272159733121e-05
2574,2018-04-10,1.6393903963003617e-05,5.1263963481628464e-05
2575,2018-04-11,3.3869247169855435e-05,5.7530061715134095e-05
2576,2018-04-12,1.7551976063535963e-05,6.462471011917222e-05
2577,2018-04-13,2.6384204669979085e-05,4.83360667025029e-05
2578,2018-04-16,0.0001262560511426069,4.416527564634445e-05
2579,2018-04-17,2.7473457495825348e-05,4.231921605955836e-05
2580,2018-04-18,2.9589890121781605e-05,4.1468470462562486e-05
2581,2018-04-19,1.4944373607751591e-05,3.467652647336608e-05
2582,2018-04-20,9.78572448507828e-06,3.621102117298169e-05
2583,2018-04-23,5.409091579775338e-05,4.7470848428716325e-05
2584,2018-04-24,1.451712432942822e-05,4.24969438407188e-05
2585,2018-04-25,2.0708309665634574e-05,4.2966818182982474e-05
2586,2018-04-26,1.704241304757745e-05,3.8469032847066464e-05
2587,2018-04-27,2.6942382527553863e-05,3.3432197967940565e-05
2588,2018-04-30,1.113516468073619e-05,3.695671482116796e-05
2589,2018-05-02,4.539682489856144e-05,3.0727023607685304e-05
2590,2018-05-03,1.8577029039122285e-05,3.063626551347383e-05
2591,2018-05-04,3.361791518428578e-05,2.8532493384369707e-05
2592,2018-05-07,3.4700793838251424e-05,3.0340215800943017e-05
2593,2018-05-08,3.167447934642717e-05,2.49041873846035e-05
2594,2018-05-09,2.341812614485739e-05,3.0266198691922837e-05
2595,2018-05-10,3.142013730893148e-05,2.7326609548938944e-05
2596,2018-05-11,2.82142701986204e-05,2.9959821183383722e-05
2597,2018-05-14,1.1279238469398682e-05,2.9710647390145288e-05
2598,2018-05-15,8.723172680494422e-05,3.0176819220810306e-05
2599,2018-05-16,4.50157574425826e-05,2.8858505479539926e-05
2600,2018-05-17,4.8328410000689583e-05,3.0988887408387484e-05
2601,2018-05-18,2.3105166387128064e-05,3.081145587174669e-05
2602,2018-05-21,4.438869814121862e-05,2.6087010050663423e-05
2603,2018-05-22,1.3964942552652112e-05,3.411158137667528e-05
2604,2018-05-23,4.323635026609398e-05,3.381899445441074e-05
2605,2018-05-24,5.2852629561736e-05,3.408472175245868e-05
2606,2018-05-25,3.629144017970868e-05,3.156501218362713e-05
2607,2018-05-28,3.106570111319208e-05,3.6343813384002846e-05
2608,2018-05-29,3.0276199122504455e-05,2.9717822303459967e-05
2609,2018-05-30,5.07746314002575e-05,3.3762265857142534e-05
2610,2018-05-31,8.863442754153774e-05,3.450649824452168e-05
2611,2018-06-01,2.0470127594864743e-05,3.50517363594033e-05
2612,2018-06-04,0.00011062234796533318,3.42173010105592e-05
2613,2018-06-05,2.4747261676618764e-05,3.616263481149687e-05
2614,2018-06-06,3.7341779315133754e-05,3.8672550775838984e-05
2615,2018-06-07,4.56268009417493e-05,4.378476398011092e-05
2616,2018-06-08,2.3780756259939078e-05,3.677336409125331e-05
2617,2018-06-11,2.6726342877657237e-05,4.745063101994196e-05
2618,2018-06-12,2.0557795572653024e-05,4.101108641110829e-05
2619,2018-06-13,2.4315808292360276e-05,4.178881974144568e-05
2620,2018-06-14,1.8317670223431767e-05,4.1306733497219466e-05
2621,2018-06-15,2.139558201061215e-05,3.9396692539093855e-05
2622,2018-06-18,7.04153094163182e-06,3.662932295921978e-05
2623,2018-06-19,2.3973707240441083e-05,3.5144480893241285e-05
2624,2018-06-20,1.4735512086618884e-05,3.5436526105788896e-05
2625,2018-06-21,3.2276349969023786e-05,3.1678464594296435e-05
2626,2018-06-22,4.694568814966676e-05,3.136602864546748e-05
2627,2018-06-25,1.756647002099438e-05,2.5333292936679982e-05
2628,2018-06-26,2.0376848167941144e-05,2.838838439730164e-05
2629,2018-06-27,5.5363655935367225e-05,2.57934030918778e-05
2630,2018-06-28,4.215467339412913e-05,2.906717030926486e-05
2631,2018-06-29,4.1656286135887054e-05,3.142972854622613e-05
2632,2018-07-02,6.042405202109738e-05,2.960807186714611e-05
2633,2018-07-03,2.3016468945651213e-05,2.9344562706735475e-05
2634,2018-07-04,3.318841144969248e-05,3.485711171364544e-05
2635,2018-07-05,1.4139338169435691e-05,3.4820468536110214e-05
2636,2018-07-06,2.2507553034526007e-05,3.436743071213599e-05
2637,2018-07-09,4.647385968889792e-05,3.762372342368866e-05
2638,2018-07-10,3.975774427415636e-05,3.497132745747058e-05
2639,2018-07-11,8.697741357174599e-06,3.411402642643235e-05
2640,2018-07-12,5.148409738711664e-05,2.9417968395625902e-05
2641,2018-07-13,2.3390093824588877e-05,2.9268927744004096e-05
2642,2018-07-16,2.4671341668647213e-05,3.070331934999774e-05
2643,2018-07-17,2.4149428992657494e-05,3.1591210320951406e-05
2644,2018-07-18,6.214298953384793e-05,2.5095620202775973e-05
2645,2018-07-19,1.7588253692670795e-05,3.206575244979437e-05
2646,2018-07-20,1.9848683567997918e-05,3.0012200987980633e-05
2647,2018-07-23,1.947812061069429e-05,2.9305815457392846e-05
2648,2018-07-24,1.1891995928168909e-05,2.8529786053095716e-05
2649,2018-07-25,7.020721237630722e-06,3.6223044659928054e-05
2650,2018-07-26,1.003122186018189e-05,3.0429889345129258e-05
2651,2018-07-27,4.907431416584799e-05,3.064269740613141e-05
2652,2018-07-30,1.6007671152954225e-05,2.9853365241779133e-05
2653,2018-07-31,2.8566848567090093e-05,2.664566545955078e-05
2654,2018-08-01,1.5292012055500212e-05,2.211689831860533e-05
2655,2018-08-02,2.6018014134579094e-05,2.1712414041395883e-05
2656,2018-08-03,3.640874627011528e-05,2.6029951910437635e-05
2657,2018-08-06,2.130389272136837e-05,2.2912257270761566e-05
2658,2018-08-07,2.3734335681877755e-05,2.5026817740729457e-05
2659,2018-08-08,2.2034615997627374e-05,2.3985462341280246e-05
2660,2018-08-09,1.902610515700148e-05,2.6515531416017574e-05
2661,2018-08-10,9.180751963672784e-06,2.6883563913218394e-05
2662,2018-08-13,3.9882282043824726e-05,2.6322401481726668e-05
2663,2018-08-14,2.242634266065871e-05,2.6338409539039702e-05
2664,2018-08-16,3.1675582313525366e-05,2.6235139809151922e-05
2665,2018-08-17,2.8705528183952844e-05,2.5035142864371737e-05
2666,2018-08-20,1.863200075512075e-05,2.1853624212310413e-05
2667,2018-08-21,1.0499693922936726e-05,2.5441703134353566e-05
2668,2018-08-23,3.5225099953725895e-05,2.411076873697508e-05
2669,2018-08-24,1.5354278407348518e-05,2.5483567511568504e-05
2670,2018-08-27,4.5263151495580326e-05,2.5945095642781147e-05
2671,2018-08-28,1.7586486217915675e-05,2.53093262577832e-05
2672,2018-08-29,1.3853461141200638e-05,2.212164974296093e-05
2673,2018-08-30,1.1201656427755056e-05,2.54335352396173e-05
2674,2018-08-31,1.8843113775740517e-05,2.2638843430341755e-05
2675,2018-09-03,0.00012223836622577775,2.623121985151993e-05
2676,2018-09-04,3.1067296147533436e-05,2.4725381228815705e-05
2677,2018-09-05,6.367028582700778e-05,2.4798257217014735e-05
2678,2018-09-06,5.727568434337352e-05,2.211040191106009e-05
2679,2018-09-07,4.7284245015891795e-05,2.3482162629060842e-05
2680,2018-09-10,5.710539943424408e-05,3.005820988290497e-05
2681,2018-09-11,0.00012209341278036697,2.8136280424889554e-05
2682,2018-09-12,8.18053240334535e-05,3.3265056165449896e-05
2683,2018-09-14,6.361412641418819e-05,3.6493967178207305e-05
2684,2018-09-17,4.4353354171903604e-05,3.8520344599438215e-05
2685,2018-09-18,5.4041745382628226e-05,3.833130176646353e-05
2686,2018-09-19,5.7499916882426685e-05,4.5946446495503734e-05
2687,2018-09-21,0.0007420449193022255,4.6605709241498734e-05
2688,2018-09-24,0.00014627458760951622,4.825679003618165e-05
2689,2018-09-25,0.0001230366296344477,4.6826471718650796e-05
2690,2018-09-26,0.00012278999324804424,4.8532133605591985e-05
2691,2018-09-27,5.7292007019212644e-05,4.744751386142685e-05
2692,2018-09-28,0.00010959056939052557,7.20932746031876e-05
2693,2018-10-01,0.00014608633159750013,6.909574969228913e-05
2694,2018-10-03,6.537422450061196e-05,7.645960224187605e-05
2695,2018-10-04,0.0002271176477747916,8.241377939968127e-05
2696,2018-10-05,0.0003082530039243635,7.974847991581664e-05
2697,2018-10-08,0.00013698904651112296,7.71723186036736e-05
2698,2018-10-09,6.117233098245656e-05,8.297623218180827e-05
2699,2018-10-10,9.280951600144411e-05,7.734130335527761e-05
2700,2018-10-11,0.0009303691074887392,9.533384823117942e-05
2701,2018-10-12,0.00017932507538972046,0.00011528414788250079
2702,2018-10-15,9.520366060810037e-05,0.00010927072891478048
2703,2018-10-16,3.169001697239451e-05,9.83428829909719e-05
2704,2018-10-17,0.0003216876629753496,0.00010483212364633833
2705,2018-10-19,0.00017242044879141964,0.00014807752049848618
2706,2018-10-22,0.00020672895679812295,0.0001282314261817044
2707,2018-10-23,0.000130305539769772,0.00012023617990553721
2708,2018-10-24,0.00027421598257593583,0.00010204193135707417
2709,2018-10-25,0.00010284905608556067,0.00013832918666778165
2710,2018-10-26,5.24074837128055e-05,0.0001213976526134012
2711,2018-10-29,0.00023782847301749582,0.00012863185750982404
2712,2018-10-30,4.097359581404956e-05,0.00012855045657449225
2713,2018-10-31,0.0002989836696757268,0.00016102152715338934
2714,2018-11-01,6.341984347429038e-05,0.00013250608490941469
2715,2018-11-02,0.00013586473833494193,0.00011386637372852486
2716,2018-11-05,2.6963025168953302e-05,0.00013265449922949334
2717,2018-11-06,4.249239744705516e-05,0.00010398657934990634
2718,2018-11-07,6.784168299463405e-05,0.00012840675245929191
2719,2018-11-09,2.2614270007426083e-05,0.00010793878844901861
2720,2018-11-12,0.00010458714689386885,0.00012154246003847716
2721,2018-11-13,8.224834607667027e-05,9.119392200576224e-05
2722,2018-11-14,6.84516394190721e-05,9.151704730026718e-05
2723,2018-11-15,2.3662388932408935e-05,8.431547930944856e-05
2724,2018-11-16,1.8611399145073515e-05,6.922132584003611e-05
2725,2018-11-19,4.502291101364887e-05,7.848246308026042e-05
2726,2018-11-20,3.4805848114532606e-05,8.188979608194818e-05
2727,2018-11-21,4.1222893738405304e-05,7.825619657880467e-05
2728,2018-11-22,5.623678654831454e-05,6.409006970788648e-05
2729,2018-11-26,9.501478693890645e-05,5.985374302269717e-05
2730,2018-11-27,2.9955177823847688e-05,6.183699052067217e-05
2731,2018-11-28,1.549207682136705e-05,5.462423610446445e-05
2732,2018-11-29,8.372646363120459e-05,5.1965474659176094e-05
2733,2018-11-30,3.109419617247006e-05,5.4724445815959134e-05
2734,2018-12-03,5.2403837389330836e-05,6.275425661346403e-05
2735,2018-12-04,1.1057080385732409e-05,5.2862966973425156e-05
2736,2018-12-05,3.909889853338298e-05,4.5574184302165286e-05
2737,2018-12-06,9.019395613501434e-05,5.554738969409092e-05
2738,2018-12-07,5.2799243910989774e-05,4.7082082944910164e-05
2739,2018-12-10,0.00032956706411893473,4.7735416456819364e-05
2740,2018-12-11,0.00034456211980572163,3.659843907103955e-05
2741,2018-12-12,0.00012476657920491716,4.2787197615290135e-05
2742,2018-12-13,6.919856041255021e-05,4.5751628367964835e-05
2743,2018-12-14,1.3356303839515079e-05,4.583812809219283e-05
2744,2018-12-17,2.818181574228739e-05,6.256914908559084e-05
2745,2018-12-18,3.9844448887874645e-05,8.007875837724871e-05
2746,2018-12-19,1.3735321283693179e-05,8.185505735630843e-05
2747,2018-12-20,7.575071241517942e-05,7.567224549024553e-05
2748,2018-12-21,0.00014546932074520038,5.834474678911324e-05
2749,2018-12-24,5.8796771026690814e-05,5.263370507773707e-05
2750,2018-12-26,0.00016042529393079795,4.805420116788395e-05
2751,2018-12-27,8.068522272737673e-05,3.829780605570761e-05
2752,2018-12-28,3.3503405361845565e-05,4.480564170994609e-05
2753,2018-12-31,3.796485694945857e-05,5.632778372464016e-05
2754,2019-01-02,7.611069936290559e-05,5.514676823872044e-05
2755,2019-01-03,6.843791666059308e-05,6.661994088028154e-05
2756,2019-01-04,5.2757530367792114e-05,6.993248484281174e-05
2757,2019-01-07,7.301308824151146e-05,6.212633379583777e-05
2758,2019-01-08,2.6303974617544044e-05,5.900921819190595e-05
2759,2019-01-09,9.933751797817317e-05,6.324886933658381e-05
2760,2019-01-10,1.069512775557744e-05,6.060834900989933e-05
2761,2019-01-11,4.09594851403159e-05,5.7799121704249495e-05
2762,2019-01-14,4.548306949510718e-05,6.485603662617584e-05
2763,2019-01-15,5.5153907589188115e-05,5.7889850301326766e-05
2764,2019-01-16,9.319694219404381e-06,6.56351555926259e-05
2765,2019-01-17,3.565687438006458e-05,4.728337994585814e-05
2766,2019-01-18,2.1649838050152016e-05,4.9488522783187316e-05
2767,2019-01-21,3.016341160990839e-05,4.633623227462451e-05
2768,2019-01-22,3.116994782259973e-05,4.834557577994469e-05
2769,2019-01-23,5.0730819107695466e-05,3.469635329536688e-05
2770,2019-01-24,1.6642206141435042e-05,4.250897841051734e-05
2771,2019-01-25,9.385666647079034e-05,3.9029242192112375e-05
2772,2019-01-28,9.021455771707543e-05,3.8868557693563776e-05
2773,2019-01-29,3.676134649385087e-05,3.835866120814938e-05
2774,2019-01-30,5.2525837221005654e-05,4.383091992204317e-05
2775,2019-01-31,8.749857090077217e-05,3.650078738974086e-05
2776,2019-02-01,9.131242517305968e-05,4.62994273200299e-05
2777,2019-02-04,4.486039956269826e-05,4.875359888489335e-05
2778,2019-02-05,1.3720503042165358e-05,4.50532913216555e-05
2779,2019-02-06,4.166342572229514e-05,4.6880024378848656e-05
2780,2019-02-07,1.6709323386779658e-05,5.501595449077705e-05
2781,2019-02-08,5.444796560189154e-05,5.526727542895011e-05
2782,2019-02-11,1.9446965299753782e-05,4.959115322631871e-05
2783,2019-02-12,2.363786180242947e-05,4.1215073263975735e-05
2784,2019-02-14,3.4535306141061293e-05,4.384499465829915e-05
2785,2019-02-15,0.0001172719196225772,3.649397857591095e-05
2786,2019-02-18,5.2706139743754945e-05,3.840294704624451e-05
2787,2019-02-19,6.808196287481062e-05,3.409188822709867e-05
2788,2019-02-20,5.643055227649151e-05,3.536662335362823e-05
2789,2019-02-21,2.2595667000653866e-05,3.583711735264893e-05
2790,2019-02-22,6.3253363644903935e-06,4.515713770556804e-05
2791,2019-02-25,3.288576896126192e-05,4.388096692405141e-05
2792,2019-02-26,0.0001659400755211656,4.898493571921592e-05
2793,2019-02-27,0.00011805052479990061,5.202363605185168e-05
2794,2019-02-28,4.872610771117822e-05,4.692517351663349e-05
2795,2019-03-01,3.0023256586041368e-05,3.4343115555013285e-05
2796,2019-03-05,9.36937256252971e-05,3.759862351859404e-05
2797,2019-03-06,2.329335100470423e-05,4.746041580125017e-05
2798,2019-03-07,1.6560115268693683e-05,4.8499162105455853e-05
2799,2019-03-08,8.143458835290319e-06,4.6770633324174375e-05
2800,2019-03-11,4.904616295291065e-05,4.9285780299540686e-05
2801,2019-03-12,5.554600789192477e-05,5.806309789672577e-05
2802,2019-03-13,2.3612373127526662e-05,4.495558070391411e-05
2803,2019-03-14,2.7558287767508766e-05,3.7377481100561866e-05
2804,2019-03-15,5.04001927206632e-05,3.054225248289489e-05
2805,2019-03-18,5.1670490039361626e-05,3.7194761172642694e-05
2806,2019-03-19,3.6049595740118755e-05,3.662705039847953e-05
2807,2019-03-20,1.0921649691932307e-05,3.4589110596873216e-05
2808,2019-03-22,5.426503202101839e-05,3.55203096880368e-05
2809,2019-03-25,5.162649937574494e-05,4.24827723573589e-05
2810,2019-03-26,5.716491065123408e-05,4.345714670189273e-05
2811,2019-03-27,6.33091994131181e-05,4.121790937830592e-05
2812,2019-03-28,4.9640118670516385e-05,3.4030380987658506e-05
2813,2019-04-01,9.383654137298826e-05,4.0153176451172406e-05
2814,2019-04-02,2.998560505696535e-05,3.9837268920064946e-05
2815,2019-04-03,4.63849382936267e-05,4.0401383074126424e-05
2816,2019-04-04,3.165053485627737e-05,4.312340413382603e-05
2817,2019-04-05,2.783763287464684e-05,4.858024439082027e-05
2818,2019-04-08,8.097500794329322e-05,5.397260521390006e-05
2819,2019-04-09,3.480813485713258e-05,4.6050513330723436e-05
2820,2019-04-10,3.458649485419237e-05,4.6041549727521074e-05
2821,2019-04-11,1.0796688641310073e-05,4.244024043160597e-05
2822,2019-04-12,1.8093593055402338e-05,4.0461653661433396e-05
2823,2019-04-15,1.185837991376299e-05,4.341217435880319e-05
2824,2019-04-16,3.1391917728313683e-05,4.136034590706456e-05
2825,2019-04-18,6.814366415150907e-05,4.12825017800361e-05
2826,2019-04-22,5.6118799023555525e-05,3.559358153208904e-05
2827,2019-04-23,1.993793814930579e-05,3.5306383436286354e-05
2828,2019-04-24,6.987007108420605e-05,2.9372135252949082e-05
2829,2019-04-25,7.735296590896093e-05,3.169515816866844e-05
2830,2019-04-26,3.837909867684011e-05,3.581806147038308e-05
2831,2019-04-30,4.1825354270115414e-05,3.905958286209397e-05
2832,2019-05-02,2.650959090968962e-05,3.550720182130712e-05
2833,2019-05-03,1.529876669200082e-05,4.415789303883228e-05
2834,2019-05-06,9.255005952718524e-05,4.905899478842031e-05
2835,2019-05-07,9.633517623690252e-05,4.457752854047445e-05
2836,2019-05-08,4.8502747170757953e-05,4.3900472231490135e-05
2837,2019-05-09,3.821213102634147e-05,4.2384307614879566e-05
2838,2019-05-10,2.453251240010182e-05,3.5910723747679883e-05
2839,2019-05-13,8.510235220929301e-05,4.228127971279751e-05
2840,2019-05-14,9.409219303625134e-05,4.4888387475270586e-05
2841,2019-05-15,7.955436107158022e-05,4.3427052621866835e-05
2842,2019-05-16,5.5406627738507596e-05,4.339845957262468e-05
2843,2019-05-17,7.348421273632228e-05,4.288922159244717e-05
2844,2019-05-20,0.0006119996436182463,4.8237261274258047e-05
2845,2019-05-21,0.00010654849803701458,4.882794570565483e-05
2846,2019-05-22,2.7731318533717902e-05,5.060560544866426e-05
2847,2019-05-23,0.0006461561990106561,5.079990899398889e-05
2848,2019-05-24,0.000171022790168542,5.80587059232446e-05
2849,2019-05-27,5.0502448297255924e-05,8.371071581791788e-05
2850,2019-05-28,3.7821981290226135e-05,7.71273080251797e-05
2851,2019-05-29,2.4988235285753668e-05,6.489147377517538e-05
2852,2019-05-30,2.892567008658311e-05,0.00010125331998948146
2853,2019-05-31,0.0001295852519233086,9.809874045182867e-05
2854,2019-06-03,8.540400750910678e-05,7.843847796681766e-05
2855,2019-06-04,2.8664509497748812e-05,7.108099866004431e-05
2856,2019-06-06,0.00010713395503213644,6.661256332801269e-05
2857,2019-06-07,5.31387935439218e-05,5.5570147539044924e-05
2858,2019-06-10,5.4199320997675435e-05,6.297183920219339e-05
2859,2019-06-11,3.1981882400404824e-05,6.458072986265742e-05
2860,2019-06-12,2.547047330907554e-05,5.915804726994058e-05
2861,2019-06-13,4.177092112495471e-05,7.174616366284753e-05
2862,2019-06-14,3.2589522651245954e-05,6.955867905669568e-05
2863,2019-06-17,8.864529282355704e-05,6.622445264037537e-05
2864,2019-06-18,1.8090415653083832e-05,5.967009057750904e-05
2865,2019-06-19,9.650538244726807e-05,5.8199438904824475e-05
2866,2019-06-20,0.00011696206525766538,5.625016833154624e-05
2867,2019-06-21,3.770551758362649e-05,5.235348687736472e-05
2868,2019-06-24,1.696954982762716e-05,5.8417759059853086e-05
2869,2019-06-25,6.788564249441038e-05,4.862066634303164e-05
2870,2019-06-26,3.754229963512311e-05,6.035187392634499e-05
2871,2019-06-27,2.2372981577819922e-05,6.28323239527623e-05
2872,2019-06-28,2.4974732907164583e-05,5.680104981026809e-05
2873,2019-07-01,2.5755034130982613e-05,4.776809055317343e-05
2874,2019-07-02,4.011447631172587e-05,5.473616477286959e-05
2875,2019-07-03,1.1883930403233584e-05,4.773425804571157e-05
2876,2019-07-04,6.5456237132787784e-06,4.069703993264816e-05
2877,2019-07-05,8.287055865960618e-05,3.9599114417479904e-05
2878,2019-07-08,0.0001684185004579936,4.076904502325605e-05
2879,2019-07-09,4.71011660024487e-05,4.1191621610730126e-05
2880,2019-07-10,4.047218799724261e-05,3.3163630214429695e-05
2881,2019-07-11,4.67382300909713e-05,2.77671585038216e-05
2882,2019-07-12,2.9151363884750205e-05,3.718159775988043e-05
2883,2019-07-15,5.3974348768764976e-05,4.44266091299844e-05
2884,2019-07-16,2.3973169876833275e-05,4.0608818648382504e-05
2885,2019-07-17,7.961669480053565e-06,4.295758310050845e-05
2886,2019-07-18,2.3812500059353163e-05,4.93087590189679e-05
2887,2019-07-19,0.00015508332191909165,4.473205169581111e-05
2888,2019-07-22,3.363316078638941e-05,4.405226608653569e-05
2889,2019-07-23,2.869529796611789e-05,3.946864659870177e-05
2890,2019-07-24,4.451817590944424e-05,3.1141226568546875e-05
2891,2019-07-25,5.0164716094407475e-05,3.270032496988159e-05
2892,2019-07-26,2.5585642149202854e-05,4.2189866172716484e-05
2893,2019-07-29,7.403447669210043e-05,3.548940664859265e-05
2894,2019-07-30,0.00011082852514632,3.525604843443605e-05
2895,2019-07-31,7.959051850983467e-05,4.138092250969664e-05
2896,2019-08-01,0.00015148083737343034,4.342158527343038e-05
2897,2019-08-02,0.00016769341646961068,3.6699848076246736e-05
2898,2019-08-05,0.00014017935841941092,4.287570962213948e-05
2899,2019-08-06,0.00014945783590689186,4.967619031668005e-05
2900,2019-08-07,5.589732643099565e-05,5.1533800394858094e-05
2901,2019-08-08,0.00014764669645900443,5.963615130136988e-05
2902,2019-08-09,6.84841917317922e-05,7.160491934799578e-05
2903,2019-08-13,0.00017386884690120667,7.85861979956683e-05
2904,2019-08-14,0.00010625949111391006,8.160260759808745e-05
2905,2019-08-16,8.514909680203475e-05,7.232456325621559e-05
2906,2019-08-19,5.350057052528297e-05,7.977058661944847e-05
2907,2019-08-20,2.448088201552056e-05,7.197427715738371e-05
2908,2019-08-21,4.548418878454542e-05,8.05283149877576e-05
2909,2019-08-22,0.00010680224806177121,7.81017824152168e-05
2910,2019-08-23,0.00016428603798208794,7.961362468247586e-05
2911,2019-08-26,0.0006678413178280442,7.352906661102994e-05
2912,2019-08-27,4.328578394186385e-05,6.677420322041528e-05
2913,2019-08-28,5.7298472223770476e-05,6.530287342416637e-05
2914,2019-08-29,4.752072714151409e-05,6.911336109228591e-05
2915,2019-08-30,0.00011476142967588795,7.697856997470801e-05
2916,2019-09-03,0.00014135285410310817,0.0001072969781182155
2917,2019-09-04,3.903340759997137e-05,9.023098178802021e-05
2918,2019-09-05,3.458722848049226e-05,9.369072084188761e-05
2919,2019-09-06,3.357775931058769e-05,8.898899146196467e-05
2920,2019-09-09,5.550662827915424e-05,9.408692859456835e-05
2921,2019-09-11,1.0402477887393914e-05,8.741914463769945e-05
2922,2019-09-12,4.1783554359788234e-05,7.731194434363761e-05
2923,2019-09-13,5.602333096481956e-05,7.184661185140032e-05
2924,2019-09-16,7.475303217527683e-05,6.771825755830651e-05
2925,2019-09-17,0.00011933194429033839,6.596699556658674e-05
2926,2019-09-18,4.564437098900575e-05,4.658064026974129e-05
2927,2019-09-19,9.260392273327104e-05,5.1746893559219295e-05
2928,2019-09-20,0.0013384984816024936,5.3424118008903704e-05
2929,2019-09-23,0.0006782967570183897,5.7717020770054835e-05
2930,2019-09-24,3.415995805522195e-05,6.235900234595107e-05
2931,2019-09-25,6.207776248167778e-05,6.188095317414267e-05
2932,2019-09-26,6.243182784157211e-05,6.87722266177052e-05
2933,2019-09-27,2.5076438552678264e-05,0.00011039337541465528
2934,2019-09-30,4.937640372771174e-05,0.00012781691352535665
2935,2019-10-01,0.00026688881847943045,9.360286027666538e-05
2936,2019-10-03,4.4174532638993384e-05,9.885156892330478e-05
2937,2019-10-04,0.00019852328870832687,9.433382735205756e-05
2938,2019-10-07,4.438205674814502e-05,6.454983291463289e-05
2939,2019-10-09,0.00015647229338620438,5.8180680326974764e-05
2940,2019-10-10,2.780178470682451e-05,7.7407353138443e-05
2941,2019-10-11,8.285969531215829e-05,6.611437545391265e-05
2942,2019-10-14,5.375278810425236e-05,8.023759817491159e-05
2943,2019-10-15,4.064400838224526e-05,7.239473253570638e-05
2944,2019-10-16,2.6002386289212537e-05,8.785744096310531e-05
2945,2019-10-17,6.485065756964877e-05,6.711661743992613e-05
2946,2019-10-18,4.311839224215728e-05,7.711024900820487e-05
2947,2019-10-22,5.303461514085077e-05,6.898942123798979e-05
2948,2019-10-23,2.3695540558823736e-05,6.929932672403131e-05
2949,2019-10-24,7.865118212339078e-05,5.951385776657019e-05
2950,2019-10-25,0.00011151951765950427,6.725564350178404e-05
2951,2019-10-29,0.0001079488164962948,6.199884728101062e-05
2952,2019-10-30,9.908113307162571e-05,6.180742348772247e-05
2953,2019-10-31,3.6495351271525765e-05,5.556570372491347e-05
2954,2019-11-01,1.4300742597755168e-05,6.464731878328549e-05
2955,2019-11-04,2.7939331850351768e-05,6.474096512816054e-05
2956,2019-11-05,4.5871469248293104e-05,6.545592358238089e-05
2957,2019-11-06,5.59278097852526e-05,6.915676169136226e-05
2958,2019-11-07,4.3529678165291166e-05,6.51733020051496e-05
2959,2019-11-08,5.522520442758901e-05,5.309722455708886e-05
2960,2019-11-11,2.0545896804921544e-05,5.145513975733584e-05
2961,2019-11-13,3.723811137196346e-05,5.0583213454700794e-05
2962,2019-11-14,2.5240405854116552e-05,4.787382740927886e-05
2963,2019-11-15,3.451904631879856e-05,4.745353680590115e-05
2964,2019-11-18,1.7643990479744643e-05,5.09090058735316e-05
2965,2019-11-19,2.3301917174142088e-05,4.5657215434746465e-05
2966,2019-11-20,4.12203466095418e-05,4.5590564866727905e-05
2967,2019-11-21,1.6962982830109254e-05,4.21265775501088e-05
2968,2019-11-22,1.8923678504490143e-05,4.166154612073435e-05
2969,2019-11-25,6.437331232027267e-05,3.60670271346801e-05
2970,2019-11-26,4.5667409254993015e-05,3.66593256943367e-05
2971,2019-11-27,1.4668932619668745e-05,3.88750915805537e-05
2972,2019-11-28,1.5860754515563225e-05,3.4471068884304133e-05
2973,2019-11-29,4.2120686254761266e-05,3.2865138175629804e-05
2974,2019-12-02,7.583944015975865e-05,3.908825027948746e-05
2975,2019-12-03,3.489023315192242e-05,4.031334985895172e-05
2976,2019-12-04,3.841482924253673e-05,3.3528546816573224e-05
2977,2019-12-05,2.1298095962925037e-05,3.215803774178252e-05
2978,2019-12-06,7.325954756858859e-05,3.5520870155845435e-05
2979,2019-12-09,2.2710180705747405e-05,3.727296410142411e-05
2980,2019-12-10,2.945148255575621e-05,3.4568776337271126e-05
2981,2019-12-11,2.1393385999571705e-05,3.7730513426116515e-05
2982,2019-12-12,2.1278110771796102e-05,3.6537307910396845e-05
2983,2019-12-13,3.399820158725481e-05,4.181921030941896e-05
2984,2019-12-16,3.167099530170572e-05,3.492491011908516e-05
2985,2019-12-17,3.446115146060638e-05,3.493053200380928e-05
2986,2019-12-18,1.9850578768432568e-05,3.2232693510049876e-05
2987,2019-12-19,1.4495516865727665e-05,3.2230423641629685e-05
2988,2019-12-20,4.167972118365906e-06,3.177308962279049e-05
2989,2019-12-23,2.0868635031057054e-05,3.236068022823138e-05
2990,2019-12-24,1.5148669810308273e-05,3.286338477566868e-05
2991,2019-12-26,2.4048448141046533e-05,3.147338605592942e-05
2992,2019-12-27,3.7309814937814494e-05,2.971648880090945e-05
2993,2019-12-30,1.932123533430303e-05,2.2667142098964128e-05
2994,2019-12-31,2.168211834458705e-05,2.500033947444299e-05
2995,2020-01-01,1.4877800452855948e-05,2.310381697271104e-05
2996,2020-01-02,2.1967312543763787e-05,2.3640653650892504e-05
2997,2020-01-03,1.7305184297794668e-05,2.574905317287613e-05
2998,2020-01-06,0.00011852481223656642,2.7090726765760484e-05
2999,2020-01-07,0.0001013233332539548,2.76148335517017e-05
3000,2020-01-08,0.00012137910391386572,2.6245672049983325e-05
3001,2020-01-09,0.0001310013792497741,2.6161830458759834e-05
3002,2020-01-10,4.137299551486008e-05,2.4190223472529673e-05
3003,2020-01-13,1.652600467077061e-05,3.189411544038561e-05
3004,2020-01-14,9.787647948357239e-06,3.5820160287110495e-05
3005,2020-01-15,2.1322288615254492e-05,4.162263765347554e-05
3006,2020-01-16,1.1713819248965148e-05,4.846330735186194e-05
3007,2020-01-17,1.5196620683045977e-05,4.727537069983219e-05
3008,2020-01-20,0.00014183789039935734,3.894901179052108e-05
3009,2020-01-21,1.759926232283318e-05,3.216993339631857e-05
3010,2020-01-22,5.900830441348911e-05,3.0230070163851576e-05
3011,2020-01-23,2.330951123055538e-05,2.4507962390933172e-05
3012,2020-01-24,3.3806484803544675e-05,2.3063010730840718e-05
3013,2020-01-27,4.4847845987563625e-05,3.214067682974423e-05
3014,2020-01-28,5.0539653569428996e-05,2.888098929840894e-05
3015,2020-01-29,3.550437832294879e-05,3.55329697788603e-05
3016,2020-01-30,4.842329340191289e-05,3.4769874901125965e-05
3017,2020-01-31,8.713487078206058e-05,3.815250822197898e-05
3018,2020-02-03,0.0008518918464742616,3.6847028994983174e-05
3019,2020-02-04,0.00014320923881507334,3.9956714149965504e-05
3020,2020-02-05,5.746430651412088e-05,3.834556685561241e-05
3021,2020-02-06,1.9838653088094105e-05,4.172614268513782e-05
3022,2020-02-07,1.7017291127540288e-05,4.790950182847687e-05
3023,2020-02-10,3.296494974400387e-05,7.29406624272074e-05
3024,2020-02-11,5.939803108367244e-05,7.168330118204987e-05
3025,2020-02-12,3.1038875393057186e-05,6.810316058218403e-05
3026,2020-02-13,2.063119912706229e-05,5.7637232493390415e-05
3027,2020-02-14,5.8472062686674975e-05,4.929435121875187e-05
3028,2020-02-17,3.7486765244932315e-05,4.1307206154617855e-05
3029,2020-02-18,5.2418551066311234e-05,4.121945747217877e-05
3030,2020-02-19,8.940065944193173e-05,3.8503052427955044e-05
3031,2020-02-20,1.6262641535284617e-05,3.8150437907593094e-05
3032,2020-02-24,0.00012733507172376396,4.5212639716181015e-05
3033,2020-02-25,4.2371750488497084e-05,4.5340906376005516e-05
3034,2020-02-26,7.541902676828718e-05,4.742100369838758e-05
3035,2020-02-27,6.362410671263391e-05,5.191866670988882e-05
3036,2020-02-28,0.0005950919329509915,4.520670187238707e-05
3037,2020-03-02,0.0006941063132975494,5.5828158758821676e-05
3038,2020-03-03,0.00015389609356761437,5.280476896269802e-05
3039,2020-03-04,0.00028718333412456357,5.7287592940967466e-05
3040,2020-03-05,8.690780573322371e-05,5.594865279145207e-05
3041,2020-03-06,0.0009966520344470763,8.597480639442053e-05
3042,2020-03-09,0.0012158773352649369,0.0001035579180436523
3043,2020-03-11,0.00028576822914082333,0.0001028429566955817
3044,2020-03-12,0.002693186145034291,0.0001203109487981641
3045,2020-03-13,0.01308174412816012,0.00010732938333034941
3046,2020-03-16,0.0021489477899013757,0.00014160626860757107
3047,2020-03-17,0.001056525694906474,0.0001611528424934125
3048,2020-03-18,0.002464930386654642,0.00016022153540491815
3049,2020-03-19,0.005144415989199362,0.0002481339015024141
3050,2020-03-20,0.002293346802053906,0.00045671917103956236
3051,2020-03-23,0.011157190095124536,0.0004561696341108352
3052,2020-03-24,0.0025259320814660447,0.00047187692727499077
3053,2020-03-25,0.002367746711097736,0.0006592101337684741
3054,2020-03-26,0.0011613698871895976,0.0008106100765485855
3055,2020-03-27,0.0023866406922694143,0.0007237794857277706
3056,2020-03-30,0.0016578950826092766,0.0010388884359061306
3057,2020-03-31,0.0013794985304174858,0.0010521276765282051
3058,2020-04-01,0.0007427582149944734,0.0011486367375429958
3059,2020-04-03,0.0006113939356230489,0.0010068491101383357
3060,2020-04-07,0.0028972288727045488,0.0011521503717652278
3061,2020-04-08,0.0015901671022629312,0.0010313190592499148
3062,2020-04-09,0.0008578595313641988,0.0010303807743644207
3063,2020-04-13,0.00018644042322208724,0.0009005459047195165
3064,2020-04-15,0.0011070845308223391,0.0008367773250978711
3065,2020-04-16,0.00029789779260388735,0.001020252711245353
3066,2020-04-17,0.0016346614006695723,0.0009942111369457044
3067,2020-04-20,0.0002781140862416629,0.0009544700891258517
3068,2020-04-21,0.000801201677410225,0.0007311484803472982
3069,2020-04-22,0.0003205072539756703,0.0008828274336640712
3070,2020-04-23,0.00014478661314180406,0.0006646374752456092
3071,2020-04-24,0.0004132048980997975,0.000750976662295109
3072,2020-04-27,0.0002196167214306619,0.0005538067114446905
3073,2020-04-28,0.0002546311019990722,0.000659917738682147
3074,2020-04-29,0.00017182812986957135,0.0005423576746701053
3075,2020-04-30,0.000516364628312252,0.00045428764721325494
3076,2020-05-04,0.0014078474253375213,0.0004253497975872053
3077,2020-05-05,0.00047377136815568725,0.00038248598030795055
3078,2020-05-06,0.00021601199569663487,0.0003313146253104022
3079,2020-05-07,5.791058634082894e-05,0.000290774636815276
3080,2020-05-08,0.00044837005248972385,0.0003395502754135904
3081,2020-05-11,0.00031227510270942786,0.00040720508527478
3082,2020-05-12,0.00023779322209300244,0.00038386441811033377
3083,2020-05-13,0.0019135948676708764,0.0003424373364417953
3084,2020-05-14,0.0004422001966624835,0.000268279972314999
3085,2020-05-15,0.00011868776545425456,0.00031048682847479176
3086,2020-05-18,0.000526139267426089,0.00026450693987833566
3087,2020-05-19,0.0003777977319420824,0.00023486188924543835
3088,2020-05-20,0.00020097999969475767,0.0003303902104839445
3089,2020-05-21,7.102099189161913e-05,0.00033981580698897015
3090,2020-05-22,0.00015013940778996963,0.00027307470140441745
3091,2020-05-26,0.00015745098962372084,0.00031575416151463095
3092,2020-05-27,0.00048202139238493174,0.00031980005324554694
3093,2020-05-28,0.00014411932990880056,0.00024595985021002784
3094,2020-05-29,0.00023767708363993438,0.00019145470743879271
3095,2020-06-01,0.0004288008870213064,0.00020098942109317028
3096,2020-06-02,0.00013627517792763957,0.0001815480792901477
3097,2020-06-03,0.00023518796900675337,0.00020661554305091435
3098,2020-06-04,0.00010716124874410749,0.0001794698960474822
3099,2020-06-05,0.00010325493698820981,0.0002053234659371992
3100,2020-06-08,0.000471316447825842,0.0002355410160378782
3101,2020-06-09,0.000258692209896061,0.00021178682386116123
3102,2020-06-10,4.7443973352503686e-05,0.00020635931639451986
3103,2020-06-11,0.0001785645973356767,0.00018059945350712707
3104,2020-06-12,0.0020752116419897344,0.00016421879854619157
3105,2020-06-15,0.00020485078025377326,0.00018966293627813678
3106,2020-06-16,0.0008351468615587157,0.00019532221589288655
3107,2020-06-17,0.00013185207593368768,0.00014499986916505843
3108,2020-06-18,0.0002433438612565675,0.0001659214199888306
3109,2020-06-19,0.00013723538301658328,0.0002647679481391638
3110,2020-06-22,9.910028874790498e-05,0.0001982311199902164
3111,2020-06-23,0.00011962407174890053,0.00024517840313019137
3112,2020-06-24,0.0002590695661300437,0.00022993986157023168
3113,2020-06-25,0.00013688287888100425,0.00024375295359863638
3114,2020-06-26,0.0001109078795133648,0.00018516750438798434
3115,2020-06-29,0.00010037587860091429,0.00016836939171853323
3116,2020-06-30,0.00010271732781004213,0.00014829017442202246
3117,2020-07-01,7.232431255786066e-05,0.00016764999805191056
3118,2020-07-02,7.87338518126361e-05,0.00015197262921516706
3119,2020-07-03,5.19487323921337e-05,0.0001431196525341074
3120,2020-07-06,0.00015905395260603527,0.00014109720657784255
3121,2020-07-07,8.523296123144928e-05,0.00013762384065740333
3122,2020-07-08,8.779794588611376e-05,0.00011737454040019655
3123,2020-07-09,5.2425738353919956e-05,0.0001120397356997708
3124,2020-07-10,5.315686107546728e-05,9.940073166328777e-05
3125,2020-07-13,0.00011399952024562725,0.00011324861992905888
3126,2020-07-14,0.0001375144686788117,0.0001058876145702533
3127,2020-07-15,0.0002782679020684888,0.00010462054140179598
3128,2020-07-16,0.00016913806715753454,9.467203346395489e-05
3129,2020-07-17,0.00010040748166788291,9.51939116638277e-05
3130,2020-07-20,0.0001020034273471472,9.772380137287645e-05
3131,2020-07-21,9.985777843563946e-05,9.808269110340282e-05
3132,2020-07-22,0.00013908678323928798,0.0001140533694709489
3133,2020-07-23,5.0100836350326306e-05,0.00011677551347451365
3134,2020-07-24,8.503615269121945e-05,0.00011714255820463112
3135,2020-07-27,6.330690534282055e-05,0.00011446464014992091
3136,2020-07-28,7.8599845896217e-05,0.00011079546179222447
3137,2020-07-29,0.00010097191128807613,0.00010841186327773169
3138,2020-07-30,0.00014668429117304044,8.958000598531879e-05
3139,2020-07-31,5.623676977306531e-05,9.041168916615142e-05
3140,2020-08-03,8.932071542574453e-05,8.393917427360143e-05
3141,2020-08-04,0.00014201476873174285,8.330006023234769e-05
3142,2020-08-05,0.00010188025928600013,8.290234539832714e-05
3143,2020-08-06,0.00010109836350791939,9.340980149523043e-05
3144,2020-08-07,2.4710193891919758e-05,8.348916848838098e-05
3145,2020-08-10,5.365012100498883e-05,8.910511252469626e-05
3146,2020-08-11,3.7502746131747744e-05,9.852250253648668e-05
3147,2020-08-12,2.7931676077255212e-05,9.52344917522294e-05
3148,2020-08-13,2.6228093054568053e-05,9.271003808990104e-05
3149,2020-08-14,0.0002016294723231509,7.603951794988985e-05
3150,2020-08-17,9.782724565896924e-05,7.778413844924422e-05
3151,2020-08-18,5.949400633256152e-05,6.778257793216792e-05
3152,2020-08-19,4.55579713346615e-05,5.840565192989049e-05
3153,2020-08-20,7.846543803425588e-05,5.078730700782151e-05
3154,2020-08-21,8.175191806186402e-05,6.977063494106322e-05
3155,2020-08-24,3.383791948087453e-05,6.842179201908633e-05
3156,2020-08-25,4.6265170917271145e-05,6.755118983483096e-05
3157,2020-08-26,4.1222216993235845e-05,6.773146714598108e-05
3158,2020-08-27,4.154719640437663e-05,7.661397372447053e-05
3159,2020-08-28,3.863987606347643e-05,7.095925207692431e-05
3160,2020-08-31,0.000681689222406693,6.054433510737762e-05
3161,2020-09-01,0.0001332754517744667,6.024803516059358e-05
3162,2020-09-02,4.144919024704067e-05,5.881638549896664e-05
3163,2020-09-03,2.2202916901327794e-05,5.5369617868497595e-05
3164,2020-09-04,0.0002964312343067586,5.1033044934095653e-05
3165,2020-09-07,6.56703500420397e-05,8.278132064634123e-05
3166,2020-09-08,6.216109788409436e-05,8.041904787968232e-05
3167,2020-09-09,0.00011090358106176342,7.252132450436846e-05
3168,2020-09-10,0.00010595200177924861,6.371499414314016e-05
3169,2020-09-11,1.3658993465720842e-05,9.282665210074613e-05
3170,2020-09-14,0.00013215857606702818,6.836969674105913e-05
3171,2020-09-15,4.1351158773938385e-05,6.525817860559181e-05
3172,2020-09-16,2.791382046802762e-05,7.453542157788286e-05
3173,2020-09-17,5.3462202419013054e-05,8.542610127080375e-05
3174,2020-09-18,9.120731807900921e-05,5.693903221279255e-05
3175,2020-09-21,0.0002608036650908777,7.334685915795752e-05
3176,2020-09-22,0.00015956365395906468,6.335114675951806e-05
3177,2020-09-23,0.0002668357534596149,5.405480486466558e-05
3178,2020-09-24,0.0002637245547925327,5.374489168446613e-05
3179,2020-09-25,0.00022819086053700105,6.566316177168559e-05
3180,2020-09-28,0.00012104461114140284,7.655633764562449e-05
3181,2020-09-29,7.176271146664911e-05,8.292804143735927e-05
3182,2020-09-30,3.63472173797733e-05,0.0001064902873773028
3183,2020-10-01,0.00012413310292521453,0.00012402028880474598
3184,2020-10-05,8.141062086128452e-05,0.00013581615388998892
3185,2020-10-06,0.00010932424711095035,0.00012439153647778313
3186,2020-10-07,4.709510834917732e-05,0.00011375026739858336
3187,2020-10-08,9.960377095665353e-05,8.78395932337001e-05
3188,2020-10-09,4.532136387951421e-05,9.084754448520395e-05
3189,2020-10-12,8.085202449354192e-05,8.231818257482386e-05
3190,2020-10-13,2.30653895929716e-05,8.597149783576695e-05
3191,2020-10-14,8.481621836424595e-05,7.553020563212346e-05
3192,2020-10-15,0.00034019520844844975,8.696963664387676e-05
3193,2020-10-16,5.443431853951542e-05,7.54882862589872e-05
3194,2020-10-19,0.00011443774324085889,7.833347544786959e-05
3195,2020-10-20,3.227974967483041e-05,6.155298727095895e-05
3196,2020-10-21,0.00018904311001723698,7.339063763352568e-05
3197,2020-10-22,4.8824444481476777e-05,9.11738891204298e-05
3198,2020-10-23,3.6675330235208445e-05,8.088733177349808e-05
3199,2020-10-26,0.00013460510126841769,9.009966382986887e-05
3200,2020-10-27,9.819924331903148e-05,8.329021236815474e-05
3201,2020-10-28,0.0001555069046289618,0.00010252949185017221
3202,2020-10-29,0.00011913056399482923,7.740836223324058e-05
3203,2020-10-30,0.00011491049063837805,7.157480417940855e-05
3204,2020-11-02,0.00010829799158958092,7.893743006537358e-05
3205,2020-11-03,6.221451999196341e-05,8.245978245001666e-05
3206,2020-11-04,7.83578646196029e-05,8.350040220667413e-05
3207,2020-11-05,0.00019066073897966603,8.75995444551569e-05
3208,2020-11-06,5.876085388420394e-05,9.620022183719305e-05
3209,2020-11-09,0.0001467548196348167,9.605660707431951e-05
3210,2020-11-10,0.00012784034799315268,8.787188802406432e-05
3211,2020-11-11,0.00011314889042316898,8.479516796072483e-05
3212,2020-11-12,4.291508222626066e-05,9.494647630471244e-05
3213,2020-11-13,4.2745833691928004e-05,8.28806479284677e-05
3214,2020-11-17,0.0003236607603110979,9.147584448578024e-05
3215,2020-11-18,3.673691045402734e-05,9.754467646221033e-05
3216,2020-11-19,0.0001720025151535234,9.998098916694379e-05
3217,2020-11-20,6.87118654152713e-05,8.388035082909242e-05
3218,2020-11-23,0.00011917724808530264,8.081040759322255e-05
3219,2020-11-24,5.4535418301741205e-05,9.989897694753311e-05
3220,2020-11-25,0.00022786564339154886,7.656369522164684e-05
3221,2020-11-26,0.00013154805285755521,8.938037879132898e-05
3222,2020-11-27,3.448471637311303e-05,8.77821597076726e-05
3223,2020-12-01,0.00011717292849585772,9.807353107262981e-05
3224,2020-12-02,7.095637524048128e-05,8.08843514683698e-05
3225,2020-12-03,8.35635902178609e-05,0.00010699386801995153
3226,2020-12-04,4.189800581448844e-05,0.00010055789628104402
3227,2020-12-07,2.9958017954734718e-05,8.468924347878423e-05
3228,2020-12-08,3.970549785100705e-05,9.213090063038295e-05
3229,2020-12-09,4.190973312192007e-05,8.96654021203917e-05
3230,2020-12-10,3.6347319693203926e-05,8.354968201069683e-05
3231,2020-12-11,6.641994974331248e-05,7.141133890905811e-05
3232,2020-12-14,5.2725863639056965e-05,6.797745480884357e-05
3233,2020-12-15,4.855461683454311e-05,6.310762522889499e-05
3234,2020-12-16,6.595820638299687e-05,5.919151780555638e-05
3235,2020-12-17,2.2630277295622962e-05,5.4469020313258186e-05
3236,2020-12-18,4.1230156316505906e-05,5.814724504189901e-05
3237,2020-12-21,0.0008222634813983543,5.871684593370871e-05
3238,2020-12-22,0.00022301855490095793,5.844478988171068e-05
3239,2020-12-23,6.539996076097611e-05,6.244470612472988e-05
3240,2020-12-24,6.52891072558501e-05,5.4924818260668334e-05
3241,2020-12-28,3.252166008811165e-05,5.3368590034255193e-05
3242,2020-12-29,2.7366311709987136e-05,8.724323427130634e-05
3243,2020-12-30,5.898384653972317e-05,8.911501219230862e-05
3244,2020-12-31,1.4081341366799207e-05,8.130846038148404e-05
3245,2021-01-01,8.007103611700786e-06,8.7085638837212e-05
3246,2021-01-04,0.00013121895423687995,8.018081047613802e-05
3247,2021-01-05,6.407667539611348e-05,5.885954202117804e-05
3248,2021-01-06,9.546974953176518e-05,5.55104995732652e-05
3249,2021-01-07,8.727089303000721e-05,4.36941832516868e-05
3250,2021-01-08,0.0001078031055049479,3.404564800052221e-05
3251,2021-01-11,0.0001079298793825198,4.708275654454121e-05
3252,2021-01-12,4.028326318236103e-05,4.7465309335453364e-05
3253,2021-01-13,0.0001225277682698967,5.1466642452722266e-05
3254,2021-01-14,3.9522388407913524e-05,5.987171589340491e-05
3255,2021-01-15,0.00011168200036537829,7.533201306871079e-05
3256,2021-01-18,9.742973639919144e-05,7.557029834236234e-05
3257,2021-01-19,0.00010110137317960069,6.794863622194348e-05
3258,2021-01-20,3.628826300731775e-05,7.60851390151744e-05
3259,2021-01-21,0.0001254517413309716,6.5530849468469e-05
3260,2021-01-22,0.0001111552023839714,7.207586964490591e-05
3261,2021-01-25,0.00017567699760499757,7.132941525716923e-05
3262,2021-01-27,0.00016466626739689336,7.884689596342778e-05
3263,2021-01-28,0.00018770950359436428,6.652357886733825e-05
3264,2021-01-29,0.000330129321241973,7.688187884083227e-05
3265,2021-02-01,0.0008658767713808923,7.525972053976871e-05
3266,2021-02-02,0.000309113032063498,8.303152862456458e-05
3267,2021-02-03,0.00020152469005796988,8.730604365986189e-05
3268,2021-02-04,6.486852749623855e-05,0.00010322423595416628
3269,2021-02-05,4.782766863438668e-05,0.00012124327452143647
3270,2021-02-08,0.00010841839658414442,0.00015969649208059697
3271,2021-02-09,6.692963194786728e-05,0.000163197966434807
3272,2021-02-10,6.28778665150844e-05,0.0001700145851988055
3273,2021-02-11,2.7222994413662455e-05,0.00014206700748364826
3274,2021-02-12,3.957775090493032e-05,0.00011906083316360214
3275,2021-02-15,6.27430199344549e-05,0.0001088220419520793
3276,2021-02-16,6.441562476771497e-05,9.31432429357285e-05
3277,2021-02-17,3.4319429999537395e-05,8.417907325520202e-05
3278,2021-02-18,4.8470063620663535e-05,7.206256524406855e-05
3279,2021-02-19,9.76750692698071e-05,7.309164380400244e-05
3280,2021-02-22,0.00021874707341082696,7.186781804408758e-05
3281,2021-02-23,0.0001152264564545709,7.256872807096296e-05
3282,2021-02-24,0.0004513591292940083,6.468416254233305e-05
3283,2021-02-25,6.623197332001495e-05,6.859620038517076e-05
3284,2021-02-26,0.0005132887465611668,7.733067509031581e-05
3285,2021-03-01,0.00018448779023019313,9.347887571695667e-05
3286,2021-03-02,0.00011427372423314657,9.263670786339934e-05
3287,2021-03-03,0.00020870947552380443,0.0001277266964268192
3288,2021-03-04,0.0002887156365263204,0.0001102351904606969
3289,2021-03-05,0.00012692726473621945,0.00014944519787662131
3290,2021-03-08,7.967867702532859e-05,0.00013611136364604295
3291,2021-03-09,0.00011200027832744764,0.00012833700441496285
3292,2021-03-10,7.158693076391061e-05,0.00012385555296985963
3293,2021-03-12,0.0003122593050496065,0.00014112231554216692
3294,2021-03-15,0.00018865623521681173,0.00011860272430184547
3295,2021-03-16,6.012686319940967e-05,0.00010802327934797558
3296,2021-03-17,0.00011039509430949162,0.00011253978077205621
3297,2021-03-18,0.00033307904571396453,9.972389372917229e-05
3298,2021-03-19,0.000347312424045856,0.00011598597802754996
3299,2021-03-22,6.142787139782576e-05,0.00011722806292765076
3300,2021-03-23,4.925922803012349e-05,0.00010646852834375062
3301,2021-03-24,0.0001229322487659712,0.00011373208072512258
3302,2021-03-25,0.00016383166512035273,0.00014326114306222734
3303,2021-03-26,0.00019902583581480157,0.00014954144253460954
3304,2021-03-30,0.00017354383429719526,0.00012143626485898333
3305,2021-03-31,3.7499144246154634e-05,0.00011768247328588318
3306,2021-04-01,0.00012083925501310483,0.00012802050047899143
3307,2021-04-05,0.00028315532404050406,0.0001237547579816931
3308,2021-04-06,0.00011736477594212301,0.00012205337841038391
3309,2021-04-07,8.561888390908754e-05,0.00012781701615904235
3310,2021-04-08,5.859843830479637e-05,0.00010960862848162893
3311,2021-04-09,2.712037122514251e-05,0.00011698961124993061
3312,2021-04-12,0.0004343388336664408,0.00013135220232970374
3313,2021-04-13,0.00012488648023782574,0.00011786524343357318
3314,2021-04-15,0.0001328621405335557,0.00010734816330711462
3315,2021-04-16,3.357073291260141e-05,0.00010433377307810135
3316,2021-04-19,0.0005361904843244016,8.536386857618689e-05
3317,2021-04-20,0.0003128449166294328,0.00011389909806904594
3318,2021-04-22,0.00015586253539506714,0.00010379405030391745
3319,2021-04-23,9.429282374115425e-05,0.00010896081972577212
3320,2021-04-26,8.866585651044321e-05,8.97036731719782e-05
3321,2021-04-27,5.3454400294993774e-05,0.00014216787740982766
3322,2021-04-28,7.406812055865878e-05,0.00013694757639972737
3323,2021-04-29,0.00013777606559426235,0.00013235655639325268
3324,2021-04-30,0.00020693542060403697,0.00012108383787955051
3325,2021-05-03,0.000211924989918987,0.00012597948534285482
3326,2021-05-04,0.00012113252097080003,0.00010219842482553091
3327,2021-05-05,9.0918329200988e-05,9.526854083357154e-05
3328,2021-05-06,4.110192152102255e-05,9.944148385193557e-05
3329,2021-05-07,5.334981993855365e-05,0.0001091508101980157
3330,2021-05-10,5.831007861775901e-05,0.00011656609463553043
3331,2021-05-11,0.00013182419474772842,0.00011749741036030812
3332,2021-05-12,5.3578942917620266e-05,0.00011855122432949135
3333,2021-05-14,6.26055752041939e-05,9.987045648650488e-05
3334,2021-05-17,9.791983625955918e-05,8.952424344026605e-05
3335,2021-05-18,0.00010508465464234393,8.104224192019532e-05
3336,2021-05-19,3.747199411377885e-05,8.773463808065415e-05
3337,2021-05-20,5.186154481690646e-05,7.842427741494724e-05
3338,2021-05-21,9.210976078581005e-05,8.313451822682191e-05
3339,2021-05-24,2.3252467451626042e-05,8.75380678060575e-05
3340,2021-05-25,6.52156376942405e-05,9.152570140083729e-05
3341,2021-05-26,3.512079948112127e-05,7.516477366543405e-05
3342,2021-05-27,1.9835226006066742e-05,7.752967912451708e-05
3343,2021-05-28,3.7231664916915963e-05,8.06976269185412e-05
3344,2021-05-31,7.742289241749166e-05,6.202775260673519e-05
3345,2021-06-01,3.327491161525992e-05,6.39605536365643e-05
3346,2021-06-02,4.046119218603134e-05,5.948479707676436e-05
3347,2021-06-03,3.89917636694734e-05,5.1518602103452576e-05
3348,2021-06-04,1.9654778210026475e-05,5.032022138688202e-05
3349,2021-06-07,2.5225300031915728e-05,5.823547540762165e-05
3350,2021-06-08,1.9135539150517806e-05,5.0461528276548384e-05
3351,2021-06-09,7.827379486845665e-05,5.0200611163449487e-05
3352,2021-06-10,2.8568137809426368e-05,5.1000749289678575e-05
3353,2021-06-11,2.3737544189769985e-05,4.4551640546274314e-05
3354,2021-06-14,0.00010337458279311847,4.082673154865032e-05
3355,2021-06-15,1.6770956096745588e-05,3.783391272610177e-05
3356,2021-06-16,2.745409336577071e-05,4.469449097140315e-05
3357,2021-06-17,9.176126276309946e-05,3.978473077474655e-05
3358,2021-06-18,0.00021856786065420635,3.8535780193369636e-05
3359,2021-06-21,0.00019477558508569745,4.8646602690023954e-05
3360,2021-06-22,6.436044345777884e-05,4.074304795262315e-05
3361,2021-06-23,8.128419882934974e-05,3.832570324614752e-05
3362,2021-06-24,2.9117268408039392e-05,4.584694517425812e-05
3363,2021-06-25,2.660606072566692e-05,5.970396556810875e-05
3364,2021-06-28,3.306587283885488e-05,6.345027706468966e-05
3365,2021-06-29,1.694704755278313e-05,6.377764607501121e-05
3366,2021-06-30,2.9135761414535058e-05,7.185330846982368e-05
3367,2021-07-01,1.54513691295415e-05,5.9957361509475094e-05
3368,2021-07-02,2.0676463525137483e-05,5.0699004351029875e-05
3369,2021-07-05,3.030320316863344e-05,4.578886168379024e-05
3370,2021-07-06,2.7576086279067653e-05,3.882834162988745e-05
3371,2021-07-07,1.8104861305286375e-05,3.696011506945158e-05
3372,2021-07-08,5.779041601866431e-05,3.305405113034533e-05
3373,2021-07-09,1.9571724454818346e-05,3.2823627654937546e-05
3374,2021-07-12,5.2946287701330686e-05,3.345401485759212e-05
3375,2021-07-13,5.141902098781883e-05,3.462770742954999e-05
3376,2021-07-14,1.761086925578745e-05,3.215830188721992e-05
3377,2021-07-15,1.3943305597108534e-05,3.962074941698167e-05
3378,2021-07-16,1.4673128883410915e-05,3.522619751552779e-05
3379,2021-07-19,0.00013776920709983507,4.015818018220031e-05
3380,2021-07-20,4.111920576321744e-05,4.256448307075226e-05
3381,2021-07-22,6.027049809971032e-05,3.769249916281228e-05
3382,2021-07-23,2.9652741984923264e-05,3.327480282700058e-05
3383,2021-07-26,1.2764101863426972e-05,3.233420690717912e-05
3384,2021-07-27,4.9646553542544205e-05,4.1784793583112505e-05
3385,2021-07-28,0.00013701055928596966,3.614808032706075e-05
3386,2021-07-29,2.0127950099952033e-05,3.989428529652335e-05
3387,2021-07-30,2.294493660397889e-05,3.918363278719696e-05
3388,2021-08-02,5.583618567294292e-05,3.497096418931148e-05
3389,2021-08-03,8.86833605716897e-05,3.664074222937863e-05
3390,2021-08-04,3.2552791939152964e-05,4.477767889772974e-05
3391,2021-08-05,2.8265484536939327e-05,3.509642953188277e-05
3392,2021-08-06,1.6926476844384864e-05,3.501072195877842e-05
3393,2021-08-09,3.4163109973205345e-05,4.234399821947913e-05
3394,2021-08-10,3.177259121724171e-05,4.736628603993112e-05
3395,2021-08-11,6.196952744181406e-05,3.9708366147884154e-05
3396,2021-08-12,1.1616715863464127e-05,4.019031602956112e-05
3397,2021-08-13,3.657356537634457e-05,3.734380981301641e-05
3398,2021-08-16,1.4898733277785643e-05,3.861225742053839e-05
3399,2021-08-17,2.4226273032221237e-05,3.5228723777468516e-05
3400,2021-08-18,5.569451346546776e-05,3.9801786794016854e-05
3401,2021-08-20,0.0001532144009988534,3.16809907736685e-05
3402,2021-08-23,0.0001332536701896174,3.6545547821993006e-05
3403,2021-08-24,4.5589701115517084e-05,3.195195520208734e-05
3404,2021-08-25,1.5864474527447625e-05,3.29316914321227e-05
3405,2021-08-26,8.431778128614065e-06,3.580878428839701e-05
3406,2021-08-27,3.375476825257028e-05,4.6794857515496666e-05
3407,2021-08-30,5.92132673796762e-05,5.19453914867522e-05
3408,2021-08-31,6.647744722103444e-05,5.1481355852918175e-05
3409,2021-09-01,4.321545424611917e-05,4.539508730977121e-05
3410,2021-09-02,4.13085703389634e-05,3.735294118892032e-05
3411,2021-09-03,2.2175752373428414e-05,3.7086007796625735e-05
3412,2021-09-06,2.6759041475978494e-05,3.596806823260303e-05
3413,2021-09-07,2.8174926629034088e-05,3.814553390792165e-05
3414,2021-09-08,2.8264463812203358e-05,4.012565676423218e-05
3415,2021-09-09,1.2104105716888661e-05,4.462105104008565e-05
3416,2021-09-13,1.8835452779121716e-05,4.010949747852734e-05
3417,2021-09-14,1.9649229126080005e-05,3.826235530655156e-05
3418,2021-09-15,2.394331599631233e-05,3.608447965746928e-05
3419,2021-09-16,2.095764396073206e-05,3.533343687455465e-05
3420,2021-09-17,9.130384229260417e-05,2.9622751558927832e-05
3421,2021-09-20,0.0001607054307877023,3.0050673146443404e-05
3422,2021-09-21,9.15945193277602e-05,2.889059189956992e-05
3423,2021-09-22,9.236150374684734e-06,2.9433042035715563e-05
3424,2021-09-23,9.131307404769492e-05,2.8171271156177737e-05
3425,2021-09-24,3.470360134423471e-05,3.792210543229833e-05
3426,2021-09-27,4.184334698787978e-05,4.796611971482174e-05
3427,2021-09-28,0.00015710542679162222,5.1763706988849766e-05
3428,2021-09-29,5.850703600903111e-05,3.82751729014764e-05
3429,2021-09-30,2.6614418817555967e-05,5.064171228277712e-05
3430,2021-10-01,3.893018754177212e-05,4.351646720985012e-05
3431,2021-10-04,5.3825061588024496e-05,4.08062088332812e-05
3432,2021-10-05,4.2667928413000683e-05,4.9752300854432554e-05
3433,2021-10-06,8.359887405216313e-05,5.317370762007488e-05
3434,2021-10-07,9.573997179007082e-05,4.506267377167368e-05
3435,2021-10-08,3.9887499043288253e-05,4.636372258669947e-05
3436,2021-10-11,4.939135318342821e-05,4.861919481503946e-05
3437,2021-10-12,2.5397678099023358e-05,4.3470471284908325e-05
3438,2021-10-13,5.641789866063538e-05,4.818985599589564e-05
3439,2021-10-14,4.772702017195964e-05,5.474851147693333e-05
3440,2021-10-18,8.62984896926461e-05,5.1566515246933356e-05
3441,2021-10-19,9.776548031510568e-05,5.2676415774503234e-05
3442,2021-10-20,6.457082986242415e-05,4.887463333312336e-05
3443,2021-10-21,0.0001704487273778101,5.159828120964422e-05
3444,2021-10-22,8.703399958794068e-05,4.9264344325434174e-05
3445,2021-10-25,0.00013641712120268033,5.590628712385897e-05
3446,2021-10-26,4.754220124857418e-05,6.110054759570035e-05
3447,2021-10-27,3.25121439586948e-05,6.287988007893065e-05
3448,2021-10-28,0.00016412822105424943,7.353797471911157e-05
3449,2021-10-29,9.908628498726991e-05,7.286010771209443e-05
3450,2021-11-01,0.0001128456818160581,8.210501816163124e-05
3451,2021-11-02,3.331829366585014e-05,7.088833203270036e-05
3452,2021-11-03,6.730288602974832e-05,6.53446851800749e-05
3453,2021-11-04,3.7328507441237866e-05,7.594064806122616e-05
3454,2021-11-08,0.00014703738111101493,7.301565062842069e-05
3455,2021-11-09,1.8929494245153255e-05,7.368520817113594e-05
3456,2021-11-10,3.754893818775758e-05,6.553295465007623e-05
3457,2021-11-11,4.4158847158227364e-05,7.371781741107052e-05
3458,2021-11-12,8.480489864915494e-05,6.278681728435173e-05
3459,2021-11-15,2.475858442764725e-05,7.363651790112956e-05
3460,2021-11-16,3.331240337793726e-05,5.359899678611188e-05
3461,2021-11-17,3.63589257420679e-05,5.6004506885963996e-05
3462,2021-11-18,6.9919715982552e-05,5.5105428119518035e-05
3463,2021-11-22,0.0003209273918715601,6.217892046385727e-05
3464,2021-11-23,0.00018673432028314585,4.964445331810769e-05
3465,2021-11-24,7.352945784505207e-05,5.245914353340088e-05
3466,2021-11-25,5.100028813254928e-05,5.2436125991041456e-05
3467,2021-11-26,0.0002852654650513096,5.681814981735728e-05
3468,2021-11-29,0.00019941290226644466,7.216401801820334e-05
3469,2021-11-30,0.00022871515458618556,8.167714234488115e-05
3470,2021-12-01,7.561476081747312e-05,7.899563788334736e-05
3471,2021-12-02,8.391576129769645e-05,7.779223374869275e-05
3472,2021-12-03,0.00011094983989920059,0.00010017428096749861
3473,2021-12-06,0.00012362592149751828,9.668947002023822e-05
3474,2021-12-07,0.00013968647483721995,0.00010295903200017255
3475,2021-12-08,9.905168675333036e-05,9.302641921985731e-05
3476,2021-12-09,5.3963367200208186e-05,9.69175960517037e-05
3477,2021-12-10,2.5984657671600997e-05,9.25525673765733e-05
3478,2021-12-13,0.0001264491032037191,9.243446074004149e-05
3479,2021-12-14,4.9139059349450056e-05,9.140336805270998e-05
3480,2021-12-15,2.8326395808200454e-05,9.230702757896179e-05
3481,2021-12-16,0.00012272756045921814,8.351835771751087e-05
3482,2021-12-17,0.0001291581486041179,7.145510504630976e-05
3483,2021-12-20,0.0003558954189542848,8.32075552769526e-05
3484,2021-12-21,0.00016999969910503655,7.177531984523338e-05
3485,2021-12-22,5.961437228882499e-05,6.154006617715262e-05
3486,2021-12-23,5.492388800703176e-05,7.57011227019579e-05
3487,2021-12-24,9.867805126374194e-05,8.740165318653818e-05
3488,2021-12-27,0.00011220368660763778,0.00010662384359712687
3489,2021-12-28,3.738617736590271e-05,0.00011162254278487336
3490,2021-12-29,1.477953256615218e-05,0.00010472002239321444
3491,2021-12-30,1.596848554535841e-05,9.581842154769761e-05
3492,2021-12-31,3.6733163710500155e-05,9.908074146513208e-05
3493,2022-01-03,8.040252097999786e-05,9.370040796174311e-05
3494,2022-01-04,7.265861192794253e-05,7.400389664116091e-05
3495,2022-01-05,4.360034649940229e-05,5.9130456221639566e-05
3496,2022-01-06,0.00010237775430550511,5.18211649619499e-05
3497,2022-01-07,5.02988663457977e-05,5.1104437460379455e-05
3498,2022-01-10,5.197823303250117e-05,5.319634812311407e-05
3499,2022-01-11,1.413506723232182e-05,5.482819864231801e-05
3500,2022-01-12,5.061592863613087e-05,5.555006569479855e-05
3501,2022-01-13,2.3868123475463672e-05,6.750855702382038e-05
3502,2022-01-14,4.516995021938485e-05,6.42884221255815e-05
3503,2022-01-17,9.921939048031073e-06,6.244792289149178e-05
3504,2022-01-18,7.40697125377207e-05,4.9413865407698644e-05
3505,2022-01-19,6.559903092629053e-05,5.445117855219344e-05
3506,2022-01-20,0.00010043846027659016,4.558278316713655e-05
3507,2022-01-21,0.000119608701660118,4.8094298589133816e-05
3508,2022-01-24,0.0004293209304016739,3.6086334836651e-05
3509,2022-01-25,0.00035066490146106605,4.7285172658118074e-05
3510,2022-01-27,0.00028932512021758307,4.6239012304203286e-05
3511,2022-01-28,0.00015246906777207058,5.243244936192152e-05
3512,2022-01-31,0.00015857511769031465,5.772107645042349e-05
3513,2022-02-01,0.0003361951068224068,8.671176088056186e-05
3514,2022-02-02,6.92919853717404e-05,9.762064015410024e-05
3515,2022-02-03,8.049393743182274e-05,0.0001083415339221365
3516,2022-02-04,2.969198761443339e-05,0.00010851986264183128
3517,2022-02-07,0.00020544480763482544,0.00011575094087286141
3518,2022-02-08,0.000135417160192396,0.0001288035884822886
3519,2022-02-09,5.703430282107675e-05,0.00010219426571453106
3520,2022-02-10,8.451830930644932e-05,9.469443536086047e-05
3521,2022-02-11,0.00010847648498847341,7.648374419841453e-05
3522,2022-02-14,0.00039897458894548463,9.43988979243229e-05
3523,2022-02-15,0.000364385587258246,8.616544144299252e-05
3524,2022-02-16,7.024408008922654e-05,7.924813465908e-05
3525,2022-02-17,6.62563249011977e-05,8.298797464216804e-05
3526,2022-02-18,5.3027565780390344e-05,9.636683134288999e-05
3527,2022-02-21,0.00011188282118349227,0.00011721801630072713
3528,2022-02-22,0.0005550528258938551,0.0001312340727488679
3529,2022-02-23,7.815222727539217e-05,0.00011676636939133497
3530,2022-02-24,0.0012619741092888316,0.00011850409517172726
3531,2022-02-25,0.000358548338295604,0.00011020660028769667
3532,2022-02-28,0.0003839845226567027,0.00010872739449822971
3533,2022-03-02,0.0001948197581921794,0.00013247304645434949
3534,2022-03-03,0.00017865458178188546,0.00011223448382662075
3535,2022-03-04,0.00022269082799894176,0.00017751624058624698
3536,2022-03-07,0.0006316788562367229,0.000182130518330156
3537,2022-03-08,0.00022884060295560532,0.00020083137759120814
3538,2022-03-09,0.0002495754058873497,0.00017728202195188485
3539,2022-03-10,0.0007605570271204136,0.0001868356237006467
3540,2022-03-11,7.628825399964866e-05,0.0001678328217043848
3541,2022-03-14,9.539641600482704e-05,0.00019874031567817851
3542,2022-03-15,0.0001765582456169969,0.00017951089450882006
3543,2022-03-16,0.0001894374638305055,0.00019168336573595823
3544,2022-03-17,0.00021013177618245334,0.00023863702115256997
3545,2022-03-21,8.097131546712282e-05,0.00018069606441951298
3546,2022-03-22,0.0001321462334770925,0.00016296145189142615
3547,2022-03-23,9.239408674373636e-05,0.0001710050551446943
3548,2022-03-24,0.00012722658724855618,0.00017054125706875763
3549,2022-03-25,7.425210681409988e-05,0.00015544544485487786
3550,2022-03-28,9.380104779044398e-05,0.00013980514692529466
3551,2022-03-29,3.394196128966752e-05,0.00015080389321753924
3552,2022-03-30,9.079139209586026e-05,0.0001406349082143961
3553,2022-03-31,1.8390435467509046e-05,0.0001428848476412476
3554,2022-04-01,8.916837863336007e-05,0.00012571758171914767
3555,2022-04-04,0.00017182168639097887,0.00012516173812651744
3556,2022-04-05,3.396345598914384e-05,0.00010286584427151283
3557,2022-04-06,5.723158627768318e-05,0.00010601687575968382
3558,2022-04-07,5.3447365217517516e-05,7.635542914367872e-05
3559,2022-04-08,7.45487392994263e-05,8.597788729703331e-05
3560,2022-04-11,2.358390959482132e-05,9.460472329373403e-05
3561,2022-04-12,5.786199505635653e-05,7.977907985210431e-05
3562,2022-04-13,6.390699740703463e-05,7.862075460499221e-05
3563,2022-04-18,0.00031972108401797695,8.043714999486217e-05
3564,2022-04-19,0.0002744964912129372,8.003006737350358e-05
3565,2022-04-20,7.543723889356312e-05,6.044260249942914e-05
3566,2022-04-21,7.706856190533879e-05,6.446583808809109e-05
3567,2022-04-22,0.0001084292510084747,6.530077383669187e-05
3568,2022-04-25,0.00012285137398428461,8.67877308132066e-05
3569,2022-04-26,0.00012652763451595424,9.472848641906901e-05
3570,2022-04-27,8.380816519588428e-05,9.056130225473416e-05
3571,2022-04-28,0.0001505676303497513,9.0819758319646e-05
3572,2022-04-29,0.00014264351415466776,9.759610044865369e-05
3573,2022-05-02,0.0001455466937414941,9.211669010095418e-05
3574,2022-05-04,0.0003091931199663895,8.798982261705148e-05
3575,2022-05-05,0.00021779392874083126,8.497563814197861e-05
3576,2022-05-06,0.00028566759719593726,9.490719362081233e-05
3577,2022-05-09,0.00021228898637530428,9.714264951236719e-05
3578,2022-05-10,7.963303059265942e-05,0.00010126357952065708
3579,2022-05-11,0.0001587162429715556,0.00011765127050897521
3580,2022-05-12,0.00021020507967521587,0.0001280396396822293
3581,2022-05-13,0.00027307000499523745,0.00014019541682474876
3582,2022-05-16,9.14881512218051e-05,0.00014126372342446143
3583,2022-05-17,0.00021183716071622447,0.00012647528681676142
3584,2022-05-18,6.0807789379821846e-05,0.00013046362240112992
3585,2022-05-19,0.0004626477655614385,0.0001366902038932929
3586,2022-05-20,0.0003179178631955709,0.00014285491354422146
3587,2022-05-23,7.867329788264526e-05,0.00012582789748412842
3588,2022-05-24,4.3770575727571875e-05,0.0001484214948432281
3589,2022-05-25,8.011693617069067e-05,0.00012448107576995887
3590,2022-05-26,0.00017638495057944559,0.00015757801751942042
3591,2022-05-27,9.225224614185706e-05,0.0001547013236016252
3592,2022-05-30,0.00015764968393505252,0.00013592368119050107
3593,2022-05-31,6.19330961030904e-05,0.00011442150420206226
3594,2022-06-01,5.495088719822794e-05,0.00012209516274926238
3595,2022-06-02,5.7343889909498844e-05,0.00012280647845043735
3596,2022-06-03,0.00012605501982068448,0.00010573262808243876
3597,2022-06-06,4.64438455583853e-05,0.00011768893436225067
3598,2022-06-07,6.405028188874296e-05,0.00010945775137369971
3599,2022-06-08,7.380278560351611e-05,0.00010357616930776416
3600,2022-06-09,0.00011018551615747801,9.429736946363672e-05
3601,2022-06-10,0.00016980738411294068,0.00010143511575117243
3602,2022-06-13,0.00047218498816848,8.298160132528457e-05
3603,2022-06-14,0.00010938029686769312,8.326360425117311e-05
3604,2022-06-15,1.6964663564420705e-05,8.437901694718386e-05
3605,2022-06-16,0.0004664002721930307,9.19228220726949e-05
3606,2022-06-17,9.984753601390387e-05,9.76333354052065e-05
3607,2022-06-20,7.64512939673875e-05,0.0001274798644019515
3608,2022-06-21,0.00016245906030709,0.00011479817955030521
3609,2022-06-22,8.087800094330828e-05,8.552633779536807e-05
3610,2022-06-23,0.00010040304097743227,0.00012751891505307318
3611,2022-06-24,6.453254294009407e-05,0.00010868657088828731
3612,2022-06-27,0.00022307666226604122,9.028077902863137e-05
3613,2022-06-28,6.645315791159055e-05,9.778250474975906e-05
3614,2022-06-29,0.0001321432976244825,0.00010295353893767579
3615,2022-06-30,4.208487662778365e-05,9.555410974260397e-05
3616,2022-07-01,0.00016251391164761374,8.885018804019543e-05
3617,2022-07-04,5.722511851170587e-05,0.00010697314322396376
3618,2022-07-05,0.00010802981972297729,9.004827920719089e-05
3619,2022-07-06,5.916997142899018e-05,9.84901314791444e-05
3620,2022-07-07,7.678640678350477e-05,8.345711967798524e-05
3621,2022-07-08,9.758085170702768e-05,0.00010191957037913135
3622,2022-07-11,4.997334424598034e-05,8.47422729938021e-05
3623,2022-07-12,5.179126147424656e-05,9.226265460163352e-05
3624,2022-07-13,6.611130039492038e-05,8.319486594532062e-05
3625,2022-07-14,7.054968506069627e-05,8.904452802404357e-05
3626,2022-07-15,5.121604528476015e-05,8.809308589859074e-05
3627,2022-07-18,6.757065334934608e-05,8.122284979601114e-05
3628,2022-07-19,7.013207628086063e-05,7.56183821511607e-05
3629,2022-07-20,0.00019396205798753426,7.498652031769587e-05
3630,2022-07-21,2.5304934745739647e-05,7.436030469580397e-05
3631,2022-07-22,3.5525830616900845e-05,7.055735860236582e-05
3632,2022-07-25,3.629549131951419e-05,7.114544983780719e-05
3633,2022-07-26,3.7167532447374065e-05,7.242486076905413e-05
3634,2022-07-27,5.760752181883472e-05,8.667627196178544e-05
3635,2022-07-28,0.0001115522607788719,6.55396426782785e-05
3636,2022-07-29,0.00010742534985954176,6.472234079106287e-05
3637,2022-08-01,7.552021322172924e-05,6.0875327241496124e-05
3638,2022-08-02,3.9261027088225254e-05,5.77051437200999e-05
3639,2022-08-03,4.83944473652559e-05,5.3515078782536937e-05
3640,2022-08-04,0.00017944879508622873,6.347528484178781e-05
3641,2022-08-05,2.2939749521887737e-05,6.824707240619413e-05
3642,2022-08-08,3.9632717423079334e-05,7.054132879644645e-05
3643,2022-08-10,3.098784965064304e-05,6.526867581171597e-05
3644,2022-08-11,0.0001093099297517245,6.537577729461899e-05
3645,2022-08-12,1.8391877871956007e-05,7.62292382484448e-05
3646,2022-08-16,3.7427551960516585e-05,5.646707364861152e-05
3647,2022-08-17,2.425000164441683e-05,5.5739126672288716e-05
3648,2022-08-18,2.1760575054756012e-05,5.2533489564845796e-05
3649,2022-08-19,8.422898493923485e-05,6.276526298386656e-05
3650,2022-08-22,7.262267768929373e-05,4.5078605724442275e-05
3651,2022-08-23,0.0001463577119803449,4.90335671706685e-05
3652,2022-08-24,2.5621177521199154e-05,4.4779424037132446e-05
3653,2022-08-25,7.939666511142933e-05,4.256930436022375e-05
3654,2022-08-26,6.078349488102893e-05,4.701595034156406e-05
3655,2022-08-29,0.0005075152772336074,5.123986470157652e-05
3656,2022-08-30,0.00018932064657208324,5.963891537592082e-05
3657,2022-09-01,0.0003157371491169953,5.166544435947692e-05
3658,2022-09-02,4.045852564615826e-05,6.333040281505264e-05
3659,2022-09-05,2.2447142687073064e-05,6.107939860949505e-05
3660,2022-09-06,3.60010258855636e-05,8.802816451602349e-05
3661,2022-09-07,9.004027435552379e-05,8.424708781634664e-05
3662,2022-09-08,6.541613810337178e-05,0.00010710761766719498
3663,2022-09-09,7.127593402659034e-05,8.438179189675689e-05
3664,2022-09-12,2.0845708963988883e-05,7.314869199094997e-05
3665,2022-09-13,4.161828442451868e-05,6.293475591465293e-05
3666,2022-09-14,0.0003930734561534302,6.534112605951678e-05
3667,2022-09-15,6.38334584229306e-05,5.59156481317401e-05
3668,2022-09-16,0.00013308807347084907,5.987541188643097e-05
3669,2022-09-19,6.573528128886885e-05,5.297763920483041e-05
3670,2022-09-20,0.00010801295780820407,5.71081756430809e-05
3671,2022-09-21,4.035975181590162e-05,7.859919650470583e-05
3672,2022-09-22,7.65890018518376e-05,6.875656016566914e-05
3673,2022-09-23,0.00013953733262047157,7.830624717675082e-05
3674,2022-09-26,0.000152857352610591,8.14576382863945e-05
3675,2022-09-27,9.324790063030532e-05,9.365256968875994e-05
3676,2022-09-28,0.0001385820919051843,7.24429351365504e-05
3677,2022-09-29,0.00012979206031747662,7.756447883238728e-05
3678,2022-09-30,0.00022773176678360417,8.181222506130098e-05
3679,2022-10-03,7.903369125252285e-05,9.051222128378825e-05
3680,2022-10-04,0.0002667270473276094,8.615969222960363e-05
3681,2022-10-06,5.197251470175006e-05,9.870299285220329e-05
3682,2022-10-07,2.520795099909071e-05,9.922539798226765e-05
3683,2022-10-10,0.0002167383650806816,0.0001079922531249398
3684,2022-10-11,0.00011360271679757509,9.18597345435435e-05
3685,2022-10-12,4.666519274779238e-05,0.00011363456832574335
3686,2022-10-13,3.3351101665366934e-05,9.378626527788667e-05
3687,2022-10-14,0.0003579171783068199,7.806369796425983e-05
3688,2022-10-17,6.652611948286359e-05,9.498205733153448e-05
3689,2022-10-18,6.435594639823107e-05,9.322561416491867e-05
3690,2022-10-19,4.104052268161858e-05,7.597353275128272e-05
3691,2022-10-20,5.572018913326995e-05,7.22226241771812e-05
3692,2022-10-21,3.5147355021873317e-05,0.00011055762094672475
3693,2022-10-24,8.766087517667024e-05,8.541777605787241e-05
3694,2022-10-25,5.204572131140197e-05,8.186955196082141e-05
3695,2022-10-27,6.498675348877271e-05,7.641493292430221e-05
3696,2022-10-28,1.5468269757342537e-05,8.099942779588383e-05
3697,2022-10-31,6.357223559560953e-05,6.480306983845694e-05
3698,2022-11-01,5.8084406463862034e-05,7.237749868755367e-05
3699,2022-11-02,2.162578128824187e-05,6.775496988040403e-05
3700,2022-11-03,6.45178999689579e-05,7.0218319181742e-05
3701,2022-11-04,1.4519551966435138e-05,5.4497551307916355e-05
3702,2022-11-07,7.250440265149771e-05,6.345071321954578e-05
3703,2022-11-09,5.5304098561575715e-05,6.01829317581446e-05
3704,2022-11-10,5.687444954197942e-05,5.0318227955673016e-05
3705,2022-11-11,0.00019156177503069734,5.386515557331689e-05
3706,2022-11-14,9.80069306369844e-06,4.581340395677585e-05
3707,2022-11-15,2.7386530713943893e-05,5.169590184165498e-05
3708,2022-11-16,9.910635647669969e-06,5.037515290668336e-05
3709,2022-11-17,1.9159724683758495e-05,5.483471507524162e-05
3710,2022-11-18,4.57037311839673e-05,6.546344157264232e-05
3711,2022-11-21,2.8143119232413823e-05,4.725217344499758e-05
3712,2022-11-22,1.7171788553531722e-05,4.7626518790750804e-05
3713,2022-11-23,2.6385488958340904e-05,3.7790805436849495e-05
3714,2022-11-24,6.522139203822352e-05,3.503872873746232e-05
3715,2022-11-25,1.7155926183496926e-05,3.3904982387829965e-05
3716,2022-11-28,8.018493461525707e-05,3.4463791399677086e-05
3717,2022-11-29,1.8927290914388984e-05,3.147496119939916e-05
3718,2022-11-30,4.0363482205094125e-05,3.4480336303837746e-05
3719,2022-12-01,4.801632312106969e-05,4.109067230604951e-05
3720,2022-12-02,3.0254182169184216e-05,3.318196026679781e-05
3721,2022-12-05,2.9057497697425363e-05,4.1089005801587013e-05
3722,2022-12-06,3.478320803273597e-05,3.572473535747853e-05
3723,2022-12-07,1.8901557476284388e-05,3.998391696183069e-05
3724,2022-12-08,8.08525093335532e-06,3.9489442212536704e-05
3725,2022-12-09,7.80258911131964e-05,3.9000213203483106e-05
3726,2022-12-12,5.7521069908326924e-05,3.639590743986986e-05
3727,2022-12-13,1.844645741000852e-05,3.81423155447374e-05
3728,2022-12-14,1.5308024941328103e-05,3.448506556387233e-05
3729,2022-12-15,7.500867420817274e-05,2.712943418067101e-05
3730,2022-12-16,7.249575301058946e-05,3.54137899864092e-05
3731,2022-12-19,3.700545758216845e-05,3.625030653841915e-05
3732,2022-12-20,7.31727452895391e-05,3.0113682945948445e-05
3733,2022-12-21,0.00010387487612088369,2.946987292344317e-05
3734,2022-12-22,8.820257034710112e-05,4.0233129903687544e-05
3735,2022-12-23,0.00014723829634533784,4.146041069202234e-05
3736,2022-12-26,0.00010153416417393139,3.846448573793999e-05
3737,2022-12-27,6.21576743531073e-05,4.534621420937017e-05
3738,2022-12-28,1.9133626838603018e-05,5.481284002688139e-05
3739,2022-12-29,7.535756913568543e-05,5.631280495755738e-05
3740,2022-12-30,4.9218970289800955e-05,6.387633311649547e-05
3741,2023-01-02,1.9598539143773132e-05,6.698025692577731e-05
3742,2023-01-03,1.4123582434622003e-05,6.495915154838108e-05
3743,2023-01-04,5.083568271999611e-05,5.07042956058972e-05
3744,2023-01-05,7.058673703318422e-05,5.788075519253549e-05
3745,2023-01-06,6.72874714231065e-05,5.190829336969605e-05
3746,2023-01-09,7.100040410773952e-05,4.2066960509603854e-05
3747,2023-01-10,8.054005225167609e-05,3.637733446127078e-05
3748,2023-01-11,2.453182135955816e-05,4.3910442211152026e-05
3749,2023-01-12,4.256207709648432e-05,4.553604758212213e-05
3750,2023-01-13,5.547270396556227e-05,4.7477353325236805e-05
3751,2023-01-16,5.8666748816725685e-05,5.437204284622548e-05
3752,2023-01-17,3.82464356822584e-05,6.209264445323968e-05
3753,2023-01-18,2.5205252759415015e-05,5.2491917127953865e-05
3754,2023-01-19,1.4800851470818553e-05,5.392602477672043e-05
3755,2023-01-20,1.7620517134528122e-05,5.574280658881999e-05
3756,2023-01-23,3.5252517590586284e-05,5.499280858256281e-05
3757,2023-01-24,2.8693333087189935e-05,4.9728598610603024e-05
3758,2023-01-25,7.083623848914866e-05,4.7722778409005366e-05
3759,2023-01-27,0.00017591000038860374,4.111533418341392e-05
3760,2023-01-30,0.00011804748494907168,3.7294888364882645e-05
3761,2023-01-31,7.899722482375285e-05,3.7536146543217754e-05
3762,2023-02-01,0.0004894501556108085,3.507780440149074e-05
3763,2023-02-02,7.935381430410922e-05,4.047960453877204e-05
3764,2023-02-03,0.00014187081343666055,5.293599682457895e-05
3765,2023-02-06,2.441244373654654e-05,6.044014529978159e-05
3766,2023-02-07,3.104130203395865e-05,6.17371753081382e-05
3767,2023-02-08,2.8365881900702483e-05,9.153071112560565e-05
3768,2023-02-09,2.7105323070715236e-05,8.096589740631546e-05
3769,2023-02-10,1.3291115348667962e-05,8.746494099749753e-05
3770,2023-02-13,2.81710764708769e-05,6.656672678526755e-05
3771,2023-02-14,4.0369412517417055e-05,6.269977743559289e-05
3772,2023-02-15,3.783393116231181e-05,5.0508214617810474e-05
3773,2023-02-16,3.740292620596214e-05,4.593646441661559e-05
3774,2023-02-17,3.4420561624022176e-05,3.557683805847512e-05
3775,2023-02-20,3.759412530737032e-05,3.8428924622389536e-05
3776,2023-02-21,2.803242767714815e-05,4.030413762392458e-05
3777,2023-02-22,8.002021889903077e-05,4.05452856577245e-05
3778,2023-02-23,3.068452196584485e-05,4.105091943094261e-05
3779,2023-02-24,5.6801122690701884e-05,4.3347716809516776e-05
3780,2023-02-27,3.554468644520618e-05,4.488611790028828e-05
3781,2023-02-28,3.820662447882867e-05,4.32349140933559e-05
3782,2023-03-01,2.7116022928460667e-05,5.1257119426328446e-05
3783,2023-03-02,2.4608584019034968e-05,4.642850748555382e-05
3784,2023-03-03,0.00010732427653816046,5.129745844004555e-05
3785,2023-03-06,4.770416362849865e-05,4.843987036017112e-05
3786,2023-03-08,3.820610057847355e-05,4.831054456939801e-05
3787,2023-03-09,4.4052192834559184e-05,4.237974301192289e-05
3788,2023-03-10,9.411508690834299e-05,4.048002269338935e-05
3789,2023-03-13,0.0001981848814616442,4.6587040708473735e-05
3790,2023-03-14,6.430537895392705e-05,4.3907756793485e-05
3791,2023-03-15,0.00013728915811411516,4.1991744416977705e-05
3792,2023-03-16,5.8835650743987174e-05,4.445494731716675e-05
3793,2023-03-17,0.00010806258156219224,5.309588298046163e-05
3794,2023-03-20,9.883434009403769e-05,6.13342427141603e-05
3795,2023-03-21,3.276055705893315e-05,5.7710447707352394e-05
3796,2023-03-22,2.79802014113892e-05,7.026653492223173e-05
3797,2023-03-23,4.550416282085908e-05,6.74327139841211e-05
3798,2023-03-24,4.269971781164651e-05,7.312291958687278e-05
3799,2023-03-27,4.104018410444867e-05,7.053434079744529e-05
3800,2023-03-28,3.2676745553334046e-05,6.105647138260295e-05
3801,2023-03-29,4.1886812883156944e-05,5.392096083190215e-05
3802,2023-03-31,9.27631358175725e-05,5.551603378122528e-05
3803,2023-04-03,3.789558379174822e-05,5.233702630225359e-05
3804,2023-04-05,3.298176252684842e-05,4.855107293491862e-05
3805,2023-04-06,2.168792434504679e-05,4.763165827608659e-05
3806,2023-04-10,1.50724877644139e-05,4.969204727405564e-05
3807,2023-04-11,3.070546775398388e-05,5.689959835697416e-05
3808,2023-04-12,1.7680269192959156e-05,5.216825745295231e-05
3809,2023-04-13,1.75200890241467e-05,5.096306781961066e-05
3810,2023-04-17,0.00011108440733316023,4.7654798381257245e-05
3811,2023-04-18,4.015689467130366e-05,4.1520241114458866e-05
3812,2023-04-19,8.828845788178649e-06,4.068557636797405e-05
3813,2023-04-20,1.1940789484588461e-05,3.6238076858083985e-05
3814,2023-04-21,1.579394348169556e-05,3.404018885013419e-05
3815,2023-04-24,5.1128829992348785e-05,4.477498507246657e-05
3816,2023-04-25,9.67872895340405e-06,4.243902402973903e-05
3817,2023-04-26,1.6128088973461152e-05,3.285800828180232e-05
3818,2023-04-27,1.8811495781099764e-05,3.1313838856174414e-05
3819,2023-04-28,4.841755261083794e-05,3.105587209991423e-05
3820,2023-05-02,1.7207042539650144e-05,3.221978996701512e-05
3821,2023-05-03,1.1063078855544259e-05,2.4156373647534978e-05
3822,2023-05-04,4.146906066493288e-05,2.593555560791261e-05
3823,2023-05-05,9.163434359214939e-05,2.691709941766575e-05
3824,2023-05-08,4.349295881416483e-05,3.1622927453010424e-05
3825,2023-05-09,1.755875370597264e-05,2.6363636331690355e-05
3826,2023-05-10,2.7839082557141078e-05,2.4941272863789103e-05
3827,2023-05-11,1.9537833819233534e-05,3.000500628242667e-05
3828,2023-05-12,2.6005622730971484e-05,3.634037467396304e-05
3829,2023-05-15,3.054423884982234e-05,3.3291231840362836e-05
3830,2023-05-16,3.2090922245532606e-05,3.033408136746028e-05
3831,2023-05-17,4.167719872619448e-05,3.3513333050269955e-05
3832,2023-05-18,7.147969782974101e-05,3.08198477691661e-05
3833,2023-05-19,4.6937434814902875e-05,2.9341040745591047e-05
3834,2023-05-22,2.4621231564201113e-05,2.9057276022694515e-05
3835,2023-05-23,1.698829450624282e-05,3.0749912232392876e-05
3836,2023-05-24,3.050284397086269e-05,3.286319703383792e-05
3837,2023-05-25,2.1546352582521176e-05,3.729745860377257e-05
3838,2023-05-26,3.7711135489762996e-05,3.751933452164591e-05
3839,2023-05-29,4.512422017356809e-05,3.565496726072234e-05
3840,2023-05-30,7.409655785465655e-06,3.329677376536468e-05
3841,2023-05-31,2.0083070975098402e-05,3.4698879292889604e-05
3842,2023-06-01,1.949327395593865e-05,3.0508556085348447e-05
3843,2023-06-02,2.13938104646995e-05,3.240474836011013e-05
3844,2023-06-05,2.101232185550716e-05,3.497600876694833e-05
3845,2023-06-06,1.0067085419679763e-05,2.7716525532015116e-05
3846,2023-06-07,2.3175062163321868e-05,2.8879225126892e-05
3847,2023-06-08,2.6158110648505613e-05,2.8673579481229282e-05
3848,2023-06-09,1.5710352120241727e-05,2.8177639238427953e-05
3849,2023-06-12,8.117510906395407e-06,2.635101411804872e-05
3850,2023-06-13,1.1922430091548254e-05,2.4133733281325035e-05
3851,2023-06-14,9.856509171675544e-06,2.5893160759967856e-05
3852,2023-06-15,1.58969429907351e-05,2.688366821689247e-05
3853,2023-06-16,2.668962538394642e-05,2.4880299831802797e-05
3854,2023-06-19,3.2030887511726894e-05,2.163297159636361e-05
3855,2023-06-20,3.4706844267877766e-05,2.230790036037643e-05
3856,2023-06-21,1.0303976201111935e-05,2.0259090519141157e-05
3857,2023-06-22,1.5683397832902332e-05,2.0130803011140583e-05
3858,2023-06-23,1.3910122248286537e-05,2.16492697012422e-05
3859,2023-06-26,6.205985710813148e-06,2.3773391761586995e-05
3860,2023-06-27,2.238218550288777e-05,2.556768081539644e-05
3861,2023-06-28,4.3996941052915664e-05,2.2679353520715903e-05
3862,2023-06-30,6.04265598503702e-05,2.34856278074546e-05
3863,2023-07-03,2.0055301160137857e-05,2.1914013479846536e-05
3864,2023-07-04,3.802179800198069e-05,1.7821314982953495e-05
3865,2023-07-05,8.320679660918517e-06,1.9147629236875832e-05
3866,2023-07-06,1.76845568182863e-05,2.2388178418344135e-05
3867,2023-07-07,6.181437307668081e-05,2.6278240468058465e-05
3868,2023-07-10,2.300925975482766e-05,2.452873172105826e-05
3869,2023-07-11,2.6401403416929162e-05,2.9741259175574338e-05
3870,2023-07-12,2.7974542652523245e-05,2.392204959267843e-05
3871,2023-07-13,6.293232876232865e-05,2.390902122606724e-05
3872,2023-07-14,4.03641378892828e-05,2.765141429853208e-05
3873,2023-07-17,3.128058313915976e-05,2.564098979522473e-05
3874,2023-07-18,2.962189025975202e-05,2.531340417408943e-05
3875,2023-07-19,2.3151939378561892e-05,2.796728982014894e-05
3876,2023-07-20,4.9188271324349426e-05,3.404220203219303e-05
3877,2023-07-21,0.00011183818307833433,3.2581500264388906e-05
3878,2023-07-24,1.3665652086199198e-05,3.331884298222502e-05
3879,2023-07-25,2.2970341834468797e-05,3.379998027443545e-05
3880,2023-07-26,1.8015551124002944e-05,3.255701324165794e-05
3881,2023-07-27,7.47739735211871e-05,3.444013557360672e-05
3882,2023-07-28,1.70006757390236e-05,4.060432614361736e-05
3883,2023-07-31,2.9523023846197452e-05,3.211173849674155e-05
3884,2023-08-01,9.661361867121821e-06,3.324701407259287e-05
3885,2023-08-02,7.780704184704464e-05,3.212757059046889e-05
3886,2023-08-03,6.160445382756249e-05,3.926680470759618e-05
3887,2023-08-04,2.6665024949096476e-05,3.0192615411848653e-05
3888,2023-08-07,1.7991169161866024e-05,3.313620303325361e-05
3889,2023-08-08,1.204360466937657e-05,2.7345343356612226e-05
3890,2023-08-09,3.5966754159909565e-05,3.7191848247722676e-05
3891,2023-08-10,1.6938337537629635e-05,3.629539861867139e-05
3892,2023-08-11,1.914482872885466e-05,3.557581521083641e-05
3893,2023-08-14,5.132887078697601e-05,3.322883721966602e-05
3894,2023-08-16,3.67205978045929e-05,3.157876110054198e-05
3895,2023-08-17,1.7500552008709357e-05,3.3219268621812024e-05
3896,2023-08-18,2.3779235798464058e-05,2.8222459828294357e-05
3897,2023-08-21,1.5289393020563453e-05,2.76739157447301e-05
3898,2023-08-22,4.975753438708527e-06,3.225686778750142e-05
3899,2023-08-23,1.632427265490677e-05,3.37309943932956e-05
3900,2023-08-24,6.368877520954462e-05,2.9767079788256448e-05
3901,2023-08-25,3.208089241849139e-05,3.116869638574922e-05
3902,2023-08-28,1.5126303900065214e-05,2.9314566097327547e-05
3903,2023-08-29,1.7678843481551104e-05,2.166498247956195e-05
3904,2023-08-30,3.439462533402483e-05,2.1851446833840407e-05
3905,2023-08-31,2.675326557207079e-05,2.7680404467219516e-05
3906,2023-09-01,3.7506795448738734e-05,2.681229929169517e-05
3907,2023-09-04,3.7194827679649464e-05,2.5037662035160167e-05
3908,2023-09-05,7.228048567167161e-06,2.694581238798298e-05
3909,2023-09-06,2.182906732542623e-05,3.0420853522425497e-05
3910,2023-09-07,3.200862075424759e-05,2.7980411551876952e-05
3911,2023-09-08,2.2424123135267215e-05,2.989564286000691e-05
3912,2023-09-11,2.9802038305468966e-05,3.132931880495242e-05
3913,2023-09-12,6.919025157218269e-05,2.453954768320704e-05
3914,2023-09-13,1.9706792697958046e-05,2.6080172069786297e-05
3915,2023-09-14,2.125202630403073e-05,2.758205808178341e-05
3916,2023-09-15,1.4038095827246752e-05,2.612782411794231e-05
3917,2023-09-18,8.805331637208436e-06,2.62548216974345e-05
3918,2023-09-20,8.428020663019033e-05,3.386065892787717e-05
3919,2023-09-21,2.637311426466243e-05,3.024484867049076e-05
3920,2023-09-22,1.8190753529521495e-05,2.908704640982776e-05
3921,2023-09-25,1.5294907357455867e-05,2.6666492889317545e-05
3922,2023-09-26,3.5513118528628212e-06,2.322529914478398e-05
3923,2023-09-27,3.292703241632052e-05,2.9285015287429717e-05
3924,2023-09-28,7.192603368458712e-05,2.7302659338425085e-05
3925,2023-09-29,3.787031426434055e-05,2.6836505920687422e-05
3926,2023-10-03,2.0698514693361625e-05,2.656492062988659e-05
3927,2023-10-04,3.871362829391695e-05,2.077996601839838e-05
3928,2023-10-05,2.63563838097851e-05,2.365404174482146e-05
3929,2023-10-06,2.13335975347476e-05,2.7953730190934818e-05
3930,2023-10-09,4.432745796235078e-05,2.822196761155455e-05
3931,2023-10-10,2.8339439153826833e-05,2.7095814361123407e-05
3932,2023-10-11,2.1303866281586466e-05,3.39680418884219e-05
3933,2023-10-12,4.547745705125378e-06,3.2124195479573086e-05
3934,2023-10-13,7.580833345031414e-05,2.864880989742924e-05
3935,2023-10-16,7.281904986128643e-06,3.19844618792085e-05
3936,2023-10-17,3.7088500930491824e-05,3.156966439002188e-05
3937,2023-10-18,2.8563470438242738e-05,2.9333201762096514e-05
3938,2023-10-19,6.655907643794617e-05,2.2058676828743653e-05
3939,2023-10-20,2.329414125342848e-05,3.123207005864847e-05
3940,2023-10-23,8.112706771550856e-05,2.1613893467288267e-05
3941,2023-10-25,6.764341994129652e-05,2.5621383526416562e-05
3942,2023-10-26,6.381119808423657e-05,2.5745474501241835e-05
3943,2023-10-27,3.579153707446537e-05,3.4318194406188703e-05
3944,2023-10-30,5.214953978135324e-05,2.9493865999827177e-05
3945,2023-10-31,5.2398849131931166e-05,3.869221203712758e-05
3946,2023-11-01,1.4699890759008256e-05,4.04517435222277e-05
3947,2023-11-02,5.848168940262964e-05,4.353771808647472e-05
3948,2023-11-03,3.555942424734914e-05,4.039643201611137e-05
3949,2023-11-06,4.766327559190287e-05,4.6440325397328564e-05
3950,2023-11-07,1.096993275209749e-05,4.5495001698287016e-05
3951,2023-11-08,8.982714005867097e-06,3.562263971365799e-05
3952,2023-11-09,7.112734352835008e-06,4.014357131983625e-05
3953,2023-11-10,1.8216078279475803e-05,3.882352547642579e-05
3954,2023-11-13,1.5932174334883717e-05,3.9710614640723874e-05
3955,2023-11-15,0.0001266204866389606,3.093421711676998e-05
3956,2023-11-16,5.556888228416017e-05,2.8956739283581677e-05
3957,2023-11-17,4.115891839071012e-05,2.3737456546652005e-05
3958,2023-11-20,6.312088296493996e-06,2.4347790912148704e-05
3959,2023-11-21,2.0635241762635412e-05,2.2168401335166064e-05
3960,2023-11-22,1.6276399982085682e-05,3.328736637006021e-05
3961,2023-11-23,8.102691455063175e-06,3.495929358929234e-05
3962,2023-11-24,3.606317804252489e-06,3.9780772096245407e-05
3963,2023-11-28,1.808936897684283e-05,3.056755442387733e-05
3964,2023-11-29,3.756928732740244e-05,3.407256811159711e-05
3965,2023-11-30,2.0757970396784295e-05,2.821562486867419e-05
3966,2023-12-01,1.8782246137713395e-05,2.2837158822881762e-05
3967,2023-12-04,0.0003017367917804396,1.6980323087555994e-05
3968,2023-12-05,5.85789329728682e-05,2.0423105312252294e-05
3969,2023-12-06,3.422679964200314e-05,2.2387804895815977e-05
3970,2023-12-07,7.575096064481483e-06,2.1465846361383882e-05
3971,2023-12-08,1.8912181087912807e-05,2.2071815655820954e-05
3972,2023-12-11,8.047791298168635e-06,3.8792472838486244e-05
3973,2023-12-12,2.354869384514218e-05,3.77001120343624e-05
3974,2023-12-13,4.014118803109188e-05,3.548367425643698e-05
3975,2023-12-14,9.05883615745151e-05,2.8476799772438095e-05
3976,2023-12-15,7.292409251490227e-05,3.0164118660677317e-05
3977,2023-12-18,1.098318110355093e-05,2.1860042351662847e-05
3978,2023-12-19,3.330065838580229e-05,2.274762489753782e-05
3979,2023-12-20,0.00020652281018842142,2.4829125970943223e-05
3980,2023-12-21,0.00010361182480409157,3.251368638206989e-05
3981,2023-12-22,2.2260382053183398e-05,3.6166596936502174e-05
3982,2023-12-26,1.638915363409479e-05,3.021392763333546e-05
3983,2023-12-27,3.05985866784983e-05,3.346492524500606e-05
3984,2023-12-28,1.8590875661454774e-05,4.477863564175143e-05
3985,2023-12-29,9.997065326695357e-06,4.509872488501716e-05
3986,2024-01-01,1.7888493455006124e-05,3.67758228036322e-05
3987,2024-01-02,3.640591591478041e-05,3.684746324931927e-05
3988,2024-01-03,2.258660044815092e-05,3.954942045052378e-05
3989,2024-01-04,2.7381834774672697e-05,3.333511502028497e-05
3990,2024-01-05,1.5906210945777803e-05,2.6746159478895382e-05
3991,2024-01-08,5.5884176637429444e-05,2.719592888500606e-05
3992,2024-01-09,7.41579257741679e-05,3.075982959457014e-05
3993,2024-01-10,2.9603645994134834e-05,2.9125802312876648e-05
3994,2024-01-11,2.283497702239127e-05,2.89461835630349e-05
3995,2024-01-12,6.608383856282555e-05,2.784673757728871e-05
3996,2024-01-15,7.132222454989736e-05,3.36279545543743e-05
3997,2024-01-16,1.705841539123622e-05,3.780204818675817e-05
3998,2024-01-17,0.0003977419616537098,3.605095863132376e-05
3999,2024-01-18,0.00010226204750087475,3.565411862667981e-05
4000,2024-01-19,5.6922193333614534e-05,4.366303606934609e-05
4001,2024-01-23,0.0002466416249473236,4.5183269530061306e-05
4002,2024-01-24,9.483318200340763e-05,3.530279635783749e-05
4003,2024-01-25,4.0188293965094754e-05,5.6081323136522965e-05
4004,2024-01-29,9.525864118768265e-05,5.8191888529038e-05
4005,2024-01-30,7.280284127480797e-05,5.5591725127100384e-05
4006,2024-01-31,6.476465830943518e-05,6.82462423042918e-05
4007,2024-02-01,2.7828522827051026e-05,7.094361532529656e-05
4008,2024-02-02,0.00014690153518791865,5.7250836607248826e-05
4009,2024-02-05,4.886666372360611e-05,6.327730773978552e-05
4010,2024-02-06,4.0889537781928074e-05,6.406089879619874e-05
4011,2024-02-07,5.613478918045584e-05,5.939173587267799e-05
4012,2024-02-08,9.932511155579733e-05,5.2149000874960645e-05
4013,2024-02-09,2.553460945634915e-05,6.777414136384781e-05
4014,2024-02-12,4.7767039500329635e-05,5.9694631119311835e-05
4015,2024-02-13,4.6971203133058884e-05,5.726682389216499e-05
4016,2024-02-14,0.00014109378331623082,5.898202216749567e-05
4017,2024-02-15,2.9962615359689537e-05,6.977711932792224e-05
4018,2024-02-16,3.2024712451872316e-05,5.479493668683241e-05
4019,2024-02-19,2.6838411000038984e-05,5.6968060302190054e-05
4020,2024-02-20,2.151787250110406e-05,5.794527364045696e-05
4021,2024-02-21,5.102541213471816e-05,6.975096122982023e-05
4022,2024-02-22,0.00011842659967061898,5.599311284555052e-05
4023,2024-02-23,1.927291492209343e-05,5.628075043402177e-05
4024,2024-02-26,1.488167197163079e-05,5.382303637394619e-05
4025,2024-02-27,1.4296089238096574e-05,4.729770069432089e-05
4026,2024-02-28,6.869649717965768e-05,4.6590323917155305e-05
4027,2024-02-29,2.7924473919451214e-05,5.553249562029981e-05
4028,2024-03-01,7.320646945596204e-05,4.412419444018603e-05
4029,2024-03-04,1.2930172487966649e-05,4.004383692123322e-05
4030,2024-03-05,1.7939862585990952e-05,3.799658154083706e-05
4031,2024-03-06,5.550496710372643e-05,4.3652308629601085e-05
4032,2024-03-07,9.132562056562576e-06,3.6121295782998614e-05
4033,2024-03-11,3.3586427307326235e-05,4.2801768238239326e-05
4034,2024-03-12,2.6471641944902283e-05,3.634903380444988e-05
4035,2024-03-13,0.0002230468094600393,3.6347516779350415e-05
4036,2024-03-14,5.695882949083673e-05,3.9325274564833163e-05
4037,2024-03-15,3.895796438949868e-05,3.06451101768406e-05
4038,2024-03-18,3.1600063821565494e-05,3.190267008120732e-05
4039,2024-03-19,4.8673410071425126e-05,3.203179358257509e-05
4040,2024-03-20,3.6476564055918964e-05,4.70636012616575e-05
4041,2024-03-21,6.0923926470157054e-05,4.244145881361701e-05
4042,2024-03-22,7.466658000951208e-05,4.532293887731751e-05
4043,2024-03-26,5.9661179152713095e-05,4.311650922145826e-05
4044,2024-03-27,2.1640391970354953e-05,4.697828390458348e-05
4045,2024-03-28,0.0001093863698213286,4.064131371458917e-05
4046,2024-04-01,4.062933671819645e-05,4.323367176469595e-05
4047,2024-04-02,8.328636284173247e-06,4.707691034381838e-05
4048,2024-04-03,3.0575252166428714e-05,4.841372268829543e-05
4049,2024-04-04,0.00013630818035969216,4.0880578288795114e-05
4050,2024-04-05,1.029107466540285e-05,5.1830021101705205e-05
4051,2024-04-08,2.230180122197048e-05,4.7555626467037244e-05
4052,2024-04-09,3.531362426262244e-05,3.5779088878953335e-05
4053,2024-04-10,1.873668331846955e-05,3.721066212189119e-05
4054,2024-04-12,4.451036614003541e-05,4.8911905329450106e-05
4055,2024-04-15,8.712156743445176e-05,3.273133906541429e-05
4056,2024-04-16,5.637934832438504e-05,3.374011912403101e-05
4057,2024-04-18,0.00010317642202925749,3.913064359160508e-05
4058,2024-04-19,0.0001514305192478012,3.528125445576609e-05
4059,2024-04-22,0.00010043912687806717,3.607118377913333e-05
4060,2024-04-23,3.108922731281847e-05,4.483616978211143e-05
4061,2024-04-24,1.2201342978770627e-05,4.687706841159427e-05
4062,2024-04-25,8.438623080344674e-05,5.200710746565923e-05
4063,2024-04-26,4.24205272123722e-05,6.301682135162782e-05
4064,2024-04-29,3.668292060174757e-05,6.574771818272979e-05
4065,2024-04-30,3.518890308972049e-05,5.595369844999607e-05
4066,2024-05-02,1.8402227348809935e-05,4.561080149003757e-05
4067,2024-05-03,0.0001645087431702994,5.31028953806984e-05
4068,2024-05-06,3.57750772262955e-05,4.585621033124432e-05
4069,2024-05-07,5.4612686763200844e-05,4.174550348269015e-05
4070,2024-05-08,3.299707472778452e-05,4.152636501210071e-05
4071,2024-05-09,0.000110867299151106,4.045603966972924e-05
4072,2024-05-10,2.5495823758050453e-05,5.063407458666653e-05
4073,2024-05-13,8.969784076963733e-05,4.433470894765762e-05
4074,2024-05-14,2.4581056935298087e-05,4.887177078267558e-05
4075,2024-05-15,1.7179136409904252e-05,4.686444181865511e-05
4076,2024-05-16,0.00016121727155031548,5.788779021342063e-05
4077,2024-05-17,1.7133049047756826e-05,4.635772721601402e-05
4078,2024-05-21,3.3018993959740606e-05,5.5927659077482675e-05
4079,2024-05-22,2.0834244235488415e-05,4.754629393384202e-05
4080,2024-05-23,0.00011308965653168591,4.413471808310002e-05
4081,2024-05-24,1.2717314837157743e-05,5.530036378559628e-05
4082,2024-05-27,4.878621647561241e-05,4.380811408627778e-05
4083,2024-05-28,1.6299056493684606e-05,4.257233034752654e-05
4084,2024-05-29,4.394549977415766e-05,3.934578827224301e-05
4085,2024-05-30,6.936986253936597e-05,5.064283091247488e-05
4086,2024-05-31,3.5792637504024e-05,3.456924123788566e-05
4087,2024-06-03,0.0013107721804514305,4.15312172191844e-05
4088,2024-06-04,0.002712500813659214,3.663727434253814e-05
4089,2024-06-05,0.0006997220907914263,4.113928323279995e-05
4090,2024-06-06,0.0001100967848323987,4.166173285968758e-05
4091,2024-06-07,0.0001793068884263922,4.2487342032854576e-05
4092,2024-06-10,2.454283548996708e-05,7.519548068985827e-05
4093,2024-06-11,2.2787682798320993e-05,0.00012346223702641373
4094,2024-06-12,2.7544696437669882e-05,0.0001376715048035101
4095,2024-06-13,5.6653090823012544e-05,0.00012626498309844893
4096,2024-06-14,2.939451264981131e-05,0.00014857958310911674
4097,2024-06-18,2.5250741689252275e-05,9.721085055555748e-05
4098,2024-06-19,4.9958071243862005e-05,6.814413714502905e-05
4099,2024-06-20,3.297792043079558e-05,5.612877562936558e-05
4100,2024-06-21,6.509324580527519e-05,5.6236368832541963e-05
4101,2024-06-24,5.2192060708018735e-05,4.777549237920483e-05
4102,2024-06-25,2.5088802907523065e-05,4.769652890078182e-05
4103,2024-06-26,2.907550502430386e-05,5.156034114512216e-05
4104,2024-06-27,4.7184472753783184e-05,5.121525483241344e-05
4105,2024-06-28,2.547675559027942e-05,5.517546489292871e-05
4106,2024-07-01,1.7895426912320505e-05,5.73668521880066e-05
4107,2024-07-02,3.343693286376157e-05,5.257475657569562e-05
4108,2024-07-03,5.6106779472118254e-05,5.2182250187415655e-05
4109,2024-07-04,1.991749745206919e-05,5.537135627852288e-05
4110,2024-07-05,3.475108209447212e-05,5.0138680147196444e-05
4111,2024-07-08,8.464910821527445e-06,4.467088362572169e-05
4112,2024-07-09,8.644292989571375e-06,4.6928701654763705e-05
4113,2024-07-10,7.695411474542827e-05,5.1351880039617795e-05
4114,2024-07-11,4.082763826627449e-05,4.119898686595218e-05
4115,2024-07-12,4.71328066872799e-05,4.014224623983802e-05
4116,2024-07-15,1.91597624086022e-05,3.1379194488234707e-05
4117,2024-07-16,4.573672980360866e-06,2.7278140493380244e-05
4118,2024-07-18,6.924819414289151e-05,3.2325746825730936e-05
4119,2024-07-19,7.161709905689162e-05,3.2643058655576624e-05
4120,2024-07-22,4.2033048981674364e-05,3.4198304343347284e-05
4121,2024-07-23,0.00023590615611328856,3.340430880464019e-05
4122,2024-07-24,2.4701640787734017e-05,2.728082287221227e-05
4123,2024-07-25,8.273030051208439e-05,3.400682858119249e-05
4124,2024-07-26,0.00011362131703898884,3.616838097665322e-05
4125,2024-07-29,4.6197471683151066e-05,3.4345810728878166e-05
4126,2024-07-30,1.8865321897916464e-05,4.824555788382315e-05
4127,2024-07-31,1.0188785085925345e-05,4.427150437396463e-05
4128,2024-08-01,1.806541756350721e-05,4.958314393483658e-05
4129,2024-08-02,9.470012759035145e-05,5.396141850225191e-05
4130,2024-08-05,0.00041329486043020775,5.1109242073316173e-05
4131,2024-08-06,0.00014668427551726786,3.974861496608457e-05
4132,2024-08-07,0.00016663088657429306,3.514259941433998e-05
4133,2024-08-08,4.430932657027558e-05,3.327520405344719e-05
4134,2024-08-09,0.00013067468963815016,3.8088710144185425e-05
4135,2024-08-12,4.182661467190444e-05,5.139351709456298e-05
4136,2024-08-13,3.404647105578148e-05,5.65555190721632e-05
4137,2024-08-14,9.442086645061289e-06,7.084341410079982e-05
4138,2024-08-16,0.0001410787469106989,7.006694389666771e-05
4139,2024-08-19,2.3610229721568624e-05,8.220527988334919e-05
4140,2024-08-20,1.842115807409597e-05,6.399586712129165e-05
4141,2024-08-21,1.0335163338046175e-05,5.699694489672051e-05
4142,2024-08-22,1.8114392740977706e-05,4.1431993209360286e-05
4143,2024-08-23,6.701915472631185e-06,5.729686167454291e-05
4144,2024-08-26,2.6453639930492276e-05,4.616424607422837e-05
4145,2024-08-27,5.544138624383295e-06,4.177476627941454e-05
4146,2024-08-28,1.4653183168347023e-05,3.5468236093407086e-05
4147,2024-08-29,2.048975365233161e-05,3.794954631407221e-05
4148,2024-08-30,1.7678136000851415e-05,2.6748226661672215e-05
4149,2024-09-02,2.0913044432174243e-05,2.998442454635015e-05
4150,2024-09-03,6.371698305373101e-06,2.3227158384798217e-05
4151,2024-09-04,6.622522592278352e-05,2.4517579911992734e-05
4152,2024-09-05,1.5756222092146475e-05,2.499850881588591e-05
4153,2024-09-06,7.6791191317978e-05,2.6291539433408515e-05
4154,2024-09-09,2.5156916249522743e-05,2.6648342152658033e-05
4155,2024-09-10,3.529973545718913e-05,2.400427269554303e-05
4156,2024-09-11,2.899486918974774e-05,3.1575321146568785e-05
4157,2024-09-12,0.00016243249502181166,2.597903764774368e-05
4158,2024-09-13,1.4644069795831043e-05,3.195837014931591e-05
4159,2024-09-16,1.0087548858991236e-05,2.854218719214182e-05
4160,2024-09-17,6.678424457483183e-06,3.26097491455066e-05
4161,2024-09-18,2.02999130667608e-05,2.946199940894259e-05
4162,2024-09-19,5.0515703720638375e-05,4.028667416964417e-05
4163,2024-09-20,0.00011034456408061658,2.9518326441604157e-05
4164,2024-09-23,1.588563596991459e-05,2.71031956545817e-05
4165,2024-09-24,8.73701213053647e-06,2.2101271408122797e-05
4166,2024-09-25,1.543085201277853e-05,2.342459052050893e-05
4167,2024-09-26,3.185122249113048e-05,2.3762069826525747e-05
4168,2024-09-27,9.195345979278155e-06,3.0258125659572842e-05
4169,2024-09-30,7.95522409117627e-05,2.6737152023394912e-05
4170,2024-10-01,1.664296956450031e-05,2.6165250430309388e-05
4171,2024-10-03,0.0002803383614560176,2.653180638698131e-05
4172,2024-10-04,0.00018040860282069057,2.8239038758311615e-05
4173,2024-10-07,0.00011702846873596604,2.1631980993685112e-05
4174,2024-10-08,4.7665277497243715e-05,2.916772528848355e-05
4175,2024-10-09,5.68487178097216e-05,2.6998731432990518e-05
4176,2024-10-10,2.5411157978598225e-05,4.269711804529368e-05
4177,2024-10-11,6.5243688279380266e-06,4.9475256110778394e-05
4178,2024-10-14,1.6740579810877413e-05,5.710803117471185e-05
4179,2024-10-15,2.769723210798208e-05,5.2734006700213484e-05
4180,2024-10-16,2.2130441860561655e-05,5.7466815940044556e-05
4181,2024-10-17,5.4647185475792453e-05,4.621476914392352e-05
4182,2024-10-18,6.949531557355325e-05,3.251703030654652e-05
4183,2024-10-21,6.847910616657593e-05,3.042660489433232e-05
4184,2024-10-22,0.00010719861210772868,2.94094202783588e-05
4185,2024-10-23,5.8609204719346165e-05,2.7464111573699247e-05
4186,2024-10-24,1.1694421035105916e-05,3.1977476709546155e-05
4187,2024-10-25,8.09045229912571e-05,3.9785120266553375e-05
4188,2024-10-28,8.071024104220938e-05,4.467264946528666e-05
4189,2024-10-29,8.276942096814165e-05,5.122210559871679e-05
4190,2024-10-30,4.02592560205642e-05,5.1515746533408697e-05
4191,2024-10-31,2.2922403340671912e-05,4.108637785831436e-05
4192,2024-11-01,2.14020018521235e-05,5.014538380069228e-05
4193,2024-11-04,0.00016311110185374394,5.240938242534819e-05
4194,2024-11-05,9.956033874860683e-05,5.2689656807796874e-05
4195,2024-11-06,7.931099218488842e-05,5.024082790531532e-05
4196,2024-11-07,6.0076220804129035e-05,4.904369942049991e-05
4197,2024-11-08,2.507312512148224e-05,4.50075437732923e-05
4198,2024-11-11,7.584368927862418e-05,5.422575048239035e-05
4199,2024-11-12,0.0001073684051885504,5.2252752483741144e-05
4200,2024-11-13,8.567812699078306e-05,5.325850198086582e-05
4201,2024-11-14,2.661583930335124e-05,5.578206502587921e-05
4202,2024-11-18,5.551823089387348e-05,5.1848901126960325e-05
4203,2024-11-19,9.229078171888819e-05,5.487809535308524e-05
4204,2024-11-21,4.076928273216185e-05,5.998867461749566e-05
4205,2024-11-22,0.00022164954387297246,6.128591723577631e-05
4206,2024-11-25,0.0002331276423960867,5.320121552978466e-05
4207,2024-11-26,5.474949975867566e-05,6.036815945205417e-05
4208,2024-11-27,2.4980628922794003e-05,6.42064319798712e-05
4209,2024-11-28,0.00012944116831195015,5.6086240489466264e-05
4210,2024-11-29,4.1805329855461424e-05,6.937881224170972e-05
4211,2024-12-02,5.5538433083159256e-05,8.140457932205575e-05
4212,2024-12-03,3.90250281046655e-05,7.289616720716291e-05
4213,2024-12-04,2.5429017258090136e-05,6.41474833056414e-05
4214,2024-12-05,0.00018688242631257352,7.889326068343926e-05
4215,2024-12-06,1.0693659568880977e-05,6.421348328127005e-05
4216,2024-12-09,1.221480453396439e-05,5.928614322846796e-05
4217,2024-12-10,2.0163214784524682e-05,5.641582762803802e-05
4218,2024-12-11,6.611545226700714e-06,5.477418298970353e-05
4219,2024-12-12,1.553991634149351e-05,6.823783124451074e-05
4220,2024-12-13,0.0002593826092060663,4.75033520682591e-05
4221,2024-12-16,1.873964910574598e-05,4.17445259876381e-05
4222,2024-12-17,6.923406459162058e-05,4.033097227660258e-05
4223,2024-12-18,3.736659596747889e-05,3.25104499173977e-05
4224,2024-12-19,0.00019087105452993329,2.9210289140899303e-05
4225,2024-12-20,0.00016695886529810957,4.5610464449919996e-05
4226,2024-12-23,6.98215945669919e-05,3.7160869643520136e-05
4227,2024-12-24,2.1721190302998113e-05,4.423598218987783e-05
4228,2024-12-26,2.792255268446223e-05,4.742976277538706e-05
4229,2024-12-27,2.4704034231101094e-05,6.462067477009668e-05
4230,2024-12-30,6.23339527117138e-05,6.291569120569562e-05
4231,2024-12-31,4.5962759891149514e-05,6.475153290866898e-05
4232,2025-01-01,4.0041319971705624e-05,5.244730048208875e-05
4233,2025-01-02,0.00013519920562083938,5.0192830440938986e-05
4234,2025-01-03,2.88512484816153e-05,4.298786487657676e-05
4235,2025-01-06,0.00017480533164085772,4.41249015849485e-05
4236,2025-01-07,2.302541281494055e-05,4.111870947737857e-05
4237,2025-01-08,6.226078603936175e-05,4.2254813052593004e-05
4238,2025-01-09,2.1404395226618577e-05,5.219524081985671e-05
4239,2025-01-10,4.065139354719227e-05,4.658104548597094e-05
4240,2025-01-13,0.0001626148930739721,5.9316390279109275e-05
4241,2025-01-14,2.4436082973320673e-05,4.663039373386234e-05
4242,2025-01-15,2.3905429431504844e-05,5.3637242540915515e-05
4243,2025-01-16,5.873608666308657e-05,4.448677877166323e-05
4244,2025-01-17,2.963140555609234e-05,4.845351670790057e-05
4245,2025-01-20,4.703379198686998e-05,5.730230879255238e-05
4246,2025-01-21,0.00013874701931593635,5.0246365576169705e-05
4247,2025-01-22,3.914566000707164e-05,4.494306405016652e-05
4248,2025-01-23,2.1873248032654662e-05,5.2529779737594646e-05
4249,2025-01-24,6.411467403698332e-05,4.801515439648691e-05
4250,2025-01-27,7.487711115052694e-05,4.618407933524749e-05
4251,2025-01-28,8.562172547936757e-05,5.5611506582310985e-05
4252,2025-01-29,3.655980837451269e-05,5.058182308745827e-05
4253,2025-01-30,2.1718029704000057e-05,4.436361522212671e-05
4254,2025-01-31,4.884740191121427e-05,5.1703880654073926e-05
4255,2025-02-01,6.21019679840293e-05,5.5001140116564236e-05
4256,2025-02-03,6.751702666277877e-05,5.531135164646663e-05
4257,2025-02-04,0.00011207787303285446,5.103922988790098e-05
4258,2025-02-05,1.6592146998772343e-05,4.828218920650693e-05
4259,2025-02-06,3.6679085875405385e-05,5.0678933591197024e-05
4260,2025-02-07,4.458058769392907e-05,5.018907443626094e-05
4261,2025-02-10,4.017657069750629e-05,5.0646764361442226e-05
4262,2025-02-11,0.0001055449571250911,5.59927088017829e-05
4263,2025-02-12,9.069172344364436e-05,4.722129451145523e-05
4264,2025-02-13,4.891259683176449e-05,4.8765185085520076e-05
4265,2025-02-14,9.787262882449031e-05,4.921702879484298e-05
4266,2025-02-17,6.988061195988246e-05,4.724630167928542e-05
4267,2025-02-18,3.135568915880249e-05,5.022771466212491e-05
4268,2025-02-19,5.761193006362841e-05,5.680172431364603e-05
4269,2025-02-20,3.1837487720710085e-05,5.6015647951931515e-05
4270,2025-02-21,3.166812248396109e-05,6.272867982268175e-05
4271,2025-02-24,8.235510684366715e-05,6.4442072374926e-05
4272,2025-02-25,1.439754390417271e-05,5.56734259293221e-05
4273,2025-02-27,8.08277424911203e-06,5.561378450137692e-05
4274,2025-02-28,0.0001059504550064698,5.1469443788741085e-05
4275,2025-03-03,5.6063405052489144e-05,4.82950742679303e-05
4276,2025-03-04,5.6921682635274695e-05,5.277740996071203e-05
4277,2025-03-05,7.48509873136129e-05,4.248360852732652e-05
4278,2025-03-06,0.0001336562136464444,3.4200147354828e-05
4279,2025-03-07,2.2040611864430842e-05,4.58970791342772e-05
4280,2025-03-10,5.157694515756426e-05,4.623520553139124e-05
4281,2025-03-11,5.479191527734367e-05,4.536581884942139e-05
4282,2025-03-12,4.981229098824429e-05,5.1604698686898514e-05
4283,2025-03-13,3.1718705142723275e-05,6.52925246856431e-05
4284,2025-03-17,4.014720135961756e-05,4.990411444594817e-05
4285,2025-03-18,9.050389010975108e-05,5.41720896782513e-05
4286,2025-03-19,1.5030146732063203e-05,5.4754036807341034e-05
4287,2025-03-20,6.9281791016611e-05,5.308649942210122e-05
4288,2025-03-21,4.611502420202492e-05,4.6634825381846665e-05
4289,2025-03-24,9.556044945028004e-05,4.831083040940604e-05
4290,2025-03-25,5.917422438774678e-05,5.321138754638093e-05
4291,2025-03-26,5.076705255886208e-05,4.18156084870678e-05
4292,2025-03-27,3.8872022051658774e-05,4.753701085646181e-05
4293,2025-03-28,2.4065842239742383e-05,4.680017600807369e-05
4294,2025-04-01,0.0001923739329774665,5.342836856254434e-05
4295,2025-04-02,2.4269076332983453e-05,5.023149970414236e-05
4296,2025-04-03,7.89776286053253e-05,5.4137139770383174e-05
4297,2025-04-04,8.785443659691299e-05,5.138758399322017e-05
4298,2025-04-07,0.0028198923139253888,4.6376234524624084e-05
4299,2025-04-08,0.00028245047120501506,5.977349914741171e-05
4300,2025-04-09,2.103659173719947e-05,4.961696523716528e-05
4301,2025-04-11,0.00021183249050540313,5.537038064711012e-05
4302,2025-04-15,0.0005710589427488225,5.935520314500418e-05
4303,2025-04-16,2.1920902456476593e-05,0.00011319850652019566
4304,2025-04-17,0.00020541530256456774,9.990497612365911e-05
4305,2025-04-21,6.401421521434143e-05,7.881920592668345e-05
4306,2025-04-22,2.343349958059068e-05,0.00010417746084562206
4307,2025-04-23,0.00011791047435176909,0.00013230180407478747
4308,2025-04-24,1.4998327572089077e-05,7.516512685263822e-05
4309,2025-04-25,0.0001640319874589658,8.948032478117676e-05
4310,2025-04-28,5.389810387612486e-05,8.92436581203188e-05
4311,2025-04-29,1.9453212319718093e-05,7.126646316512537e-05
4312,2025-04-30,2.557510990598748e-05,7.333703769710417e-05
4313,2025-05-02,8.458340231862679e-05,6.123651660171325e-05
4314,2025-05-05,1.884400399124463e-05,7.367071829616928e-05
4315,2025-05-06,2.120909794890567e-05,6.718519404716133e-05
4316,2025-05-07,6.64214406534436e-05,5.948878366315671e-05
4317,2025-05-08,5.679489638185779e-05,5.418988621739746e-05
4318,2025-05-09,0.000240453096007628,6.677272273943533e-05
4319,2025-05-12,0.0004679065077484526,5.134480269516303e-05
4320,2025-05-13,0.00010836545342841863,4.8857906669864895e-05
4321,2025-05-14,3.1612637337699084e-05,5.619267177519284e-05
4322,2025-05-15,0.00022258783628151577,5.940419953137376e-05
4323,2025-05-16,9.251175802110015e-06,7.230185374934704e-05
4324,2025-05-19,1.213475366316508e-05,9.583259125920018e-05
4325,2025-05-20,6.777547968939183e-05,8.90951880630105e-05
4326,2025-05-21,4.538006135754184e-05,7.43712137962326e-05
4327,2025-05-22,6.315305759396991e-05,9.782289630325006e-05
4328,2025-05-23,4.9535326891456265e-05,5.9469203703851546e-05
4329,2025-05-26,2.5896415184952496e-05,4.4436639556774774e-05
4330,2025-05-27,7.221590594210996e-05,4.997069559468596e-05
4331,2025-05-28,8.99120315453556e-06,4.811437342929911e-05
4332,2025-05-29,3.776521218781642e-05,4.5480532132347306e-05
4333,2025-05-30,1.2481667620473114e-05,5.044378899992131e-05
4334,2025-06-02,4.522195367551009e-05,4.889499211607621e-05
4335,2025-06-03,7.28362694634093e-05,5.46082079361828e-05
4336,2025-06-04,7.682867858200698e-06,3.996451388515416e-05
4337,2025-06-05,5.527154344371308e-05,4.254105267900193e-05
4338,2025-06-06,7.097521091818979e-05,3.5665537074705616e-05
4339,2025-06-09,4.321258735092265e-05,4.1068166552881134e-05
4340,2025-06-10,2.5668788857208985e-05,4.240398596874241e-05
4341,2025-06-11,1.2211082034553745e-05,3.499547901690392e-05
4342,2025-06-12,7.490868648137895e-05,4.217443325653596e-05
4343,2025-06-13,0.00032782808281901294,4.7987128973871506e-05
4344,2025-06-16,3.823881093891531e-05,4.591033755320813e-05
4345,2025-06-17,1.7589865473981867e-05,3.948373148461434e-05
4346,2025-06-18,3.270108382067702e-05,3.561831120636648e-05
4347,2025-06-19,9.154603223282224e-06,4.117786802667145e-05
4348,2025-06-20,6.778760550180692e-05,5.300222738849848e-05
4349,2025-06-23,7.668974618041899e-05,4.329522520502956e-05
4350,2025-06-24,0.0001262720487614688,4.0495461671898984e-05
4351,2025-06-25,2.842951706099139e-05,4.607098417301149e-05
4352,2025-06-26,4.981986192405583e-05,3.526152285284601e-05
4353,2025-06-27,1.0512654240261301e-05,3.728105289170015e-05
4354,2025-06-30,2.124282561382167e-05,3.9416500736673287e-05
4355,2025-07-01,6.049985999702376e-06,4.7163446228314847e-05
4356,2025-07-02,3.1841790959335445e-05,4.206137412107859e-05
4357,2025-07-03,2.7140270989752154e-05,4.832873881898348e-05
4358,2025-07-04,1.4664992537706565e-05,3.858013728024412e-05
4359,2025-07-07,3.757077303343957e-06,3.692664336383253e-05
4360,2025-07-08,9.906974204108824e-06,2.7404999671178794e-05
4361,2025-07-09,8.135007761032555e-06,3.087127531395526e-05
4362,2025-07-10,1.952481257809667e-05,2.8722274614600222e-05
4363,2025-07-11,3.621194731948125e-05,2.8428460764118364e-05
4364,2025-07-14,1.5010229071224873e-05,2.182063274572343e-05
4365,2025-07-15,1.4275464499215775e-05,2.3152565233844472e-05
4366,2025-07-16,9.9275443348441e-06,2.019834632360868e-05
4367,2025-07-17,1.0605566035019687e-05,2.09356863359881e-05
4368,2025-07-18,2.7318360613431804e-05,2.369630364894115e-05
4369,2025-07-21,3.425700566505373e-05,2.3478450807485452e-05
4370,2025-07-22,2.0592554068112573e-05,2.242345271137093e-05
4371,2025-07-23,2.2140354931284905e-05,2.149887106648865e-05
4372,2025-07-24,2.9293713515287665e-05,2.0560261703163683e-05
4373,2025-07-25,2.7394941970494887e-05,2.1553701301860654e-05
4374,2025-07-28,3.945369899132725e-05,2.3746241315603004e-05
4375,2025-07-29,4.256313855029285e-05,2.2854574362114525e-05
4376,2025-07-30,1.960360576905629e-05,2.3564213064174634e-05
4377,2025-07-31,0.000147132911496031,2.4871651668742013e-05
4378,2025-08-01,3.616152697102896e-05,2.4783232325877225e-05
4379,2025-08-04,2.0318438956516346e-05,2.5565321356342202e-05
4380,2025-08-05,1.2331402826329362e-05,2.771533023770401e-05
4381,2025-08-06,9.725680038864724e-06,2.5926756059295644e-05
4382,2025-08-07,7.046488387197727e-05,3.553040014984094e-05
4383,2025-08-08,3.9056424725223165e-05,3.275887276294646e-05
4384,2025-08-11,3.62905911534575e-05,2.993373100898118e-05
4385,2025-08-12,3.902302074531413e-05,2.6585802105735395e-05
4386,2025-08-13,2.536737755439557e-05,2.550577210082354e-05
4387,2025-08-14,4.0094866707036926e-06,2.9305873103289237e-05
4388,2025-08-18,0.00017045292636589334,2.909997280966893e-05
4389,2025-08-19,1.0778444521782814e-05,3.046578955033887e-05
4390,2025-08-20,1.380889732452863e-05,3.2990660123642964e-05
4391,2025-08-21,1.8594238374665146e-05,3.435345866675896e-05
4392,2025-08-22,2.8221159106487062e-05,2.4379516131380536e-05
4393,2025-08-25,1.864936748243749e-05,3.7272488916528104e-05
4394,2025-08-26,3.64528535601747e-05,2.828020957825638e-05
4395,2025-08-28,2.7809737979562853e-05,2.6562789492569312e-05
4396,2025-08-29,2.1290558293087407e-05,2.626319036485398e-05
4397,2025-09-01,2.3303393239618813e-05,3.084382823118496e-05
4398,2025-09-02,3.219553675083698e-05,2.5904868043108724e-05
4399,2025-09-03,2.7068731112941546e-05,2.9512450339138466e-05
4400,2025-09-04,0.000155409127933443,3.0276285420781698e-05
4401,2025-09-05,4.180039395774945e-05,2.9600071036945906e-05
4402,2025-09-08,1.781482680378254e-05,2.90660420116437e-05
4403,2025-09-09,1.7051329078739193e-05,3.111349520702461e-05
4404,2025-09-10,3.1908455168293295e-05,2.908882110834022e-05
4405,2025-09-11,6.636673622394212e-06,3.792722305855953e-05
4406,2025-09-12,1.306119769817317e-05,3.6554210441798986e-05
4407,2025-09-15,4.294410603605652e-06,3.4080084552241936e-05
4408,2025-09-16,1.965226900159887e-05,3.295476033064708e-05
4409,2025-09-17,4.9725254027111204e-06,3.422855531492154e-05
4410,2025-09-18,3.011674497726976e-05,2.41127799959368e-05
4411,2025-09-19,1.1055333376667001e-05,2.3015254624387183e-05
4412,2025-09-22,3.021527647936391e-05,1.8526066406624986e-05
4413,2025-09-23,1.6996367833472985e-05,2.0735787122929956e-05
4414,2025-09-24,1.38067718544312e-05,1.6790109495441963e-05
4415,2025-09-25,2.6520390803704654e-05,2.0238633279387963e-05
4416,2025-09-26,4.003749508426587e-05,1.8662751318946224e-05
4417,2025-09-29,2.8242723464946728e-05,2.308025372574691e-05
4418,2025-09-30,1.6871097163050238e-05,2.1911547107440197e-05
4419,2025-10-01,3.8080992683124044e-05,2.2673415969655115e-05
4420,2025-10-03,2.3114451379395062e-05,2.3750939156315424e-05
4421,2025-10-06,2.5636163503641185e-05,2.658068433139545e-05
4422,2025-10-07,1.6601232906083284e-05,2.5824745190122962e-05
4423,2025-10-08,2.1978634742524714e-05,2.4750995684194014e-05
4424,2025-10-09,1.8022645858504564e-05,2.8255232371788952e-05
4425,2025-10-10,1.6808816628883533e-05,2.6832322085857388e-05
4426,2025-10-13,2.535937663492826e-05,2.624153521769788e-05
4427,2025-10-14,3.812818153688006e-05,2.3457943210744103e-05
4428,2025-10-15,2.4496203215804194e-05,2.4013843887527703e-05
4429,2025-10-16,4.006493266566564e-05,2.259168198095742e-05
4430,2025-10-17,4.058112898790718e-05,2.203657892877568e-05
4431,2025-10-20,3.0276580040898867e-05,2.2576154864434314e-05
4432,2025-10-21,1.0902234311457442e-05,2.5426281526300475e-05
4433,2025-10-23,8.18974887067974e-05,2.512475124902174e-05
4434,2025-10-24,3.068424606878333e-05,2.871873637193547e-05
4435,2025-10-27,1.9693919439444325e-05,3.0863748640868935e-05
4436,2025-10-28,2.766215037258047e-05,3.175415668891902e-05
4437,2025-10-29,1.264302194539933e-05,2.6704653031708123e-05
4438,2025-10-30,2.4526621633144613e-05,3.469089018119956e-05
4439,2025-10-31,3.2755662839928514e-05,3.181119338023919e-05
4440,2025-11-03,1.3487020998700613e-05,2.9542980939777265e-05
4441,2025-11-04,2.297260864972215e-05,3.0529543660295803e-05
4442,2025-11-06,2.0168824325871388e-05,2.8682884273451562e-05
4443,2025-11-07,3.822713489557517e-05,2.7576147505551886e-05
4444,2025-11-10,1.4758096005035971e-05,2.8362733139057008e-05
4445,2025-11-11,4.963846371841662e-05,2.5861696570480995e-05
4446,2025-11-12,4.090769210839308e-05,2.6275870759800963e-05
4447,2025-11-13,2.2049118734990795e-05,2.6740215015039974e-05
4448,2025-11-14,3.851625076466666e-05,2.90217006746029e-05
4449,2025-11-17,9.501705509449492e-06,2.5731035784808288e-05
4450,2025-11-18,1.2130672580438098e-05,3.097227248031169e-05
4451,2025-11-19,2.451248960063856e-05,3.221718704365651e-05
4452,2025-11-20,2.5663253076516383e-05,3.1180580020032454e-05
4453,2025-11-21,1.9195288784145097e-05,3.274535623866312e-05
4454,2025-11-24,3.1065890631786665e-05,2.798247216442884e-05
4455,2025-11-25,1.7497954315185827e-05,2.5667954394427265e-05
4456,2025-11-26,7.208259209966738e-05,2.584822091476021e-05
4457,2025-11-27,1.850170133223124e-05,2.5945196538812748e-05
4458,2025-11-28,6.4236153795229435e-06,2.4082993194695687e-05
4459,2025-12-01,4.299007106907079e-05,2.7436076243499886e-05
4460,2025-12-02,2.375960067976785e-05,2.608695408640616e-05
4461,2025-12-03,1.671419089834875e-05,3.145187657873575e-05
4462,2025-12-04,1.265871391443563e-05,2.7919884966701382e-05
4463,2025-12-05,2.509049018214858e-05,2.3414954493891687e-05
4464,2025-12-08,4.277520394607434e-05,2.808459822674788e-05
4465,2025-12-09,3.347617155252424e-05,2.7437625154422327e-05
4466,2025-12-10,2.5272206405504482e-05,2.4059589626390804e-05
4467,2025-12-11,2.8077268438790303e-05,2.3000499058335974e-05
4468,2025-12-12,1.5103069372832571e-05,2.636596874829036e-05
4469,2025-12-15,3.0305397183621505e-05,2.7810912307083438e-05
4470,2025-12-16,1.9174420430068784e-05,2.7849505964420538e-05
4471,2025-12-17,1.5461363115780272e-05,2.833597783657061e-05
4472,2025-12-18,2.0894787911032446e-05,2.96443752537818e-05
4473,2025-12-19,2.0069018051553627e-05,2.688709036072684e-05
4474,2025-12-22,2.057189724084423e-05,2.7830090370500423e-05
4475,2025-12-23,8.323385161266924e-06,2.561876809443938e-05
4476,2025-12-24,7.308972961434864e-06,2.4698874185463865e-05
4477,2025-12-26,9.709081404147127e-06,2.5041694211708124e-05
4478,2025-12-29,1.8056808923603175e-05,2.529634631679161e-05
4479,2025-12-30,5.098273165423469e-06,2.4608415949586564e-05
4480,2025-12-31,2.669909217884558e-05,2.147476991263067e-05
4481,2026-01-01,6.257570085325034e-06,1.9678774881245636e-05
4482,2026-01-02,2.4409051252097723e-05,1.887246546304279e-05
4483,2026-01-05,1.2846403133802323e-05,1.9031759630028735e-05
4484,2026-01-06,1.648136237301268e-05,1.547771895618394e-05
4485,2026-01-07,9.130759683230814e-06,1.9340127800460442e-05
4486,2026-01-08,3.939444326418805e-05,1.6551612447928585e-05
4487,2026-01-09,5.319997507649683e-05,1.9358831214598006e-05
4488,2026-01-12,7.35558592792686e-05,1.8017391240729694e-05
4489,2026-01-13,6.935555053249644e-05,1.9886088952282815e-05
4490,2026-01-14,3.155720243241255e-05,1.745698891950665e-05
4491,2026-01-16,3.404285117431094e-05,2.1726771070839734e-05
4492,2026-01-19,1.95842994863944e-05,2.3557097158738972e-05
4493,2026-01-20,9.125093905675152e-05,2.7519806661648155e-05
4494,2026-01-21,9.251423824854684e-05,3.063513053067911e-05
4495,2026-01-22,9.198101511878666e-05,3.184682635273267e-05
4496,2026-01-23,6.041484744076756e-05,3.187189633373694e-05
4497,2026-01-27,5.417552995692636e-05,2.8795479071781433e-05
4498,2026-01-28,2.954414073260386e-05,3.387188662700144e-05
4499,2026-01-29,5.7018643013266475e-05,3.562980755473868e-05
4500,2026-01-30,5.8688435248688786e-05,3.9399352165235694e-05
4501,2026-02-02,0.000541940592515345,4.058999174850553e-05
4502,2026-02-03,0.0024990980999761475,4.489393944254881e-05
4503,2026-02-04,3.9119038450109134e-05,4.1413677030174536e-05
4504,2026-02-05,1.8604809317917493e-05,4.359931642377435e-05
4505,2026-02-06,3.0285570232476644e-05,4.344457532294781e-05
4506,2026-02-09,6.842527150494805e-05,6.463020429429956e-05
4507,2026-02-10,1.1523315781545032e-05,0.00010163932511590453
4508,2026-02-11,1.2540340351126475e-05,8.010194761662933e-05
4509,2026-02-12,1.6721836407759667e-05,6.997188715439581e-05
4510,2026-02-13,0.00010262526870907719,7.035970472056251e-05
4511,2026-02-16,5.843581118941146e-05,6.732662762385e-05
4512,2026-02-17,2.2454938844857765e-05,4.228646796922273e-05
4513,2026-02-18,2.2735833418351037e-05,3.858176170270186e-05
4514,2026-02-19,0.0001323155668265276,3.814321395294541e-05
4515,2026-02-20,4.689901183363182e-05,4.730062632999034e-05
4516,2026-02-23,3.070028255477098e-05,4.482999847235276e-05
4517,2026-02-24,6.340152566264084e-05,4.339151854687918e-05
4518,2026-02-25,4.1093461279607835e-05,4.474223863554072e-05
4519,2026-02-26,2.6629823425138152e-05,6.021592121698197e-05
4520,2026-02-27,6.139188587047657e-05,5.247086290795593e-05
4521,2026-03-02,0.00051749008115891,4.7753477426988855e-05
4522,2026-03-04,0.0004246357085066715,5.33176795198385e-05
4523,2026-03-05,8.791602333405176e-05,5.330249075219082e-05
4524,2026-03-06,6.487876517103031e-05,4.598497007112037e-05
4525,2026-03-09,0.0006737986674335998,5.038627705644898e-05
4526,2026-03-10,0.00015199530506031464,7.352449364529863e-05
4527,2026-03-11,0.00012750026668761124,8.541784951407802e-05
4528,2026-03-12,0.0001135959918000216,7.711565035155882e-05
4529,2026-03-13,0.00014605231585888628,7.397399302237625e-05
4530,2026-03-16,0.00018970613775188638,0.00010827950302056864
4531,2026-03-17,7.366821473264992e-05,9.422310463852523e-05
4532,2026-03-18,4.2822254727269474e-05,8.875939578701039e-05
4533,2026-03-19,0.0007415183840268445,9.036786006954149e-05
4534,2026-03-20,9.072578836609362e-05,0.00010246168090976396
4535,2026-03-23,0.0002546142722787373,0.00010184323986001823
4536,2026-03-24,0.0003863003194908714,9.377362317911394e-05
4537,2026-03-25,0.0001584249330765248,8.263520050164793e-05
4538,2026-03-27,0.0001259316442982423,0.00012040640245722344
4539,2026-03-30,0.0002719480012616607,0.00010360642429763436
4540,2026-04-01,0.000697369220981819,0.0001195063476593341
4541,2026-04-02,0.00042136289462010054,0.00014025398328612048
4542,2026-04-06,0.00016911886205643953,0.00014703298100040437
4543,2026-04-07,0.0001571027083229217,0.00013283161508176674
4544,2026-04-08,0.0009926078325014694,0.00015533768013727822
4545,2026-04-09,6.905948275092434e-05,0.00018841036146329687
4546,2026-04-10,4.7321503598967164e-05,0.0001933977374791939
4547,2026-04-13,0.0004487706655313657,0.00018571646493058242
4548,2026-04-15,0.0001899241210163562,0.00018296143472656387
4549,2026-04-16,9.403615506871695e-05,0.00023075035641542893
4550,2026-04-17,4.649729546582539e-05,0.00016363665434799302
4551,2026-04-20,3.498824110425352e-05,0.0001371692792706359
4552,2026-04-21,3.440142395676707e-05,0.00016993514718110388
4553,2026-04-22,3.3648140761524e-05,0.00016234800303399006
4554,2026-04-23,7.237414740470293e-05,0.00013166134868636668
4555,2026-04-24,9.808902650579066e-05,0.00011976914053037562
4556,2026-04-27,2.639917737150998e-05,0.0001117100720523069
4557,2026-04-28,3.6895961678364544e-05,9.104950046889078e-05
4558,2026-04-29,6.842394787822978e-05,7.984769391211608e-05
4559,2026-04-30,0.0001119839566651127,8.384062873051262e-05
4560,2026-05-04,6.0736830648948004e-05,8.632294316452309e-05
4561,2026-05-05,3.907405610317405e-05,7.511679255992913e-05
4562,2026-05-06,0.000118344894684602,7.420860988603424e-05
4563,2026-05-07,3.0471961219897118e-05,7.844753717358436e-05
4564,2026-05-08,2.433488915651375e-05,8.296030585950175e-05
4565,2026-05-11,9.647601894317674e-05,7.572253940659309e-05
4566,2026-05-12,0.00011710797076956928,7.233713090806665e-05
4567,2026-05-13,6.523080964795629e-05,8.14968137063765e-05
4568,2026-05-14,9.859638976772168e-05,6.645424832671508e-05
4569,2026-05-15,3.722723226679789e-05,5.689020607461563e-05
4570,2026-05-18,0.00014162418641440277,6.40481161660021e-05
4571,2026-05-19,2.698740677804476e-05,6.678944930811727e-05
4572,2026-05-20,9.917835583305923e-05,6.151439481537808e-05
4573,2026-05-21,9.355625962705775e-05,6.945342404673307e-05
4574,2026-05-22,2.4257868867235933e-05,6.327156216648617e-05
4575,2026-05-25,9.606353937146771e-05,7.09527042104458e-05
4576,2026-05-26,2.7284801965780234e-05,5.5783074933331876e-05
4577,2026-05-27,1.2634904816099784e-05,6.394667138480933e-05
4578,2026-05-29,0.00016014704133478284,6.472742138922101e-05
4579,2026-06-01,7.035957504700808e-05,5.6710619812133154e-05
