index,date,y_true,y_pred
1000,2011-11-28,0.00028194821788929403,0.00016365631017833948
1001,2011-11-29,0.00010068870324175805,0.0001851738488767296
1002,2011-11-30,0.0002029230527114123,0.00015478701971005648
1003,2011-12-01,0.0009295055060647428,0.00020122816204093397
1004,2011-12-02,0.0002822729293256998,0.00017641193699091673
1005,2011-12-05,4.791947139892727e-05,0.00014554783410858363
1006,2011-12-07,6.695177580695599e-05,0.00014422551612369716
1007,2011-12-08,0.00024622963974252343,0.00014946606825105846
1008,2011-12-09,0.0003089548263233155,0.00015706676640547812
1009,2011-12-12,0.0004148255684413016,0.00016454239084850997
1010,2011-12-13,0.00018354262283537537,0.00014546429156325758
1011,2011-12-14,0.00014091732737142593,0.0001328822399955243
1012,2011-12-15,0.0002512474893592298,0.00017176406981889158
1013,2011-12-16,0.0005697012529708445,0.00019367763889022171
1014,2011-12-19,0.0001599150855327025,0.00024220305203925818
1015,2011-12-20,0.00020703549671452492,0.0002124428137904033
1016,2011-12-21,0.0005811288137920201,0.00020166346803307533
1017,2011-12-22,0.00032389769330620766,0.00020549996406771243
1018,2011-12-23,0.00011842889216495678,0.0002738081384450197
1019,2011-12-27,0.00028149064746685326,0.00025263146380893886
1020,2011-12-28,8.235060522565618e-05,0.00024787060101516545
1021,2011-12-29,9.039683209266514e-05,0.00021689748973585665
1022,2011-12-30,0.00011413051834097132,0.00020254720584489405
1023,2012-01-03,0.0002671204274520278,0.00018027379701379687
1024,2012-01-04,4.939059363096021e-05,0.00017102736455854028
1025,2012-01-05,3.7725763831986114e-05,0.00016069476259872317
1026,2012-01-06,0.00020161826978437603,0.00015520919987466186
1027,2012-01-09,8.049752068473026e-05,0.0001566821156302467
1028,2012-01-10,0.00014948916214052588,0.00013867505185771734
1029,2012-01-11,2.5958202968467958e-05,0.00012438198609743267
1030,2012-01-12,7.720218854956329e-05,0.00011017089855158702
1031,2012-01-13,9.870477515505627e-05,0.00013422247138805687
1032,2012-01-16,6.282116373768076e-05,0.00013359136937651783
1033,2012-01-17,0.0001108271098928526,0.00011912156332982704
1034,2012-01-18,4.4127384171588346e-05,9.609789412934333e-05
1035,2012-01-19,7.615089270984754e-05,0.00010358988947700709
1036,2012-01-20,8.251670806203038e-05,0.00010502521035959944
1037,2012-01-23,4.154467023909092e-05,9.915953705785796e-05
1038,2012-01-24,0.00012083716137567535,9.139963367488235e-05
1039,2012-01-25,4.64308395748958e-05,8.92279640538618e-05
1040,2012-01-27,0.00018525829364079982,7.601238030474633e-05
1041,2012-01-30,0.00016672108904458582,8.100832928903401e-05
1042,2012-01-31,0.0001708689087536186,7.696598186157644e-05
1043,2012-02-01,0.00010126766574103385,8.49671196192503e-05
1044,2012-02-02,0.00010556263441685587,8.00927373347804e-05
1045,2012-02-03,7.789536903146654e-05,8.441651880275458e-05
1046,2012-02-06,0.0001522990787634626,0.0001126398128690198
1047,2012-02-07,0.00018798215023707598,0.00010838521120604128
1048,2012-02-08,6.299478263827041e-05,0.00011087679013144225
1049,2012-02-09,0.00010552769526839256,0.00010721099533839151
1050,2012-02-10,9.297080396208912e-05,0.00010353656398365274
1051,2012-02-13,5.521338971448131e-05,0.00010382221080362797
1052,2012-02-14,3.2782278140075505e-05,0.00011692398402374238
1053,2012-02-15,0.00014233033289201558,0.00011107841419288889
1054,2012-02-16,4.0214094042312354e-05,0.00010763213504105806
1055,2012-02-17,0.00013073252921458334,0.00012017715198453516
1056,2012-02-21,4.063430242240429e-05,0.00011465819989098236
1057,2012-02-22,0.00020914482593070716,9.372831118525937e-05
1058,2012-02-23,7.840455509722233e-05,8.781538781477138e-05
1059,2012-02-24,0.00015262290253303945,8.493479253957048e-05
1060,2012-02-27,0.00040240370435640216,8.8316279288847e-05
1061,2012-02-28,0.00011625031038420275,8.207962673623115e-05
1062,2012-02-29,0.00021262078371364623,0.00012101476750103757
1063,2012-03-01,9.313417103840038e-05,0.0001240206038346514
1064,2012-03-02,0.00010525360994506627,0.00014360611385200173
1065,2012-03-05,8.596130646765232e-05,0.0001948466378962621
1066,2012-03-06,0.00048717911704443395,0.0001507811975898221
1067,2012-03-07,7.439791806973517e-05,0.00015094075934030116
1068,2012-03-09,0.0002272686833748594,0.0001461013307562098
1069,2012-03-12,0.0003733602643478662,0.00013718825357500464
1070,2012-03-13,6.150236731627956e-05,0.00013733893865719438
1071,2012-03-14,0.00017046443826984614,0.00018642838404048234
1072,2012-03-15,0.00011925080616492778,0.0001634027430554852
1073,2012-03-16,0.00025795932742767036,0.0001231485657626763
1074,2012-03-19,0.0001414730359101668,0.00013033082359470427
1075,2012-03-20,4.905285459244624e-05,0.00010360431770095602
1076,2012-03-21,0.0001638748071854934,0.00010207632294623181
1077,2012-03-22,0.0003893985121976584,0.00012362384586595
1078,2012-03-23,0.0001278936251765117,0.00016086203686427325
1079,2012-03-26,0.00012545417121145874,0.00016760124708525836
1080,2012-03-27,0.0002386254636803642,0.00013791433593723923
1081,2012-03-28,6.500864401459694e-05,0.00012926875206176192
1082,2012-03-29,0.0001319584553129971,0.00018402935529593378
1083,2012-03-30,0.00016016401059459895,0.0001708042254904285
1084,2012-04-02,3.300235766801052e-05,0.00017150658823084086
1085,2012-04-03,5.879352102056146e-05,0.0001624674623599276
1086,2012-04-04,4.470958447200246e-05,0.000147994069266133
1087,2012-04-09,0.00010172540351049975,0.00013417295122053474
1088,2012-04-10,4.833184357266873e-05,0.00012220874486956745
1089,2012-04-11,0.00011078325769631192,0.00010462642967468128
1090,2012-04-12,3.986117008025758e-05,8.742464706301689e-05
1091,2012-04-13,0.00020327384117990732,8.082574640866369e-05
1092,2012-04-16,4.138294389122166e-05,9.174134174827486e-05
1093,2012-04-17,0.00018591544358059764,8.396497287321836e-05
1094,2012-04-18,6.4314910559915e-05,9.461426816415042e-05
1095,2012-04-19,5.001083991373889e-05,7.88988545536995e-05
1096,2012-04-20,0.00011571904178708792,0.00011290233669569716
1097,2012-04-23,0.00019549101125448942,9.416086686542258e-05
1098,2012-04-24,4.976164564141072e-05,0.00010070646385429427
1099,2012-04-25,7.902694778749719e-05,9.1820205852855e-05
1100,2012-04-26,2.3576409148517996e-05,8.44013920868747e-05
1101,2012-04-27,5.8013647503685206e-05,0.00010453506547491997
1102,2012-04-30,5.1923012506449595e-05,0.00014167393965180963
1103,2012-05-02,3.710264718392864e-05,0.00011541276035131887
1104,2012-05-03,4.5238975872052833e-05,0.00011416992492740974
1105,2012-05-04,0.00016335691907443106,8.832326420815662e-05
1106,2012-05-07,0.000436797650763765,9.015998512040824e-05
1107,2012-05-08,0.00024726075935177505,8.238972077379003e-05
1108,2012-05-09,0.00010067814582725987,8.166160114342347e-05
1109,2012-05-10,0.00012902941671200097,7.797519356245175e-05
1110,2012-05-11,9.866609616437927e-05,0.0001093059399863705
1111,2012-05-14,9.649305866332725e-05,0.00013744676834903657
1112,2012-05-15,0.00016682512068655342,0.0001695209211902693
1113,2012-05-16,0.000220612739212811,0.0001473354350309819
1114,2012-05-17,9.683572716312483e-05,0.0001434366567991674
1115,2012-05-18,0.00043886134517379105,0.00013879757898394018
1116,2012-05-22,0.0003254402836319059,0.00013899440818931907
1117,2012-05-23,5.4404212278313935e-05,0.0001320532610407099
1118,2012-05-24,0.00018494353571441025,0.0001312229287577793
1119,2012-05-25,3.9498878322774544e-05,0.00012615050945896655
1120,2012-05-28,6.1771810578648e-05,0.0001444679219275713
1121,2012-05-29,3.530581670929678e-05,0.0001587007282068953
1122,2012-05-30,4.769478618982248e-05,0.00013690607738681138
1123,2012-05-31,0.00013573707838077098,0.00013304695312399417
1124,2012-06-01,0.0001302587625104934,0.00011253963020863011
1125,2012-06-04,0.00019988356507383287,9.739540837472305e-05
1126,2012-06-05,5.836898708366789e-05,8.588165655964985e-05
1127,2012-06-06,0.00023836323816794902,8.31710422062315e-05
1128,2012-06-07,9.739132656250149e-05,7.691682549193501e-05
1129,2012-06-08,0.00012053239333909005,0.00010248619219055399
1130,2012-06-11,0.00012396537931635976,0.00011802514927694574
1131,2012-06-12,0.00023071010946296155,0.00010280629794578999
1132,2012-06-13,3.090958489337936e-05,0.00010408999514766037
1133,2012-06-14,0.00010166275023948401,9.640798816690221e-05
1134,2012-06-15,8.606794290244579e-05,0.00010984233085764572
1135,2012-06-18,0.0003292095789220184,0.00012336061627138406
1136,2012-06-19,6.363209104165435e-05,0.00013057055184617639
1137,2012-06-20,2.6207493647234514e-05,0.0001100424924516119
1138,2012-06-21,9.65812723734416e-05,0.00012317700020503253
1139,2012-06-22,0.00020735975704155862,0.00010677631507860497
1140,2012-06-25,0.0001139795349445194,0.00014780730998609215
1141,2012-06-26,2.1323961846064776e-05,0.00012588717800099403
1142,2012-06-27,4.306856499169953e-05,9.801588748814538e-05
1143,2012-06-28,1.8468841517460532e-05,9.394129301654175e-05
1144,2012-06-29,0.00018318834190722555,0.00010428026871522889
1145,2012-07-02,1.879494266177062e-05,0.00012090032396372408
1146,2012-07-03,4.560370507533662e-05,9.527834481559694e-05
1147,2012-07-04,4.684719897340983e-05,7.806761277606711e-05
1148,2012-07-05,2.492241583240684e-05,6.996386946411803e-05
1149,2012-07-06,2.686639163584914e-05,7.461855420842767e-05
1150,2012-07-09,6.112509436206892e-05,7.140028174035251e-05
1151,2012-07-10,5.37589548912365e-05,7.34462882974185e-05
1152,2012-07-11,4.986753629054874e-05,7.26505895727314e-05
1153,2012-07-12,0.00018162136257160455,6.804374424973503e-05
1154,2012-07-13,3.4842447348637506e-05,6.690747977700084e-05
1155,2012-07-16,4.0650269511388615e-05,7.155754428822547e-05
1156,2012-07-17,7.223813736345619e-05,6.841762660769746e-05
1157,2012-07-18,4.374320269562304e-05,6.93024558131583e-05
1158,2012-07-19,4.841419286094606e-05,8.097033423837274e-05
1159,2012-07-20,2.3996723029995337e-05,7.78010071371682e-05
1160,2012-07-23,0.00010631784243742004,7.828919478924945e-05
1161,2012-07-24,2.6573097784421407e-05,7.855011790525168e-05
1162,2012-07-25,4.070038630743511e-05,7.573841867269948e-05
1163,2012-07-26,0.00012757739750668406,6.541724724229425e-05
1164,2012-07-27,0.00032235783874057233,6.541862239828333e-05
1165,2012-07-30,0.00010954638128168881,7.7961063652765e-05
1166,2012-07-31,0.00012523696932476014,7.097616617102176e-05
1167,2012-08-01,1.643144787522033e-05,7.118556823115796e-05
1168,2012-08-02,1.3170366401027422e-05,9.110382961807773e-05
1169,2012-08-03,8.459946548100561e-05,9.750395111041144e-05
1170,2012-08-06,8.82021413417533e-05,8.676673314766958e-05
1171,2012-08-07,6.122678314568475e-05,9.584638610249385e-05
1172,2012-08-08,3.491053212201223e-05,7.751092198304832e-05
1173,2012-08-09,4.128604268771596e-05,6.700594531139359e-05
1174,2012-08-10,2.314065204700455e-05,7.411911064991727e-05
1175,2012-08-13,2.2894491849001497e-05,6.741668767062947e-05
1176,2012-08-14,4.094741598237306e-05,7.137705688364804e-05
1177,2012-08-16,1.4506732441077475e-05,7.220858242362738e-05
1178,2012-08-17,4.042603904963471e-05,7.599491073051468e-05
1179,2012-08-21,3.743682100321166e-05,6.915272388141602e-05
1180,2012-08-22,4.29142419307027e-05,6.42330851405859e-05
1181,2012-08-23,3.972811464336701e-05,6.62939200992696e-05
1182,2012-08-24,2.7932766897720285e-05,6.22096486040391e-05
1183,2012-08-27,3.2711352105252445e-05,6.730855966452509e-05
1184,2012-08-29,4.877376341028139e-05,6.423105514841154e-05
1185,2012-08-30,0.00010678955004550517,6.455949187511578e-05
1186,2012-08-31,6.238509376998991e-05,6.837184628238901e-05
1187,2012-09-03,4.5686498197028413e-05,6.427554035326466e-05
1188,2012-09-04,2.6968202291755006e-05,6.715051858918741e-05
1189,2012-09-05,5.632595275528729e-05,7.366360659943894e-05
1190,2012-09-06,3.0614777642767876e-05,8.390853327000514e-05
1191,2012-09-07,0.00019888281531166285,8.974417869467288e-05
1192,2012-09-10,2.1663812731276266e-05,8.295082807308063e-05
1193,2012-09-11,7.020126940915361e-05,7.22825134289451e-05
1194,2012-09-12,2.7290750949759968e-05,7.45354118407704e-05
1195,2012-09-13,7.938397175166756e-06,6.942370964679867e-05
1196,2012-09-14,0.0003273159090895206,6.4513944380451e-05
1197,2012-09-17,0.00014053925406187773,6.040593871148303e-05
1198,2012-09-18,1.4273070519266184e-05,6.488284998340532e-05
1199,2012-09-20,0.0001582251425134018,6.279031367739663e-05
1200,2012-09-21,0.0002445458376314491,5.767631228081882e-05
1201,2012-09-24,2.404629958618898e-05,6.12875955994241e-05
1202,2012-09-25,2.712238892854657e-05,7.259373523993418e-05
1203,2012-09-26,2.547038093325682e-05,6.679132638964802e-05
1204,2012-09-27,3.449065116001293e-05,7.556836499134079e-05
1205,2012-09-28,7.534485484939069e-05,8.964761218521744e-05
1206,2012-10-01,9.057196621142793e-06,8.166323823388666e-05
1207,2012-10-03,9.997076631407253e-06,7.619621464982629e-05
1208,2012-10-04,4.747931598103605e-05,6.889015639899299e-05
1209,2012-10-05,0.018615230917930603,7.048940460663289e-05
1210,2012-10-08,7.775190897518769e-05,7.016130984993652e-05
1211,2012-10-09,5.844033876201138e-05,6.11147188465111e-05
1212,2012-10-10,5.176163904252462e-05,5.668235826306045e-05
1213,2012-10-11,7.902182551333681e-05,5.91838252148591e-05
1214,2012-10-12,7.243701838888228e-05,0.0001519010547781363
1215,2012-10-15,2.1707886844524182e-05,0.00014711514813825488
1216,2012-10-16,7.456882303813472e-05,0.00011155038373544812
1217,2012-10-17,6.603905785595998e-05,9.221792424796149e-05
1218,2012-10-18,6.499606388388202e-05,9.089849481824785e-05
1219,2012-10-19,3.726168506545946e-05,9.606454841559753e-05
1220,2012-10-22,5.074359069112688e-05,8.1178943219129e-05
1221,2012-10-23,1.6208450688282028e-05,8.893631456885487e-05
1222,2012-10-25,1.2459206118364818e-05,8.379018981941044e-05
1223,2012-10-29,8.038167288759723e-05,8.181828889064491e-05
1224,2012-10-30,0.00011413442553021014,8.104132575681433e-05
1225,2012-10-31,1.903904922073707e-05,7.751418161205947e-05
1226,2012-11-01,2.7401642000768334e-05,6.990638212300837e-05
1227,2012-11-02,9.024687460623682e-05,6.227773701539263e-05
1228,2012-11-05,1.0431483133288566e-05,6.988391396589577e-05
1229,2012-11-06,1.7736123481881805e-05,9.331322507932782e-05
1230,2012-11-07,4.596072176354937e-05,7.470200944226235e-05
1231,2012-11-08,0.00010634127102093771,6.681693048449233e-05
1232,2012-11-09,5.910125037189573e-05,6.25167740508914e-05
1233,2012-11-12,3.048876351385843e-05,5.8373658248456195e-05
1234,2012-11-15,6.601469067391008e-05,5.652111940435134e-05
1235,2012-11-16,8.902498666429892e-05,6.155610753921792e-05
1236,2012-11-19,2.095999661833048e-05,6.869720527902246e-05
1237,2012-11-20,8.353200246347114e-05,7.993837061803788e-05
1238,2012-11-21,4.3325871956767514e-05,7.560267840744928e-05
1239,2012-11-22,1.932292252604384e-05,7.72419516579248e-05
1240,2012-11-23,3.2260064472211525e-05,9.293294715462252e-05
1241,2012-11-26,2.371104528720025e-05,7.78086541686207e-05
1242,2012-11-27,7.528811693191528e-05,8.01913338364102e-05
1243,2012-11-29,9.90985645330511e-05,7.509098941227421e-05
1244,2012-11-30,3.589560219552368e-05,6.650885188719258e-05
1245,2012-12-03,1.9243736460339278e-05,6.609356205444783e-05
1246,2012-12-04,1.303787485085195e-05,6.0164184105815366e-05
1247,2012-12-05,1.532501119072549e-05,6.241680966923013e-05
1248,2012-12-06,0.00017608953930903226,6.90282613504678e-05
1249,2012-12-07,3.583844591048546e-05,6.780665717087686e-05
1250,2012-12-10,1.4472186194325332e-05,4.923695087200031e-05
1251,2012-12-11,0.0001008168765110895,4.7317309508798644e-05
1252,2012-12-12,3.510138776618987e-05,4.54811415693257e-05
1253,2012-12-13,4.6958437451394275e-05,4.8039626562967896e-05
1254,2012-12-14,2.2110294594313018e-05,4.9550391850061715e-05
1255,2012-12-17,2.5962832296499982e-05,4.835853906115517e-05
1256,2012-12-18,8.95083649083972e-05,5.1039500249316916e-05
1257,2012-12-19,1.9876481019309722e-05,5.157174382475205e-05
1258,2012-12-20,4.015614467789419e-05,5.252404298516922e-05
1259,2012-12-21,4.458984039956704e-05,5.112026701681316e-05
1260,2012-12-24,2.1025964088039473e-05,4.983088365406729e-05
1261,2012-12-26,3.5052486055064946e-05,5.115406383993104e-05
1262,2012-12-27,5.999115455779247e-05,4.942985106026754e-05
1263,2012-12-28,2.1009247575420886e-05,4.9411042709834874e-05
1264,2012-12-31,6.898551418998977e-06,4.95775711897295e-05
1265,2013-01-02,0.00017672040848992765,4.790320235770196e-05
1266,2013-01-03,2.6949768653139472e-05,4.708342021331191e-05
1267,2013-01-04,2.036810474237427e-05,4.778225047630258e-05
1268,2013-01-07,5.916762529523112e-05,4.669643385568634e-05
1269,2013-01-08,1.927315679495223e-05,4.451739732758142e-05
1270,2013-01-09,3.586788443499245e-05,4.440587872522883e-05
1271,2013-01-10,5.408626748248935e-05,4.3884898332180455e-05
1272,2013-01-11,0.00011106601596111432,4.346322384662926e-05
1273,2013-01-14,5.9791240346385166e-05,4.447093670023605e-05
1274,2013-01-15,2.8329330234555528e-05,4.4272641389397904e-05
1275,2013-01-16,3.9399779780069366e-05,4.502261072047986e-05
1276,2013-01-17,3.899553485098295e-05,4.6153720177244395e-05
1277,2013-01-18,2.31985432037618e-05,4.870227348874323e-05
1278,2013-01-21,2.06575477932347e-05,4.9872149247676134e-05
1279,2013-01-22,3.502067193039693e-05,4.9733935156837106e-05
1280,2013-01-23,2.4283503080368973e-05,5.050114123150706e-05
1281,2013-01-24,3.2388270483352244e-05,5.067582969786599e-05
1282,2013-01-25,4.100442674825899e-05,4.935975084663369e-05
1283,2013-01-28,8.489547326462343e-06,4.754138717544265e-05
1284,2013-01-29,5.976313696010038e-05,4.757472561323084e-05
1285,2013-01-30,1.338356378255412e-05,4.718288982985541e-05
1286,2013-01-31,1.2673745004576631e-05,4.757299757329747e-05
1287,2013-02-01,4.600584725267254e-05,4.7682508011348546e-05
1288,2013-02-04,4.995955532649532e-05,4.584694397635758e-05
1289,2013-02-05,4.931909643346444e-05,4.682683356804773e-05
1290,2013-02-06,4.071766306878999e-05,4.561444802675396e-05
1291,2013-02-07,4.758002978633158e-05,4.4426764361560345e-05
1292,2013-02-08,4.928298949380405e-05,4.52087442681659e-05
1293,2013-02-11,2.9256403649924323e-05,4.615015859599225e-05
1294,2013-02-12,1.6706177120795473e-05,4.626398003892973e-05
1295,2013-02-13,3.484045373625122e-05,4.597348015522584e-05
1296,2013-02-14,2.9897288186475635e-05,4.6575099986512214e-05
1297,2013-02-15,4.1532668547006324e-05,4.8084959416883066e-05
1298,2013-02-18,1.0195572940574493e-05,4.8150945076486096e-05
1299,2013-02-19,4.04909769713413e-05,4.685269232140854e-05
1300,2013-02-20,3.053919499507174e-05,4.652392090065405e-05
1301,2013-02-21,8.900673856260255e-05,4.67382233182434e-05
1302,2013-02-22,2.4304676117026247e-05,4.708099004346877e-05
1303,2013-02-25,4.41539850726258e-05,4.56146226497367e-05
1304,2013-02-26,9.123938070842996e-05,4.56186244264245e-05
1305,2013-02-27,6.492735701613128e-05,4.518981950241141e-05
1306,2013-02-28,0.00036294577876105905,4.7529374569421634e-05
1307,2013-03-01,3.879856376443058e-05,4.742704186355695e-05
1308,2013-03-04,3.861189907183871e-05,4.788251317222603e-05
1309,2013-03-05,6.472383392974734e-05,5.096585664432496e-05
1310,2013-03-06,4.303267996874638e-05,5.287701424094848e-05
1311,2013-03-07,6.899653817526996e-05,6.31436487310566e-05
1312,2013-03-08,5.9472888096934184e-05,6.518551526824012e-05
1313,2013-03-11,1.714350401016418e-05,6.436571129597723e-05
1314,2013-03-12,3.406324685784057e-05,6.183145887916908e-05
1315,2013-03-13,5.0512408051872626e-05,5.846224303240888e-05
1316,2013-03-14,0.00017879449296742678,5.743167639593594e-05
1317,2013-03-15,7.278013072209433e-05,5.610438165604137e-05
1318,2013-03-18,0.00010540267248870805,5.362571755540557e-05
1319,2013-03-19,0.00021491995721589774,5.27968950336799e-05
1320,2013-03-20,4.221278868499212e-05,5.30324068677146e-05
1321,2013-03-21,0.00014389949501492083,5.703492570319213e-05
1322,2013-03-22,3.816001844825223e-05,6.106700311647728e-05
1323,2013-03-25,0.00018941241432912648,6.225783727131784e-05
1324,2013-03-26,3.395527528482489e-05,7.01269309502095e-05
1325,2013-03-28,9.292222966905683e-05,7.120865484466776e-05
1326,2013-04-01,2.765925273706671e-05,7.677464600419626e-05
1327,2013-04-02,4.742500823340379e-05,7.534435280831531e-05
1328,2013-04-03,9.812277858145535e-05,7.829396781744435e-05
1329,2013-04-04,9.941500320564955e-05,7.298538548639044e-05
1330,2013-04-05,2.184428376494907e-05,7.192384509835392e-05
1331,2013-04-08,1.3068623047729488e-05,6.711082824040204e-05
1332,2013-04-09,0.0001750723022269085,6.375977682182565e-05
1333,2013-04-10,0.0001732005475787446,6.619038322241977e-05
1334,2013-04-11,0.00012700054503511637,6.981410115258768e-05
1335,2013-04-12,0.00020171406504232436,6.646098336204886e-05
1336,2013-04-15,0.00010901289351750165,6.023778041708283e-05
1337,2013-04-16,0.00022062599600758404,6.322975968942046e-05
1338,2013-04-17,5.2704686822835356e-05,6.709335139021277e-05
1339,2013-04-18,0.00013209859025664628,6.998202297836542e-05
1340,2013-04-22,3.254726834711619e-05,7.42315169190988e-05
1341,2013-04-23,4.8393972974736243e-05,7.675027154618874e-05
1342,2013-04-25,6.0488717281259596e-05,8.067127782851458e-05
1343,2013-04-26,2.8865024432889186e-05,7.987549906829372e-05
1344,2013-04-29,2.521297210478224e-05,7.966621342347935e-05
1345,2013-04-30,0.0001177152298623696,7.338453724514693e-05
1346,2013-05-02,0.00012497053830884397,6.914190453244373e-05
1347,2013-05-03,4.775168054038659e-05,6.530871905852109e-05
1348,2013-05-06,2.2858777811052278e-05,6.175073212943971e-05
1349,2013-05-07,4.727359919343144e-05,5.780605351901613e-05
1350,2013-05-08,4.815893407794647e-05,5.921057891100645e-05
1351,2013-05-09,2.0120562112424523e-05,6.178348849061877e-05
1352,2013-05-10,3.378685505595058e-05,6.328948074951768e-05
1353,2013-05-13,0.00016193039482459426,6.0366779507603496e-05
1354,2013-05-14,3.243234823457897e-05,5.764683737652376e-05
1355,2013-05-15,0.0001907853438751772,5.644328484777361e-05
1356,2013-05-16,4.2508258047746494e-05,5.404187322710641e-05
1357,2013-05-17,2.7123111067339778e-05,5.207888534641825e-05
1358,2013-05-20,6.69679357088171e-05,5.663523552357219e-05
1359,2013-05-21,5.6265926104970276e-05,5.6890639825724065e-05
1360,2013-05-22,5.2046165365027264e-05,5.9096455515827984e-05
1361,2013-05-23,0.00020214715914335102,5.8881108998321e-05
1362,2013-05-24,0.00012680763029493392,5.7260280300397426e-05
1363,2013-05-27,0.00014341736095957458,5.858894292032346e-05
1364,2013-05-28,4.879758125753142e-05,6.037863568053581e-05
1365,2013-05-29,3.7404883187264204e-05,6.153861613711342e-05
1366,2013-05-30,6.305711576715112e-05,6.995326111791655e-05
1367,2013-05-31,0.00017525955627206713,7.46715086279437e-05
1368,2013-06-03,8.853636973071843e-05,7.80288246460259e-05
1369,2013-06-04,5.6800214224494994e-05,7.679830014239997e-05
1370,2013-06-05,3.0370101740118116e-05,7.29005187167786e-05
1371,2013-06-06,9.63845377555117e-05,6.884739559609443e-05
1372,2013-06-07,0.00014689951785840094,7.448155520251021e-05
1373,2013-06-10,7.352940156124532e-05,7.85265292506665e-05
1374,2013-06-11,0.00010188355372520164,7.835880387574434e-05
1375,2013-06-12,3.801266211667098e-05,7.303251186385751e-05
1376,2013-06-13,0.00010100223153131083,7.273191295098513e-05
1377,2013-06-14,0.0001401548506692052,7.745284528937191e-05
1378,2013-06-17,9.471437806496397e-05,7.84694857429713e-05
1379,2013-06-18,3.74646442651283e-05,8.184817852452397e-05
1380,2013-06-19,3.1544361263513565e-05,7.837666635168716e-05
1381,2013-06-20,0.00026375349261797965,7.62916897656396e-05
1382,2013-06-21,5.811775918118656e-05,7.37529480829835e-05
1383,2013-06-24,9.048291394719854e-05,7.350690430030227e-05
1384,2013-06-25,0.00010946094698738307,7.126395939849317e-05
1385,2013-06-26,4.4590095058083534e-05,6.691513408441097e-05
1386,2013-06-27,0.00015969332889653742,7.342198659898713e-05
1387,2013-06-28,0.0002466336009092629,7.38736052880995e-05
1388,2013-07-01,6.833279621787369e-05,7.58075766498223e-05
1389,2013-07-02,2.664036765054334e-05,7.850721158320084e-05
1390,2013-07-03,9.150419646175578e-05,7.548028224846348e-05
1391,2013-07-04,5.526522727450356e-05,7.369156810455024e-05
1392,2013-07-05,9.869564382825047e-05,7.344824553001672e-05
1393,2013-07-08,8.096067904261872e-05,7.227899914141744e-05
1394,2013-07-09,2.506641067157034e-05,6.82308163959533e-05
1395,2013-07-10,6.108750676503405e-05,6.74988332320936e-05
1396,2013-07-11,0.00021242338698357344,6.455658876802772e-05
1397,2013-07-12,0.000176884641405195,6.232490704860538e-05
1398,2013-07-15,3.9261671190615743e-05,6.264933472266421e-05
1399,2013-07-16,0.00030893919756636024,5.7818397181108594e-05
1400,2013-07-17,5.29674616700504e-05,5.7292891142424196e-05
1401,2013-07-18,5.7982288126368076e-05,5.759397754445672e-05
1402,2013-07-19,2.986614163091872e-05,5.960916678304784e-05
1403,2013-07-22,4.957955388817936e-05,5.895494177821092e-05
1404,2013-07-23,3.950467726099305e-05,6.317189399851486e-05
1405,2013-07-24,0.00012433857773430645,6.381464481819421e-05
1406,2013-07-25,9.61518962867558e-05,6.30595168331638e-05
1407,2013-07-26,8.139677811414003e-05,6.033604222466238e-05
1408,2013-07-29,4.393137351144105e-05,5.895263529964723e-05
1409,2013-07-30,0.00013216625666245818,5.5738211813149974e-05
1410,2013-07-31,9.537216101307422e-05,5.836714990437031e-05
1411,2013-08-01,0.00021490809740498662,6.271347228903323e-05
1412,2013-08-02,0.00014874640328343958,6.51445661787875e-05
1413,2013-08-05,3.8858179323142394e-05,6.510661478387192e-05
1414,2013-08-06,0.00023837073240429163,7.006362284300849e-05
1415,2013-08-07,6.654971366515383e-05,7.330850348807871e-05
1416,2013-08-08,5.4215477575780824e-05,8.214580157073215e-05
1417,2013-08-12,0.00013713972293771803,9.255616168957204e-05
1418,2013-08-13,0.00017469370504841208,8.796541806077585e-05
1419,2013-08-14,5.163680179975927e-05,0.0001023731820168905
1420,2013-08-16,0.000564722518902272,0.0001016805981635116
1421,2013-08-19,0.0002528539043851197,8.952833741204813e-05
1422,2013-08-20,0.0002841560635715723,8.667509246151894e-05
1423,2013-08-21,0.0009431832586415112,8.763190999161452e-05
1424,2013-08-22,0.00033868037280626595,8.316731691593304e-05
1425,2013-08-23,0.00015078322030603886,0.00011382822412997484
1426,2013-08-26,8.644980698591098e-05,0.00015484298637602478
1427,2013-08-27,0.0003630327119026333,0.00018063571769744158
1428,2013-08-28,0.0006698400247842073,0.00023232052626553923
1429,2013-08-29,0.00022038878523744643,0.0002468039747327566
1430,2013-08-30,0.0002077972749248147,0.00022838394215796143
1431,2013-09-02,8.588797209085897e-05,0.00019567194976843894
1432,2013-09-03,0.0007729994831606746,0.00021003767324145883
1433,2013-09-04,0.00024907197803258896,0.0002442158292979002
1434,2013-09-05,0.00043631900916807353,0.00023337843595072627
1435,2013-09-06,0.00019633700139820576,0.00022351487132254988
1436,2013-09-10,0.00038199525442905724,0.00018526324129197747
1437,2013-09-11,0.00010116003250004724,0.00022498838370665908
1438,2013-09-12,0.00015150956460274756,0.00022785941837355494
1439,2013-09-13,5.939109905739315e-05,0.00020288668747525662
1440,2013-09-16,0.00042972026858478785,0.0001872758730314672
1441,2013-09-17,3.656223998405039e-05,0.0001708431518636644
1442,2013-09-18,7.34234563424252e-05,0.00015484682808164507
1443,2013-09-19,0.0006863299640826881,0.0001552759640617296
1444,2013-09-20,0.00038803002098575234,0.00013043689250480384
1445,2013-09-23,0.0002603050379548222,0.0001442260545445606
1446,2013-09-24,0.00012167810200480744,0.00011742863716790453
1447,2013-09-25,0.00012565628276206553,9.830261114984751e-05
1448,2013-09-26,3.406214455026202e-05,9.459505236009136e-05
1449,2013-09-27,9.573722491040826e-05,0.00012568157399073243
1450,2013-09-30,0.00011597004777286202,0.00016042297647800297
1451,2013-10-01,0.00011036334763048217,0.0001592477347003296
1452,2013-10-03,0.00017532493802718818,0.0001539502409286797
1453,2013-10-04,6.288458098424599e-05,0.00011943210120080039
1454,2013-10-07,0.00011245798668824136,0.00010350290540372953
1455,2013-10-08,0.00017969707550946623,0.00010145006672246382
1456,2013-10-09,0.00021848359028808773,9.678181231720373e-05
1457,2013-10-10,2.8701942937914282e-05,9.317762305727229e-05
1458,2013-10-11,0.0002448249433655292,8.772606815909967e-05
1459,2013-10-14,1.5430559869855642e-05,8.718203025637195e-05
1460,2013-10-15,0.00012639000487979501,8.617537241661921e-05
1461,2013-10-17,5.7912380725611e-05,8.924779103836045e-05
1462,2013-10-18,0.00017147370090242475,8.237118163378909e-05
1463,2013-10-21,3.61296915798448e-05,8.006715506780893e-05
1464,2013-10-22,1.7173841115436517e-05,7.124152034521103e-05
1465,2013-10-23,0.00011549797636689618,7.130698213586584e-05
1466,2013-10-24,0.00014904074487276375,7.114186155376956e-05
1467,2013-10-25,2.3646845875191502e-05,7.17221264494583e-05
1468,2013-10-28,5.282026904751547e-05,6.905203190399334e-05
1469,2013-10-29,0.0002016525249928236,6.313907215371728e-05
1470,2013-10-30,2.1731664674007334e-05,6.456927803810686e-05
1471,2013-10-31,5.190934825805016e-05,6.976252916501835e-05
1472,2013-11-01,2.3794747903593816e-05,6.759172538295388e-05
1473,2013-11-05,4.8242600314551964e-05,6.663093518000096e-05
1474,2013-11-06,3.353172360220924e-05,6.950685201445594e-05
1475,2013-11-07,0.00012876243272330612,6.566702359123155e-05
1476,2013-11-08,4.402549166115932e-05,6.269224832067266e-05
1477,2013-11-11,7.673139043617994e-05,5.881297693122178e-05
1478,2013-11-12,8.971081115305424e-05,5.774235978606157e-05
1479,2013-11-13,6.100605605752207e-05,5.639168739435263e-05
1480,2013-11-14,0.00011828995047835633,5.974239684292115e-05
1481,2013-11-18,0.0001485408574808389,6.088556983741e-05
1482,2013-11-19,1.1251103387621697e-05,6.318130181171e-05
1483,2013-11-20,9.081176540348679e-05,6.671957089565694e-05
1484,2013-11-21,0.0001360993628622964,6.824259617133066e-05
1485,2013-11-22,7.630260370206088e-05,6.832263170508668e-05
1486,2013-11-25,0.00011605246982071549,6.74990878906101e-05
1487,2013-11-26,4.5078082621330395e-05,6.129169196356088e-05
1488,2013-11-27,1.9750352294067852e-05,6.244997348403558e-05
1489,2013-11-28,5.0807797379093245e-05,6.78961441735737e-05
1490,2013-11-29,5.979255729471333e-05,7.016472227405757e-05
1491,2013-12-02,3.0648690881207585e-05,6.922312604729086e-05
1492,2013-12-03,1.5665904356865212e-05,6.815687083872035e-05
1493,2013-12-04,3.643501622718759e-05,6.339115498121828e-05
1494,2013-12-05,0.00031362270237877965,5.9846181102329865e-05
1495,2013-12-06,1.927431731019169e-05,5.73816396354232e-05
1496,2013-12-09,0.0006425078609026968,5.470185351441614e-05
1497,2013-12-10,2.9432458177325316e-05,5.164714457350783e-05
1498,2013-12-11,3.4891258110292256e-05,5.090168633614667e-05
1499,2013-12-12,5.171891098143533e-05,5.320505078998394e-05
1500,2013-12-13,5.25460418430157e-05,4.996745701646432e-05
1501,2013-12-16,1.240004348801449e-05,5.339195195119828e-05
1502,2013-12-17,4.405169966048561e-05,5.382631570682861e-05
1503,2013-12-18,0.00010430662950966507,5.316939132171683e-05
1504,2013-12-19,0.00014651671517640352,5.451712422654964e-05
1505,2013-12-20,0.00011782204092014581,5.45566545042675e-05
1506,2013-12-23,3.15526376652997e-05,4.9785234295995906e-05
1507,2013-12-24,1.687244002823718e-05,4.9057249270845205e-05
1508,2013-12-26,1.7219055735040456e-05,5.022454206482507e-05
1509,2013-12-27,1.594345667399466e-05,5.7154717069352046e-05
1510,2013-12-30,5.5863001762190834e-05,5.824309482704848e-05
1511,2013-12-31,1.451751359127229e-05,5.554511153604835e-05
1512,2014-01-02,0.000200590118765831,5.124375456944108e-05
1513,2014-01-03,4.172326225670986e-05,4.819743844564073e-05
1514,2014-01-06,3.074122651014477e-05,4.4769913074560463e-05
1515,2014-01-07,5.533600415219553e-05,4.674054071074352e-05
1516,2014-01-08,1.528155007690657e-05,4.3723892304115e-05
1517,2014-01-09,1.6758676792960614e-05,5.249440437182784e-05
1518,2014-01-10,9.496574057266116e-05,5.130492718308233e-05
1519,2014-01-13,9.486816270509735e-05,5.004099148209207e-05
1520,2014-01-14,2.3338165192399174e-05,5.1803963287966326e-05
1521,2014-01-15,4.5600485464092344e-05,4.695266397902742e-05
1522,2014-01-16,3.012924935319461e-05,4.475070454645902e-05
1523,2014-01-17,5.9205834986642e-05,4.833253478864208e-05
1524,2014-01-20,3.6764333344763145e-05,4.886403985437937e-05
1525,2014-01-21,1.5563466149615124e-05,4.788086880580522e-05
1526,2014-01-22,3.402565198484808e-05,4.589738819049671e-05
1527,2014-01-23,1.694392085482832e-05,4.543761315289885e-05
1528,2014-01-24,9.268751455238089e-05,4.92687540827319e-05
1529,2014-01-27,0.00019728073675651103,4.822493428946473e-05
1530,2014-01-28,5.415641135186888e-05,4.483100929064676e-05
1531,2014-01-29,6.464253965532407e-05,4.469896884984337e-05
1532,2014-01-30,0.00011267817171756178,4.287312913220376e-05
1533,2014-01-31,1.0974017641274258e-05,4.683571387431584e-05
1534,2014-02-03,8.568245539208874e-05,5.230904935160652e-05
1535,2014-02-04,0.00014913517225068063,5.409653385868296e-05
1536,2014-02-05,5.2741139370482415e-05,5.354400127544068e-05
1537,2014-02-06,8.77827187650837e-05,5.5858847190393135e-05
1538,2014-02-07,7.644441211596131e-05,4.943026942783035e-05
1539,2014-02-10,1.4745666703674942e-05,5.3203933930490166e-05
1540,2014-02-11,1.7178543203044683e-05,5.714174039894715e-05
1541,2014-02-12,2.338909871468786e-05,5.663264528266154e-05
1542,2014-02-13,9.892500384012237e-05,5.9176261856919155e-05
1543,2014-02-14,7.018420001259074e-05,5.820578007842414e-05
1544,2014-02-18,6.575124280061573e-05,5.318034527590498e-05
1545,2014-02-19,1.124867867474677e-05,4.82086579722818e-05
1546,2014-02-20,3.390030178707093e-05,4.508057463681325e-05
1547,2014-02-21,3.175261736032553e-05,5.07085605931934e-05
1548,2014-02-24,3.8672518712701276e-05,5.139557833899744e-05
1549,2014-02-25,2.525053423596546e-05,5.052074629929848e-05
1550,2014-02-26,1.7262726032640785e-05,4.6024764742469415e-05
1551,2014-02-28,2.874374513339717e-05,4.582404289976694e-05
1552,2014-03-03,4.095499389222823e-05,4.3916923459619284e-05
1553,2014-03-04,6.529557867906988e-05,4.3829557398566976e-05
1554,2014-03-05,5.185823465581052e-05,4.294429163564928e-05
1555,2014-03-06,4.3603133235592395e-05,4.114458351978101e-05
1556,2014-03-07,0.0001294135581701994,4.0592316508991644e-05
1557,2014-03-10,7.599881791975349e-05,4.278143751434982e-05
1558,2014-03-11,3.7047699152026325e-05,4.29588726547081e-05
1559,2014-03-12,3.469132207101211e-05,4.2945561290252954e-05
1560,2014-03-13,9.267301356885582e-05,4.2524843593128026e-05
1561,2014-03-14,0.00010886017844313756,4.427774911164306e-05
1562,2014-03-18,6.919124280102551e-05,4.67087265860755e-05
1563,2014-03-19,1.4173048839438707e-05,4.859514956478961e-05
1564,2014-03-20,2.6031881134258583e-05,4.858500324189663e-05
1565,2014-03-21,3.53039285982959e-05,5.299625627230853e-05
1566,2014-03-24,5.9261761634843424e-05,5.66707385587506e-05
1567,2014-03-25,4.588596129906364e-05,5.89974042668473e-05
1568,2014-03-26,3.266437488491647e-05,5.319262345437892e-05
1569,2014-03-27,4.73975196655374e-05,5.154878454050049e-05
1570,2014-03-28,5.164158210391179e-05,4.860511398874223e-05
1571,2014-03-31,5.927837992203422e-05,4.7550227463943884e-05
1572,2014-04-01,5.140641223988496e-05,4.717083356808871e-05
1573,2014-04-02,4.484032979235053e-05,4.6460867451969534e-05
1574,2014-04-03,6.36881886748597e-05,4.726174665847793e-05
1575,2014-04-04,2.53912166954251e-05,4.697545955423266e-05
1576,2014-04-07,4.266356700100005e-05,4.8651720135239884e-05
1577,2014-04-09,9.507756476523355e-05,4.915793761028908e-05
1578,2014-04-10,1.3542164197133388e-05,4.763596734846942e-05
1579,2014-04-11,4.7010998969199136e-05,5.036478614783846e-05
1580,2014-04-15,8.118846017168835e-05,4.930024078930728e-05
1581,2014-04-16,5.34107384737581e-05,5.02135262649972e-05
1582,2014-04-17,8.18757398519665e-05,5.107173274154775e-05
1583,2014-04-21,1.3078821211820468e-05,4.762911339639686e-05
1584,2014-04-22,8.004863957467023e-06,4.735662878374569e-05
1585,2014-04-23,1.552609319332987e-05,5.199313090997748e-05
1586,2014-04-25,7.279019337147474e-05,5.481747939484194e-05
1587,2014-04-28,9.837074685492553e-06,5.374803367885761e-05
1588,2014-04-29,3.869177453452721e-05,4.7924269892973825e-05
1589,2014-04-30,0.00011516944505274296,4.3993764847982675e-05
1590,2014-05-02,2.4766417482169345e-05,4.2213396227452904e-05
1591,2014-05-05,4.282740337657742e-05,4.5911219785921276e-05
1592,2014-05-06,2.224922354798764e-05,4.316523336456157e-05
1593,2014-05-07,4.4239342969376594e-05,4.422976780915633e-05
1594,2014-05-08,2.5338171326438896e-05,4.928796988679096e-05
1595,2014-05-09,0.0003575386945158243,4.682044163928367e-05
1596,2014-05-12,0.0001745150366332382,4.647575769922696e-05
1597,2014-05-13,0.00017585509340278804,4.4288477511145175e-05
1598,2014-05-14,2.480400144122541e-05,4.621675543603487e-05
1599,2014-05-15,3.2077343348646536e-05,4.492885273066349e-05
1600,2014-05-16,0.001850779983215034,4.840232213609852e-05
1601,2014-05-19,0.0001836618612287566,5.0859380280599e-05
1602,2014-05-20,0.00011177486885571852,5.582806625170633e-05
1603,2014-05-21,4.806083961739205e-05,5.591737135546282e-05
1604,2014-05-22,5.019786476623267e-05,5.599132782663219e-05
1605,2014-05-23,6.42340601189062e-05,8.248658559750766e-05
1606,2014-05-26,0.0004059036145918071,9.303147089667618e-05
1607,2014-05-27,6.696474156342447e-05,9.930120722856373e-05
1608,2014-05-28,1.2164647159806918e-05,9.52475456870161e-05
1609,2014-05-29,6.806340388720855e-05,8.475928916595876e-05
1610,2014-05-30,0.00021514719992410392,7.864029612392187e-05
1611,2014-06-02,0.00012921130110044032,0.00010225783626083285
1612,2014-06-03,4.8403388063889e-05,0.00010716160613810644
1613,2014-06-04,1.0803263648995198e-05,8.119682752294466e-05
1614,2014-06-05,9.853464143816382e-05,8.047003939282149e-05
1615,2014-06-06,9.426427277503535e-05,9.209575364366174e-05
1616,2014-06-09,7.792293035890907e-05,8.955088560469449e-05
1617,2014-06-10,0.00010172249312745407,8.184723265003413e-05
1618,2014-06-11,7.491088763345033e-05,6.817410758230835e-05
1619,2014-06-12,3.582976933103055e-05,6.830034544691443e-05
1620,2014-06-13,0.0001426605595042929,6.715775816701353e-05
1621,2014-06-16,2.8786347684217617e-05,6.769436004105955e-05
1622,2014-06-17,9.862357546808198e-05,7.270943024195731e-05
1623,2014-06-18,0.00012754954514093697,7.822232146281749e-05
1624,2014-06-19,7.186748553067446e-05,7.27296865079552e-05
1625,2014-06-20,2.3640510335098952e-05,8.346256799995899e-05
1626,2014-06-23,5.7038621889660135e-05,7.550072768935934e-05
1627,2014-06-24,4.5528697228292e-05,7.310213550226763e-05
1628,2014-06-25,8.006048119568732e-06,8.315176819451153e-05
1629,2014-06-26,5.081559720565565e-05,8.540426642866805e-05
1630,2014-06-27,2.6504838388063945e-05,7.570094749098644e-05
1631,2014-06-30,6.155792652862146e-05,7.421588088618591e-05
1632,2014-07-01,1.1022928447346203e-05,6.658329220954329e-05
1633,2014-07-02,5.704020077246241e-05,5.534244337468408e-05
1634,2014-07-03,1.4951132470741868e-05,5.6141951063182205e-05
1635,2014-07-04,6.649432907579467e-05,5.27862248418387e-05
1636,2014-07-07,2.3486129066441208e-05,5.081947529106401e-05
1637,2014-07-08,0.000265389506239444,4.565993367577903e-05
1638,2014-07-09,6.22039515292272e-05,4.389937384985387e-05
1639,2014-07-10,0.00037760063423775136,4.2723047954495996e-05
1640,2014-07-11,0.00019767471530940384,4.4708940549753606e-05
1641,2014-07-14,2.3515398424933665e-05,4.243652801960707e-05
1642,2014-07-15,6.201766518643126e-05,5.3104377002455294e-05
1643,2014-07-16,9.329499152954668e-05,5.524715379578993e-05
1644,2014-07-17,1.4239245501812547e-05,7.011763227637857e-05
1645,2014-07-18,4.835075014852919e-05,8.683352643856779e-05
1646,2014-07-21,3.765682049561292e-05,7.290719076991081e-05
1647,2014-07-22,3.6624009226216e-05,6.619972555199638e-05
1648,2014-07-23,3.382728391443379e-05,6.521032628370449e-05
1649,2014-07-24,2.4482293156324886e-05,5.6924563978100196e-05
1650,2014-07-25,5.1313149015186355e-05,5.6523113016737625e-05
1651,2014-07-28,3.5127977753290907e-05,5.3408959502121434e-05
1652,2014-07-30,5.144187161931768e-05,5.034874629927799e-05
1653,2014-07-31,3.723770350916311e-05,4.886212991550565e-05
1654,2014-08-01,0.00015547334623988718,4.735879701911472e-05
1655,2014-08-04,5.385147233027965e-05,5.022683399147354e-05
1656,2014-08-05,0.00010421624028822407,5.089897240395658e-05
1657,2014-08-06,4.4886881369166076e-05,5.114420855534263e-05
1658,2014-08-07,5.0501763325883076e-05,5.1743769290624186e-05
1659,2014-08-08,8.256040018750355e-05,6.040316657163203e-05
1660,2014-08-11,5.418193177320063e-05,5.6718316045589745e-05
1661,2014-08-12,0.00010773987014545128,5.8768968301592395e-05
1662,2014-08-13,2.26125539484201e-05,5.9860904002562165e-05
1663,2014-08-14,2.3746822989778593e-05,6.02849067945499e-05
1664,2014-08-18,5.721584602724761e-05,6.0499853134388104e-05
1665,2014-08-19,1.890694329631515e-05,5.49889518879354e-05
1666,2014-08-20,2.3942180632730015e-05,5.428822623798624e-05
1667,2014-08-21,2.1994583221385255e-05,5.192360913497396e-05
1668,2014-08-22,8.01881560619222e-06,4.893828008789569e-05
1669,2014-08-25,3.562271740520373e-05,4.86833268951159e-05
1670,2014-08-26,3.129467222606763e-05,4.5608663640450686e-05
1671,2014-08-27,1.859228177636396e-05,4.513236854108982e-05
1672,2014-08-28,5.462352419272065e-06,4.443460056791082e-05
1673,2014-09-01,3.399224442546256e-05,4.10587053920608e-05
1674,2014-09-02,2.5251183615182526e-05,4.191833795630373e-05
1675,2014-09-03,2.4510118237230927e-05,4.1662111470941454e-05
1676,2014-09-04,2.0711913748527877e-05,3.972273407271132e-05
1677,2014-09-05,2.808793942676857e-05,3.770827970583923e-05
1678,2014-09-08,4.706958497990854e-05,3.751680924324319e-05
1679,2014-09-09,1.4594221283914521e-05,3.773245771299116e-05
1680,2014-09-10,1.9973520466010086e-05,3.7744728615507483e-05
1681,2014-09-11,3.327496597194113e-05,3.818193363258615e-05
1682,2014-09-12,9.49212335399352e-06,3.9190330426208675e-05
1683,2014-09-15,3.052621104870923e-05,3.8461104850284755e-05
1684,2014-09-16,7.636025839019567e-05,3.8337730074999854e-05
1685,2014-09-17,4.0542639908380806e-05,3.869602005579509e-05
1686,2014-09-18,0.00018198649922851473,3.960747199016623e-05
1687,2014-09-19,1.9827537471428514e-05,3.809892587014474e-05
1688,2014-09-22,6.697642675135285e-05,3.871621083817445e-05
1689,2014-09-23,0.00011882123362738639,4.241848364472389e-05
1690,2014-09-24,4.7288664063671604e-05,4.126931889913976e-05
1691,2014-09-25,0.00010844942153198645,4.337904101703316e-05
1692,2014-09-26,0.0001348896330455318,4.200897819828242e-05
1693,2014-09-29,1.907532350742258e-05,4.346479909145273e-05
1694,2014-09-30,6.97335199220106e-05,5.0200833356939256e-05
1695,2014-10-01,9.345559192297515e-06,5.145653631188907e-05
1696,2014-10-07,9.738287189975381e-05,5.80015876039397e-05
1697,2014-10-08,2.5930961783160456e-05,6.251027662074193e-05
1698,2014-10-09,7.129705772968009e-05,5.722026980947703e-05
1699,2014-10-10,6.97424984537065e-05,5.9661033446900547e-05
1700,2014-10-13,7.511291187256575e-05,5.2843388402834535e-05
1701,2014-10-14,8.699292811797932e-05,5.740096457884647e-05
1702,2014-10-16,0.00016637468070257455,5.412037353380583e-05
1703,2014-10-17,5.823654282721691e-05,5.1696224545594305e-05
1704,2014-10-20,0.00023754128778818995,5.4306241509038955e-05
1705,2014-10-21,3.482586907921359e-05,5.6543976825196296e-05
1706,2014-10-22,8.322316716657951e-05,5.995689207338728e-05
1707,2014-10-27,0.00010544580436544493,7.300925790332258e-05
1708,2014-10-28,1.1314447874610778e-05,7.145491690607741e-05
1709,2014-10-29,4.9833070079330355e-05,6.781460979254916e-05
1710,2014-10-30,4.855345832766034e-05,6.273177859839052e-05
1711,2014-10-31,0.0001023070071823895,5.696012522093952e-05
1712,2014-11-03,2.5894338250509463e-05,5.7416618801653385e-05
1713,2014-11-05,1.8969578377436846e-05,5.11081307195127e-05
1714,2014-11-07,2.5608796931919642e-05,4.8354067985201254e-05
1715,2014-11-10,2.943125036836136e-05,4.7782155888853595e-05
1716,2014-11-11,1.7953887436306104e-05,4.843548231292516e-05
1717,2014-11-12,1.561445969855413e-05,4.712977897725068e-05
1718,2014-11-13,4.913483644486405e-05,4.475830064620823e-05
1719,2014-11-14,1.3934100934420712e-05,4.4748358050128445e-05
1720,2014-11-17,4.16579787270166e-05,4.522965900832787e-05
1721,2014-11-18,1.208578578371089e-05,4.363857806310989e-05
1722,2014-11-19,4.602897752192803e-05,4.180683026788756e-05
1723,2014-11-20,3.3227686799364164e-05,4.3517808080650866e-05
1724,2014-11-21,3.976184962084517e-05,4.158316005486995e-05
1725,2014-11-24,1.1624159924394917e-05,4.210343468002975e-05
1726,2014-11-25,5.6007029343163595e-05,4.060308128828183e-05
1727,2014-11-26,2.062138810288161e-05,4.2575044062687084e-05
1728,2014-11-27,1.2117419828427956e-05,4.1987230360973626e-05
1729,2014-11-28,5.694779974874109e-05,4.1746709030121565e-05
1730,2014-12-01,3.153500802000053e-05,3.919818118447438e-05
1731,2014-12-02,1.9826460629701614e-05,4.206887388136238e-05
1732,2014-12-03,7.550551345048007e-06,4.130231172894128e-05
1733,2014-12-04,7.290753273991868e-05,3.983191345469095e-05
1734,2014-12-05,2.4854840376065113e-05,4.045565947308205e-05
1735,2014-12-08,6.102706538513303e-05,4.1479743231320754e-05
1736,2014-12-09,6.248226418392733e-05,4.1151219193125144e-05
1737,2014-12-10,2.643995867401827e-05,3.9039296098053455e-05
1738,2014-12-11,3.247806307626888e-05,4.103944229427725e-05
1739,2014-12-12,5.660062379320152e-05,4.09753447456751e-05
1740,2014-12-15,0.0001010229461826384,4.402628474053927e-05
1741,2014-12-16,0.00012814466026611626,4.677456308854744e-05
1742,2014-12-17,8.946005982579663e-05,4.43798016931396e-05
1743,2014-12-18,0.00022976439504418522,4.478284972719848e-05
1744,2014-12-19,9.131946717388928e-05,4.709217319032177e-05
1745,2014-12-22,6.652401498286054e-05,4.854104918194935e-05
1746,2014-12-23,6.351205229293555e-05,5.568614142248407e-05
1747,2014-12-24,8.589361823396757e-05,5.965534728602506e-05
1748,2014-12-26,5.359054557629861e-05,5.994992170599289e-05
1749,2014-12-29,2.842808680725284e-05,5.720793706132099e-05
1750,2014-12-30,1.5849494957365096e-05,6.295766797848046e-05
1751,2014-12-31,1.159694238594966e-05,6.431730434997007e-05
1752,2015-01-02,7.357353024417534e-05,6.786137964809313e-05
1753,2015-01-05,3.598945477278903e-05,6.873619713587686e-05
1754,2015-01-06,0.0002760977658908814,6.55683979857713e-05
1755,2015-01-07,3.8190999475773424e-05,5.9869071264984086e-05
1756,2015-01-08,0.00015004062152002007,5.31081241206266e-05
1757,2015-01-09,0.00012737838551402092,5.0528844440123066e-05
1758,2015-01-12,4.351353345555253e-05,4.943536259816028e-05
1759,2015-01-13,4.7788897063583136e-05,5.5737145885359496e-05
1760,2015-01-14,4.213170905131847e-05,5.9165817219763994e-05
1761,2015-01-15,0.00041012055589817464,6.006963667459786e-05
1762,2015-01-16,3.5176453820895404e-05,6.269122968660668e-05
1763,2015-01-19,2.5087887479458004e-05,6.317774386843666e-05
1764,2015-01-20,8.931207412388176e-05,6.3133287767414e-05
1765,2015-01-21,2.0872947061434388e-05,6.2966973928269e-05
1766,2015-01-22,1.3277144716994371e-05,6.576893065357581e-05
1767,2015-01-23,7.86151722422801e-05,6.551158003276214e-05
1768,2015-01-27,6.223160744411871e-05,6.0154889069963247e-05
1769,2015-01-28,5.898379095015116e-05,5.7838697102852166e-05
1770,2015-01-29,5.137239713803865e-05,5.387505007092841e-05
1771,2015-01-30,0.00023870720178820193,4.930268551106565e-05
1772,2015-02-02,3.514000854920596e-05,4.703938611783087e-05
1773,2015-02-03,6.259600195335224e-05,4.6707969886483625e-05
1774,2015-02-04,4.91610771859996e-05,4.804567652172409e-05
1775,2015-02-05,0.00012960944150108844,4.957156488671899e-05
1776,2015-02-06,3.235425174352713e-05,5.6681114074308425e-05
1777,2015-02-09,0.00011585353058762848,6.0357622714946046e-05
1778,2015-02-10,0.00019616463396232575,6.343179120449349e-05
1779,2015-02-11,3.547710366547108e-05,6.381970160873607e-05
1780,2015-02-12,0.00012535968562588096,6.815902452217415e-05
1781,2015-02-13,4.902544606011361e-05,6.84278056723997e-05
1782,2015-02-16,3.574110451154411e-05,6.946841313038021e-05
1783,2015-02-18,3.332705091452226e-05,7.460560300387442e-05
1784,2015-02-19,8.314756269101053e-05,7.161987014114857e-05
1785,2015-02-20,3.0620532925240695e-05,7.200764957815409e-05
1786,2015-02-23,8.367703412659466e-05,6.947464135009795e-05
1787,2015-02-24,2.784935168165248e-05,6.603049405384809e-05
1788,2015-02-25,5.687317025149241e-05,6.204612145666033e-05
1789,2015-02-26,6.212380685610697e-05,6.172111898194999e-05
1790,2015-02-27,0.00011237908620387316,6.01245992584154e-05
1791,2015-03-02,0.00019356906705070287,6.144479266367853e-05
1792,2015-03-03,3.13993041345384e-05,6.029278301866725e-05
1793,2015-03-04,0.000367730826837942,5.951078492216766e-05
1794,2015-03-05,6.454341928474605e-05,6.014673999743536e-05
1795,2015-03-09,0.00012739672092720866,6.107859371695668e-05
1796,2015-03-10,4.959677244187333e-05,6.177187606226653e-05
1797,2015-03-11,2.7429723559180275e-05,6.053274410078302e-05
1798,2015-03-12,3.467580972937867e-05,6.658361235167831e-05
1799,2015-03-13,0.00027047545881941915,7.03257683198899e-05
1800,2015-03-16,1.3827840120939072e-05,7.604652637382969e-05
1801,2015-03-17,0.0001032643995131366,7.783930777804926e-05
1802,2015-03-18,3.699922308442183e-05,7.457252650056034e-05
1803,2015-03-19,0.00018762449326459318,6.730022141709924e-05
1804,2015-03-20,2.7580785172176547e-05,6.992644921410829e-05
1805,2015-03-23,2.6830264687305316e-05,6.56171323498711e-05
1806,2015-03-24,7.176242070272565e-05,6.431104702642187e-05
1807,2015-03-25,2.4588172891526483e-05,6.210757419466972e-05
1808,2015-03-26,0.00018724086112342775,6.580763147212565e-05
1809,2015-03-27,0.0001548579166410491,6.501342431874946e-05
1810,2015-03-30,9.470237273490056e-05,6.190916610648856e-05
1811,2015-03-31,6.065057095838711e-05,6.0819471400463954e-05
1812,2015-04-01,8.931140473578125e-05,5.71421260247007e-05
1813,2015-04-06,5.6439675972796977e-05,6.100430982769467e-05
1814,2015-04-07,7.685273885726929e-05,6.691615999443457e-05
1815,2015-04-08,3.1097039027372375e-05,6.817963003413752e-05
1816,2015-04-09,8.815554610919207e-05,6.872951053082943e-05
1817,2015-04-10,1.755081939336378e-05,6.978887540753931e-05
1818,2015-04-13,3.741083855857141e-05,6.890513031976297e-05
1819,2015-04-16,0.00014866088167764246,6.927635695319623e-05
1820,2015-04-17,4.9318299716105685e-05,6.447851774282753e-05
1821,2015-04-20,0.00018567837832961231,6.269744335440919e-05
1822,2015-04-21,8.170616638381034e-05,5.826276174047962e-05
1823,2015-04-22,0.00017954461509361863,5.507113746716641e-05
1824,2015-04-23,0.00012930361845064908,5.6559401855338365e-05
1825,2015-04-24,9.793711069505662e-05,5.750813943450339e-05
1826,2015-04-27,9.57631491473876e-05,6.398119148798287e-05
1827,2015-04-28,7.433862629113719e-05,7.003543578321114e-05
1828,2015-04-29,4.0933398850029334e-05,7.786172500345856e-05
1829,2015-04-30,4.4021548092132434e-05,8.559833804611117e-05
1830,2015-05-04,0.0001124248665291816,9.284534462494776e-05
1831,2015-05-05,3.099069363088347e-05,9.638646588427946e-05
1832,2015-05-06,0.000311795505695045,9.485331975156441e-05
1833,2015-05-07,8.7271626398433e-05,8.921094558900222e-05
1834,2015-05-08,0.00013859533646609634,8.398290810873732e-05
1835,2015-05-11,9.74354479694739e-05,8.007333235582337e-05
1836,2015-05-12,0.0002246324875159189,7.492824806831777e-05
1837,2015-05-13,0.00020625331671908498,8.190915832528844e-05
1838,2015-05-14,8.24246890260838e-05,8.771368447924033e-05
1839,2015-05-15,2.6310945031582378e-05,8.7735679699108e-05
1840,2015-05-18,6.899634172441438e-05,8.430381421931088e-05
1841,2015-05-19,5.26196054124739e-05,9.069743828149512e-05
1842,2015-05-20,2.282906098116655e-05,9.87773819360882e-05
1843,2015-05-21,2.4142369511537254e-05,0.00010013434803113341
1844,2015-05-22,2.550170938775409e-05,8.894352504285052e-05
1845,2015-05-25,3.5027620469918475e-05,8.222848555305973e-05
1846,2015-05-26,1.8725830159382895e-05,7.792360702296719e-05
1847,2015-05-27,4.0941515180747956e-05,6.904511246830225e-05
1848,2015-05-28,4.8710262490203604e-05,6.215710891410708e-05
1849,2015-05-29,9.304007835453376e-05,5.688304372597486e-05
1850,2015-06-01,2.3711498215561733e-05,5.333784793037921e-05
1851,2015-06-02,0.00023610061907675117,4.987933425582014e-05
1852,2015-06-03,0.00010900467168539762,4.764615005115047e-05
1853,2015-06-04,8.372237061848864e-05,4.761171658174135e-05
1854,2015-06-05,5.930128099862486e-05,4.9198413762496784e-05
1855,2015-06-08,5.364290336729027e-05,4.885183079750277e-05
1856,2015-06-09,1.9570057702367194e-05,5.4841890232637525e-05
1857,2015-06-10,8.858062938088551e-05,6.232657324289903e-05
1858,2015-06-11,0.00023501331452280283,6.797142850700766e-05
1859,2015-06-12,1.670587334956508e-05,7.091696897987276e-05
1860,2015-06-15,6.599246989935637e-05,7.200641266535968e-05
1861,2015-06-16,7.073857705108821e-05,6.787872553104535e-05
1862,2015-06-17,6.0354574088705704e-05,6.628425762755796e-05
1863,2015-06-18,4.406329753692262e-05,7.202886627055705e-05
1864,2015-06-19,2.7449899789644405e-05,6.949094677111134e-05
1865,2015-06-22,7.957653724588454e-05,6.93024558131583e-05
1866,2015-06-23,3.0598406738135964e-05,6.992244743742049e-05
1867,2015-06-24,3.6682209611171857e-05,6.935316196177155e-05
1868,2015-06-25,5.204670742386952e-05,6.656824552919716e-05
1869,2015-06-26,2.597219281597063e-05,6.150716944830492e-05
1870,2015-06-29,0.00035525450948625803,5.8775971410796046e-05
1871,2015-06-30,3.0414070351980627e-05,5.5694479669909924e-05
1872,2015-07-01,6.173212750582024e-05,5.397672430262901e-05
1873,2015-07-02,1.4967797142162453e-05,5.3179279348114505e-05
1874,2015-07-03,2.5621622626204044e-05,5.1921477279393e-05
1875,2015-07-06,0.00023982826678548008,5.569320637732744e-05
1876,2015-07-07,2.781909097393509e-05,5.606752529274672e-05
1877,2015-07-08,0.00013530706928577274,5.671474355040118e-05
1878,2015-07-09,3.262636164436117e-05,5.337845868780278e-05
1879,2015-07-10,4.3267940782243386e-05,5.066317316959612e-05
1880,2015-07-13,8.696206350577995e-05,5.175892874831334e-05
1881,2015-07-14,1.8201835700892843e-05,5.195669655222446e-05
1882,2015-07-15,2.336152465431951e-05,5.5303822591667995e-05
1883,2015-07-16,3.150182237732224e-05,5.641675306833349e-05
1884,2015-07-17,1.4352060134115163e-05,5.535141099244356e-05
1885,2015-07-20,3.04376026178943e-05,5.59506552235689e-05
1886,2015-07-21,8.014262857614085e-05,5.391539525589906e-05
1887,2015-07-22,0.00010089777788380161,5.0567159632919356e-05
1888,2015-07-23,3.112537524430081e-05,4.765737321577035e-05
1889,2015-07-24,2.6696625354816206e-05,4.47677775810007e-05
1890,2015-07-27,0.00010686361929401755,4.318240098655224e-05
1891,2015-07-28,2.9212380468379706e-05,4.485410318011418e-05
1892,2015-07-29,2.2522141080116853e-05,4.741659722640179e-05
1893,2015-07-30,4.057609839946963e-05,4.864467337029055e-05
1894,2015-07-31,6.41844017081894e-05,4.842107227887027e-05
1895,2015-08-03,2.2574353351956233e-05,5.130698627908714e-05
1896,2015-08-04,8.964735752670094e-05,5.233094998402521e-05
1897,2015-08-05,2.4615599613753147e-05,4.998089571017772e-05
1898,2015-08-06,1.9052324205404148e-05,4.753622124553658e-05
1899,2015-08-07,9.314380804426037e-06,4.67321187898051e-05
1900,2015-08-10,7.264137821039185e-05,4.5092354412190616e-05
1901,2015-08-11,6.938326987437904e-05,4.64798831671942e-05
1902,2015-08-12,6.135924195405096e-05,4.51374908152502e-05
1903,2015-08-13,5.930931365583092e-05,4.356502540758811e-05
1904,2015-08-14,0.00013546794070862234,4.1295497794635594e-05
1905,2015-08-17,6.178425246616825e-05,4.239931149641052e-05
1906,2015-08-18,5.129661440150812e-05,4.4677144614979625e-05
1907,2015-08-19,4.25150319642853e-05,4.730607179226354e-05
1908,2015-08-20,0.00010387510701548308,4.968193388776854e-05
1909,2015-08-21,0.0001271100773010403,5.298312316881493e-05
1910,2015-08-24,0.0013520627981051803,5.62059176445473e-05
1911,2015-08-25,0.000667813525069505,5.8357298257760704e-05
1912,2015-08-26,0.00014304147043731064,5.951294588157907e-05
1913,2015-08-27,0.000337564037181437,6.393202784238383e-05
1914,2015-08-28,0.00025861061294563115,6.845542520750314e-05
1915,2015-08-31,4.8880021495278925e-05,9.238252823706716e-05
1916,2015-09-01,0.00024710895377211273,0.0001349665835732594
1917,2015-09-02,0.00023131970374379307,0.000166018377058208
1918,2015-09-03,0.00010088671115227044,0.00016489489644300193
1919,2015-09-04,0.0001897537731565535,0.00015905224427115172
1920,2015-09-07,0.0001628621103009209,0.00013902265345677733
1921,2015-09-08,0.00020433349709492177,0.00014525650476571172
1922,2015-09-09,0.00026751664699986577,0.0001502482482464984
1923,2015-09-10,0.0002451358886901289,0.00013323601160664111
1924,2015-09-11,9.412198414793238e-05,0.0001358682638965547
1925,2015-09-14,9.310744644608349e-05,0.00014072850171942264
1926,2015-09-15,3.6727080441778526e-05,0.00014340753841679543
1927,2015-09-16,7.543178071500733e-05,0.00013069214764982462
1928,2015-09-18,0.00014413696771953255,0.00013037346070632339
1929,2015-09-21,0.00011252321564825252,0.00012305512791499496
1930,2015-09-22,0.00031934294383972883,0.00011327538959449157
1931,2015-09-23,0.00023501244140788913,9.896642586681992e-05
1932,2015-09-24,4.5235610741656274e-05,8.590098877903074e-05
1933,2015-09-28,7.15896239853464e-05,8.107789471978322e-05
1934,2015-09-29,0.0003956483560614288,7.631198968738317e-05
1935,2015-09-30,0.00015087729843799025,8.27898402349092e-05
1936,2015-10-01,6.0954767832299694e-05,9.10710878088139e-05
1937,2015-10-05,0.00012634457380045205,9.114441490964964e-05
1938,2015-10-06,0.00010756749543361366,8.802188676781952e-05
1939,2015-10-07,1.637802051845938e-05,9.796887025004253e-05
1940,2015-10-08,5.0072405429091305e-05,9.719766239868477e-05
1941,2015-10-09,9.110365499509498e-05,9.012516966322437e-05
1942,2015-10-12,9.37081131269224e-05,8.412398892687634e-05
1943,2015-10-13,2.7238722395850345e-05,8.009449811652303e-05
1944,2015-10-14,2.5481193006271496e-05,7.193283090600744e-05
1945,2015-10-15,2.94102883344749e-05,6.710922752972692e-05
1946,2015-10-16,5.824731488246471e-05,6.486188067356125e-05
1947,2015-10-19,1.9212689949199557e-05,6.523470801766962e-05
1948,2015-10-20,2.2496124074677937e-05,6.275924533838406e-05
1949,2015-10-21,2.906823283410631e-05,5.79145853407681e-05
1950,2015-10-23,5.752118886448443e-05,5.31365949427709e-05
1951,2015-10-26,5.6101598602253944e-05,5.156131737749092e-05
1952,2015-10-27,1.6525958926649764e-05,4.827771772397682e-05
1953,2015-10-28,6.015517647028901e-05,4.6168381231836975e-05
1954,2015-10-29,3.4521581255830824e-05,4.5376247726380825e-05
1955,2015-10-30,5.471082477015443e-05,4.395924770506099e-05
1956,2015-11-02,3.5996628866996616e-05,4.3647152779158205e-05
1957,2015-11-03,4.4535405322676525e-05,4.114085459150374e-05
1958,2015-11-04,7.050345448078588e-05,4.1084047552431e-05
1959,2015-11-05,4.219681432005018e-05,4.149390952079557e-05
1960,2015-11-06,3.211045986972749e-05,4.3251231545582414e-05
1961,2015-11-09,0.0005953341023996472,4.413083297549747e-05
1962,2015-11-10,9.201568173011765e-05,4.472851651371457e-05
1963,2015-11-13,1.9885921574314125e-05,4.598150189849548e-05
1964,2015-11-16,0.00010100039798999205,4.714493115898222e-05
1965,2015-11-17,5.9375928685767576e-05,4.801599061465822e-05
1966,2015-11-18,8.201303717214614e-05,5.4117230320116505e-05
1967,2015-11-19,9.781725384527817e-05,6.019655484124087e-05
1968,2015-11-20,4.610550604411401e-05,5.9562687965808436e-05
1969,2015-11-23,1.8812212147167884e-05,6.149896216811612e-05
1970,2015-11-24,2.140979268006049e-05,6.131402187747881e-05
1971,2015-11-26,2.381472586421296e-05,6.385605229297653e-05
1972,2015-11-27,4.636919766198844e-05,6.447715713875368e-05
1973,2015-11-30,1.197423625853844e-05,6.468193896580487e-05
1974,2015-12-01,1.608023012522608e-05,6.120163016021252e-05
1975,2015-12-02,3.4043634514091536e-05,5.736637467634864e-05
1976,2015-12-03,3.219020800315775e-05,5.3409621614264324e-05
1977,2015-12-04,4.681959399022162e-05,5.140827124705538e-05
1978,2015-12-07,5.506063826032914e-05,4.8066849558381364e-05
1979,2015-12-08,5.4413758334703743e-05,4.45562218374107e-05
1980,2015-12-09,5.368942947825417e-05,4.286728653823957e-05
1981,2015-12-10,5.7903267588699237e-05,4.1892239096341655e-05
1982,2015-12-11,0.0001039093840518035,4.081131555722095e-05
1983,2015-12-14,0.00012185345258330926,4.11404253100045e-05
1984,2015-12-15,4.264611561666243e-05,4.269450073479675e-05
1985,2015-12-16,3.186805042787455e-05,4.4707707274938e-05
1986,2015-12-17,9.753175982041284e-05,4.6278059016913176e-05
1987,2015-12-18,4.187274680589326e-05,5.042106567998417e-05
1988,2015-12-21,6.857342668808997e-05,5.433219484984875e-05
1989,2015-12-22,2.7116800993098877e-05,5.6036198657238856e-05
1990,2015-12-23,4.348975926404819e-05,5.5171491112560034e-05
1991,2015-12-24,2.713664434850216e-05,5.636314017465338e-05
1992,2015-12-28,3.053867112612352e-05,5.689975296263583e-05
1993,2015-12-29,9.352075721835718e-06,5.742225766880438e-05
1994,2015-12-30,1.763337968441192e-05,5.661261093337089e-05
1995,2015-12-31,2.2247528249863535e-05,5.290404806146398e-05
1996,2016-01-04,0.00014123268192633986,4.9730948376236483e-05
1997,2016-01-05,4.983606413588859e-05,4.7290825023083016e-05
1998,2016-01-06,3.5673609090736136e-05,4.4148851884528995e-05
1999,2016-01-07,0.00015923405590001494,4.1800849430728704e-05
2000,2016-01-08,4.871114651905373e-05,4.865422670263797e-05
2001,2016-01-11,0.00016704306472092867,4.946290573570877e-05
2002,2016-01-12,7.188900781329721e-05,5.0095859478460625e-05
2003,2016-01-13,0.0002630242670420557,5.058443275629543e-05
2004,2016-01-14,0.0003229341527912766,5.1919298130087554e-05
2005,2016-01-15,0.00012753640476148576,5.233094998402521e-05
2006,2016-01-18,0.00010882529750233516,5.3668896725866944e-05
2007,2016-01-19,7.694961095694453e-05,5.495262303156778e-05
2008,2016-01-20,0.00044495731708593667,5.7951103372033685e-05
2009,2016-01-21,0.0002221770555479452,6.304791168076918e-05
2010,2016-01-22,0.00018676150648389012,6.886059418320656e-05
2011,2016-01-25,6.475779809989035e-05,7.750715303700417e-05
2012,2016-01-27,4.104707477381453e-05,7.965116674313322e-05
2013,2016-01-28,2.7639345717034303e-05,9.631067223381251e-05
2014,2016-01-29,0.0001821528421714902,0.0001126496063079685
2015,2016-02-01,3.218971687601879e-05,0.00011674549023155123
2016,2016-02-02,0.00013499593478627503,0.00010731482325354591
2017,2016-02-03,0.00010272819054080173,8.846209675539285e-05
2018,2016-02-04,9.53682538238354e-05,7.268114859471098e-05
2019,2016-02-05,5.992865044390783e-05,6.881313311168924e-05
2020,2016-02-08,0.00013498049520421773,6.448447675211355e-05
2021,2016-02-09,0.00014313781866803765,6.399809353752062e-05
2022,2016-02-10,8.402745879720896e-05,6.322517583612353e-05
2023,2016-02-11,0.0004207736346870661,6.276600470300764e-05
2024,2016-02-12,0.00030390601023100317,6.200832285685465e-05
2025,2016-02-15,0.00022642474505119026,6.334594218060374e-05
2026,2016-02-16,0.00021479027054738253,6.293521437328309e-05
2027,2016-02-17,0.00022613773762714118,6.291276804404333e-05
2028,2016-02-18,0.00014654983533546329,6.796099478378892e-05
2029,2016-02-19,5.132939986651763e-05,8.216420974349603e-05
2030,2016-02-22,1.767263893270865e-05,9.179113112622872e-05
2031,2016-02-23,0.00015248001727741212,0.0001049182828865014
2032,2016-02-24,6.828335608588532e-05,0.00011846075358334929
2033,2016-02-25,3.911490784958005e-05,0.0001201901031890884
2034,2016-02-26,0.00013350490189623088,0.00011282193008810282
2035,2016-02-29,0.0005983382579870522,9.021753066917881e-05
2036,2016-03-01,0.0003209379210602492,8.311925921589136e-05
2037,2016-03-02,0.00021917915728408843,7.588844891870394e-05
2038,2016-03-03,0.00010520023352000862,6.847729673609138e-05
2039,2016-03-04,4.8290883569279686e-05,6.498658331111073e-05
2040,2016-03-08,4.262257425580174e-05,6.998816388659179e-05
2041,2016-03-09,0.0001228200417244807,7.97610919107683e-05
2042,2016-03-10,7.03224868630059e-05,8.176087430911139e-05
2043,2016-03-11,4.1384046198800206e-05,7.787843060214072e-05
2044,2016-03-14,4.754682595375925e-05,7.094666216289625e-05
2045,2016-03-15,5.127083568368107e-05,6.660374492639676e-05
2046,2016-03-16,7.423880015267059e-05,6.503499753307551e-05
2047,2016-03-17,0.00012646295363083482,6.409068737411872e-05
2048,2016-03-18,6.261457019718364e-05,6.278289220063016e-05
2049,2016-03-21,5.6970071454998106e-05,6.100075916037895e-05
2050,2016-03-22,4.946549597661942e-05,5.959915870334953e-05
2051,2016-03-23,2.5167903004330583e-05,5.9198438975727186e-05
2052,2016-03-28,0.0001615698856767267,5.975578460493125e-05
2053,2016-03-29,3.529716195771471e-05,5.975259773549624e-05
2054,2016-03-30,0.00010565922275418416,5.907183367526159e-05
2055,2016-03-31,3.344370998092927e-05,5.848209548275918e-05
2056,2016-04-01,4.091118898941204e-05,5.709783727070317e-05
2057,2016-04-04,2.9739265301031992e-05,5.786357360193506e-05
2058,2016-04-05,0.00013519407366402447,5.7724402722669765e-05
2059,2016-04-06,3.347044548718259e-05,5.753408186137676e-05
2060,2016-04-07,5.7949779147747904e-05,5.700278779841028e-05
2061,2016-04-08,1.0874566214624792e-05,5.6371954997302964e-05
2062,2016-04-11,0.00017706135986372828,5.514445365406573e-05
2063,2016-04-12,1.6681071429047734e-05,5.570250141317956e-05
2064,2016-04-13,0.0001252172514796257,5.495435107150115e-05
2065,2016-04-18,0.00010468541586305946,5.455014979816042e-05
2066,2016-04-20,5.5208965932251886e-05,5.317263276083395e-05
2067,2016-04-21,7.107310375431553e-05,5.3718056733487174e-05
2068,2016-04-22,1.9962360966019332e-05,5.309491098159924e-05
2069,2016-04-25,3.895405461662449e-05,5.2970794058637694e-05
2070,2016-04-26,0.0001370044337818399,5.3244741138769314e-05
2071,2016-04-27,2.068757385131903e-05,5.33639540662989e-05
2072,2016-04-28,0.00013627976295538247,5.38333406439051e-05
2073,2016-04-29,5.571477231569588e-05,5.3254345402820036e-05
2074,2016-05-02,2.9462391466950066e-05,5.297816824167967e-05
2075,2016-05-03,0.0001521669764770195,5.379792855819687e-05
2076,2016-05-04,2.492030216671992e-05,5.320291893440299e-05
2077,2016-05-05,3.9290291169891134e-05,5.423854599939659e-05
2078,2016-05-06,3.213055242667906e-05,5.537258766707964e-05
2079,2016-05-09,8.808798156678677e-05,5.5022683227434754e-05
2080,2016-05-10,2.3464950572815724e-05,5.6457876780768856e-05
2081,2016-05-11,0.00018245553656015545,5.60960870643612e-05
2082,2016-05-12,3.2024894608184695e-05,5.543213410419412e-05
2083,2016-05-13,6.227030826266855e-05,5.4487398301716894e-05
2084,2016-05-16,7.178809028118849e-05,5.425075505627319e-05
2085,2016-05-17,4.568323493003845e-05,5.350057108444162e-05
2086,2016-05-18,6.175161252031103e-05,5.4177075071493164e-05
2087,2016-05-19,6.779048999305815e-05,5.408079960034229e-05
2088,2016-05-20,3.3861466363305226e-05,5.436640640255064e-05
2089,2016-05-23,0.00012224291276652366,5.5005159083520994e-05
2090,2016-05-24,1.2881174370704684e-05,5.485372093971819e-05
2091,2016-05-25,0.0001605576544534415,5.463147317641415e-05
2092,2016-05-26,0.00011989646009169519,5.491888805408962e-05
2093,2016-05-27,4.120843732380308e-05,5.480451000039466e-05
2094,2016-05-30,1.3592081813840196e-05,5.5092044931370765e-05
2095,2016-05-31,4.849024480790831e-05,5.400071677286178e-05
2096,2016-06-01,1.8753655240288936e-05,5.390814476413652e-05
2097,2016-06-02,3.635581015259959e-05,5.476177466334775e-05
2098,2016-06-03,2.4394383217440918e-05,5.484184293891303e-05
2099,2016-06-06,1.303987573919585e-05,5.365876495488919e-05
2100,2016-06-07,4.80473245261237e-05,5.292388595989905e-05
2101,2016-06-08,1.3371493878366891e-05,5.1800059736706316e-05
2102,2016-06-09,4.087741763214581e-05,5.09543351654429e-05
2103,2016-06-10,8.954542863648385e-05,5.0199447287013754e-05
2104,2016-06-13,9.126165969064459e-05,4.938466372550465e-05
2105,2016-06-14,3.78122458641883e-05,4.9159345508087426e-05
2106,2016-06-15,5.539645644603297e-05,4.861128400079906e-05
2107,2016-06-16,8.86818888830021e-05,4.855767110711895e-05
2108,2016-06-17,3.811189890257083e-05,4.927438931190409e-05
2109,2016-06-20,0.00013940315693616867,5.001141471439041e-05
2110,2016-06-21,2.0417015548446216e-05,5.038347080699168e-05
2111,2016-06-22,3.948027006117627e-05,5.0729940994642675e-05
2112,2016-06-23,4.6875753469066694e-05,5.173212775844149e-05
2113,2016-06-24,0.0010747526539489627,5.201911699259654e-05
2114,2016-06-27,7.456207822542638e-05,5.292923378874548e-05
2115,2016-06-28,1.834163958847057e-05,5.265509389573708e-05
2116,2016-06-29,4.598001032718457e-05,5.257450902718119e-05
2117,2016-06-30,6.784714059904218e-05,5.265444269753061e-05
2118,2016-07-01,2.30476216529496e-05,5.564123421208933e-05
2119,2016-07-04,4.0088612877298146e-05,5.7222940085921437e-05
2120,2016-07-05,2.0136569219175726e-05,5.65765039937105e-05
2121,2016-07-07,9.81947232503444e-06,5.516807141248137e-05
2122,2016-07-08,2.7825828510685824e-05,5.4059200920164585e-05
2123,2016-07-11,0.00013801893510390073,5.2679057262139395e-05
2124,2016-07-12,2.848656731657684e-05,5.122435686644167e-05
2125,2016-07-13,2.1037056285422295e-05,5.017465082346462e-05
2126,2016-07-14,2.3509390302933753e-05,4.920807987218723e-05
2127,2016-07-15,3.2509269658476114e-05,4.871156852459535e-05
2128,2016-07-18,4.6682274842169136e-05,4.8688107199268416e-05
2129,2016-07-19,2.188206599385012e-05,4.85044474771712e-05
2130,2016-07-20,1.7595113604329526e-05,4.829930912819691e-05
2131,2016-07-21,3.490726521704346e-05,4.818370143766515e-05
2132,2016-07-22,1.9465822333586402e-05,4.841779445996508e-05
2133,2016-07-25,7.694345549680293e-05,4.894257654086687e-05
2134,2016-07-26,2.0753219359903596e-05,4.916211400995962e-05
2135,2016-07-27,4.1534054616931826e-05,4.887051181867719e-05
2136,2016-07-28,1.6960961147560738e-05,4.8741494538262486e-05
2137,2016-07-29,7.07236949892831e-06,4.858782995142974e-05
2138,2016-08-01,6.821969873271883e-05,4.891392381978221e-05
2139,2016-08-02,3.0506011171382852e-05,4.9042751925298944e-05
2140,2016-08-03,5.43545866094064e-05,4.943941894453019e-05
2141,2016-08-04,7.73531137383543e-05,4.9231974116992205e-05
2142,2016-08-05,7.731977530056611e-05,4.848109165322967e-05
2143,2016-08-08,1.4619017747463658e-05,4.8716723540565e-05
2144,2016-08-09,4.6322918933583423e-05,4.90488346258644e-05
2145,2016-08-10,7.268891931744292e-05,4.962467937730253e-05
2146,2016-08-11,1.9459399482002482e-05,5.029225940234028e-05
2147,2016-08-16,0.00011563783482415602,5.088737452751957e-05
2148,2016-08-17,1.818023702071514e-05,5.014207636122592e-05
2149,2016-08-18,1.8292326785740443e-05,4.992839603801258e-05
2150,2016-08-19,1.807817716326099e-05,5.041894837631844e-05
2151,2016-08-22,2.236352338513825e-05,5.0412025302648544e-05
2152,2016-08-23,2.3924538254505023e-05,5.07528347952757e-05
2153,2016-08-24,1.1771696335927118e-05,5.066776066087186e-05
2154,2016-08-25,4.9258505896432325e-05,5.000330929760821e-05
2155,2016-08-26,3.3538985007908195e-05,4.92586477776058e-05
2156,2016-08-29,3.214490061509423e-05,4.885961243417114e-05
2157,2016-08-30,7.325084879994392e-05,4.8647918447386473e-05
2158,2016-08-31,2.4144324925146066e-05,4.817804438062012e-05
2159,2016-09-01,1.2999979844607878e-05,4.825732685276307e-05
2160,2016-09-02,2.0260351448087022e-05,4.8498946853214875e-05
2161,2016-09-06,6.853433296782896e-05,4.881364293396473e-05
2162,2016-09-07,2.129177300957963e-05,4.930085560772568e-05
2163,2016-09-08,1.7958991520572454e-05,4.9438898713560775e-05
2164,2016-09-09,3.173212462570518e-05,4.914875535177998e-05
2165,2016-09-12,0.00024089048383757472,4.8773857997730374e-05
2166,2016-09-14,1.195515778817935e-05,4.882234497927129e-05
2167,2016-09-15,1.7649766959948465e-05,4.852253550780006e-05
2168,2016-09-16,6.524267519125715e-05,4.8242600314551964e-05
2169,2016-09-19,1.171860276372172e-05,4.817414446733892e-05
2170,2016-09-20,1.6062940630945377e-05,4.851795529248193e-05
2171,2016-09-21,2.4533315809094347e-05,4.8424444685224444e-05
2172,2016-09-22,0.00013218038657214493,4.812340557691641e-05
2173,2016-09-23,2.0488347217906266e-05,4.843672286369838e-05
2174,2016-09-26,4.6643646783195436e-05,4.8335441533708945e-05
2175,2016-09-27,3.539572571753524e-05,4.806313518201932e-05
2176,2016-09-28,1.8934659237856977e-05,4.8017187509685755e-05
2177,2016-09-29,0.0002950638299807906,4.823100607609376e-05
2178,2016-09-30,3.140166882076301e-05,4.825410360353999e-05
2179,2016-10-03,9.685455734143034e-05,4.850782352150418e-05
2180,2016-10-04,2.463076998537872e-05,4.88359437440522e-05
2181,2016-10-05,4.353678014012985e-05,4.884680311079137e-05
2182,2016-10-06,4.943145177094266e-05,5.0687773182289675e-05
2183,2016-10-07,2.2117381377029233e-05,5.185102054383606e-05
2184,2016-10-10,2.6576215532259084e-05,5.291419438435696e-05
2185,2016-10-13,0.0001093912505893968,5.258529199636541e-05
2186,2016-10-14,2.161861448257696e-05,5.206060814089142e-05
2187,2016-10-17,6.73610920784995e-05,5.198941289563663e-05
2188,2016-10-18,9.377855894854292e-05,5.1496255764504895e-05
2189,2016-10-19,2.41722500504693e-05,5.054517896496691e-05
2190,2016-10-20,2.660175050550606e-05,5.093869549455121e-05
2191,2016-10-21,2.2600115698878653e-05,5.078919275547378e-05
2192,2016-10-24,1.587436236150097e-05,5.104368756292388e-05
2193,2016-10-25,2.0738973034895025e-05,5.162848174222745e-05
2194,2016-10-26,3.348784593981691e-05,5.148324271431193e-05
2195,2016-10-27,3.583854777389206e-05,5.083687574369833e-05
2196,2016-10-28,2.772810694295913e-05,5.0190639740321785e-05
2197,2016-11-01,1.6677333405823447e-05,4.952025119564496e-05
2198,2016-11-02,0.00010368952644057572,4.8985395551426336e-05
2199,2016-11-03,2.3859327484387904e-05,4.8662441258784384e-05
2200,2016-11-04,6.0329541156534106e-05,4.870195334660821e-05
2201,2016-11-07,0.00015931746747810394,4.882350913248956e-05
2202,2016-11-08,6.288650183705613e-05,4.867214011028409e-05
2203,2016-11-09,0.004401917569339275,4.860520857619122e-05
2204,2016-11-10,0.000250047305598855,4.85631862829905e-05
2205,2016-11-11,0.00021540238230954856,4.9032132665161043e-05
2206,2016-11-15,0.00019494365551508963,4.9421974836150184e-05
2207,2016-11-16,0.00021725603437516838,4.9928112275665626e-05
2208,2016-11-17,4.575661296257749e-05,5.4661908507114276e-05
2209,2016-11-18,3.777465462917462e-05,5.8569112297846004e-05
2210,2016-11-21,0.00019552437879610807,6.345108704408631e-05
2211,2016-11-22,9.7018746600952e-05,7.296200055861846e-05
2212,2016-11-23,8.808478742139414e-05,8.15897510619834e-05
2213,2016-11-24,3.454813122516498e-05,8.153592352755368e-05
2214,2016-11-25,0.00014063980779610574,7.527310663135722e-05
2215,2016-11-28,4.9876052798936144e-05,7.675238884985447e-05
2216,2016-11-29,3.722626934177242e-05,7.36091096769087e-05
2217,2016-11-30,6.104988278821111e-05,6.971012044232339e-05
2218,2016-12-01,2.7125181077281013e-05,6.548709643539041e-05
2219,2016-12-02,6.439450953621417e-05,6.445631879614666e-05
2220,2016-12-05,3.84895465685986e-05,6.272429891396314e-05
2221,2016-12-06,2.122343357768841e-05,6.050730007700622e-05
2222,2016-12-07,7.392314728349447e-05,5.901293843635358e-05
2223,2016-12-08,9.320241224486381e-05,5.7143974117934704e-05
2224,2016-12-09,1.5665396858821623e-05,5.607715138467029e-05
2225,2016-12-12,4.462919969228096e-05,5.52775600226596e-05
2226,2016-12-13,4.142108446103521e-05,5.383709503803402e-05
2227,2016-12-14,2.2952555809752084e-05,5.35907965968363e-05
2228,2016-12-15,0.00011869449372170493,5.362981028156355e-05
2229,2016-12-16,2.3000542569207028e-05,5.235011485638097e-05
2230,2016-12-19,9.958052942238282e-06,5.149767457623966e-05
2231,2016-12-20,1.9873768906109035e-05,5.110408164910041e-05
2232,2016-12-21,2.6469222575542517e-05,5.0586648285388947e-05
2233,2016-12-22,4.0245438867714256e-05,5.1069248002022505e-05
2234,2016-12-23,3.451612064964138e-05,5.080033224658109e-05
2235,2016-12-26,3.8194313674466684e-05,4.9881855375133455e-05
2236,2016-12-27,0.00010602977272355929,4.9251888412982225e-05
2237,2016-12-28,4.073487070854753e-05,4.878599793300964e-05
2238,2016-12-29,4.248864934197627e-05,4.876767343375832e-05
2239,2016-12-30,3.8328045775415376e-05,4.906932372250594e-05
2240,2017-01-02,4.8658912419341505e-05,4.9405949539504945e-05
2241,2017-01-03,3.069614103878848e-05,5.0405920774210244e-05
2242,2017-01-04,8.760079253988806e-06,5.110871643410064e-05
2243,2017-01-05,3.672452658065595e-05,5.1507111493265256e-05
2244,2017-01-06,2.82863784377696e-05,5.156254701432772e-05
2245,2017-01-09,9.768205018190201e-06,5.171121665625833e-05
2246,2017-01-10,1.577498551341705e-05,5.167922063264996e-05
2247,2017-01-11,4.3758183892350644e-05,5.071896521258168e-05
2248,2017-01-12,7.278793873410905e-06,4.988594082533382e-05
2249,2017-01-13,7.491017458960414e-05,4.9495891289552674e-05
2250,2017-01-16,1.4146459761832375e-05,3.8276757550193e-05
2251,2017-01-17,1.856931521615479e-05,3.7423145840875804e-05
2252,2017-01-18,2.5169345462927595e-05,3.759836545214057e-05
2253,2017-01-19,8.008972145034932e-06,3.6666187952505425e-05
2254,2017-01-20,4.643854117603041e-05,3.8848545955261216e-05
2255,2017-01-23,3.456803460721858e-05,3.77297583327163e-05
2256,2017-01-24,3.5922450479120016e-05,3.806322638411075e-05
2257,2017-01-25,7.280823774635792e-05,3.808722976827994e-05
2258,2017-01-27,2.3489244995289482e-05,3.695845225593075e-05
2259,2017-01-30,9.964371201931499e-06,3.962662958656438e-05
2260,2017-01-31,2.91180895146681e-05,3.8874488382134587e-05
2261,2017-02-01,0.00015874826931394637,3.794221265707165e-05
2262,2017-02-02,2.4367896912735887e-05,3.7860310840187594e-05
2263,2017-02-03,8.876815627445467e-06,3.722296969499439e-05
2264,2017-02-06,3.406682299100794e-05,3.67922184523195e-05
2265,2017-02-07,2.2835287381894886e-05,3.867336636176333e-05
2266,2017-02-08,3.1602688977727666e-05,3.9915415982250124e-05
2267,2017-02-09,5.3268155170371756e-05,3.835539610008709e-05
2268,2017-02-10,2.6676414563553408e-05,3.704575647134334e-05
2269,2017-02-13,3.9691229176241904e-05,3.696525891427882e-05
2270,2017-02-14,1.4329603800433688e-05,3.813120201812126e-05
2271,2017-02-15,4.277596963220276e-05,3.887344792019576e-05
2272,2017-02-16,2.1509211364900693e-05,3.982021371484734e-05
2273,2017-02-17,0.0001796742872102186,3.837529948214069e-05
2274,2017-02-20,2.524720912333578e-05,3.8768452213844284e-05
2275,2017-02-21,1.7877668142318726e-05,3.8060541555751115e-05
2276,2017-02-22,2.0058045265614055e-05,4.0493217966286466e-05
2277,2017-02-23,2.396454510744661e-05,3.884236139128916e-05
2278,2017-02-27,1.703708949207794e-05,3.989479228039272e-05
2279,2017-02-28,9.45041210798081e-06,3.8547255826415494e-05
2280,2017-03-01,2.435147325741127e-05,3.802324499702081e-05
2281,2017-03-02,7.088748679962009e-05,3.7890182284172624e-05
2282,2017-03-03,1.341015195066575e-05,3.797736644628458e-05
2283,2017-03-06,1.6167123249033466e-05,3.8512127503054217e-05
2284,2017-03-07,1.1820023246400524e-05,3.79251032427419e-05
2285,2017-03-08,2.0645040422095917e-05,3.7635636545019224e-05
2286,2017-03-09,1.0170508176088333e-05,4.026240640087053e-05
2287,2017-03-10,3.0536833946825936e-05,3.833030859823339e-05
2288,2017-03-14,0.00031938316533342004,3.714205013238825e-05
2289,2017-03-15,4.280268058209913e-06,3.71423338947352e-05
2290,2017-03-16,2.7903506634174846e-05,3.818764889729209e-05
2291,2017-03-17,5.4625845223199576e-05,3.7457033613463864e-05
2292,2017-03-20,1.153956418420421e-05,3.818764889729209e-05
2293,2017-03-21,1.685989263933152e-05,3.785586523008533e-05
2294,2017-03-22,7.936115434858948e-05,3.624392411438748e-05
2295,2017-03-23,1.5104709746083245e-05,3.603860386647284e-05
2296,2017-03-24,1.2009574675175827e-05,3.756696969503537e-05
2297,2017-03-27,2.4136059437296353e-05,3.735439895535819e-05
2298,2017-03-28,2.0069814127054997e-05,3.7661491660401225e-05
2299,2017-03-29,1.749678995111026e-05,3.95112692785915e-05
2300,2017-03-30,8.786141734162811e-06,3.75983290723525e-05
2301,2017-03-31,9.287195098295342e-06,3.695426130434498e-05
2302,2017-04-03,3.854203168884851e-05,3.834296148852445e-05
2303,2017-04-05,2.772213156276848e-05,3.686787385959178e-05
2304,2017-04-06,1.541592246212531e-05,3.665482654469088e-05
2305,2017-04-07,3.33794996549841e-05,3.63981380360201e-05
2306,2017-04-10,1.924202842928935e-05,3.638654015958309e-05
2307,2017-04-11,1.9572036762838252e-05,3.67456887033768e-05
2308,2017-04-12,3.3999214792856947e-05,3.696754720294848e-05
2309,2017-04-13,1.3511074939742684e-05,3.677692438941449e-05
2310,2017-04-17,6.740674507454969e-06,3.811241185758263e-05
2311,2017-04-18,7.40729010431096e-05,3.758270031539723e-05
2312,2017-04-19,1.041732684825547e-05,3.730086245923303e-05
2313,2017-04-20,7.113924766599666e-06,3.854383248835802e-05
2314,2017-04-21,6.049235526006669e-05,3.793819996644743e-05
2315,2017-04-24,3.913580803782679e-05,3.710434612003155e-05
2316,2017-04-25,5.047605372965336e-05,4.000257104053162e-05
2317,2017-04-26,2.7921392756979913e-05,3.78483600798063e-05
2318,2017-04-27,8.628610885352828e-06,3.671451486297883e-05
2319,2017-04-28,1.560076452733483e-05,3.8737191061954945e-05
2320,2017-05-02,4.456539681996219e-05,3.791692870436236e-05
2321,2017-05-03,2.0351038983790204e-05,3.7065936339786276e-05
2322,2017-05-04,3.820163692580536e-05,3.702827598317526e-05
2323,2017-05-05,4.5730703277513385e-05,3.6569734220393e-05
2324,2017-05-08,1.4690167517983355e-05,3.7385267205536366e-05
2325,2017-05-09,1.021510615828447e-05,3.856387411360629e-05
2326,2017-05-10,2.9831555366399698e-05,3.755439684027806e-05
2327,2017-05-11,2.531701284169685e-05,3.7164158129598945e-05
2328,2017-05-12,2.106964348058682e-05,3.9539467252325267e-05
2329,2017-05-15,1.4732341696799267e-05,3.762810229090974e-05
2330,2017-05-16,1.6592426618444733e-05,3.67548709618859e-05
2331,2017-05-17,1.0438748176966328e-05,3.707431460497901e-05
2332,2017-05-18,7.933512097224593e-05,3.6791414459003136e-05
2333,2017-05-19,6.74203474773094e-05,3.7629644793923944e-05
2334,2017-05-22,4.953777533955872e-05,3.638258567661978e-05
2335,2017-05-23,2.4268731067422777e-05,3.643633681349456e-05
2336,2017-05-24,3.774260403588414e-05,3.6435885704122484e-05
2337,2017-05-25,8.504356810590252e-05,3.917516369256191e-05
2338,2017-05-26,4.429042019182816e-05,4.03650919906795e-05
2339,2017-05-29,4.417749005369842e-05,3.898073919117451e-05
2340,2017-05-30,1.2796530427294783e-05,3.895918416674249e-05
2341,2017-05-31,7.37570553610567e-06,3.961438778787851e-05
2342,2017-06-01,1.06442885225988e-05,3.8995240174699575e-05
2343,2017-06-02,2.2748410628992133e-05,3.821424616035074e-05
2344,2017-06-05,7.806675057508983e-06,3.8507863791892305e-05
2345,2017-06-06,3.162716893712059e-05,3.7446425267262384e-05
2346,2017-06-07,1.712045013846364e-05,3.690910671139136e-05
2347,2017-06-08,1.1661233656923287e-05,3.704229311551899e-05
2348,2017-06-09,1.916395740408916e-05,3.686611671582796e-05
2349,2017-06-12,1.4579824892280158e-05,3.663410461740568e-05
2350,2017-06-13,1.4914646271790843e-05,3.812557042692788e-05
2351,2017-06-14,1.384595816489309e-05,3.734283018275164e-05
2352,2017-06-15,1.4030683814780787e-05,3.705289418576285e-05
2353,2017-06-16,1.241309382749023e-05,3.746225047507323e-05
2354,2017-06-19,2.820215013343841e-05,3.753498458536342e-05
2355,2017-06-20,5.669833171850769e-06,3.769178147194907e-05
2356,2017-06-21,8.3988797996426e-06,3.722478140844032e-05
2357,2017-06-22,3.096389991696924e-05,3.7676363717764616e-05
2358,2017-06-23,2.674705501704011e-05,3.728901720023714e-05
2359,2017-06-27,7.875594747019932e-05,3.70114685210865e-05
2360,2017-06-28,1.021156094793696e-05,3.617651600507088e-05
2361,2017-06-29,4.209982216707431e-05,3.647044286481105e-05
2362,2017-06-30,3.6050980270374566e-05,3.793212090386078e-05
2363,2017-07-03,7.711395301157609e-05,3.86376486858353e-05
2364,2017-07-04,2.1859996195416898e-05,4.139967859373428e-05
2365,2017-07-05,5.322527158568846e-06,3.830842251772992e-05
2366,2017-07-06,1.6366480849683285e-05,3.866208135150373e-05
2367,2017-07-07,6.611300250369823e-06,3.870521322824061e-05
2368,2017-07-10,0.00010861316695809364,3.8215592212509364e-05
2369,2017-07-11,1.850002445280552e-05,3.7521353078773245e-05
2370,2017-07-12,9.87342900771182e-06,3.649670907179825e-05
2371,2017-07-13,2.29493834922323e-05,3.691178426379338e-05
2372,2017-07-14,2.606822454254143e-05,3.6591682146536186e-05
2373,2017-07-17,8.633087418274954e-06,3.8416346797021106e-05
2374,2017-07-18,0.00010178567026741803,3.709797601914033e-05
2375,2017-07-19,1.8406262825010344e-05,3.6286739486968145e-05
2376,2017-07-20,1.6514064554939978e-05,3.616327012423426e-05
2377,2017-07-21,4.173910565441474e-05,3.724189446074888e-05
2378,2017-07-24,1.780841193976812e-05,3.622923759394325e-05
2379,2017-07-25,3.32866475218907e-05,3.951055623474531e-05
2380,2017-07-26,1.6205962310777977e-05,3.733645280590281e-05
2381,2017-07-27,6.147011299617589e-05,3.736633880180307e-05
2382,2017-07-28,3.325393481645733e-05,3.8138772652018815e-05
2383,2017-07-31,2.00326758204028e-05,3.717188519658521e-05
2384,2017-08-01,1.992584475374315e-05,3.73819493688643e-05
2385,2017-08-02,2.967984983115457e-05,3.687276694108732e-05
2386,2017-08-03,2.373468851146754e-05,3.860776996589266e-05
2387,2017-08-04,2.5783081582630984e-05,3.852821828331798e-05
2388,2017-08-07,6.4170349105552305e-06,3.734813435585238e-05
2389,2017-08-08,6.44359752186574e-05,3.7048335798317567e-05
2390,2017-08-09,2.317804319318384e-05,3.807473694905639e-05
2391,2017-08-10,6.127222877694294e-05,3.885436672135256e-05
2392,2017-08-11,0.00015241997607517987,3.834661765722558e-05
2393,2017-08-14,3.8025602407287806e-05,3.699181252159178e-05
2394,2017-08-16,7.575647759949788e-05,4.034758239868097e-05
2395,2017-08-17,3.87058753403835e-05,3.9934529922902584e-05
2396,2017-08-18,4.8080008127726614e-05,4.226104647386819e-05
2397,2017-08-21,8.011527825146914e-05,4.436744347913191e-05
2398,2017-08-22,5.944538861513138e-05,4.053494558320381e-05
2399,2017-08-23,3.266951171099208e-05,4.007603638456203e-05
2400,2017-08-24,1.234770843439037e-05,3.919411028618924e-05
2401,2017-08-28,3.2650546927470714e-05,4.070912109455094e-05
2402,2017-08-29,4.501205694396049e-05,4.451977292774245e-05
2403,2017-08-30,5.4271866247290745e-05,4.278731285012327e-05
2404,2017-08-31,2.6157978936680593e-05,4.031012213090435e-05
2405,2017-09-01,2.33470018429216e-05,3.869815918733366e-05
2406,2017-09-04,6.350992771331221e-05,3.83930528187193e-05
2407,2017-09-05,1.8671689758775756e-05,4.1796305595198646e-05
2408,2017-09-06,3.6567154893418774e-05,3.984524664701894e-05
2409,2017-09-07,1.6651363694109023e-05,3.9010712498566136e-05
2410,2017-09-08,1.7788925106287934e-05,3.8423051591962576e-05
2411,2017-09-11,2.6991641789209098e-05,4.116005220566876e-05
2412,2017-09-12,4.345136767369695e-05,3.901845047948882e-05
2413,2017-09-13,1.66121080837911e-05,3.8903046515770257e-05
2414,2017-09-14,1.802123551897239e-05,3.820276469923556e-05
2415,2017-09-15,2.2840953533886932e-05,3.8023827073629946e-05
2416,2017-09-18,2.8430065867723897e-05,3.76258758478798e-05
2417,2017-09-19,1.331340718024876e-05,3.752196062123403e-05
2418,2017-09-20,6.158232281450182e-06,3.765398287214339e-05
2419,2017-09-21,3.884991383529268e-05,3.7369154597399756e-05
2420,2017-09-22,7.596338400617242e-05,3.780806218856014e-05
2421,2017-09-25,8.212723332690075e-05,3.679323708638549e-05
2422,2017-09-26,2.7087568014394492e-05,3.67886786989402e-05
2423,2017-09-27,0.00017589516937732697,3.6377103242557496e-05
2424,2017-09-28,3.8961228710832074e-05,3.843635568046011e-05
2425,2017-09-29,4.5085689635016024e-05,4.232558057992719e-05
2426,2017-10-03,0.0001297253038501367,4.438593896338716e-05
2427,2017-10-04,3.269684748374857e-05,4.112395254196599e-05
2428,2017-10-05,1.5919267752906308e-05,4.583085319609381e-05
2429,2017-10-06,2.7429538022261113e-05,4.27078157372307e-05
2430,2017-10-09,1.122186949942261e-05,4.093011739314534e-05
2431,2017-10-10,9.632889486965723e-06,4.0048336813924834e-05
2432,2017-10-11,4.78383299196139e-05,3.96698851545807e-05
2433,2017-10-12,6.303510599536821e-05,3.927141005988233e-05
2434,2017-10-13,2.5353179808007553e-05,3.870901127811521e-05
2435,2017-10-16,3.1311032216763124e-05,3.8222846342250705e-05
2436,2017-10-17,4.97480914418702e-06,3.72974100173451e-05
2437,2017-10-18,1.7888311049318872e-05,3.988938988186419e-05
2438,2017-10-19,2.695411239983514e-05,3.9783619286026806e-05
2439,2017-10-23,4.098398130736314e-05,3.81128083972726e-05
2440,2017-10-24,2.0742354536196217e-05,3.7713965866714716e-05
2441,2017-10-25,0.00015704370161984116,3.679594010463916e-05
2442,2017-10-26,2.2367874407791533e-05,3.768060196307488e-05
2443,2017-10-27,1.2819872608815785e-05,3.938163354177959e-05
2444,2017-10-30,1.4238824405765627e-05,3.9630784158362076e-05
2445,2017-10-31,6.224148364708526e-06,3.8083671825006604e-05
2446,2017-11-01,4.280633220332675e-05,3.884506440954283e-05
2447,2017-11-02,4.990975867258385e-06,3.7906844227109104e-05
2448,2017-11-03,3.052274405490607e-05,3.7321646232157946e-05
2449,2017-11-06,2.302938446518965e-05,3.677257336676121e-05
2450,2017-11-07,7.130099402274936e-05,3.667790588224307e-05
2451,2017-11-08,3.181357169523835e-05,3.698472210089676e-05
2452,2017-11-09,6.42759696347639e-05,3.633795859059319e-05
2453,2017-11-10,2.8210273740114644e-05,3.697206193464808e-05
2454,2017-11-13,4.437624738784507e-05,3.758857928914949e-05
2455,2017-11-14,1.733719909680076e-05,4.0631704905536026e-05
2456,2017-11-15,2.5035664293682203e-05,4.0241524402517825e-05
2457,2017-11-16,3.9775313780410215e-05,4.006644303444773e-05
2458,2017-11-17,0.00013224266876932234,3.920898598153144e-05
2459,2017-11-20,8.096327292150818e-06,4.0747690945863724e-05
2460,2017-11-21,1.558223993924912e-05,3.967703378293663e-05
2461,2017-11-22,1.683916343608871e-05,4.015492231701501e-05
2462,2017-11-23,1.8333874322706833e-05,3.915943671017885e-05
2463,2017-11-24,8.86905581864994e-06,3.905471385223791e-05
2464,2017-11-27,2.2051985069992952e-05,3.758592720259912e-05
2465,2017-11-28,1.0459025361342356e-05,3.7173802411416546e-05
2466,2017-11-29,7.1987765295489226e-06,3.7439858715515584e-05
2467,2017-11-30,5.557912663789466e-05,3.776978701353073e-05
2468,2017-12-01,0.00010077698243549094,3.6662659113062546e-05
2469,2017-12-04,5.265549771138467e-05,3.725944407051429e-05
2470,2017-12-05,2.220015630882699e-05,3.726111390278675e-05
2471,2017-12-06,2.5101624487433583e-05,3.688349170261063e-05
2472,2017-12-07,5.2367446187417954e-05,4.054329838254489e-05
2473,2017-12-08,2.8177335479995236e-05,4.406295920489356e-05
2474,2017-12-11,2.7366517315385863e-05,4.1511877498123795e-05
2475,2017-12-12,2.9716160497628152e-05,3.993586142314598e-05
2476,2017-12-13,5.509887705557048e-05,3.986607407568954e-05
2477,2017-12-14,8.30488934298046e-05,3.914640547009185e-05
2478,2017-12-15,9.192017751047388e-05,3.769975955947302e-05
2479,2017-12-18,0.0005323058576323092,3.7071204133098945e-05
2480,2017-12-19,1.9758039343287237e-05,3.887344792019576e-05
2481,2017-12-20,1.9135395632474683e-05,4.128927321289666e-05
2482,2017-12-21,1.5427585822180845e-05,4.1210048948414624e-05
2483,2017-12-22,1.1166901458636858e-05,3.883061799569987e-05
2484,2017-12-26,1.8271386579726823e-05,4.3990112317260355e-05
2485,2017-12-27,2.0801584469154477e-05,3.964643838116899e-05
2486,2017-12-28,1.804126804927364e-05,3.876823393511586e-05
2487,2017-12-29,9.56522944761673e-06,3.851932706311345e-05
2488,2018-01-02,5.171116936253384e-05,3.793106952798553e-05
2489,2018-01-03,3.1764371669851243e-05,3.8139824027894065e-05
2490,2018-01-04,2.2965012249187566e-05,3.9275117160286754e-05
2491,2018-01-05,1.4316763554234058e-05,3.914397893822752e-05
2492,2018-01-08,1.5130098290683236e-05,3.754820136236958e-05
2493,2018-01-09,1.4203304090187885e-05,4.000745320809074e-05
2494,2018-01-10,1.7375055904267356e-05,3.944884520024061e-05
2495,2018-01-11,8.562024959246628e-06,3.821489735855721e-05
2496,2018-01-12,5.098296605865471e-05,3.7037279980722815e-05
2497,2018-01-15,2.9478160286089405e-05,3.6504545278148726e-05
2498,2018-01-16,2.0088695237063803e-05,3.686636409838684e-05
2499,2018-01-17,5.516301825991832e-05,3.730876051122323e-05
2500,2018-01-18,9.389543265569955e-05,3.749473762582056e-05
2501,2018-01-19,3.8920486986171454e-05,3.868760904879309e-05
2502,2018-01-22,2.6090188839589246e-05,3.836117684841156e-05
2503,2018-01-23,3.496247518341988e-05,3.9070582715794444e-05
2504,2018-01-24,1.2699417311523575e-05,3.940507667721249e-05
2505,2018-01-25,3.086536889895797e-05,4.0738908865023404e-05
2506,2018-01-29,2.913003299909178e-05,4.038172846776433e-05
2507,2018-01-30,2.2248332243179902e-05,3.959999594371766e-05
2508,2018-01-31,2.5084731532842852e-05,3.895156623912044e-05
2509,2018-02-01,0.0001697163243079558,3.9028651372063905e-05
2510,2018-02-02,0.00018864373851101846,4.075861215824261e-05
2511,2018-02-05,0.0002545803436078131,4.116224590688944e-05
2512,2018-02-06,0.0015833994839340448,4.296489350963384e-05
2513,2018-02-07,0.00019340537255629897,4.358093792689033e-05
2514,2018-02-08,9.166018571704626e-05,4.8326310206903145e-05
2515,2018-02-09,0.00025401063612662256,6.25538668828085e-05
2516,2018-02-12,5.194956611376256e-05,6.950167880859226e-05
2517,2018-02-14,7.772832759656012e-05,0.0001079065550584346
2518,2018-02-15,5.2389172196853906e-05,0.00010370307427365333
2519,2018-02-16,0.00012020627036690712,8.277294546132907e-05
2520,2018-02-19,0.00013711853534914553,8.269924728665501e-05
2521,2018-02-20,2.3954102289280854e-05,6.417791155399755e-05
2522,2018-02-21,6.480400770669803e-05,6.342428969219327e-05
2523,2018-02-22,2.7270330974715762e-05,6.0144848248455673e-05
2524,2018-02-23,3.836765245068818e-05,6.732756446581334e-05
2525,2018-02-26,2.7412410418037325e-05,8.097728277789429e-05
2526,2018-02-27,3.604351877584122e-05,6.714001210639253e-05
2527,2018-02-28,5.5636348406551406e-05,5.975179738015868e-05
2528,2018-03-01,2.3497130314353853e-05,5.453392441268079e-05
2529,2018-03-05,4.607329174177721e-05,5.035326103097759e-05
2530,2018-03-06,0.0001957195345312357,4.682178041548468e-05
2531,2018-03-07,3.606748578022234e-05,4.734637695946731e-05
2532,2018-03-08,9.154347935691476e-05,4.9218640924664214e-05
2533,2018-03-09,3.0892730137566105e-05,4.8768415581434965e-05
2534,2018-03-12,0.00011315705341985449,5.090848571853712e-05
2535,2018-03-13,4.5168235374148935e-05,5.904446152271703e-05
2536,2018-03-14,3.9102040318539366e-05,5.729163240175694e-05
2537,2018-03-15,1.7136851965915412e-05,5.2868843340547755e-05
2538,2018-03-16,9.122024493990466e-05,4.989769877283834e-05
2539,2018-03-19,7.701231515966356e-05,4.6833036321913823e-05
2540,2018-03-20,5.7868706790031865e-05,4.701566285802983e-05
2541,2018-03-21,6.226449477253482e-05,4.785621786140837e-05
2542,2018-03-22,3.8342157495208085e-05,4.783276381203905e-05
2543,2018-03-23,0.00023086636792868376,5.5121265177149326e-05
2544,2018-03-26,0.00011558613914530724,6.0124719311716035e-05
2545,2018-03-27,4.8663878260413185e-05,5.593635796685703e-05
2546,2018-03-28,2.8168147764517926e-05,5.254093048279174e-05
2547,2018-04-02,4.235412779962644e-05,5.175522528588772e-05
2548,2018-04-03,2.8888020096928813e-05,5.6657605455257e-05
2549,2018-04-04,0.00010102757369168103,5.482071719598025e-05
2550,2018-04-05,0.00013161169772502035,5.098048859508708e-05
2551,2018-04-06,1.1600837751757354e-05,4.999358134227805e-05
2552,2018-04-09,1.547682040836662e-05,4.758933937409893e-05
2553,2018-04-10,1.6393896657973528e-05,4.624439316103235e-05
2554,2018-04-11,3.3869247999973595e-05,5.199541192268953e-05
2555,2018-04-12,1.7551974451635033e-05,4.906506364932284e-05
2556,2018-04-13,2.6384213924757205e-05,4.594941856339574e-05
2557,2018-04-16,0.00012625603994820267,4.3720392568502575e-05
2558,2018-04-17,2.7473470254335552e-05,4.2329655116191134e-05
2559,2018-04-18,2.9589893529191613e-05,4.273625381756574e-05
2560,2018-04-19,1.4944375834602397e-05,4.203618664178066e-05
2561,2018-04-20,9.785724614630453e-06,4.1850547859212384e-05
2562,2018-04-23,5.409091681940481e-05,4.378364610602148e-05
2563,2018-04-24,1.4517125237034634e-05,4.302677189116366e-05
2564,2018-04-25,2.070831942546647e-05,4.3377134716138244e-05
2565,2018-04-26,1.704241913103033e-05,4.095948315807618e-05
2566,2018-04-27,2.6942392651108094e-05,3.987440140917897e-05
2567,2018-04-30,1.1135167369502597e-05,4.13187408412341e-05
2568,2018-05-02,4.539680958259851e-05,4.034404264530167e-05
2569,2018-05-03,1.857702045526821e-05,4.101193553651683e-05
2570,2018-05-04,3.3617918234085664e-05,3.9965925680007786e-05
2571,2018-05-07,3.4700784453889355e-05,3.902213938999921e-05
2572,2018-05-08,3.1674466299591586e-05,3.7895311834290624e-05
2573,2018-05-09,2.3418115233653225e-05,3.967669545090757e-05
2574,2018-05-10,3.1420120649272576e-05,4.05424834752921e-05
2575,2018-05-11,2.821428279276006e-05,4.2335832404205576e-05
2576,2018-05-14,1.1279239515715744e-05,4.08634623454418e-05
2577,2018-05-15,8.723168866708875e-05,4.052887743455358e-05
2578,2018-05-16,4.501574585447088e-05,4.006220478913747e-05
2579,2018-05-17,4.83283911307808e-05,4.080555299879052e-05
2580,2018-05-18,2.310516902070958e-05,3.978756285505369e-05
2581,2018-05-21,4.438868927536532e-05,3.907982318196446e-05
2582,2018-05-22,1.3964937352284323e-05,4.185661964584142e-05
2583,2018-05-23,4.3236344936303794e-05,4.4044765672879294e-05
2584,2018-05-24,5.285261431708932e-05,4.5808836148353294e-05
2585,2018-05-25,3.629145066952333e-05,4.6072498662397265e-05
2586,2018-05-28,3.10657087538857e-05,4.7412439016625285e-05
2587,2018-05-29,3.0276201869128272e-05,4.443557554623112e-05
2588,2018-05-30,5.077461901237257e-05,4.641990381060168e-05
2589,2018-05-31,8.863444963935763e-05,4.497493864619173e-05
2590,2018-06-01,2.0470124582061544e-05,4.294867176213302e-05
2591,2018-06-04,0.00011062235716963187,4.1193074139300734e-05
2592,2018-06-05,2.474727079970762e-05,4.2872517951764166e-05
2593,2018-06-06,3.734179335879162e-05,4.464571247808635e-05
2594,2018-06-07,4.562680624076165e-05,4.494085442274809e-05
2595,2018-06-08,2.378075078013353e-05,4.506024197326042e-05
2596,2018-06-11,2.6726351279648952e-05,4.922117295791395e-05
2597,2018-06-12,2.0557788957376033e-05,4.8783575039124116e-05
2598,2018-06-13,2.4315806513186544e-05,4.6473724069073796e-05
2599,2018-06-14,1.831767258408945e-05,4.495765460887924e-05
2600,2018-06-15,2.1395586372818798e-05,4.434891525306739e-05
2601,2018-06-18,7.041532626317348e-06,4.400479519972578e-05
2602,2018-06-19,2.3973709176061675e-05,4.274518141755834e-05
2603,2018-06-20,1.4735517652297858e-05,4.213460488244891e-05
2604,2018-06-21,3.227634078939445e-05,4.2589865188347176e-05
2605,2018-06-22,4.6945675421739e-05,4.249881749274209e-05
2606,2018-06-25,1.7566477254149504e-05,4.096823249710724e-05
2607,2018-06-26,2.0376846805447713e-05,4.257662658346817e-05
2608,2018-06-27,5.536366006708704e-05,4.064794484293088e-05
2609,2018-06-28,4.21546574216336e-05,4.1196060919901356e-05
2610,2018-06-29,4.165627251495607e-05,4.0800226997816935e-05
2611,2018-07-02,6.042402674211189e-05,4.095061376574449e-05
2612,2018-07-03,2.3016475097392686e-05,4.0374721720581874e-05
2613,2018-07-04,3.3188418456120417e-05,4.339625593274832e-05
2614,2018-07-05,1.4139338418317493e-05,4.547120624920353e-05
2615,2018-07-06,2.2507561880047433e-05,4.263415758032352e-05
2616,2018-07-09,4.647385503631085e-05,4.4287800847087055e-05
2617,2018-07-10,3.9757753256708384e-05,4.276153049431741e-05
2618,2018-07-11,8.697744306118693e-06,4.1729195800144225e-05
2619,2018-07-12,5.148407581145875e-05,4.120246376260184e-05
2620,2018-07-13,2.339010279683862e-05,4.121024539927021e-05
2621,2018-07-16,2.467134800099302e-05,4.062186417286284e-05
2622,2018-07-17,2.4149439923348837e-05,4.0165570680983365e-05
2623,2018-07-18,6.214300083229318e-05,3.948614539694972e-05
2624,2018-07-19,1.758825237629935e-05,3.985223884228617e-05
2625,2018-07-20,1.9848690499202348e-05,4.0496732253814116e-05
2626,2018-07-23,1.947811324498616e-05,4.251981954439543e-05
2627,2018-07-24,1.1891990652657114e-05,4.15264476032462e-05
2628,2018-07-25,7.020719294814626e-06,4.3365351302782074e-05
2629,2018-07-26,1.0031217243522406e-05,4.273580634617247e-05
2630,2018-07-27,4.90743295813445e-05,4.1275969124399126e-05
2631,2018-07-30,1.6007674275897443e-05,3.9807073335396126e-05
2632,2018-07-31,2.8566852051881142e-05,3.8463895180029795e-05
2633,2018-08-01,1.5292016541934572e-05,3.785951412282884e-05
2634,2018-08-02,2.601800770207774e-05,3.7570262065855786e-05
2635,2018-08-03,3.6408757296158e-05,3.763754284591414e-05
2636,2018-08-06,2.130390021193307e-05,3.755797661142424e-05
2637,2018-08-07,2.373432471358683e-05,3.8320991734508425e-05
2638,2018-08-08,2.2034620997146703e-05,3.8807778764748946e-05
2639,2018-08-09,1.902610711113084e-05,4.112885653739795e-05
2640,2018-08-10,9.180755114357453e-06,3.973542698076926e-05
2641,2018-08-13,3.9882277633296326e-05,3.890657171723433e-05
2642,2018-08-14,2.2426334908232093e-05,3.898746581398882e-05
2643,2018-08-16,3.167558315908536e-05,3.849071799777448e-05
2644,2018-08-17,2.870552816602867e-05,3.793711221078411e-05
2645,2018-08-20,1.8632004866958596e-05,3.811891656368971e-05
2646,2018-08-21,1.0499690688448027e-05,4.0114922740031034e-05
2647,2018-08-23,3.522509723552503e-05,3.915148408850655e-05
2648,2018-08-24,1.5354284187196754e-05,4.017196624772623e-05
2649,2018-08-27,4.5263142965268344e-05,3.866624683723785e-05
2650,2018-08-28,1.758649159455672e-05,3.72699651052244e-05
2651,2018-08-29,1.3853459677193314e-05,3.6493576772045344e-05
2652,2018-08-30,1.1201650522707496e-05,3.738829764188267e-05
2653,2018-08-31,1.884311313915532e-05,3.807974644587375e-05
2654,2018-09-03,0.00012223835801705718,3.763750282814726e-05
2655,2018-09-04,3.1067305826582015e-05,3.692121754284017e-05
2656,2018-09-05,6.367026799125597e-05,3.771245610550977e-05
2657,2018-09-06,5.727568350266665e-05,3.785268927458674e-05
2658,2018-09-07,4.728424391942099e-05,3.840876524918713e-05
2659,2018-09-10,5.710541154257953e-05,4.302947854739614e-05
2660,2018-09-11,0.00012209342094138265,4.387100489111617e-05
2661,2018-09-12,8.180533768609166e-05,4.5447923184838146e-05
2662,2018-09-14,6.361413397826254e-05,4.436185918166302e-05
2663,2018-09-17,4.435335722519085e-05,4.343074033386074e-05
2664,2018-09-18,5.4041724069975317e-05,4.716390685644001e-05
2665,2018-09-19,5.749991032644175e-05,5.3756597480969504e-05
2666,2018-09-21,0.0007420447655022144,5.1940351113444194e-05
2667,2018-09-24,0.0001462746295146644,4.76511413580738e-05
2668,2018-09-25,0.0001230365742230788,4.92559265694581e-05
2669,2018-09-26,0.00012278994836378843,5.2382631110958755e-05
2670,2018-09-27,5.72920216654893e-05,5.3212304919725284e-05
2671,2018-09-28,0.00010959059000015259,7.330759399337694e-05
2672,2018-10-01,0.00014608628407586366,9.419760317541659e-05
2673,2018-10-03,6.537420995300636e-05,8.66632690303959e-05
2674,2018-10-04,0.0002271176635986194,8.300360786961392e-05
2675,2018-10-05,0.00030825290014036,7.967510464368388e-05
2676,2018-10-08,0.00013698900875169784,8.610489021521062e-05
2677,2018-10-09,6.11723298789002e-05,8.984600572148338e-05
2678,2018-10-10,9.280948870582506e-05,9.607535321265459e-05
2679,2018-10-11,0.0009303693077526987,0.00012811264605261385
2680,2018-10-12,0.00017932507034856826,0.00016642689297441393
2681,2018-10-15,9.52036862145178e-05,0.0001563914556754753
2682,2018-10-16,3.169002593494952e-05,0.0001275782415177673
2683,2018-10-17,0.00032168772304430604,9.719368972582743e-05
2684,2018-10-19,0.00017242037574760616,0.0001302314194617793
2685,2018-10-22,0.00020672890241257846,0.00011265314242336899
2686,2018-10-23,0.00013030559057369828,9.745291754370555e-05
2687,2018-10-24,0.00027421602862887084,7.345532503677532e-05
2688,2018-10-25,0.00010284905147273093,9.772448538569734e-05
2689,2018-10-26,5.240746759227477e-05,0.00011642870958894491
2690,2018-10-29,0.00023782849893905222,0.0001226838940056041
2691,2018-10-30,4.097358396393247e-05,0.00012081999739166349
2692,2018-10-31,0.0002989836211781949,0.00011388782877475023
2693,2018-11-01,6.341986590996385e-05,0.00010517735790926963
2694,2018-11-02,0.00013586475688498467,9.690038859844208e-05
2695,2018-11-05,2.696303272387013e-05,8.782618533587083e-05
2696,2018-11-06,4.249241465004161e-05,8.089360926533118e-05
2697,2018-11-07,6.7841712734662e-05,8.695675933267921e-05
2698,2018-11-09,2.261427835037466e-05,8.226959471357986e-05
2699,2018-11-12,0.00010458711767569184,7.604029087815434e-05
2700,2018-11-13,8.224833436543122e-05,6.843218579888344e-05
2701,2018-11-14,6.845163443358615e-05,6.562325870618224e-05
2702,2018-11-15,2.36623891396448e-05,5.805034379591234e-05
2703,2018-11-16,1.861140481196344e-05,5.450709431897849e-05
2704,2018-11-19,4.502291267272085e-05,6.0666072386084124e-05
2705,2018-11-20,3.4805849281838164e-05,5.798582060378976e-05
2706,2018-11-21,4.122290192754008e-05,5.70355769013986e-05
2707,2018-11-22,5.623680408461951e-05,5.255380892776884e-05
2708,2018-11-26,9.501474414719269e-05,4.806748984265141e-05
2709,2018-11-27,2.9955168429296464e-05,4.629898103303276e-05
2710,2018-11-28,1.549207627249416e-05,4.867905590799637e-05
2711,2018-11-29,8.37264524307102e-05,5.0522477977210656e-05
2712,2018-11-30,3.109419412794523e-05,5.3060080972500145e-05
2713,2018-12-03,5.240381869953126e-05,5.169735959498212e-05
2714,2018-12-04,1.105708179238718e-05,4.8481135308975354e-05
2715,2018-12-05,3.909890801878646e-05,4.5111883082427084e-05
2716,2018-12-06,9.019395656650886e-05,4.407875894685276e-05
2717,2018-12-07,5.279926335788332e-05,4.431268462212756e-05
2718,2018-12-10,0.0003295670903753489,4.571021054289304e-05
2719,2018-12-11,0.00034456214052625,4.450287815416232e-05
2720,2018-12-12,0.00012476656411308795,4.637521124095656e-05
2721,2018-12-13,6.91985769663006e-05,5.278274693409912e-05
2722,2018-12-14,1.3356301678868476e-05,4.9604292144067585e-05
2723,2018-12-17,2.8181824745843187e-05,5.688163582817651e-05
2724,2018-12-18,3.984444629168138e-05,5.928149403189309e-05
2725,2018-12-19,1.373532631987473e-05,5.3997420764062554e-05
2726,2018-12-20,7.575070776510984e-05,5.107967081130482e-05
2727,2018-12-21,0.0001454692828701809,4.7666097088949755e-05
2728,2018-12-24,5.8796773373615e-05,4.4989694288233295e-05
2729,2018-12-26,0.00016042527568060905,4.5378197683021426e-05
2730,2018-12-27,8.068519673543051e-05,4.357416037237272e-05
2731,2018-12-28,3.350340193719603e-05,4.520891889114864e-05
2732,2018-12-31,3.796486998908222e-05,5.498601240105927e-05
2733,2019-01-02,7.611066394019872e-05,5.735149170504883e-05
2734,2019-01-03,6.843792652944103e-05,5.757091275881976e-05
2735,2019-01-04,5.2757539378944784e-05,5.2401621360331774e-05
2736,2019-01-07,7.301309233298525e-05,4.797210203832947e-05
2737,2019-01-08,2.6303971026209183e-05,4.652214192901738e-05
2738,2019-01-09,9.933747787727043e-05,5.0344377086730674e-05
2739,2019-01-10,1.0695124728954397e-05,5.562261139857583e-05
2740,2019-01-11,4.095948315807618e-05,5.3352603572420776e-05
2741,2019-01-14,4.5483051508199424e-05,5.116669854032807e-05
2742,2019-01-15,5.515392331290059e-05,4.866415838478133e-05
2743,2019-01-16,9.319694072473794e-06,4.918143531540409e-05
2744,2019-01-17,3.5656874388223514e-05,4.7024048399180174e-05
2745,2019-01-18,2.164983015973121e-05,4.803719639312476e-05
2746,2019-01-21,3.0163402698235586e-05,4.9985090299742296e-05
2747,2019-01-22,3.116995867458172e-05,4.7093883040361106e-05
2748,2019-01-23,5.073081410955638e-05,4.41038646386005e-05
2749,2019-01-24,1.664220508246217e-05,4.401726255309768e-05
2750,2019-01-25,9.38566736294888e-05,3.7821082514710724e-05
2751,2019-01-28,9.021451842272654e-05,3.7091431295266375e-05
2752,2019-01-29,3.676135384012014e-05,3.7986061215633526e-05
2753,2019-01-30,5.252585106063634e-05,4.183346754871309e-05
2754,2019-01-31,8.749854896450415e-05,3.876250048051588e-05
2755,2019-02-01,9.131240949500352e-05,4.3169595301151276e-05
2756,2019-02-04,4.486039324547164e-05,4.963320316164754e-05
2757,2019-02-05,1.372050610370934e-05,4.866815288551152e-05
2758,2019-02-06,4.166342114331201e-05,4.6825352910673246e-05
2759,2019-02-07,1.670931487751659e-05,4.3542928324313834e-05
2760,2019-02-08,5.4447969887405634e-05,4.403204002301209e-05
2761,2019-02-11,1.944696850841865e-05,4.4296459236647934e-05
2762,2019-02-12,2.363787280046381e-05,4.1349998355144635e-05
2763,2019-02-14,3.4535314625827596e-05,3.957926674047485e-05
2764,2019-02-15,0.00011727196397259831,3.899018338415772e-05
2765,2019-02-18,5.270614201435819e-05,4.409049142850563e-05
2766,2019-02-19,6.808197213103995e-05,4.6169483539415523e-05
2767,2019-02-20,5.643053009407595e-05,4.6556499000871554e-05
2768,2019-02-21,2.2595675545744598e-05,4.76312889077235e-05
2769,2019-02-22,6.3253369262383785e-06,5.2511823014356196e-05
2770,2019-02-25,3.2885764085222036e-05,5.603774843621068e-05
2771,2019-02-26,0.00016594002954661846,5.6886623497121036e-05
2772,2019-02-27,0.00011805047688540071,4.938244819641113e-05
2773,2019-02-28,4.8726109525887296e-05,4.363204789115116e-05
2774,2019-03-01,3.002326593559701e-05,3.76913849322591e-05
2775,2019-03-05,9.369372855871916e-05,3.5370856494409963e-05
2776,2019-03-06,2.329335802642163e-05,4.087722481926903e-05
2777,2019-03-07,1.6560115909669548e-05,4.801892282557674e-05
2778,2019-03-08,8.143462764564902e-06,4.6707969886483625e-05
2779,2019-03-11,4.9046164349419996e-05,4.136072675464675e-05
2780,2019-03-12,5.554601375479251e-05,4.065988105139695e-05
2781,2019-03-13,2.361236693104729e-05,3.706922507262789e-05
2782,2019-03-14,2.7558280635275878e-05,3.434543759794906e-05
2783,2019-03-15,5.0400201871525496e-05,3.166522583342157e-05
2784,2019-03-18,5.167049675947055e-05,3.13959208142478e-05
2785,2019-03-19,3.6049605114385486e-05,3.097468288615346e-05
2786,2019-03-20,1.092164711735677e-05,3.0459586923825555e-05
2787,2019-03-22,5.4265037761069834e-05,3.0038700060686097e-05
2788,2019-03-25,5.1626513595692813e-05,3.065833880100399e-05
2789,2019-03-26,5.716490704799071e-05,3.184784509357996e-05
2790,2019-03-27,6.330922042252496e-05,3.136548548354767e-05
2791,2019-03-28,4.964011532138102e-05,2.885729008994531e-05
2792,2019-04-01,9.383653377881274e-05,3.0913030059309676e-05
2793,2019-04-02,2.99856073979754e-05,3.358548929099925e-05
2794,2019-04-03,4.638494283426553e-05,3.371038110344671e-05
2795,2019-04-04,3.1650524761062115e-05,3.591025961213745e-05
2796,2019-04-05,2.7837642846861854e-05,3.518665107549168e-05
2797,2019-04-08,8.097504178294912e-05,3.450924123171717e-05
2798,2019-04-09,3.4808137570507824e-05,3.251422822359018e-05
2799,2019-04-10,3.4586500987643376e-05,3.425643080845475e-05
2800,2019-04-11,1.0796692549774889e-05,3.589865082176402e-05
2801,2019-04-12,1.8093596736434847e-05,3.463042958173901e-05
2802,2019-04-15,1.1858378456963692e-05,3.8060541555751115e-05
2803,2019-04-16,3.139190812362358e-05,3.8191872590687126e-05
2804,2019-04-18,6.814368680352345e-05,4.058681952301413e-05
2805,2019-04-22,5.6118769862223417e-05,3.800816193688661e-05
2806,2019-04-23,1.993793193832971e-05,3.5264289181213826e-05
2807,2019-04-24,6.987005326664075e-05,3.244500112487003e-05
2808,2019-04-25,7.73529609432444e-05,3.1193187169265e-05
2809,2019-04-26,3.837910480797291e-05,3.347044548718259e-05
2810,2019-04-30,4.182537304586731e-05,3.8628139009233564e-05
2811,2019-05-02,2.650959140737541e-05,3.7683334085159004e-05
2812,2019-05-03,1.5298770449589938e-05,3.6555858969222754e-05
2813,2019-05-06,9.255006443709135e-05,4.0696078940527514e-05
2814,2019-05-07,9.633519221097231e-05,3.738473242265172e-05
2815,2019-05-08,4.8502737627131864e-05,3.6504159652395174e-05
2816,2019-05-09,3.821213249466382e-05,3.549500979715958e-05
2817,2019-05-10,2.4532520910724998e-05,3.346505036461167e-05
2818,2019-05-13,8.510238694725558e-05,3.60697231371887e-05
2819,2019-05-14,9.40921891015023e-05,4.22674129367806e-05
2820,2019-05-15,7.955438195494935e-05,4.71424100396689e-05
2821,2019-05-16,5.540660276892595e-05,4.71511812065728e-05
2822,2019-05-17,7.34841960365884e-05,4.399468161864206e-05
2823,2019-05-20,0.0006119996542111039,4.8848985898075625e-05
2824,2019-05-21,0.00010654845391400158,4.8928806791082025e-05
2825,2019-05-22,2.773130836430937e-05,5.0609527534106746e-05
2826,2019-05-23,0.0006461563752964139,4.75158667541109e-05
2827,2019-05-24,0.00017102279525715858,4.5607011998072267e-05
2828,2019-05-27,5.050244362792e-05,4.6354078222066164e-05
2829,2019-05-28,3.782198473345488e-05,5.570138819166459e-05
2830,2019-05-29,2.498824687791057e-05,5.5630622227909043e-05
2831,2019-05-30,2.892567681556102e-05,8.380480721825734e-05
2832,2019-05-31,0.0001295852125622332,8.688968955539167e-05
2833,2019-06-03,8.540402632206678e-05,7.794181146891788e-05
2834,2019-06-04,2.8664497222052887e-05,6.881962326588109e-05
2835,2019-06-06,0.00010713392839534208,6.471470260294154e-05
2836,2019-06-07,5.3138774092076346e-05,5.708024764317088e-05
2837,2019-06-10,5.419929584604688e-05,6.613467849092558e-05
2838,2019-06-11,3.1981890060706064e-05,6.332933844532818e-05
2839,2019-06-12,2.5470477339695208e-05,5.963492003502324e-05
2840,2019-06-13,4.177091977908276e-05,7.460183405783027e-05
2841,2019-06-14,3.2589512557024136e-05,6.951009709155187e-05
2842,2019-06-17,8.864527626428753e-05,6.0123969888081774e-05
2843,2019-06-18,1.8090424418915063e-05,5.403357863542624e-05
2844,2019-06-19,9.65053986874409e-05,5.261634578346275e-05
2845,2019-06-20,0.00011696201545419171,5.236300057731569e-05
2846,2019-06-21,3.770551484194584e-05,5.360746581573039e-05
2847,2019-06-24,1.6969552234513685e-05,6.334661156870425e-05
2848,2019-06-25,6.788565224269405e-05,5.4431355238193646e-05
2849,2019-06-26,3.754228964680806e-05,5.5262116802623495e-05
2850,2019-06-27,2.237297303508967e-05,5.350643550627865e-05
2851,2019-06-28,2.4974737243610434e-05,5.3370618843473494e-05
2852,2019-07-01,2.575504004198592e-05,4.97164401167538e-05
2853,2019-07-02,4.011446435470134e-05,4.850541881751269e-05
2854,2019-07-03,1.1883930710610002e-05,4.6697412471985444e-05
2855,2019-07-04,6.545621999975992e-06,4.523591269389726e-05
2856,2019-07-05,8.287057426059619e-05,4.535582775133662e-05
2857,2019-07-08,0.0001684185554040596,4.179172174190171e-05
2858,2019-07-09,4.710115899797529e-05,4.092688322998583e-05
2859,2019-07-10,4.047217589686625e-05,3.7493595300475135e-05
2860,2019-07-11,4.67382233182434e-05,3.296602517366409e-05
2861,2019-07-12,2.915137702075299e-05,3.703141555888578e-05
2862,2019-07-15,5.397435597842559e-05,5.042620614403859e-05
2863,2019-07-16,2.397316347924061e-05,5.1909300964325666e-05
2864,2019-07-17,7.961672963574529e-06,5.067811071057804e-05
2865,2019-07-18,2.3812497602193616e-05,4.474584056879394e-05
2866,2019-07-19,0.00015508326760027558,4.209560211165808e-05
2867,2019-07-22,3.3633154089329764e-05,4.0118062315741554e-05
2868,2019-07-23,2.8695294531644322e-05,3.684313196572475e-05
2869,2019-07-24,4.451816494110972e-05,3.257959906477481e-05
2870,2019-07-25,5.016470458940603e-05,3.286670471425168e-05
2871,2019-07-26,2.5585632101865485e-05,4.1639668779680505e-05
2872,2019-07-29,7.403447671094909e-05,4.390721005620435e-05
2873,2019-07-30,0.00011082847777288407,4.265803363523446e-05
2874,2019-07-31,7.959049980854616e-05,4.4031705328961834e-05
2875,2019-08-01,0.0001514808100182563,4.422411439009011e-05
2876,2019-08-02,0.00016769349167589098,4.125243503949605e-05
2877,2019-08-05,0.00014017931243870407,4.489608545554802e-05
2878,2019-08-06,0.00014945780276320875,5.2710867748828605e-05
2879,2019-08-07,5.5897326092235744e-05,5.317436080076732e-05
2880,2019-08-08,0.0001476467150496319,6.42432423774153e-05
2881,2019-08-09,6.848421617178246e-05,7.146505959099159e-05
2882,2019-08-13,0.00017386881518177688,7.977919449331239e-05
2883,2019-08-14,0.00010625946015352383,7.81523049226962e-05
2884,2019-08-16,8.514906949130818e-05,7.778668805258349e-05
2885,2019-08-19,5.350057108444162e-05,7.438941247528419e-05
2886,2019-08-20,2.4480892534484155e-05,6.893444515299052e-05
2887,2019-08-21,4.5484175643650815e-05,9.381692507304251e-05
2888,2019-08-22,0.00010680228297132999,8.939218241721392e-05
2889,2019-08-23,0.00016428604430984706,8.6742322309874e-05
2890,2019-08-26,0.0006678412901237607,7.818287122063339e-05
2891,2019-08-27,4.3285766878398135e-05,6.837340333731845e-05
2892,2019-08-28,5.729846452595666e-05,7.10126623744145e-05
2893,2019-08-29,4.752071981783956e-05,8.93533942871727e-05
2894,2019-08-30,0.00011476147483335808,8.979452832136303e-05
2895,2019-09-03,0.00014135288074612617,9.466887422604486e-05
2896,2019-09-04,3.903341348632239e-05,7.627058948855847e-05
2897,2019-09-05,3.4587228583404794e-05,7.58915557526052e-05
2898,2019-09-06,3.357777313794941e-05,7.648014434380457e-05
2899,2019-09-09,5.55066108063329e-05,7.737451232969761e-05
2900,2019-09-11,1.0402474799775518e-05,9.969431994250044e-05
2901,2019-09-12,4.178355084150098e-05,8.285650255857036e-05
2902,2019-09-13,5.602332385024056e-05,6.894062244100496e-05
2903,2019-09-16,7.4753028457053e-05,5.594851973000914e-05
2904,2019-09-17,0.00011933190398849547,5.4616575653199106e-05
2905,2019-09-18,4.564438495435752e-05,4.882602661382407e-05
2906,2019-09-19,9.260392107535154e-05,5.01591493957676e-05
2907,2019-09-20,0.0013384987832978368,5.0569575250847265e-05
2908,2019-09-23,0.0006782967830076814,5.3423631470650434e-05
2909,2019-09-24,3.41599625244271e-05,6.945000495761633e-05
2910,2019-09-25,6.207778642419726e-05,5.9622132539516315e-05
2911,2019-09-26,6.243181269383058e-05,6.641112122451887e-05
2912,2019-09-27,2.5076431484194472e-05,6.565612420672551e-05
2913,2019-09-30,4.937642006552778e-05,6.736051727784798e-05
2914,2019-10-01,0.00026688873185776174,6.513561675092205e-05
2915,2019-10-03,4.4174543290864676e-05,7.497700426029041e-05
2916,2019-10-04,0.0001985233393497765,6.937407306395471e-05
2917,2019-10-07,4.4382042688084766e-05,6.469360232586041e-05
2918,2019-10-09,0.00015647232066839933,6.638609920628369e-05
2919,2019-10-10,2.7801770556834526e-05,9.280019003199413e-05
2920,2019-10-11,8.285966032417491e-05,8.627989882370457e-05
2921,2019-10-14,5.37527994310949e-05,9.858820703811944e-05
2922,2019-10-15,4.064398672198877e-05,8.725182124180719e-05
2923,2019-10-16,2.6002380764111876e-05,7.627575541846454e-05
2924,2019-10-17,6.485068297479302e-05,6.605820817640051e-05
2925,2019-10-18,4.3118372559547424e-05,6.48590357741341e-05
2926,2019-10-22,5.303463331074454e-05,6.330240285024047e-05
2927,2019-10-23,2.3695540221524425e-05,5.812828749185428e-05
2928,2019-10-24,7.865116640459746e-05,5.322159267961979e-05
2929,2019-10-25,0.0001115195409511216,5.260500620352104e-05
2930,2019-10-29,0.00010794885747600347,5.243996201897971e-05
2931,2019-10-30,9.90811749943532e-05,5.731343844672665e-05
2932,2019-10-31,3.6495352105703205e-05,5.5091732065193355e-05
2933,2019-11-01,1.4300741895567626e-05,5.858201257069595e-05
2934,2019-11-04,2.7939318897551857e-05,6.426794425351545e-05
2935,2019-11-05,4.5871478505432606e-05,5.8745150454342365e-05
2936,2019-11-06,5.592781963059679e-05,5.592173693003133e-05
2937,2019-11-07,4.35296751675196e-05,5.282661004457623e-05
2938,2019-11-08,5.52251840417739e-05,4.921399158774875e-05
2939,2019-11-11,2.054589094768744e-05,4.724755126517266e-05
2940,2019-11-13,3.723809641087428e-05,4.9143738579005e-05
2941,2019-11-14,2.5240398827008903e-05,5.108946788823232e-05
2942,2019-11-15,3.451904922258109e-05,4.922469815937802e-05
2943,2019-11-18,1.7643995306571014e-05,5.276835508993827e-05
2944,2019-11-19,2.330191455257591e-05,4.947144407196902e-05
2945,2019-11-20,4.12203480664175e-05,5.0040467613143846e-05
2946,2019-11-21,1.696298386377748e-05,4.736647315439768e-05
2947,2019-11-22,1.892368345579598e-05,4.506699042394757e-05
2948,2019-11-25,6.437332922359928e-05,4.2191015381831676e-05
2949,2019-11-26,4.566742427414283e-05,3.911338353645988e-05
2950,2019-11-27,1.4668930816696957e-05,3.729520904016681e-05
2951,2019-11-28,1.5860759958741255e-05,3.516515062074177e-05
2952,2019-11-29,4.2120704165427014e-05,3.4419019357301295e-05
2953,2019-12-02,7.583946717204526e-05,3.3670541597530246e-05
2954,2019-12-03,3.489022856228985e-05,3.494680640869774e-05
2955,2019-12-04,3.841484431177378e-05,3.14134122163523e-05
2956,2019-12-05,2.1298090359778143e-05,2.8517446480691433e-05
2957,2019-12-06,7.325957994908094e-05,2.9959453968331218e-05
2958,2019-12-09,2.2710173652740195e-05,3.19850878440775e-05
2959,2019-12-10,2.9451490263454616e-05,3.343739081174135e-05
2960,2019-12-11,2.1393379938672297e-05,3.329671380924992e-05
2961,2019-12-12,2.1278112399159e-05,3.1943662179401144e-05
2962,2019-12-13,3.399821071070619e-05,3.524794738041237e-05
2963,2019-12-16,3.1670992029830813e-05,3.406432006158866e-05
2964,2019-12-17,3.446115806582384e-05,3.44642176060006e-05
2965,2019-12-18,1.9850582248182036e-05,3.2450076105305925e-05
2966,2019-12-19,1.449551655241521e-05,3.036283487745095e-05
2967,2019-12-20,4.167973656876711e-06,2.8488171665230766e-05
2968,2019-12-23,2.0868626961600967e-05,2.8635942726396024e-05
2969,2019-12-24,1.5148666534514632e-05,2.8334787202766165e-05
2970,2019-12-26,2.4048451450653374e-05,2.7434560252004303e-05
2971,2019-12-27,3.730983007699251e-05,2.6499255909584463e-05
2972,2019-12-30,1.932122540893033e-05,2.4578021111665294e-05
2973,2019-12-31,2.1682126316591166e-05,2.4736416889936663e-05
2974,2020-01-01,1.4877797184453811e-05,2.5307330361101776e-05
2975,2020-01-02,2.1967311113257892e-05,2.6624949896358885e-05
2976,2020-01-03,1.730518852127716e-05,2.6564077415969223e-05
2977,2020-01-06,0.0001185248329420574,2.622276770125609e-05
2978,2020-01-07,0.00010132330498890951,2.6866367988986894e-05
2979,2020-01-08,0.00012137908197473735,2.585061520221643e-05
2980,2020-01-09,0.0001310013612965122,2.4912054868764244e-05
2981,2020-01-10,4.137299401918426e-05,2.4914503228501417e-05
2982,2020-01-13,1.6526006220374256e-05,2.9937062208773568e-05
2983,2020-01-14,9.7876463769353e-06,3.2928193832049146e-05
2984,2020-01-15,2.1322295651771128e-05,3.530567846610211e-05
2985,2020-01-16,1.1713820640579797e-05,3.362138522788882e-05
2986,2020-01-17,1.519661964266561e-05,3.219189602532424e-05
2987,2020-01-20,0.0001418379251845181,2.8691572879324667e-05
2988,2020-01-21,1.7599259081180207e-05,2.6377672838862054e-05
2989,2020-01-22,5.900831820326857e-05,2.617899008328095e-05
2990,2020-01-23,2.3309516109293327e-05,2.570380638644565e-05
2991,2020-01-24,3.380648558959365e-05,2.5355166144436225e-05
2992,2020-01-27,4.48478567705024e-05,2.9938577426946722e-05
2993,2020-01-28,5.053963832324371e-05,3.036760972463526e-05
2994,2020-01-29,3.550438486854546e-05,3.3201966289198026e-05
2995,2020-01-30,4.842328780796379e-05,3.1682258850196376e-05
2996,2020-01-31,8.713490387890488e-05,3.085648131673224e-05
2997,2020-02-03,0.0008518919348716736,3.297045623185113e-05
2998,2020-02-04,0.00014320922491606325,3.5687393392436206e-05
2999,2020-02-05,5.7464327255729586e-05,3.361452036187984e-05
3000,2020-02-06,1.9838660591631196e-05,3.675224070320837e-05
3001,2020-02-07,1.7017295249388553e-05,3.934619962819852e-05
3002,2020-02-10,3.296495560789481e-05,4.656480086850934e-05
3003,2020-02-11,5.939801485510543e-05,4.607719893101603e-05
3004,2020-02-12,3.10388786601834e-05,4.493206142797135e-05
3005,2020-02-13,2.063120700768195e-05,4.196237205178477e-05
3006,2020-02-14,5.8472054661251605e-05,4.029513365821913e-05
3007,2020-02-17,3.7486766814254224e-05,4.07920524594374e-05
3008,2020-02-18,5.241855978965759e-05,3.9770649891579524e-05
3009,2020-02-19,8.940061525208876e-05,3.8942540413700044e-05
3010,2020-02-20,1.6262642020592466e-05,3.850757275358774e-05
3011,2020-02-24,0.0001273350208066404,4.095639815204777e-05
3012,2020-02-25,4.237174289301038e-05,4.270040517440066e-05
3013,2020-02-26,7.541904778918251e-05,4.450152118806727e-05
3014,2020-02-27,6.362408021232113e-05,4.304807589505799e-05
3015,2020-02-28,0.0005950920167379081,4.15659487771336e-05
3016,2020-03-02,0.0006941063329577446,4.657332829083316e-05
3017,2020-03-03,0.00015389607870019972,4.644620275939815e-05
3018,2020-03-04,0.0002871833276003599,4.903334775008261e-05
3019,2020-03-05,8.690783579368144e-05,5.038813469582237e-05
3020,2020-03-06,0.0009966519428417087,6.525400385726243e-05
3021,2020-03-09,0.00121587747707963,9.110747487284243e-05
3022,2020-03-11,0.00028576815384440124,8.866564166964963e-05
3023,2020-03-12,0.0026931860484182835,0.00010059771739179268
3024,2020-03-13,0.013081747107207775,9.675070032244548e-05
3025,2020-03-16,0.0021489476785063744,0.00011995959357591346
3026,2020-03-17,0.0010565257398411632,0.00018603338685352355
3027,2020-03-18,0.002464930061250925,0.00018992595141753554
3028,2020-03-19,0.00514441542327404,0.0002917069068644196
3029,2020-03-20,0.002293346682563424,0.00038583535933867097
3030,2020-03-23,0.011157187633216381,0.0005168429925106466
3031,2020-03-24,0.0025259326212108135,0.0005905090947635472
3032,2020-03-25,0.002367747016251087,0.0007122335373423994
3033,2020-03-26,0.0011613700771704316,0.0008178696734830737
3034,2020-03-27,0.0023866407573223114,0.0007147184223867953
3035,2020-03-30,0.001657895278185606,0.0008673566626384854
3036,2020-03-31,0.0013794985134154558,0.0008332335855811834
3037,2020-04-01,0.000742758100386709,0.0006808528560213745
3038,2020-04-03,0.0006113941199146211,0.0005682673654519022
3039,2020-04-07,0.002897229278460145,0.0005716815358027816
3040,2020-04-08,0.0015901668230071664,0.0006356934900395572
3041,2020-04-09,0.0008578597335144877,0.0005283216014504433
3042,2020-04-13,0.0001864404621301219,0.0005596767878159881
3043,2020-04-15,0.0011070843320339918,0.0005415199557319283
3044,2020-04-16,0.0002978977863676846,0.00039662225754000247
3045,2020-04-17,0.0016346618067473173,0.0004170128668192774
3046,2020-04-20,0.00027811413747258484,0.00032573926728218794
3047,2020-04-21,0.0008012016769498587,0.00029560772236436605
3048,2020-04-22,0.00032050724257715046,0.0003197787737008184
3049,2020-04-23,0.00014478668163064867,0.00028665465652011335
3050,2020-04-24,0.0004132049507461488,0.00025206300779245794
3051,2020-04-27,0.0002196166751673445,0.000221283218706958
3052,2020-04-28,0.0002546310715842992,0.0002356952172704041
3053,2020-04-29,0.00017182811279781163,0.00020955767831765115
3054,2020-04-30,0.0005163645837455988,0.00017730957188177854
3055,2020-05-04,0.0014078473905101418,0.00018296694906894118
3056,2020-05-05,0.0004737714189104736,0.00015592205454595387
3057,2020-05-06,0.00021601191838271916,0.00013999575458001345
3058,2020-05-07,5.791060902993195e-05,0.0001282968878513202
3059,2020-05-08,0.0004483700031414628,0.00011504539725137874
3060,2020-05-11,0.0003122751950286329,0.0001646109885768965
3061,2020-05-12,0.00023779312323313206,0.00019209932361263782
3062,2020-05-13,0.0019135945476591587,0.0001876183960121125
3063,2020-05-14,0.0004422002239152789,0.0001554822374600917
3064,2020-05-15,0.00011868781439261511,0.0001378909219056368
3065,2020-05-18,0.0005261393962427974,0.0001409671822329983
3066,2020-05-19,0.0003777976962737739,0.00014769444533158094
3067,2020-05-20,0.00020097996457479894,0.000150380699778907
3068,2020-05-21,7.102099334588274e-05,0.00017213121464010328
3069,2020-05-22,0.000150139385368675,0.00015686871483922005
3070,2020-05-26,0.00015745099517516792,0.00019466962839942425
3071,2020-05-27,0.0004820213362108916,0.00018535849812906235
3072,2020-05-28,0.00014411937445402145,0.00015817007806617767
3073,2020-05-29,0.00023767702805344015,0.00013344406033866107
3074,2020-06-01,0.00042880084947682917,0.0001344224438071251
3075,2020-06-02,0.00013627522275783122,0.00013339531142264605
3076,2020-06-03,0.00023518801026511937,0.00013238878455013037
3077,2020-06-04,0.00010716120596043766,0.00012347560550551862
3078,2020-06-05,0.00010325494804419577,0.0001264384773094207
3079,2020-06-08,0.0004713164526037872,0.00012694847828242928
3080,2020-06-09,0.0002586922491900623,0.00012199483899166808
3081,2020-06-10,4.7443962102988735e-05,0.00011950969201279804
3082,2020-06-11,0.00017856461636256427,0.0001234855008078739
3083,2020-06-12,0.002075212076306343,0.00011410951265133917
3084,2020-06-15,0.00020485074492171407,0.00012073326070094481
3085,2020-06-16,0.0008351468131877482,0.00014146722969599068
3086,2020-06-17,0.00013185203715693206,0.00012150590191595256
3087,2020-06-18,0.00024334376212209463,0.00013219047104939818
3088,2020-06-19,0.00013723535812459886,0.0001590460306033492
3089,2020-06-22,9.910025983117521e-05,0.000176232832018286
3090,2020-06-23,0.000119624070066493,0.00019041489576920867
3091,2020-06-24,0.000259069463936612,0.00017934336210601032
3092,2020-06-25,0.0001368828525301069,0.0001601154508534819
3093,2020-06-26,0.00011090787302237004,0.0001425996160833165
3094,2020-06-29,0.00010037587344413623,0.00012400995183270425
3095,2020-06-30,0.00010271732026012614,0.0001121960740420036
3096,2020-07-01,7.232429925352335e-05,0.00012899792636744678
3097,2020-07-02,7.873387221479788e-05,0.00013067606778349727
3098,2020-07-03,5.194872210267931e-05,0.00011190776422154158
3099,2020-07-06,0.00015905390318948776,0.0001043986776494421
3100,2020-07-07,8.523299038643017e-05,9.82312994892709e-05
3101,2020-07-08,8.779796189628541e-05,8.689003152539954e-05
3102,2020-07-09,5.2425762987695634e-05,7.660438132006675e-05
3103,2020-07-10,5.315686576068401e-05,6.556158041348681e-05
3104,2020-07-13,0.0001139995438279584,6.163935177028179e-05
3105,2020-07-14,0.00013751440565101802,6.237455818336457e-05
3106,2020-07-15,0.00027826798032037914,7.014472066657618e-05
3107,2020-07-16,0.00016913804574869573,6.494377157650888e-05
3108,2020-07-17,0.0001004074583761394,6.369887705659494e-05
3109,2020-07-20,0.00010200343240285292,6.523066258523613e-05
3110,2020-07-21,9.985779615817592e-05,7.830098911654204e-05
3111,2020-07-22,0.00013908684195484966,9.328110900241882e-05
3112,2020-07-23,5.0100825319532305e-05,9.306838182965294e-05
3113,2020-07-24,8.503619028488174e-05,8.650093514006585e-05
3114,2020-07-27,6.330692849587649e-05,7.516764890169725e-05
3115,2020-07-28,7.85998854553327e-05,6.262131500989199e-05
3116,2020-07-29,0.0001009718980640173,6.703822873532772e-05
3117,2020-07-30,0.0001466843532398343,6.53586903354153e-05
3118,2020-07-31,5.6236745876958594e-05,6.769126048311591e-05
3119,2020-08-03,8.932067430578172e-05,6.978261808399111e-05
3120,2020-08-04,0.00014201483281794935,6.561550253536552e-05
3121,2020-08-05,0.0001018802504404448,7.377615838777274e-05
3122,2020-08-06,0.00010109841241501272,8.64017492858693e-05
3123,2020-08-07,2.4710197976673953e-05,8.361927757505327e-05
3124,2020-08-10,5.3650117479264736e-05,8.811469888314605e-05
3125,2020-08-11,3.750274845515378e-05,8.271352999145165e-05
3126,2020-08-12,2.7931675504078157e-05,8.293279097415507e-05
3127,2020-08-13,2.6228097340208478e-05,7.854547584429383e-05
3128,2020-08-14,0.00020162943110335618,6.866543844807893e-05
3129,2020-08-17,9.782724373508245e-05,6.232044688658789e-05
3130,2020-08-18,5.9493988374015316e-05,5.6567118008388206e-05
3131,2020-08-19,4.555797568173148e-05,5.317532122717239e-05
3132,2020-08-20,7.846544031053782e-05,5.083774885861203e-05
3133,2020-08-21,8.175191760528833e-05,5.8422228903509676e-05
3134,2020-08-24,3.383793227840215e-05,5.956643508397974e-05
3135,2020-08-25,4.6265176933957264e-05,5.682286064256914e-05
3136,2020-08-26,4.1222232539439574e-05,5.2380029956111684e-05
3137,2020-08-27,4.154720954829827e-05,5.1376857300056145e-05
3138,2020-08-28,3.863989331875928e-05,4.7488458221778274e-05
3139,2020-08-31,0.0006816894165240228,4.4101256207795814e-05
3140,2020-09-01,0.00013327541819307953,4.329447619966231e-05
3141,2020-09-02,4.144917693338357e-05,4.222523421049118e-05
3142,2020-09-03,2.2202908439794555e-05,4.0886614442570135e-05
3143,2020-09-04,0.00029643121524713933,3.9613783883396536e-05
3144,2020-09-07,6.567034142790362e-05,5.146958937984891e-05
3145,2020-09-08,6.216108158696443e-05,5.7009361626114696e-05
3146,2020-09-09,0.00011090355110354722,5.545623935176991e-05
3147,2020-09-10,0.00010595204366836697,5.089523256174289e-05
3148,2020-09-11,1.365898788208142e-05,5.717188469134271e-05
3149,2020-09-14,0.00013215855869930238,5.7941273553296924e-05
3150,2020-09-15,4.135114431846887e-05,5.972678991383873e-05
3151,2020-09-16,2.7913831218029372e-05,6.051820673746988e-05
3152,2020-09-17,5.346221587387845e-05,5.775744284619577e-05
3153,2020-09-18,9.120727918343619e-05,5.262482227408327e-05
3154,2020-09-21,0.0002608037320896983,5.582577068707906e-05
3155,2020-09-22,0.00015956364222802222,5.342388612916693e-05
3156,2020-09-23,0.00026683579199016094,5.029173553339206e-05
3157,2020-09-24,0.00026372456341050565,5.0200211262563244e-05
3158,2020-09-25,0.00022819085279479623,5.244861313258298e-05
3159,2020-09-28,0.00012104465713491663,6.867873162264004e-05
3160,2020-09-29,7.176269718911499e-05,8.339040505234152e-05
3161,2020-09-30,3.634720997069962e-05,9.584016515873373e-05
3162,2020-10-01,0.00012413313379511237,0.00011578847625060007
3163,2020-10-05,8.141058788169175e-05,0.00010799272422445938
3164,2020-10-06,0.00010932428995147347,9.323700214736164e-05
3165,2020-10-07,4.709509084932506e-05,8.42566296341829e-05
3166,2020-10-08,9.960376337403432e-05,7.495398313039914e-05
3167,2020-10-09,4.5321368816075847e-05,6.333549390546978e-05
3168,2020-10-12,8.085204171948135e-05,6.049777221051045e-05
3169,2020-10-13,2.3065387722454034e-05,5.8249981520930305e-05
3170,2020-10-14,8.481621625833213e-05,5.752684228355065e-05
3171,2020-10-15,0.000340195168973878,5.7362765801372007e-05
3172,2020-10-16,5.443431655294262e-05,5.6906701502157375e-05
3173,2020-10-19,0.00011443775292718783,5.9650566981872544e-05
3174,2020-10-20,3.227976048947312e-05,5.7612985983723775e-05
3175,2020-10-21,0.0001890430285129696,6.004215174471028e-05
3176,2020-10-22,4.882444045506418e-05,8.342484215972945e-05
3177,2020-10-23,3.667531564133242e-05,7.894574082456529e-05
3178,2020-10-26,0.00013460511399898678,6.713316543027759e-05
3179,2020-10-27,9.819927072385326e-05,6.0190865042386577e-05
3180,2020-10-28,0.0001555068593006581,6.624330126214772e-05
3181,2020-10-29,0.00011913054186152294,6.660241342615336e-05
3182,2020-10-30,0.00011491053010104224,5.812794915982522e-05
3183,2020-11-02,0.00010829800157807767,6.536473665619269e-05
3184,2020-11-03,6.221450894372538e-05,6.634856981690973e-05
3185,2020-11-04,7.835783617338166e-05,7.878141332184896e-05
3186,2020-11-05,0.00019066076492890716,8.240410534199327e-05
3187,2020-11-06,5.876084105693735e-05,8.871402678778395e-05
3188,2020-11-09,0.00014675485726911575,8.883382542990148e-05
3189,2020-11-10,0.00012784035061486065,7.524612010456622e-05
3190,2020-11-11,0.00011314886069158092,7.056554750306532e-05
3191,2020-11-12,4.291510413167998e-05,6.367829337250441e-05
3192,2020-11-13,4.274583261576481e-05,6.035416663507931e-05
3193,2020-11-17,0.0003236608754377812,5.7484994613332674e-05
3194,2020-11-18,3.673689207062125e-05,5.8404679293744266e-05
3195,2020-11-19,0.00017200257570948452,6.243294774321839e-05
3196,2020-11-20,6.871188088553026e-05,6.418047996703535e-05
3197,2020-11-23,0.00011917723895749077,6.257970380829647e-05
3198,2020-11-24,5.4535430535906926e-05,6.296301580732688e-05
3199,2020-11-25,0.00022786573390476406,6.010345168760978e-05
3200,2020-11-26,0.00013154807675164193,7.129467121558264e-05
3201,2020-11-27,3.4484728530514985e-05,7.163031841628253e-05
3202,2020-12-01,0.00011717290908563882,7.040624041110277e-05
3203,2020-12-02,7.095640467014164e-05,6.192482396727428e-05
3204,2020-12-03,8.356355829164386e-05,7.548725989181548e-05
3205,2020-12-04,4.1897994378814474e-05,8.008434087969363e-05
3206,2020-12-07,2.995802424266003e-05,7.425226067425683e-05
3207,2020-12-08,3.9705500967102125e-05,7.07638100720942e-05
3208,2020-12-09,4.1909737774403766e-05,6.97691721143201e-05
3209,2020-12-10,3.634731547208503e-05,6.483367906184867e-05
3210,2020-12-11,6.641991785727441e-05,5.8801590057555586e-05
3211,2020-12-14,5.2725852583535016e-05,5.467312075779773e-05
3212,2020-12-15,4.855461520492099e-05,5.314642112352885e-05
3213,2020-12-16,6.595817831112072e-05,4.9939833843382075e-05
3214,2020-12-17,2.263026726723183e-05,4.911333235213533e-05
3215,2020-12-18,4.1230174247175455e-05,5.068661266705021e-05
3216,2020-12-21,0.000822263362351805,5.0825146900024265e-05
3217,2020-12-22,0.00022301854914985597,5.1462819101288915e-05
3218,2020-12-23,6.539996684296057e-05,4.896768950857222e-05
3219,2020-12-24,6.528910307679325e-05,4.6406003093579784e-05
3220,2020-12-28,3.25216751662083e-05,4.5580833102576435e-05
3221,2020-12-29,2.736630995059386e-05,6.457020208472386e-05
3222,2020-12-30,5.8983849157812074e-05,7.799125887686387e-05
3223,2020-12-31,1.4081340850680135e-05,7.432969869114459e-05
3224,2021-01-01,8.007101314433385e-06,6.667638808721676e-05
3225,2021-01-04,0.0001312189269810915,5.564919410971925e-05
3226,2021-01-05,6.407669570762664e-05,5.132582737132907e-05
3227,2021-01-06,9.546970977680758e-05,5.0467100663809106e-05
3228,2021-01-07,8.727087697479874e-05,4.7902842197800055e-05
3229,2021-01-08,0.0001078030836652033,4.309186260798015e-05
3230,2021-01-11,0.00010792992543429136,4.376360811875202e-05
3231,2021-01-12,4.028325929539278e-05,4.5035329094389454e-05
3232,2021-01-13,0.0001225277956109494,4.916173929814249e-05
3233,2021-01-14,3.952239057980478e-05,5.021782999392599e-05
3234,2021-01-15,0.00011168194760102779,4.889797492069192e-05
3235,2021-01-18,9.742977272253484e-05,4.8017500375863165e-05
3236,2021-01-19,0.00010110139555763453,4.790914317709394e-05
3237,2021-01-20,3.6288263800088316e-05,5.197934660827741e-05
3238,2021-01-21,0.00012545177014544606,5.286294981488027e-05
3239,2021-01-22,0.00011115524102933705,6.0491369367809966e-05
3240,2021-01-25,0.0001756769052008167,7.041804929031059e-05
3241,2021-01-27,0.00016466625675093383,6.662743544438854e-05
3242,2021-01-28,0.00018770949100144207,6.0111135098850355e-05
3243,2021-01-29,0.0003301292017567903,6.445969484047964e-05
3244,2021-02-01,0.0008658768492750823,7.624121644767001e-05
3245,2021-02-02,0.0003091130929533392,8.829184662317857e-05
3246,2021-02-03,0.00020152467186562717,0.00010366203787270933
3247,2021-02-04,6.486850179499015e-05,0.00010943652887362987
3248,2021-02-05,4.782765608979389e-05,0.00012545273057185113
3249,2021-02-08,0.00010841838957276195,0.0001250196510227397
3250,2021-02-09,6.692962779197842e-05,0.00013317338016349822
3251,2021-02-10,6.287785799941048e-05,0.00014759744226466864
3252,2021-02-11,2.722298631852027e-05,0.00014014067710377276
3253,2021-02-12,3.957775697926991e-05,0.00012396962847560644
3254,2021-02-15,6.274302722886205e-05,9.728910663397983e-05
3255,2021-02-16,6.441563891712576e-05,9.590215631760657e-05
3256,2021-02-17,3.431944060139358e-05,9.547563240630552e-05
3257,2021-02-18,4.847004674957134e-05,7.280991121660918e-05
3258,2021-02-19,9.767510346136987e-05,6.781926640542224e-05
3259,2021-02-22,0.00021874711092095822,6.0865251725772396e-05
3260,2021-02-23,0.00011522646673256531,6.21446015429683e-05
3261,2021-02-24,0.000451359199360013,6.362553540384397e-05
3262,2021-02-25,6.623199442401528e-05,6.550351827172562e-05
3263,2021-02-26,0.0005132886581122875,7.525480759795755e-05
3264,2021-03-01,0.00018448781338520348,0.00010714015661505982
3265,2021-03-02,0.0001142737310146913,9.83370264293626e-05
3266,2021-03-03,0.0002087094762828201,0.0001031374340527691
3267,2021-03-04,0.00028871564427390695,7.794894918333739e-05
3268,2021-03-05,0.00012692729069385678,0.00013559151557274163
3269,2021-03-08,7.967866986291483e-05,0.00011365249520167708
3270,2021-03-09,0.00011200022709090263,9.27036817301996e-05
3271,2021-03-10,7.158696098485962e-05,8.256614819401875e-05
3272,2021-03-12,0.00031225942075252533,0.00011521833221195266
3273,2021-03-15,0.00018865616584662348,0.00013413546548690647
3274,2021-03-16,6.012684025336057e-05,0.00012257701018825173
3275,2021-03-17,0.00011039514356525615,0.00010491318971617147
3276,2021-03-18,0.00033307907870039344,8.269609679700807e-05
3277,2021-03-19,0.0003473124234005809,0.00011454050400061533
3278,2021-03-22,6.142786151031032e-05,0.00013510514691006392
3279,2021-03-23,4.92592116643209e-05,0.00011572124640224501
3280,2021-03-24,0.00012293217878323048,0.00012148839596193284
3281,2021-03-25,0.00016383168986067176,0.00014594884123653173
3282,2021-03-26,0.00019902588974218816,0.0001511481823399663
3283,2021-03-30,0.0001735437981551513,0.00012901796435471624
3284,2021-03-31,3.7499135942198336e-05,0.00010183217818848789
3285,2021-04-01,0.00012083924229955301,0.0001206059823743999
3286,2021-04-05,0.0002831554156728089,0.00014188811474014074
3287,2021-04-06,0.00011736481974367052,0.00011714117135852575
3288,2021-04-07,8.561890717828646e-05,8.880493987817317e-05
3289,2021-04-08,5.859844168298878e-05,8.315422019222751e-05
3290,2021-04-09,2.7120369850308634e-05,7.52680134610273e-05
3291,2021-04-12,0.0004343389009591192,0.00011682567128445953
3292,2021-04-13,0.000124886428238824,0.00011477066436782479
3293,2021-04-15,0.000132862085592933,0.00010033337457571179
3294,2021-04-16,3.357073001097888e-05,8.65575420903042e-05
3295,2021-04-19,0.0005361904622986913,7.518263737438247e-05
3296,2021-04-20,0.00031284484430216253,0.0001298780698562041
3297,2021-04-22,0.00015586259542033076,0.00011600123980315402
3298,2021-04-23,9.429277997696772e-05,0.00010747736087068915
3299,2021-04-26,8.866582356858999e-05,8.343837544089183e-05
3300,2021-04-27,5.3454416047316045e-05,0.00011593587987590581
3301,2021-04-28,7.406809163512662e-05,0.00013462874630931765
3302,2021-04-29,0.00013777603453490883,0.0001256694522453472
3303,2021-04-30,0.00020693542319349945,0.0001185036962851882
3304,2021-05-03,0.00021192501299083233,9.035598486661911e-05
3305,2021-05-04,0.00012113253615098074,7.057079346850514e-05
3306,2021-05-05,9.091835090657696e-05,6.369887705659494e-05
3307,2021-05-06,4.110191366635263e-05,7.285707397386432e-05
3308,2021-05-07,5.334980596671812e-05,0.00011278836609562859
3309,2021-05-10,5.831006637890823e-05,0.0001254504604730755
3310,2021-05-11,0.00013182424299884588,0.00013269379269331694
3311,2021-05-12,5.35789476998616e-05,0.00010238128015771508
3312,2021-05-14,6.260555528569967e-05,7.312695379368961e-05
3313,2021-05-17,9.791983029572293e-05,6.234749889699742e-05
3314,2021-05-18,0.00010508461855351925,5.6550070439698175e-05
3315,2021-05-19,3.7472003896255046e-05,6.083971311454661e-05
3316,2021-05-20,5.186155249248259e-05,6.571651465492323e-05
3317,2021-05-21,9.210970893036574e-05,6.493509863503277e-05
3318,2021-05-24,2.325247805856634e-05,5.923119533690624e-05
3319,2021-05-25,6.521560862893239e-05,5.350852734409273e-05
3320,2021-05-26,3.512080729706213e-05,5.42271627637092e-05
3321,2021-05-27,1.983521542570088e-05,5.925227014813572e-05
3322,2021-05-28,3.723166446434334e-05,5.530903581529856e-05
3323,2021-05-31,7.742286106804386e-05,5.1925740990554914e-05
3324,2021-06-01,3.327490412630141e-05,5.243386112852022e-05
3325,2021-06-02,4.046117828693241e-05,5.009160304325633e-05
3326,2021-06-03,3.8991776818875223e-05,4.755358531838283e-05
3327,2021-06-04,1.965478622878436e-05,4.421892299433239e-05
3328,2021-06-07,2.5225308490917087e-05,4.5323660742724314e-05
3329,2021-06-08,1.913554297061637e-05,4.660340346163139e-05
3330,2021-06-09,7.827380613889545e-05,4.775514389621094e-05
3331,2021-06-10,2.8568132620421238e-05,4.468570841709152e-05
3332,2021-06-11,2.37375406868523e-05,4.351971801952459e-05
3333,2021-06-14,0.00010337455751141533,4.108412394998595e-05
3334,2021-06-15,1.677095497143455e-05,4.012513818452135e-05
3335,2021-06-16,2.7454085284261964e-05,4.684831583290361e-05
3336,2021-06-17,9.176129970001057e-05,4.358521255198866e-05
3337,2021-06-18,0.00021856778766959906,4.01378856622614e-05
3338,2021-06-21,0.00019477566820569336,4.398948294692673e-05
3339,2021-06-22,6.436043622670695e-05,3.982795897172764e-05
3340,2021-06-23,8.1284211773891e-05,4.120607991353609e-05
3341,2021-06-24,2.911725823651068e-05,4.594647907651961e-05
3342,2021-06-25,2.6606063329381868e-05,5.395922198658809e-05
3343,2021-06-28,3.306586586404592e-05,5.722141213482246e-05
3344,2021-06-29,1.69470404216554e-05,5.429433076642454e-05
3345,2021-06-30,2.9135753720765933e-05,5.681635957444087e-05
3346,2021-07-01,1.54513654706534e-05,5.1395232731010765e-05
3347,2021-07-02,2.0676468921010382e-05,4.7006607928778976e-05
3348,2021-07-05,3.0303213861770928e-05,4.716381954494864e-05
3349,2021-07-06,2.7576079446589574e-05,4.664324296754785e-05
3350,2021-07-07,1.8104870832758024e-05,4.6275719796540216e-05
3351,2021-07-08,5.77903920202516e-05,4.3770414777100086e-05
3352,2021-07-09,1.9571720258682035e-05,4.0889190131565556e-05
3353,2021-07-12,5.2946299547329545e-05,3.7812176742590964e-05
3354,2021-07-13,5.1419010560493916e-05,3.785803710343316e-05
3355,2021-07-14,1.761087878549006e-05,3.649932114058174e-05
3356,2021-07-15,1.3943299563834444e-05,4.252273720339872e-05
3357,2021-07-16,1.4673128134745639e-05,4.1313145629828796e-05
3358,2021-07-19,0.0001377691951347515,4.193584754830226e-05
3359,2021-07-20,4.1119208617601544e-05,3.8763759221183136e-05
3360,2021-07-22,6.0270474932622164e-05,3.668521821964532e-05
3361,2021-07-23,2.9652746889041737e-05,3.47275345120579e-05
3362,2021-07-26,1.2764096936734859e-05,3.380983616807498e-05
3363,2021-07-27,4.964655454386957e-05,4.051141149830073e-05
3364,2021-07-28,0.00013701056013815105,4.3770414777100086e-05
3365,2021-07-29,2.0127949028392322e-05,3.914375702152029e-05
3366,2021-07-30,2.2944937882130034e-05,3.766256486414932e-05
3367,2021-08-02,5.583621168625541e-05,3.631097206380218e-05
3368,2021-08-03,8.86833222466521e-05,4.0016075217863545e-05
3369,2021-08-04,3.255279443692416e-05,4.695221650763415e-05
3370,2021-08-05,2.8265478249522857e-05,4.180008909315802e-05
3371,2021-08-06,1.692647856543772e-05,4.037141115986742e-05
3372,2021-08-09,3.4163123928010464e-05,3.7518526369240135e-05
3373,2021-08-10,3.177258258801885e-05,3.7536599847953767e-05
3374,2021-08-11,6.196954200277105e-05,3.6807065043831244e-05
3375,2021-08-12,1.1616712072282098e-05,3.7845798942726105e-05
3376,2021-08-13,3.6573572288034484e-05,3.8895293982932344e-05
3377,2021-08-16,1.4898738299962133e-05,4.0122227801475674e-05
3378,2021-08-17,2.4226274035754614e-05,4.116365744266659e-05
3379,2021-08-18,5.569453787757084e-05,4.424629878485575e-05
3380,2021-08-20,0.00015321439423132688,4.002951391157694e-05
3381,2021-08-23,0.00013325367763172835,3.854350507026538e-05
3382,2021-08-24,4.5589702494908124e-05,3.764299617614597e-05
3383,2021-08-25,1.5864479792071506e-05,3.786854358622804e-05
3384,2021-08-26,8.431776223005727e-06,4.177705341135152e-05
3385,2021-08-27,3.375477535882965e-05,4.828899909625761e-05
3386,2021-08-30,5.921329284319654e-05,5.074556975159794e-05
3387,2021-08-31,6.647746340604499e-05,4.68069629278034e-05
3388,2021-09-01,4.321544474805705e-05,4.2652136471588165e-05
3389,2021-09-02,4.130857632844709e-05,3.9002530684228987e-05
3390,2021-09-03,2.217575820395723e-05,3.879830182995647e-05
3391,2021-09-06,2.6759049433167093e-05,3.828504850389436e-05
3392,2021-09-07,2.8174918043077923e-05,3.978726454079151e-05
3393,2021-09-08,2.826445415848866e-05,4.385004649520852e-05
3394,2021-09-09,1.2104101188015193e-05,4.394989809952676e-05
3395,2021-09-13,1.88354588317452e-05,4.216865272610448e-05
3396,2021-09-14,1.964922012120951e-05,4.054194505442865e-05
3397,2021-09-15,2.3943321139086038e-05,4.167868246440776e-05
3398,2021-09-16,2.095763738907408e-05,4.247799006407149e-05
3399,2021-09-17,9.130388934863731e-05,3.934289270546287e-05
3400,2021-09-20,0.00016070548736024648,3.818557161139324e-05
3401,2021-09-21,9.159446926787496e-05,3.610076237237081e-05
3402,2021-09-22,9.23615152714774e-06,3.4625743865035474e-05
3403,2021-09-23,9.13131152628921e-05,3.356195884407498e-05
3404,2021-09-24,3.470359661150724e-05,3.887923594447784e-05
3405,2021-09-27,4.1843366489047185e-05,4.925620669382624e-05
3406,2021-09-28,0.00015710541629232466,4.884334703092463e-05
3407,2021-09-29,5.8507030189502984e-05,4.267943586455658e-05
3408,2021-09-30,2.661441612872295e-05,4.029217598144896e-05
3409,2021-10-01,3.893017492373474e-05,4.0570175769971684e-05
3410,2021-10-04,5.38250787940342e-05,4.2193754779873416e-05
3411,2021-10-05,4.2667921661632136e-05,5.2220377256162465e-05
3412,2021-10-06,8.359886851394549e-05,5.391801823861897e-05
3413,2021-10-07,9.573996067047119e-05,5.277907257550396e-05
3414,2021-10-08,3.988748721894808e-05,5.1152645028196275e-05
3415,2021-10-11,4.9391350330552086e-05,4.797218571184203e-05
3416,2021-10-12,2.539768502174411e-05,4.6042852773098275e-05
3417,2021-10-13,5.64178844797425e-05,5.4028529120841995e-05
3418,2021-10-14,4.7727004130138084e-05,5.0939277571160346e-05
3419,2021-10-18,8.629848889540881e-05,4.646472370950505e-05
3420,2021-10-19,9.776549268281087e-05,4.689766501542181e-05
3421,2021-10-20,6.457082054112107e-05,4.597576116793789e-05
3422,2021-10-21,0.00017044867854565382,4.4483618694357574e-05
3423,2021-10-22,8.703400089871138e-05,4.198354872642085e-05
3424,2021-10-25,0.00013641707482747734,4.0998056647367775e-05
3425,2021-10-26,4.7542205720674247e-05,4.6223496610764414e-05
3426,2021-10-27,3.251215457567014e-05,5.267941014608368e-05
3427,2021-10-28,0.00016412818513344973,6.115208816481754e-05
3428,2021-10-29,9.908626816468313e-05,6.413550727302209e-05
3429,2021-11-01,0.00011284571519354358,6.663022941211239e-05
3430,2021-11-02,3.331827974761836e-05,6.0306701925583184e-05
3431,2021-11-03,6.730291352141649e-05,5.887909355806187e-05
3432,2021-11-04,3.7328514736145735e-05,7.875046139815822e-05
3433,2021-11-08,0.00014703742635902017,9.251150186173618e-05
3434,2021-11-09,1.8929496945929714e-05,7.7230462920852e-05
3435,2021-11-10,3.754895442398265e-05,6.75673654768616e-05
3436,2021-11-11,4.415883086039685e-05,6.901878077769652e-05
3437,2021-11-12,8.480488759232685e-05,5.821477680001408e-05
3438,2021-11-15,2.4758579456829466e-05,5.760452404501848e-05
3439,2021-11-16,3.331240441184491e-05,5.477018203237094e-05
3440,2021-11-17,3.635893153841607e-05,5.42454763490241e-05
3441,2021-11-18,6.991971895331517e-05,5.741962741012685e-05
3442,2021-11-22,0.0003209275018889457,5.48000170965679e-05
3443,2021-11-23,0.00018673425074666739,5.19707245985046e-05
3444,2021-11-24,7.352947432082146e-05,5.3455842135008425e-05
3445,2021-11-25,5.100027919979766e-05,5.449830860015936e-05
3446,2021-11-26,0.000285265501588583,6.0010610468452796e-05
3447,2021-11-29,0.00019941289792768657,8.629388321423903e-05
3448,2021-11-30,0.00022871526016388088,8.790780702838674e-05
3449,2021-12-01,7.56148001528345e-05,8.331798744620755e-05
3450,2021-12-02,8.391573646804318e-05,6.905182817718014e-05
3451,2021-12-03,0.00011094989167759195,0.00010527217818889767
3452,2021-12-06,0.0001236259558936581,0.0001178931852336973
3453,2021-12-07,0.00013968646817374974,0.0001340396993327886
3454,2021-12-08,9.905169281410053e-05,9.869564382825047e-05
3455,2021-12-09,5.396338747232221e-05,7.838923193048686e-05
3456,2021-12-10,2.598465289338492e-05,9.9506440164987e-05
3457,2021-12-13,0.0001264491002075374,0.00012491538655012846
3458,2021-12-14,4.913904922432266e-05,0.00010735075193224475
3459,2021-12-15,2.8326385290711187e-05,7.60117982281372e-05
3460,2021-12-16,0.0001227275497512892,6.762318662367761e-05
3461,2021-12-17,0.000129158201161772,6.308370211627334e-05
3462,2021-12-20,0.00035589540493674576,7.37292502890341e-05
3463,2021-12-21,0.0001699996500974521,7.037287286948413e-05
3464,2021-12-22,5.961439455859363e-05,6.627433322137222e-05
3465,2021-12-23,5.492391574080102e-05,6.587105599464849e-05
3466,2021-12-24,9.867804328678176e-05,8.187846833607182e-05
3467,2021-12-27,0.00011220367014175281,0.00011961277778027579
3468,2021-12-28,3.738619125215337e-05,0.0001057528643286787
3469,2021-12-29,1.4779525372432545e-05,7.195073703769594e-05
3470,2021-12-30,1.5968487787176855e-05,6.053176548448391e-05
3471,2021-12-31,3.673318133223802e-05,6.421016587410122e-05
3472,2022-01-03,8.04025330580771e-05,6.772322376491502e-05
3473,2022-01-04,7.265862950589508e-05,5.905110447201878e-05
3474,2022-01-05,4.360034654382616e-05,5.4189018555916846e-05
3475,2022-01-06,0.00010237777314614505,5.107129254611209e-05
3476,2022-01-07,5.0298880523769185e-05,4.851716585108079e-05
3477,2022-01-10,5.197825521463528e-05,4.777773574460298e-05
3478,2022-01-11,1.4135064702713862e-05,4.9300524551654235e-05
3479,2022-01-12,5.061594129074365e-05,5.044025238021277e-05
3480,2022-01-13,2.3868135031079873e-05,5.777347905677743e-05
3481,2022-01-14,4.5169959776103497e-05,5.82055035920348e-05
3482,2022-01-17,9.92193690763088e-06,5.33446145709604e-05
3483,2022-01-18,7.406971417367458e-05,4.877990431850776e-05
3484,2022-01-19,6.559904431924224e-05,4.5380187657428905e-05
3485,2022-01-20,0.0001004384903353639,4.3462106987135485e-05
3486,2022-01-21,0.00011960865231230855,4.5082510041538626e-05
3487,2022-01-24,0.00042932090582326055,4.111265661776997e-05
3488,2022-01-25,0.0003506649227347225,4.779487062478438e-05
3489,2022-01-27,0.00028932507848367095,5.4246509535005316e-05
3490,2022-01-28,0.00015246911789290607,6.177288014441729e-05
3491,2022-01-31,0.00015857517428230494,6.592246063519269e-05
3492,2022-02-01,0.00033619508030824363,9.740014502312988e-05
3493,2022-02-02,6.929201481398195e-05,0.00010605748684611171
3494,2022-02-03,8.049390453379601e-05,0.0001221535203512758
3495,2022-02-04,2.9691998861380853e-05,0.00012336543295532465
3496,2022-02-07,0.00020544472499750555,9.264270192943513e-05
3497,2022-02-08,0.00013541719818022102,9.733485785545781e-05
3498,2022-02-09,5.703432543668896e-05,7.467593241017312e-05
3499,2022-02-10,8.451834582956508e-05,9.048774518305436e-05
3500,2022-02-11,0.00010847651719814166,8.67207272676751e-05
3501,2022-02-14,0.0003989745455328375,0.00011256561265327036
3502,2022-02-15,0.0003643856034614146,0.00010747141641331837
3503,2022-02-16,7.024405931588262e-05,7.282484148163348e-05
3504,2022-02-17,6.625632522627711e-05,6.461548036895692e-05
3505,2022-02-18,5.302755016600713e-05,7.576926873298362e-05
3506,2022-02-21,0.00011188280041096732,0.00011769132106564939
3507,2022-02-22,0.000555052945856005,0.00010103932436322793
3508,2022-02-23,7.815223216312006e-05,8.548388723284006e-05
3509,2022-02-24,0.0012619742192327976,7.797623402439058e-05
3510,2022-02-25,0.0003585483937058598,7.38233866286464e-05
3511,2022-02-28,0.00038398453034460545,8.507123129675165e-05
3512,2022-03-02,0.0001948197023011744,0.00010805577039718628
3513,2022-03-03,0.00017865457630250603,9.832736395765096e-05
3514,2022-03-04,0.00022269084001891315,0.00015576467558275908
3515,2022-03-07,0.0006316789076663554,0.00011463797272881493
3516,2022-03-08,0.0002288406976731494,0.00010913385631283745
3517,2022-03-09,0.0002495753869879991,0.0001138966326834634
3518,2022-03-10,0.0007605570135638118,0.00012629157572519034
3519,2022-03-11,7.628827006556094e-05,0.0001558257354190573
3520,2022-03-14,9.539644088363275e-05,0.00020710600074380636
3521,2022-03-15,0.00017655819829087704,0.00019264841102994978
3522,2022-03-16,0.00018943753093481064,0.00017449073493480682
3523,2022-03-17,0.00021013186778873205,0.00017750092956703156
3524,2022-03-21,8.09713383205235e-05,0.0001645183947402984
3525,2022-03-22,0.00013214621867518872,0.00015002443979028612
3526,2022-03-23,9.239406790584326e-05,0.00017404434038326144
3527,2022-03-24,0.0001272266381420195,0.00014095616643317044
3528,2022-03-25,7.425212243106216e-05,0.00012307928409427404
3529,2022-03-28,9.380101255374029e-05,0.00012890913058072329
3530,2022-03-29,3.394197119632736e-05,0.00012580017209984362
3531,2022-03-30,9.079141455003992e-05,0.0001233655639225617
3532,2022-03-31,1.8390435798210092e-05,0.00011730618280125782
3533,2022-04-01,8.916833030525595e-05,0.00011119881673948839
3534,2022-04-04,0.00017182172450702637,0.00010173287591896951
3535,2022-04-05,3.396347165107727e-05,7.222773274406791e-05
3536,2022-04-06,5.723156937165186e-05,6.145920633571222e-05
3537,2022-04-07,5.344737655832432e-05,5.82318207307253e-05
3538,2022-04-08,7.454871229128912e-05,5.783262531622313e-05
3539,2022-04-11,2.3583899746881798e-05,5.754631638410501e-05
3540,2022-04-12,5.786197289125994e-05,5.841681922902353e-05
3541,2022-04-13,6.390698399627581e-05,6.184550147736445e-05
3542,2022-04-18,0.0003197211481165141,7.026229286566377e-05
3543,2022-04-19,0.00027449653134681284,6.508451042464003e-05
3544,2022-04-20,7.54372522351332e-05,5.936131492489949e-05
3545,2022-04-21,7.706859469180927e-05,6.299099914031103e-05
3546,2022-04-22,0.00010842925257747993,6.651532021351159e-05
3547,2022-04-25,0.00012285132834222168,8.992924267658964e-05
3548,2022-04-26,0.00012652760779019445,0.00011615367839112878
3549,2022-04-27,8.380816871067509e-05,8.609313954366371e-05
3550,2022-04-28,0.0001505676773376763,5.668997982866131e-05
3551,2022-04-29,0.00014264356286730617,5.996770050842315e-05
3552,2022-05-02,0.00014554672816302627,7.54445864004083e-05
3553,2022-05-04,0.00030919298296794295,5.901957774767652e-05
3554,2022-05-05,0.0002177939604735002,6.219540955498815e-05
3555,2022-05-06,0.0002856676001101732,5.918580063735135e-05
3556,2022-05-09,0.00021228889818303287,7.167768490035087e-05
3557,2022-05-10,7.963302050484344e-05,7.227382593555376e-05
3558,2022-05-11,0.0001587161677889526,0.00010451244452269748
3559,2022-05-12,0.00021020500571466982,0.000108379426819738
3560,2022-05-13,0.00027307012351229787,0.00012083624460501596
3561,2022-05-16,9.14881456992589e-05,0.0001324888289673254
3562,2022-05-17,0.00021183709031902254,0.00012316818174440414
3563,2022-05-18,6.080781531636603e-05,0.00012846634490415454
3564,2022-05-19,0.0004626477893907577,0.00015970384993124753
3565,2022-05-20,0.0003179178456775844,0.00017403204401489347
3566,2022-05-23,7.867329259170219e-05,0.00014998439291957766
3567,2022-05-24,4.377058212412521e-05,0.00013040108024142683
3568,2022-05-25,8.01169517217204e-05,0.00012072738900315017
3569,2022-05-26,0.00017638501594774425,0.0001565839775139466
3570,2022-05-27,9.225222311215475e-05,0.00013561906234826893
3571,2022-05-30,0.00015764962881803513,0.0001278293930226937
3572,2022-05-31,6.193308945512399e-05,0.0001178219317807816
3573,2022-06-01,5.4950894991634414e-05,0.00011572787479963154
3574,2022-06-02,5.7343891967320815e-05,0.00011355250171618536
3575,2022-06-03,0.00012605500523932278,9.095416316995397e-05
3576,2022-06-06,4.644385990104638e-05,7.725079194642603e-05
3577,2022-06-07,6.405030580936e-05,8.05207819212228e-05
3578,2022-06-08,7.38027592888102e-05,8.577835978940129e-05
3579,2022-06-09,0.0001101855086744763,7.643180288141593e-05
3580,2022-06-10,0.00016980731743387878,8.094006625469774e-05
3581,2022-06-13,0.00047218496911227703,7.554588228231296e-05
3582,2022-06-14,0.00010938028572127223,7.897474279161543e-05
3583,2022-06-15,1.696466642897576e-05,8.255953434854746e-05
3584,2022-06-16,0.0004664002335630357,7.328550418606028e-05
3585,2022-06-17,9.984752250602469e-05,8.793991582933813e-05
3586,2022-06-20,7.645126606803387e-05,0.00012502371100708842
3587,2022-06-21,0.0001624591095605865,0.00012018288543913513
3588,2022-06-22,8.087803144007921e-05,8.120464190142229e-05
3589,2022-06-23,0.00010040305642178282,9.835542005021125e-05
3590,2022-06-24,6.453252717619762e-05,9.345857688458636e-05
3591,2022-06-27,0.00022307662584353238,7.688492041779682e-05
3592,2022-06-28,6.645319081144407e-05,6.420361751224846e-05
3593,2022-06-29,0.00013214332284405828,7.30059837223962e-05
3594,2022-06-30,4.2084888264071196e-05,7.36473812139593e-05
3595,2022-07-01,0.000162513941177167,6.3863473769743e-05
3596,2022-07-04,5.722512287320569e-05,6.151268462417647e-05
3597,2022-07-05,0.00010802980978041887,6.489869701908901e-05
3598,2022-07-06,5.9169993619434536e-05,7.435472798533738e-05
3599,2022-07-07,7.678644033148885e-05,7.147344149416313e-05
3600,2022-07-08,9.758087253430858e-05,8.138854900607839e-05
3601,2022-07-11,4.997331780032255e-05,6.975699943723157e-05
3602,2022-07-12,5.1791266741929576e-05,7.316685514524579e-05
3603,2022-07-13,6.611127173528075e-05,6.312612822512165e-05
3604,2022-07-14,7.054966408759356e-05,5.806075205327943e-05
3605,2022-07-15,5.1216054998803884e-05,5.809641515952535e-05
3606,2022-07-18,6.757064693374559e-05,5.8794135838979855e-05
3607,2022-07-19,7.013207505224273e-05,6.389802001649514e-05
3608,2022-07-20,0.00019396209972910583,7.028333493508399e-05
3609,2022-07-21,2.5304943847004324e-05,7.27637525415048e-05
3610,2022-07-22,3.552582347765565e-05,5.838501965627074e-05
3611,2022-07-25,3.629549973993562e-05,5.2630097343353555e-05
3612,2022-07-26,3.716752689797431e-05,5.183247776585631e-05
3613,2022-07-27,5.760754720540717e-05,5.051650441600941e-05
3614,2022-07-28,0.00011155229731230065,4.838252789340913e-05
3615,2022-07-29,0.00010742530139395967,4.7098150389501825e-05
3616,2022-08-01,7.552024908363819e-05,4.9288912123302e-05
3617,2022-08-02,3.926103818230331e-05,5.3221898269839585e-05
3618,2022-08-03,4.8394434998044744e-05,5.169149153516628e-05
3619,2022-08-04,0.00017944876162800938,4.8817277274793014e-05
3620,2022-08-05,2.293975376232993e-05,4.7511974116787314e-05
3621,2022-08-08,3.9632712287129834e-05,4.852207348449156e-05
3622,2022-08-10,3.0987859645392746e-05,5.064737706561573e-05
3623,2022-08-11,0.00010930990538327023,5.286445957608521e-05
3624,2022-08-12,1.8391872799838893e-05,5.95487690588925e-05
3625,2022-08-16,3.742754051927477e-05,5.475060243043117e-05
3626,2022-08-17,2.4249991838587448e-05,5.4142110457178205e-05
3627,2022-08-18,2.176057569158729e-05,5.456222061184235e-05
3628,2022-08-19,8.422899554716423e-05,5.41340014024172e-05
3629,2022-08-22,7.26226789993234e-05,5.307430183165707e-05
3630,2022-08-23,0.00014635764819104224,5.007255094824359e-05
3631,2022-08-24,2.5621182430768386e-05,4.779583105118945e-05
3632,2022-08-25,7.939665374578908e-05,4.682419603341259e-05
3633,2022-08-26,6.0783517255913466e-05,5.291313209454529e-05
3634,2022-08-29,0.0005075152730569243,6.107881927164271e-05
3635,2022-08-30,0.00018932067905552685,6.248518184293061e-05
3636,2022-09-01,0.0003157372120767832,5.327699545887299e-05
3637,2022-09-02,4.045851528644562e-05,5.459345265990123e-05
3638,2022-09-05,2.2447133233072236e-05,5.368292477214709e-05
3639,2022-09-06,3.600102718337439e-05,6.734548514941707e-05
3640,2022-09-07,9.004029561765492e-05,5.5791497288737446e-05
3641,2022-09-08,6.541611946886405e-05,6.250180740607902e-05
3642,2022-09-09,7.127591379685327e-05,5.686432996299118e-05
3643,2022-09-12,2.0845711333095096e-05,5.18974666192662e-05
3644,2022-09-13,4.161827018833719e-05,5.3011222917120904e-05
3645,2022-09-14,0.00039307342376559973,5.612883251160383e-05
3646,2022-09-15,6.383346044458449e-05,5.331435750122182e-05
3647,2022-09-16,0.0001330880622845143,5.33642087248154e-05
3648,2022-09-19,6.573525752173737e-05,4.9076061259256676e-05
3649,2022-09-20,0.00010801290773088112,4.568213989841752e-05
3650,2022-09-21,4.035974052385427e-05,5.107367906020954e-05
3651,2022-09-22,7.658897084183991e-05,5.4377243941416964e-05
3652,2022-09-23,0.00013953735469840467,7.168608863139525e-05
3653,2022-09-26,0.00015285740664694458,6.241800292627886e-05
3654,2022-09-27,9.324793063569814e-05,5.494748620549217e-05
3655,2022-09-28,0.00013858212332706898,5.519653859664686e-05
3656,2022-09-29,0.0001297919952776283,5.862896068720147e-05
3657,2022-09-30,0.00022773168166168034,8.335605525644496e-05
3658,2022-10-03,7.903366349637508e-05,0.00010716672841226682
3659,2022-10-04,0.0002667271764948964,0.00010309043136658147
3660,2022-10-06,5.1972510846098885e-05,0.00010721036960603669
3661,2022-10-07,2.5207948056049645e-05,0.00010384667984908447
3662,2022-10-10,0.00021673826267942786,9.477492130827159e-05
3663,2022-10-11,0.00011360276403138414,9.789098839974031e-05
3664,2022-10-12,4.666518361773342e-05,7.81881608418189e-05
3665,2022-10-13,3.3351087040500715e-05,6.597107858397067e-05
3666,2022-10-14,0.00035791718983091414,6.0934013163205236e-05
3667,2022-10-17,6.652611045865342e-05,7.291414658538997e-05
3668,2022-10-18,6.435595423681661e-05,9.472387318965048e-05
3669,2022-10-19,4.1040537325898185e-05,7.14652705937624e-05
3670,2022-10-20,5.572019290411845e-05,6.340977415675297e-05
3671,2022-10-21,3.514734635245986e-05,6.057617429178208e-05
3672,2022-10-24,8.766083919908851e-05,5.78544131712988e-05
3673,2022-10-25,5.2045714255655184e-05,5.347644037101418e-05
3674,2022-10-27,6.498676521005109e-05,5.2969477110309526e-05
3675,2022-10-28,1.5468276615138166e-05,5.309834887157194e-05
3676,2022-10-31,6.357222446240485e-05,5.320799391483888e-05
3677,2022-11-01,5.8084398915525526e-05,4.9903883336810395e-05
3678,2022-11-02,2.1625770386890508e-05,5.134501770953648e-05
3679,2022-11-03,6.451788067352027e-05,5.008668085793033e-05
3680,2022-11-04,1.4519548130920157e-05,4.5852677430957556e-05
3681,2022-11-07,7.250440830830485e-05,4.213355714455247e-05
3682,2022-11-09,5.5304084526142105e-05,4.037198596051894e-05
3683,2022-11-10,5.687447264790535e-05,3.991762423538603e-05
3684,2022-11-11,0.00019156181951984763,4.11229302699212e-05
3685,2022-11-14,9.800694897421636e-06,3.80431956727989e-05
3686,2022-11-15,2.7386540750740096e-05,3.830714194918983e-05
3687,2022-11-16,9.910635526466649e-06,4.050090137752704e-05
3688,2022-11-17,1.91597191587789e-05,4.4002321374136955e-05
3689,2022-11-18,4.570371675072238e-05,3.94581766158808e-05
3690,2022-11-21,2.8143120289314538e-05,3.571752313291654e-05
3691,2022-11-22,1.7171794752357528e-05,3.496370845823549e-05
3692,2022-11-23,2.638549813127611e-05,3.362202551215887e-05
3693,2022-11-24,6.522139301523566e-05,3.3840577088994905e-05
3694,2022-11-25,1.715593498374801e-05,3.615537571022287e-05
3695,2022-11-28,8.018490916583687e-05,3.836787072941661e-05
3696,2022-11-29,1.892729414976202e-05,3.596719034248963e-05
3697,2022-11-30,4.036348036606796e-05,3.4043634514091536e-05
3698,2022-12-01,4.8016310756793246e-05,3.417781772441231e-05
3699,2022-12-02,3.0254179364419542e-05,3.2729327358538285e-05
3700,2022-12-05,2.9057504434604198e-05,3.473647666396573e-05
3701,2022-12-06,3.4783217415679246e-05,3.362830830155872e-05
3702,2022-12-07,1.8901553630712442e-05,3.4075987059623e-05
3703,2022-12-08,8.08525328466203e-06,3.412457226659171e-05
3704,2022-12-09,7.802592881489545e-05,3.627899059210904e-05
3705,2022-12-12,5.752107608714141e-05,3.697865759022534e-05
3706,2022-12-13,1.8446451576892287e-05,3.6503082810668275e-05
3707,2022-12-14,1.5308023648685776e-05,3.734766869456507e-05
3708,2022-12-15,7.500868377974257e-05,3.38712525262963e-05
3709,2022-12-16,7.24957644706592e-05,3.726374052348547e-05
3710,2022-12-19,3.70054658560548e-05,3.891262167599052e-05
3711,2022-12-20,7.317271229112521e-05,3.555381772457622e-05
3712,2022-12-21,0.00010387490328866988,3.290876338724047e-05
3713,2022-12-22,8.820255607133731e-05,3.721338725881651e-05
3714,2022-12-23,0.0001472382282372564,4.2526469769654796e-05
3715,2022-12-26,0.00010153417679248378,3.9967679185792804e-05
3716,2022-12-27,6.215769826667383e-05,4.171307955402881e-05
3717,2022-12-28,1.9133625755785033e-05,4.948026980855502e-05
3718,2022-12-29,7.535758049925789e-05,5.472418342833407e-05
3719,2022-12-30,4.921897198073566e-05,7.569704030174762e-05
3720,2023-01-02,1.959854125743732e-05,6.345962174236774e-05
3721,2023-01-03,1.412358324159868e-05,5.489489922183566e-05
3722,2023-01-04,5.0835667934734374e-05,5.0576905778143555e-05
3723,2023-01-05,7.058674964355305e-05,5.266564039629884e-05
3724,2023-01-06,6.728744483552873e-05,5.5195330787682906e-05
3725,2023-01-09,7.10004023858346e-05,5.2137616876279935e-05
3726,2023-01-10,8.054005593294278e-05,4.933104355586693e-05
3727,2023-01-11,2.453181878081523e-05,5.3912157454760745e-05
3728,2023-01-12,4.256208922015503e-05,5.7627046771813184e-05
3729,2023-01-13,5.5472693929914385e-05,6.414046220015734e-05
3730,2023-01-16,5.866677383892238e-05,5.5348878959193826e-05
3731,2023-01-17,3.8246438634814695e-05,5.798991696792655e-05
3732,2023-01-18,2.5205255951732397e-05,5.526664972421713e-05
3733,2023-01-19,1.4800852113694418e-05,5.559021155931987e-05
3734,2023-01-20,1.762051942932885e-05,5.527550456463359e-05
3735,2023-01-23,3.5252520319772884e-05,5.673492341884412e-05
3736,2023-01-24,2.8693322747130878e-05,5.387073179008439e-05
3737,2023-01-25,7.083625678205863e-05,5.1609087677206844e-05
3738,2023-01-27,0.00017590993957128376,5.04748968523927e-05
3739,2023-01-30,0.00011804742098320276,5.125260213389993e-05
3740,2023-01-31,7.899726915638894e-05,4.945936962030828e-05
3741,2023-02-01,0.0004894500598311424,4.8749676352599636e-05
3742,2023-02-02,7.935381290735677e-05,5.4604493925580755e-05
3743,2023-02-03,0.00014187079796101898,7.55603687139228e-05
3744,2023-02-06,2.441244214423932e-05,7.649415783816949e-05
3745,2023-02-07,3.104130519204773e-05,6.373570067808032e-05
3746,2023-02-08,2.8365879188640974e-05,7.637569797225296e-05
3747,2023-02-09,2.7105323169962503e-05,6.808066973462701e-05
3748,2023-02-10,1.3291119103087112e-05,6.375163502525538e-05
3749,2023-02-13,2.817107451846823e-05,5.889470048714429e-05
3750,2023-02-14,4.036940663354471e-05,6.095278513384983e-05
3751,2023-02-15,3.783392457989976e-05,5.6683602451812476e-05
3752,2023-02-16,3.7402918678708375e-05,5.6374479754595086e-05
3753,2023-02-17,3.44205618603155e-05,5.555931056733243e-05
3754,2023-02-20,3.759413448278792e-05,5.712790152756497e-05
3755,2023-02-21,2.8032440241076984e-05,5.487856833497062e-05
3756,2023-02-22,8.002021058928221e-05,5.351399158826098e-05
3757,2023-02-23,3.068452133447863e-05,5.268246968626045e-05
3758,2023-02-24,5.6801138271111995e-05,5.362146839615889e-05
3759,2023-02-27,3.554470094968565e-05,5.469715688377619e-05
3760,2023-02-28,3.820662823272869e-05,5.266247899271548e-05
3761,2023-03-01,2.7116024284623563e-05,6.0176229453645647e-05
3762,2023-03-02,2.4608581952634268e-05,5.7376164477318525e-05
3763,2023-03-03,0.00010732423834269866,5.6606084399390966e-05
3764,2023-03-06,4.7704161261208355e-05,5.602369856205769e-05
3765,2023-03-08,3.82061189156957e-05,5.687919110641815e-05
3766,2023-03-09,4.4052205339539796e-05,4.879144034930505e-05
3767,2023-03-10,9.41150719881989e-05,4.89788108097855e-05
3768,2023-03-13,0.00019818493456114084,4.471879583434202e-05
3769,2023-03-14,6.430540088331327e-05,4.244498995831236e-05
3770,2023-03-15,0.00013728917110711336,4.160037497058511e-05
3771,2023-03-16,5.883564517716877e-05,4.471465581445955e-05
3772,2023-03-17,0.00010806258069351315,5.002658144803718e-05
3773,2023-03-20,9.883438178803772e-05,7.498278864659369e-05
3774,2023-03-21,3.276055213063955e-05,7.582442776765674e-05
3775,2023-03-22,2.7980198865407147e-05,8.01498899818398e-05
3776,2023-03-23,4.55041736131534e-05,7.211327465483919e-05
3777,2023-03-24,4.269971395842731e-05,6.374993245117366e-05
3778,2023-03-27,4.1040188079932705e-05,7.423632632708177e-05
3779,2023-03-28,3.2676740374881774e-05,5.741913628298789e-05
3780,2023-03-29,4.188680759398267e-05,5.501334453583695e-05
3781,2023-03-31,9.276311902794987e-05,5.721246270695701e-05
3782,2023-04-03,3.789560287259519e-05,5.995757601340301e-05
3783,2023-04-05,3.2981748518068343e-05,5.794751632492989e-05
3784,2023-04-06,2.1687916159862652e-05,5.673167834174819e-05
3785,2023-04-10,1.507249180576764e-05,5.4569194617215544e-05
3786,2023-04-11,3.070547973038629e-05,5.171545490156859e-05
3787,2023-04-12,1.768027686921414e-05,5.117294131196104e-05
3788,2023-04-13,1.7520082110422663e-05,4.978813012712635e-05
3789,2023-04-17,0.00011108445323770866,4.9638361815596e-05
3790,2023-04-18,4.0156912291422486e-05,4.773729233420454e-05
3791,2023-04-19,8.828844329400454e-06,4.6016422857064754e-05
3792,2023-04-20,1.194078959088074e-05,4.419598917593248e-05
3793,2023-04-21,1.5793939383001998e-05,4.369042653706856e-05
3794,2023-04-24,5.112884900881909e-05,4.9102232878794894e-05
3795,2023-04-25,9.67872892942978e-06,4.7058234486030415e-05
3796,2023-04-26,1.612808591744397e-05,4.3309348257025704e-05
3797,2023-04-27,1.8811495465342887e-05,4.056983016198501e-05
3798,2023-04-28,4.8417561629321426e-05,3.909115184796974e-05
3799,2023-05-02,1.7207039491040632e-05,3.756435035029426e-05
3800,2023-05-03,1.1063074452977162e-05,3.5273435059934855e-05
3801,2023-05-04,4.146906576352194e-05,3.452533928793855e-05
3802,2023-05-05,9.163431968772784e-05,3.3677672035992146e-05
3803,2023-05-08,4.3492953409440815e-05,3.399704291950911e-05
3804,2023-05-09,1.7558755644131452e-05,3.2517047657165676e-05
3805,2023-05-10,2.783907621051185e-05,3.204911990906112e-05
3806,2023-05-11,1.953783430508338e-05,3.213021773262881e-05
3807,2023-05-12,2.6005627660197206e-05,3.660103539004922e-05
3808,2023-05-15,3.054423359571956e-05,3.495843702694401e-05
3809,2023-05-16,3.209092756151222e-05,3.440589352976531e-05
3810,2023-05-17,4.16772163589485e-05,3.420671419007704e-05
3811,2023-05-18,7.147972064558417e-05,3.4487529774196446e-05
3812,2023-05-19,4.6937446313677356e-05,3.5308908991282806e-05
3813,2023-05-22,2.4621234842925332e-05,3.559019023668952e-05
3814,2023-05-23,1.6988287825370207e-05,3.730950993485749e-05
3815,2023-05-24,3.050284067285247e-05,4.046503818244673e-05
3816,2023-05-25,2.1546351490542293e-05,4.1924449760699645e-05
3817,2023-05-26,3.771112460526638e-05,4.0738133975537494e-05
3818,2023-05-29,4.5124230382498354e-05,3.87632790079806e-05
3819,2023-05-30,7.4096528805966955e-06,3.727419607457705e-05
3820,2023-05-31,2.008306182688102e-05,3.87119289371185e-05
3821,2023-06-01,1.9493278159643523e-05,3.7965812225593254e-05
3822,2023-06-02,2.1393809220171534e-05,3.665993062895723e-05
3823,2023-06-05,2.101231257256586e-05,3.448107963777147e-05
3824,2023-06-06,1.0067089533549733e-05,3.302483673905954e-05
3825,2023-06-07,2.317505823157262e-05,3.40128353855107e-05
3826,2023-06-08,2.6158102627960034e-05,3.4083201171597466e-05
3827,2023-06-09,1.571035318193026e-05,3.340854527777992e-05
3828,2023-06-12,8.117510333249811e-06,3.1361865694634616e-05
3829,2023-06-13,1.1922435078304261e-05,3.078702138736844e-05
3830,2023-06-14,9.856513315753546e-06,2.983110061904881e-05
3831,2023-06-15,1.5896936019998975e-05,3.18231905112043e-05
3832,2023-06-16,2.6689624064601958e-05,3.207272311556153e-05
3833,2023-06-19,3.203087908332236e-05,3.0517621780745685e-05
3834,2023-06-20,3.470684168860316e-05,2.9165306841605343e-05
3835,2023-06-21,1.0303975614078809e-05,2.8764805392711423e-05
3836,2023-06-22,1.5683392120990902e-05,2.98794184345752e-05
3837,2023-06-23,1.3910122106608469e-05,2.9813949367962778e-05
3838,2023-06-26,6.205987574503524e-06,3.142713467241265e-05
3839,2023-06-27,2.2382191673386842e-05,3.229512367397547e-05
3840,2023-06-28,4.399694807943888e-05,3.0820927349850535e-05
3841,2023-06-30,6.042656605131924e-05,3.184879096806981e-05
3842,2023-07-03,2.0055309505551122e-05,3.262496102252044e-05
3843,2023-07-04,3.802179344347678e-05,3.103757626377046e-05
3844,2023-07-05,8.320676897710655e-06,3.0242639695643447e-05
3845,2023-07-06,1.768456058925949e-05,3.0431710911216214e-05
3846,2023-07-07,6.181436765473336e-05,3.063671101699583e-05
3847,2023-07-10,2.300925370946061e-05,2.9986036679474637e-05
3848,2023-07-11,2.6401405193610117e-05,3.088612720603123e-05
3849,2023-07-12,2.7974539989372715e-05,3.038319482584484e-05
3850,2023-07-13,6.293234037002549e-05,3.0244804293033667e-05
3851,2023-07-14,4.036413520225324e-05,3.465663394308649e-05
3852,2023-07-17,3.128058961010538e-05,3.363036012160592e-05
3853,2023-07-18,2.9621880457852967e-05,3.27565248881001e-05
3854,2023-07-19,2.3151929781306535e-05,3.371440470800735e-05
3855,2023-07-20,4.9188281991519034e-05,3.5294400731800124e-05
3856,2023-07-21,0.00011183819879079238,3.457486309343949e-05
3857,2023-07-24,1.3665646292793099e-05,3.40763435815461e-05
3858,2023-07-25,2.2970336431171745e-05,3.4335909731453285e-05
3859,2023-07-26,1.80155475391075e-05,3.394977102288976e-05
3860,2023-07-27,7.477399049093947e-05,3.4931978007080033e-05
3861,2023-07-28,1.7000671505229548e-05,4.106187407160178e-05
3862,2023-07-31,2.9523034754674882e-05,3.90736386179924e-05
3863,2023-08-01,9.661364856583532e-06,3.786966044572182e-05
3864,2023-08-02,7.780702435411513e-05,3.596372334868647e-05
3865,2023-08-03,6.160444900160655e-05,4.031227945233695e-05
3866,2023-08-04,2.6665018594940193e-05,3.9238428144017234e-05
3867,2023-08-07,1.7991167624131776e-05,3.789173570112325e-05
3868,2023-08-08,1.2043604328937363e-05,3.568483953131363e-05
3869,2023-08-09,3.596674287109636e-05,4.186160731478594e-05
3870,2023-08-10,1.6938331100391224e-05,4.788292426383123e-05
3871,2023-08-11,1.914483254950028e-05,4.05733117077034e-05
3872,2023-08-14,5.1328857807675377e-05,3.768013630178757e-05
3873,2023-08-16,3.67206048395019e-05,3.622975782491267e-05
3874,2023-08-17,1.750054616422858e-05,3.674106119433418e-05
3875,2023-08-18,2.3779230104992166e-05,3.7228681321721524e-05
3876,2023-08-21,1.528939355921466e-05,3.778153404709883e-05
3877,2023-08-22,4.975753654434811e-06,3.9191942050820217e-05
3878,2023-08-23,1.63242693815846e-05,3.84494815079961e-05
3879,2023-08-24,6.36887998552993e-05,3.835005554719828e-05
3880,2023-08-25,3.208089401596226e-05,3.847460538963787e-05
3881,2023-08-28,1.512630387878744e-05,3.6320325307315215e-05
3882,2023-08-29,1.7678843505564146e-05,3.3288517442997545e-05
3883,2023-08-30,3.439464126131497e-05,3.241521699237637e-05
3884,2023-08-31,2.6753257770906202e-05,3.518007724778727e-05
3885,2023-09-01,3.750679024960846e-05,3.627352634794079e-05
3886,2023-09-04,3.7194829928921536e-05,3.46837769029662e-05
3887,2023-09-05,7.228047252283432e-06,3.2395622838521376e-05
3888,2023-09-06,2.1829062461620197e-05,3.236594784539193e-05
3889,2023-09-07,3.200861465302296e-05,3.394047962501645e-05
3890,2023-09-08,2.24241321120644e-05,3.288215884822421e-05
3891,2023-09-11,2.9802040444337763e-05,3.209282658644952e-05
3892,2023-09-12,6.919025327078998e-05,3.0189994504326023e-05
3893,2023-09-13,1.9706794773810543e-05,3.080667374888435e-05
3894,2023-09-14,2.1252033548080362e-05,3.132922211079858e-05
3895,2023-09-15,1.4038097106094938e-05,3.137260500807315e-05
3896,2023-09-18,8.805332981864922e-06,3.0791896278969944e-05
3897,2023-09-20,8.42801746330224e-05,3.301655306131579e-05
3898,2023-09-21,2.6373121727374382e-05,3.305243808426894e-05
3899,2023-09-22,1.8190747141488828e-05,3.306763755972497e-05
3900,2023-09-25,1.5294905097107403e-05,3.187175752827898e-05
3901,2023-09-26,3.5513105558493407e-06,3.158548133797012e-05
3902,2023-09-27,3.2927033316809684e-05,3.681900125229731e-05
3903,2023-09-28,7.192603516159579e-05,3.822182407020591e-05
3904,2023-09-29,3.787031164392829e-05,3.791559356614016e-05
3905,2023-10-03,2.069850597763434e-05,3.6833716876572e-05
3906,2023-10-04,3.871362787322141e-05,3.341967021697201e-05
3907,2023-10-05,2.635637611092534e-05,3.3813706977525726e-05
3908,2023-10-06,2.1333604308892973e-05,3.914883563993499e-05
3909,2023-10-09,4.432743662619032e-05,3.745103458641097e-05
3910,2023-10-10,2.833943653968163e-05,3.778694008360617e-05
3911,2023-10-11,2.1303858375176787e-05,3.9029913750709966e-05
3912,2023-10-12,4.547747266769875e-06,3.5710472729988396e-05
3913,2023-10-13,7.58082969696261e-05,3.333327913424e-05
3914,2023-10-16,7.281903890543617e-06,3.552806083462201e-05
3915,2023-10-17,3.708849544636905e-05,3.3366959542036057e-05
3916,2023-10-18,2.8563474188558757e-05,3.120461042271927e-05
3917,2023-10-19,6.655910692643374e-05,2.9928642106824555e-05
3918,2023-10-20,2.3294136553886347e-05,3.1993447919376194e-05
3919,2023-10-23,8.112708746921271e-05,3.0927956686355174e-05
3920,2023-10-25,6.76434428896755e-05,2.996562579937745e-05
3921,2023-10-26,6.381118146236986e-05,3.217446283088066e-05
3922,2023-10-27,3.579154872568324e-05,3.4289540053578094e-05
3923,2023-10-30,5.214955672272481e-05,3.3343581890221685e-05
3924,2023-10-31,5.2398867410374805e-05,4.0640112274559215e-05
3925,2023-11-01,1.4699893654324114e-05,4.727851410279982e-05
3926,2023-11-02,5.848170258104801e-05,5.390644582803361e-05
3927,2023-11-03,3.555941293598153e-05,4.2122392187593505e-05
3928,2023-11-06,4.766327765537426e-05,4.179168172413483e-05
3929,2023-11-07,1.0969936738547403e-05,4.234919833834283e-05
3930,2023-11-08,8.982711733551696e-06,4.1414921724935994e-05
3931,2023-11-09,7.112737876013853e-06,3.8991074688965455e-05
3932,2023-11-10,1.82160747499438e-05,3.6135243135504425e-05
3933,2023-11-13,1.5932177120703273e-05,3.421173823880963e-05
3934,2023-11-15,0.00012662044900935143,3.328629463794641e-05
3935,2023-11-16,5.556890391744673e-05,3.143649155390449e-05
3936,2023-11-17,4.1158909880323336e-05,3.065638156840578e-05
3937,2023-11-20,6.312086043180898e-06,3.054484477615915e-05
3938,2023-11-21,2.0635239707189612e-05,2.986323852383066e-05
3939,2023-11-22,1.6276404494419694e-05,2.962346661661286e-05
3940,2023-11-23,8.102691936073825e-06,3.127169838990085e-05
3941,2023-11-24,3.6063167954125674e-06,3.2379561162088066e-05
3942,2023-11-28,1.808937122405041e-05,3.118845779681578e-05
3943,2023-11-29,3.756929800147191e-05,3.0198172680684365e-05
3944,2023-11-30,2.0757968741236255e-05,3.0547904316335917e-05
3945,2023-12-01,1.878224065876566e-05,3.0326169508043677e-05
3946,2023-12-04,0.0003017369017470628,2.9132059353287332e-05
3947,2023-12-05,5.857893847860396e-05,2.9022166927461512e-05
3948,2023-12-06,3.422681038500741e-05,2.879488602047786e-05
3949,2023-12-07,7.575095423817402e-06,2.9541170079028234e-05
3950,2023-12-08,1.8912172890850343e-05,2.890077666961588e-05
3951,2023-12-11,8.047790288401302e-06,2.9495002308976837e-05
3952,2023-12-12,2.3548702301923186e-05,3.052283136639744e-05
3953,2023-12-13,4.0141178033081815e-05,3.099078458035365e-05
3954,2023-12-14,9.058833529707044e-05,3.0794657504884526e-05
3955,2023-12-15,7.292408554349095e-05,3.1312105420511216e-05
3956,2023-12-18,1.0983178981405217e-05,3.0835475627100095e-05
3957,2023-12-19,3.3300650102319196e-05,3.2700281735742465e-05
3958,2023-12-20,0.00020652278908528388,3.423800808377564e-05
3959,2023-12-21,0.00010361182648921385,3.299055606476031e-05
3960,2023-12-22,2.22603866859572e-05,3.347743768244982e-05
3961,2023-12-26,1.6389161828556098e-05,3.334142093081027e-05
3962,2023-12-27,3.0598581361118704e-05,3.438053681747988e-05
3963,2023-12-28,1.859088115452323e-05,4.5345364924287423e-05
3964,2023-12-29,9.997065717470832e-06,4.499360147747211e-05
3965,2024-01-01,1.7888498405227438e-05,4.1138308006338775e-05
3966,2024-01-02,3.640590875875205e-05,3.932106483262032e-05
3967,2024-01-03,2.2586604245589115e-05,3.786001980188303e-05
3968,2024-01-04,2.7381842301110737e-05,3.720096356119029e-05
3969,2024-01-05,1.5906216503935866e-05,3.666174961836077e-05
3970,2024-01-08,5.588415660895407e-05,3.684214607346803e-05
3971,2024-01-09,7.415792788378894e-05,3.91672074329108e-05
3972,2024-01-10,2.9603637813124806e-05,4.0604860259918496e-05
3973,2024-01-11,2.2834983610664494e-05,3.683529939735308e-05
3974,2024-01-12,6.608385592699051e-05,3.5243410820839927e-05
3975,2024-01-15,7.132222526706755e-05,3.940887108910829e-05
3976,2024-01-16,1.705842078081332e-05,4.059308776049875e-05
3977,2024-01-17,0.0003977419401053339,3.943797491956502e-05
3978,2024-01-18,0.00010226202721241862,3.861137884086929e-05
3979,2024-01-19,5.692217018804513e-05,3.790658956859261e-05
3980,2024-01-23,0.0002466416044626385,3.706349525600672e-05
3981,2024-01-24,9.48331507970579e-05,3.7522102502407506e-05
3982,2024-01-25,4.018828985863365e-05,5.358783164410852e-05
3983,2024-01-29,9.52586269704625e-05,5.9604280977509916e-05
3984,2024-01-30,7.280283170985058e-05,4.6282511902973056e-05
3985,2024-01-31,6.476465205196291e-05,6.241311348276213e-05
3986,2024-02-01,2.782850970106665e-05,5.3608127927873284e-05
3987,2024-02-02,0.00014690148236695677,5.3149771702010185e-05
3988,2024-02-05,4.8866648285184056e-05,4.96734501211904e-05
3989,2024-02-06,4.0889543015509844e-05,5.457377847051248e-05
3990,2024-02-07,5.613477696897462e-05,5.3081184887560084e-05
3991,2024-02-08,9.932506509358063e-05,5.3237534302752465e-05
3992,2024-02-09,2.553461308707483e-05,5.5398730182787403e-05
3993,2024-02-12,4.7767032810952514e-05,5.729502663598396e-05
3994,2024-02-13,4.697120675700717e-05,5.561327634495683e-05
3995,2024-02-14,0.00014109374023973942,5.606120976153761e-05
3996,2024-02-15,2.9962624466861598e-05,6.246283737709746e-05
3997,2024-02-16,3.2024709071265534e-05,5.7487293815938756e-05
3998,2024-02-19,2.683840284589678e-05,5.925927325733937e-05
3999,2024-02-20,2.151786975446157e-05,5.704264549422078e-05
4000,2024-02-21,5.10254358232487e-05,6.104720523580909e-05
4001,2024-02-22,0.00011842663661809638,5.688733290298842e-05
4002,2024-02-23,1.9272918507340364e-05,5.151776349521242e-05
4003,2024-02-26,1.488166981289396e-05,4.911126961815171e-05
4004,2024-02-27,1.4296094377641566e-05,4.654499571188353e-05
4005,2024-02-28,6.869647768326104e-05,4.9691931053530425e-05
4006,2024-02-29,2.7924483219976537e-05,5.110636993777007e-05
4007,2024-03-01,7.320650183828548e-05,4.632610216503963e-05
4008,2024-03-04,1.2930171578773297e-05,4.4121283281128854e-05
4009,2024-03-05,1.7939868484972976e-05,4.001851993962191e-05
4010,2024-03-06,5.55049700778909e-05,4.5198445150163025e-05
4011,2024-03-07,9.132560990110505e-06,4.372130933916196e-05
4012,2024-03-11,3.3586420613573864e-05,3.838111661025323e-05
4013,2024-03-12,2.647164546942804e-05,3.4117638278985396e-05
4014,2024-03-13,0.00022304683807305992,3.274402843089774e-05
4015,2024-03-14,5.695882282452658e-05,3.326779551571235e-05
4016,2024-03-15,3.895795452990569e-05,3.082747934968211e-05
4017,2024-03-18,3.1600062357028946e-05,3.285585989942774e-05
4018,2024-03-19,4.867339521297254e-05,3.329909304738976e-05
4019,2024-03-20,3.647656558314338e-05,4.50629522674717e-05
4020,2024-03-21,6.092389958212152e-05,4.250372148817405e-05
4021,2024-03-22,7.466660463251173e-05,4.313186218496412e-05
4022,2024-03-26,5.966120806988329e-05,4.1729272197699174e-05
4023,2024-03-27,2.1640398699673824e-05,4.6282777475425974e-05
4024,2024-03-28,0.00010938633931800723,4.652635470847599e-05
4025,2024-04-01,4.0629340219311416e-05,4.277433981769718e-05
4026,2024-04-02,8.328632247867063e-06,4.367738438304514e-05
4027,2024-04-03,3.0575240089092404e-05,4.430009357747622e-05
4028,2024-04-04,0.00013630822650156915,3.974725404987112e-05
4029,2024-04-05,1.0291071703250054e-05,4.0537113818572834e-05
4030,2024-04-08,2.2301801436697133e-05,3.7757221434731036e-05
4031,2024-04-09,3.53136238118168e-05,3.510168971843086e-05
4032,2024-04-10,1.8736691345111467e-05,3.5188735637348145e-05
4033,2024-04-12,4.451035420061089e-05,3.785503940889612e-05
4034,2024-04-15,8.71215233928524e-05,3.470313095021993e-05
4035,2024-04-16,5.637936919811182e-05,3.2429561542812735e-05
4036,2024-04-18,0.00010317639680579305,3.245753396186046e-05
4037,2024-04-19,0.00015143056225497276,3.0100211006356403e-05
4038,2024-04-22,0.00010043916699942201,3.3862856071209535e-05
4039,2024-04-23,3.108924283878878e-05,3.9752936572767794e-05
4040,2024-04-24,1.2201337995065842e-05,4.1626648453529924e-05
4041,2024-04-25,8.43862653709948e-05,4.839351095142774e-05
4042,2024-04-26,4.242054637870751e-05,4.7062050725799054e-05
4043,2024-04-29,3.6682911741081625e-05,4.2577270505717024e-05
4044,2024-04-30,3.518890298437327e-05,3.757717786356807e-05
4045,2024-05-02,1.8402224668534473e-05,3.423350426601246e-05
4046,2024-05-03,0.0001645086595090106,3.3888536563608795e-05
4047,2024-05-06,3.577506868168712e-05,3.611549982451834e-05
4048,2024-05-07,5.461266482598148e-05,3.354247019160539e-05
4049,2024-05-08,3.2997071684803814e-05,3.461389133008197e-05
4050,2024-05-09,0.0001108672731788829,3.320348332636058e-05
4051,2024-05-10,2.5495823138044216e-05,3.993114296463318e-05
4052,2024-05-13,8.96978162927553e-05,3.971148544223979e-05
4053,2024-05-14,2.4581044272053987e-05,4.3818650738103315e-05
4054,2024-05-15,1.7179134374600835e-05,4.309223004383966e-05
4055,2024-05-16,0.00016121727821882814,5.410762969404459e-05
4056,2024-05-17,1.7133043002104387e-05,4.88339428557083e-05
4057,2024-05-21,3.301897959318012e-05,5.0514434406068176e-05
4058,2024-05-22,2.0834244423895143e-05,4.687177715823054e-05
4059,2024-05-23,0.00011308962712064385,4.4997548684477806e-05
4060,2024-05-24,1.2717318895738572e-05,4.7244982852134854e-05
4061,2024-05-27,4.878623076365329e-05,4.487407932174392e-05
4062,2024-05-28,1.6299052731483243e-05,4.380628524813801e-05
4063,2024-05-29,4.394549614517018e-05,4.1639708797447383e-05
4064,2024-05-30,6.936983845662326e-05,4.05893697461579e-05
4065,2024-05-31,3.579264375730418e-05,3.8595440855715424e-05
4066,2024-06-03,0.0013107722625136375,4.1043826058739796e-05
4067,2024-06-04,0.0027125002816319466,4.069883652846329e-05
4068,2024-06-05,0.0006997220916673541,4.307028939365409e-05
4069,2024-06-06,0.00011009674926754087,5.099084955872968e-05
4070,2024-06-07,0.00017930693866219372,4.801663089892827e-05
4071,2024-06-10,2.4542840037611313e-05,4.268135307938792e-05
4072,2024-06-11,2.2787689886172302e-05,0.00010012928396463394
4073,2024-06-12,2.75446982413996e-05,9.95438385871239e-05
4074,2024-06-13,5.6653068895684555e-05,8.693328709341586e-05
4075,2024-06-14,2.9394503144430928e-05,8.99539518286474e-05
4076,2024-06-18,2.5250750695704482e-05,8.260639879154041e-05
4077,2024-06-19,4.9958071031142026e-05,7.618735253345221e-05
4078,2024-06-20,3.2977906812448055e-05,6.971596303628758e-05
4079,2024-06-21,6.50932706776075e-05,6.686148844892159e-05
4080,2024-06-24,5.219204831519164e-05,6.513878179248422e-05
4081,2024-06-25,2.5088796974159777e-05,6.0512949858093634e-05
4082,2024-06-26,2.9075494239805266e-05,6.160668272059411e-05
4083,2024-06-27,4.718446507467888e-05,5.9368452639319e-05
4084,2024-06-28,2.5476745577179827e-05,6.077858779462986e-05
4085,2024-07-01,1.789542511687614e-05,5.775127647211775e-05
4086,2024-07-02,3.343694697832689e-05,5.034995047026314e-05
4087,2024-07-03,5.6106786360032856e-05,4.581394387059845e-05
4088,2024-07-04,1.9917502868338488e-05,4.3474290578160435e-05
4089,2024-07-05,3.475109042483382e-05,4.263200389686972e-05
4090,2024-07-08,8.464914571959525e-06,3.875477705150843e-05
4091,2024-07-09,8.644293302495498e-06,3.794728036154993e-05
4092,2024-07-10,7.695409294683486e-05,3.50945265381597e-05
4093,2024-07-11,4.082762825419195e-05,3.25378350680694e-05
4094,2024-07-12,4.7132787585724145e-05,3.1944488000590354e-05
4095,2024-07-15,1.9159753719577566e-05,2.9038419597782195e-05
4096,2024-07-16,4.573674232233316e-06,2.663683335413225e-05
4097,2024-07-18,6.924822082510218e-05,2.879653220588807e-05
4098,2024-07-19,7.16170688974671e-05,3.003580786753446e-05
4099,2024-07-22,4.203306161798537e-05,2.9761737096123397e-05
4100,2024-07-23,0.00023590614728163928,2.827394382620696e-05
4101,2024-07-24,2.470164508849848e-05,2.632309406180866e-05
4102,2024-07-25,8.27303301775828e-05,2.6804076696862467e-05
4103,2024-07-26,0.00011362128134351224,3.138445390504785e-05
4104,2024-07-29,4.619744868250564e-05,3.265347550041042e-05
4105,2024-07-30,1.886531936179381e-05,3.86745814466849e-05
4106,2024-07-31,1.0188788110099267e-05,3.7868579966016114e-05
4107,2024-08-01,1.8065422409563325e-05,3.863926758640446e-05
4108,2024-08-02,9.470011718804017e-05,3.753717101062648e-05
4109,2024-08-05,0.00041329479427076876,3.8490463339257985e-05
4110,2024-08-06,0.0001466843532398343,3.784998261835426e-05
4111,2024-08-07,0.00016663080896250904,3.556402589310892e-05
4112,2024-08-08,4.4309304939815775e-05,3.428091076784767e-05
4113,2024-08-09,0.00013067468535155058,3.970558100263588e-05
4114,2024-08-12,4.182660995866172e-05,6.493119872175157e-05
4115,2024-08-13,3.404645758564584e-05,7.479988562408835e-05
4116,2024-08-14,9.442087502975482e-06,5.61222514079418e-05
4117,2024-08-16,0.00014107880997471511,5.8488680224400014e-05
4118,2024-08-19,2.361022779950872e-05,5.162192974239588e-05
4119,2024-08-20,1.842115307226777e-05,5.1311584684299305e-05
4120,2024-08-21,1.0335164006392006e-05,5.3392359404824674e-05
4121,2024-08-22,1.8114385966327973e-05,4.642685235012323e-05
4122,2024-08-23,6.701914117002161e-06,4.31304652011022e-05
4123,2024-08-26,2.645362837938592e-05,3.98015727114398e-05
4124,2024-08-27,5.544140094571048e-06,3.5591987398220226e-05
4125,2024-08-28,1.4653187463409267e-05,3.232100425520912e-05
4126,2024-08-29,2.0489753296715207e-05,2.9831697247573175e-05
4127,2024-08-30,1.7678135918686166e-05,2.7532378226169385e-05
4128,2024-09-02,2.0913035768899135e-05,2.6301288016838953e-05
4129,2024-09-03,6.371695690177148e-06,2.5217854272341356e-05
4130,2024-09-04,6.622524233534932e-05,2.4914384994190186e-05
4131,2024-09-05,1.5756222637719475e-05,2.494393447705079e-05
4132,2024-09-06,7.679119153181091e-05,2.427778235869482e-05
4133,2024-09-09,2.5156914489343762e-05,2.407068677712232e-05
4134,2024-09-10,3.52997230947949e-05,2.3690590751357377e-05
4135,2024-09-11,2.8994862077524886e-05,2.4804901840980165e-05
4136,2024-09-12,0.00016243243589997292,2.511534512450453e-05
4137,2024-09-13,1.4644064322055783e-05,2.90893622150179e-05
4138,2024-09-16,1.0087549526360817e-05,2.8124501113779843e-05
4139,2024-09-17,6.678422323602717e-06,2.780869181151502e-05
4140,2024-09-18,2.0299923562561162e-05,2.915471122832969e-05
4141,2024-09-19,5.051568950875662e-05,2.9492133762687445e-05
4142,2024-09-20,0.00011034461931558326,2.8598418793990277e-05
4143,2024-09-23,1.5885631000855938e-05,2.7416699595050886e-05
4144,2024-09-24,8.737009920878336e-06,2.600912375783082e-05
4145,2024-09-25,1.5430852727149613e-05,2.678174314496573e-05
4146,2024-09-26,3.185121749993414e-05,2.8175052648293786e-05
4147,2024-09-27,9.195344318868592e-06,2.8766175091732293e-05
4148,2024-09-30,7.955225737532601e-05,2.6988835088559426e-05
4149,2024-10-01,1.664296542003285e-05,2.618887992866803e-05
4150,2024-10-03,0.0002803384268190712,2.591434895293787e-05
4151,2024-10-04,0.0001804086350603029,2.589739960967563e-05
4152,2024-10-07,0.00011702851043082774,2.5670931790955365e-05
4153,2024-10-08,4.766527854371816e-05,3.0675510060973465e-05
4154,2024-10-09,5.684871939592995e-05,3.0511393561027944e-05
4155,2024-10-10,2.541115645726677e-05,4.331785748945549e-05
4156,2024-10-11,6.5243693825323135e-06,5.524219886865467e-05
4157,2024-10-14,1.6740579667384736e-05,6.726601714035496e-05
4158,2024-10-15,2.7697238692780957e-05,5.463470733957365e-05
4159,2024-10-16,2.2130443539936095e-05,5.4569769417867064e-05
4160,2024-10-17,5.464720743475482e-05,5.064703509560786e-05
4161,2024-10-18,6.949531962163746e-05,4.5707511162618175e-05
4162,2024-10-21,6.847913027741015e-05,4.123339749639854e-05
4163,2024-10-22,0.00010719861893448979,4.046210233354941e-05
4164,2024-10-23,5.8609224652173e-05,4.126868589082733e-05
4165,2024-10-24,1.1694422028085683e-05,4.595108111971058e-05
4166,2024-10-25,8.090450137387961e-05,4.553938561002724e-05
4167,2024-10-28,8.071021147770807e-05,4.7252735384972766e-05
4168,2024-10-29,8.276939479401335e-05,5.706376032321714e-05
4169,2024-10-30,4.025925591122359e-05,5.431204044725746e-05
4170,2024-10-31,2.2922413336345926e-05,4.788411388290115e-05
4171,2024-11-01,2.1401992853498086e-05,5.4792180890217423e-05
4172,2024-11-04,0.0001631111081223935,5.358282942324877e-05
4173,2024-11-05,9.956036228686571e-05,5.271026384434663e-05
4174,2024-11-06,7.931098662083969e-05,5.316280294209719e-05
4175,2024-11-07,6.00762250542175e-05,5.2611121645895764e-05
4176,2024-11-08,2.507313183741644e-05,4.663466097554192e-05
4177,2024-11-11,7.584366539958864e-05,5.6924127420643345e-05
4178,2024-11-12,0.00010736836702562869,5.3877258324064314e-05
4179,2024-11-13,8.56781261973083e-05,5.074857108411379e-05
4180,2024-11-14,2.6615834940457717e-05,5.5531287216581404e-05
4181,2024-11-18,5.551820868276991e-05,5.437589788925834e-05
4182,2024-11-19,9.229076385963708e-05,5.734733713325113e-05
4183,2024-11-21,4.076926416018978e-05,6.667905836366117e-05
4184,2024-11-22,0.00022164946130942553,8.215112757170573e-05
4185,2024-11-25,0.00023312773555517197,6.72530586598441e-05
4186,2024-11-26,5.474950739881024e-05,6.579332693945616e-05
4187,2024-11-27,2.4980621674330905e-05,6.506235513370484e-05
4188,2024-11-28,0.00012944119225721806,6.541649781865999e-05
4189,2024-11-29,4.1805313230725005e-05,6.050013689673506e-05
4190,2024-12-02,5.553843584493734e-05,5.848895671078935e-05
4191,2024-12-03,3.902504249708727e-05,5.9083267842652276e-05
4192,2024-12-04,2.54290243901778e-05,5.810805669170804e-05
4193,2024-12-05,0.00018688247655518353,7.107824785634875e-05
4194,2024-12-06,1.0693655895011034e-05,6.317104998743162e-05
4195,2024-12-09,1.2214809430588502e-05,6.160468183225021e-05
4196,2024-12-10,2.0163222870905884e-05,5.9042940847575665e-05
4197,2024-12-11,6.611546723434003e-06,5.8771205658558756e-05
4198,2024-12-12,1.5539915693807416e-05,6.290886813076213e-05
4199,2024-12-13,0.00025938270846381783,5.888678060728125e-05
4200,2024-12-16,1.8739656297839247e-05,5.6245913583552465e-05
4201,2024-12-17,6.923408363945782e-05,5.4940410336712375e-05
4202,2024-12-18,3.736658982234076e-05,5.0494541937951e-05
4203,2024-12-19,0.00019087106920778751,4.9377929826732725e-05
4204,2024-12-20,0.00016695880913175642,5.124272865941748e-05
4205,2024-12-23,6.982155900914222e-05,4.906834146822803e-05
4206,2024-12-24,2.17211818380747e-05,5.6482920626876876e-05
4207,2024-12-26,2.79225660051452e-05,5.7886594731826335e-05
4208,2024-12-27,2.470402432663832e-05,6.312438199529424e-05
4209,2024-12-30,6.23339437879622e-05,9.630864224163815e-05
4210,2024-12-31,4.59627372038085e-05,7.065362296998501e-05
4211,2025-01-01,4.004130823886953e-05,5.716086889151484e-05
4212,2025-01-02,0.00013519922504201531,5.1716691814363e-05
4213,2025-01-03,2.8851234674220905e-05,4.62808420707006e-05
4214,2025-01-06,0.00017480537644587457,5.050508843851276e-05
4215,2025-01-07,2.3025409973342903e-05,4.946927583659999e-05
4216,2025-01-08,6.226081313798204e-05,4.6716475480934605e-05
4217,2025-01-09,2.140440119546838e-05,4.4039810745744035e-05
4218,2025-01-10,4.0651393646840006e-05,4.464575613383204e-05
4219,2025-01-13,0.00016261488781310618,5.812512608827092e-05
4220,2025-01-14,2.443608536850661e-05,5.093708750791848e-05
4221,2025-01-15,2.3905426132841967e-05,5.246747241471894e-05
4222,2025-01-16,5.873607733519748e-05,5.276775118545629e-05
4223,2025-01-17,2.963140286738053e-05,5.4980879212962463e-05
4224,2025-01-20,4.703378363046795e-05,6.995999865466729e-05
4225,2025-01-21,0.00013874702563043684,5.770943243987858e-05
4226,2025-01-22,3.9145659684436396e-05,5.137092375662178e-05
4227,2025-01-23,2.187323843827471e-05,4.680343408836052e-05
4228,2025-01-24,6.411466165445745e-05,4.6837325498927385e-05
4229,2025-01-27,7.487710536224768e-05,4.3553471186896786e-05
4230,2025-01-28,8.562168659409508e-05,5.3710886277258396e-05
4231,2025-01-29,3.6559798900270835e-05,4.694908420788124e-05
4232,2025-01-30,2.1718029529438354e-05,4.233381696394645e-05
4233,2025-01-31,4.884740337729454e-05,4.578835068969056e-05
4234,2025-02-01,6.210194987943396e-05,5.211023017182015e-05
4235,2025-02-03,6.751705222995952e-05,5.0864713557530195e-05
4236,2025-02-04,0.00011207790521439165,4.4998789235251024e-05
4237,2025-02-05,1.6592141037108377e-05,4.177071969024837e-05
4238,2025-02-06,3.667909913929179e-05,3.969739918829873e-05
4239,2025-02-07,4.4580574467545375e-05,4.256574538885616e-05
4240,2025-02-10,4.0176564652938396e-05,4.5777913328493014e-05
4241,2025-02-11,0.00010554491746006534,4.4657892431132495e-05
4242,2025-02-12,9.069172665476799e-05,4.239050031173974e-05
4243,2025-02-13,4.8912621423369274e-05,4.40482072008308e-05
4244,2025-02-14,9.787260205484927e-05,4.722971061710268e-05
4245,2025-02-17,6.988058157730848e-05,5.140827124705538e-05
4246,2025-02-18,3.1355673854704946e-05,6.314912752714008e-05
4247,2025-02-19,5.761194188380614e-05,6.66974374325946e-05
4248,2025-02-20,3.183748776791617e-05,6.254509935388342e-05
4249,2025-02-21,3.166812166455202e-05,6.841743743279949e-05
4250,2025-02-24,8.23550799395889e-05,5.8579218602972105e-05
4251,2025-02-25,1.4397545783140231e-05,5.3985884733265266e-05
4252,2025-02-27,8.082772183115594e-06,5.367734775063582e-05
4253,2025-02-28,0.000105950421129819,5.0216396630275995e-05
4254,2025-03-03,5.60634107387159e-05,5.132773731020279e-05
4255,2025-03-04,5.692168269888498e-05,5.8014862588606775e-05
4256,2025-03-05,7.485097012249753e-05,5.020394382881932e-05
4257,2025-03-06,0.0001336562418146059,4.4339314626995474e-05
4258,2025-03-07,2.2040609110263176e-05,5.602706369245425e-05
4259,2025-03-10,5.15769534104038e-05,5.5055967095540836e-05
4260,2025-03-11,5.479192259372212e-05,4.8872101615415886e-05
4261,2025-03-12,4.981230813427828e-05,4.1727045754669234e-05
4262,2025-03-13,3.171868956997059e-05,3.883547105942853e-05
4263,2025-03-17,4.014718797407113e-05,3.6166926292935386e-05
4264,2025-03-18,9.050389780895784e-05,3.724992347997613e-05
4265,2025-03-19,1.5030148460937198e-05,3.7742425774922594e-05
4266,2025-03-20,6.928177026566118e-05,3.965709765907377e-05
4267,2025-03-21,4.611500844475813e-05,4.077953053638339e-05
4268,2025-03-24,9.556043369229883e-05,4.025975431432016e-05
4269,2025-03-25,5.917422822676599e-05,3.869232750730589e-05
4270,2025-03-26,5.0767066568369046e-05,3.713382830028422e-05
4271,2025-03-27,3.887200728058815e-05,3.611877400544472e-05
4272,2025-03-28,2.406584462733008e-05,3.6381581594469026e-05
4273,2025-04-01,0.00019237396190874279,3.717968502314761e-05
4274,2025-04-02,2.4269078494398855e-05,3.970720717916265e-05
4275,2025-04-03,7.89776022429578e-05,4.494822132983245e-05
4276,2025-04-04,8.785441605141386e-05,4.524014366324991e-05
4277,2025-04-07,0.0028198922518640757,4.722385710920207e-05
4278,2025-04-08,0.0002824504335876554,6.556308653671294e-05
4279,2025-04-09,2.1036594262113795e-05,5.327953476808034e-05
4280,2025-04-11,0.00021183246280997992,5.3091818699613214e-05
4281,2025-04-15,0.000571059004869312,6.747611041646451e-05
4282,2025-04-16,2.1920892322668806e-05,0.00014753072173334658
4283,2025-04-17,0.00020541534468065947,0.00011874329356942326
4284,2025-04-21,6.401420978363603e-05,7.408575766021386e-05
4285,2025-04-22,2.343350752198603e-05,5.786352267023176e-05
4286,2025-04-23,0.00011791050201281905,5.536910248338245e-05
4287,2025-04-24,1.4998330698290374e-05,5.531932765734382e-05
4288,2025-04-25,0.00016403193876612931,6.017272608005442e-05
4289,2025-04-28,5.3898122132522985e-05,6.458646384999156e-05
4290,2025-04-29,1.9453220374998637e-05,6.490061059594154e-05
4291,2025-04-30,2.5575116524123587e-05,6.715231575071812e-05
4292,2025-05-02,8.458341471850872e-05,6.478466093540192e-05
4293,2025-05-05,1.8844011719920672e-05,7.879808981670067e-05
4294,2025-05-06,2.1209089027252048e-05,6.334189674817026e-05
4295,2025-05-07,6.642143853241578e-05,5.8701356465462595e-05
4296,2025-05-08,5.679490277543664e-05,5.796421100967564e-05
4297,2025-05-09,0.00024045300961006433,5.942350617260672e-05
4298,2025-05-12,0.0004679064732044935,5.5500950111309066e-05
4299,2025-05-13,0.000108365471533034,5.485304063768126e-05
4300,2025-05-14,3.1612635211786255e-05,5.3887175454292446e-05
4301,2025-05-15,0.00022258784156292677,5.679680180037394e-05
4302,2025-05-16,9.251172741642222e-06,6.818483234383166e-05
4303,2025-05-19,1.2134752978454344e-05,5.411098027252592e-05
4304,2025-05-20,6.77754869684577e-05,5.9842979680979624e-05
4305,2025-05-21,4.538006032817066e-05,5.274792783893645e-05
4306,2025-05-22,6.315304199233651e-05,5.5026197514962405e-05
4307,2025-05-23,4.9535319703863934e-05,5.1471211918396875e-05
4308,2025-05-26,2.5896411898429506e-05,5.050195977673866e-05
4309,2025-05-27,7.221588748507202e-05,5.8113597333431244e-05
4310,2025-05-28,8.991205504571553e-06,5.367667836253531e-05
4311,2025-05-29,3.7765217712149024e-05,5.863902697456069e-05
4312,2025-05-30,1.2481671546993311e-05,5.193797551328316e-05
4313,2025-06-02,4.522193921729922e-05,4.7540932428091764e-05
4314,2025-06-03,7.283630111487582e-05,5.143578164279461e-05
4315,2025-06-04,7.682866453251336e-06,4.796994835487567e-05
4316,2025-06-05,5.5271550081670284e-05,4.6173445298336446e-05
4317,2025-06-06,7.097522029653192e-05,4.536552296485752e-05
4318,2025-06-09,4.32125962106511e-05,4.631669071386568e-05
4319,2025-06-10,2.566879993537441e-05,5.098330802866258e-05
4320,2025-06-11,1.2211081411805935e-05,4.3947969970759004e-05
4321,2025-06-12,7.490867574233562e-05,4.202219861326739e-05
4322,2025-06-13,0.00032782796188257635,4.009885742561892e-05
4323,2025-06-16,3.823881706921384e-05,3.662666495074518e-05
4324,2025-06-17,1.758986218192149e-05,3.4326414606766775e-05
4325,2025-06-18,3.2701093005016446e-05,3.2353294955100864e-05
4326,2025-06-19,9.154605322692078e-06,3.5232591471867636e-05
4327,2025-06-20,6.778757961001247e-05,4.135209019295871e-05
4328,2025-06-23,7.668976468266919e-05,3.819923222181387e-05
4329,2025-06-24,0.0001262720616068691,3.771809861063957e-05
4330,2025-06-25,2.8429521989892237e-05,3.9034453948261216e-05
4331,2025-06-26,4.9819860578281805e-05,3.7929621612420306e-05
4332,2025-06-27,1.0512656444916502e-05,3.5966571886092424e-05
4333,2025-06-30,2.1242833099677227e-05,3.794937947532162e-05
4334,2025-07-01,6.049987860023975e-06,3.972353079007007e-05
4335,2025-07-02,3.1841802410781384e-05,3.660068614408374e-05
4336,2025-07-03,2.7140267775394022e-05,3.460765219642781e-05
4337,2025-07-04,1.466498724767007e-05,3.3294647437287495e-05
4338,2025-07-07,3.757078275157255e-06,3.384361116332002e-05
4339,2025-07-08,9.90697844827082e-06,3.308671875856817e-05
4340,2025-07-09,8.135009920806624e-06,3.418075357330963e-05
4341,2025-07-10,1.95248157979222e-05,3.5631994251161814e-05
4342,2025-07-11,3.621193172875792e-05,3.492461837595329e-05
4343,2025-07-14,1.5010222341516055e-05,3.275496419519186e-05
4344,2025-07-15,1.4275467037805356e-05,3.088645462412387e-05
4345,2025-07-16,9.927540304488502e-06,3.0028963010408916e-05
4346,2025-07-17,1.0605570423649624e-05,3.0173216146067716e-05
4347,2025-07-18,2.731835593294818e-05,3.1633589969715104e-05
4348,2025-07-21,3.42570201610215e-05,3.129371543764137e-05
4349,2025-07-22,2.0592560758814216e-05,2.9760571123915724e-05
4350,2025-07-23,2.214036248915363e-05,2.8684404242085293e-05
4351,2025-07-24,2.9293703846633434e-05,2.823503382387571e-05
4352,2025-07-25,2.7394953576731496e-05,2.8798043786082417e-05
4353,2025-07-28,3.945369826396927e-05,2.872900222428143e-05
4354,2025-07-29,4.2563147871987894e-05,2.8393971660989337e-05
4355,2025-07-30,1.960360532393679e-05,2.7647836759570055e-05
4356,2025-07-31,0.00014713294513057917,2.7945023248321377e-05
4357,2025-08-01,3.616150934249163e-05,2.9351278499234468e-05
4358,2025-08-04,2.0318439055699855e-05,3.141206252621487e-05
4359,2025-08-05,1.2331396646914072e-05,3.129368633381091e-05
4360,2025-08-06,9.725678864924703e-06,3.0494666134472936e-05
4361,2025-08-07,7.046487735351548e-05,3.234188261558302e-05
4362,2025-08-08,3.905642370227724e-05,3.518769153743051e-05
4363,2025-08-11,3.6290581192588434e-05,3.380948328413069e-05
4364,2025-08-12,3.902302705682814e-05,3.3526575862197205e-05
4365,2025-08-13,2.5367378839291632e-05,3.356979868840426e-05
4366,2025-08-14,4.009486474387813e-06,3.509499583742581e-05
4367,2025-08-18,0.00017045291315298527,3.911789463018067e-05
4368,2025-08-19,1.0778442629089113e-05,3.6147237551631406e-05
4369,2025-08-20,1.3808903531753458e-05,3.663473398773931e-05
4370,2025-08-21,1.859422991401516e-05,3.433067104197107e-05
4371,2025-08-22,2.8221169486641884e-05,3.173938603140414e-05
4372,2025-08-25,1.8649374396773055e-05,3.0188179152901284e-05
4373,2025-08-26,3.645284959929995e-05,2.8910755645483732e-05
4374,2025-08-28,2.7809726816485636e-05,2.811326521623414e-05
4375,2025-08-29,2.1290554286679253e-05,2.7689686248777434e-05
4376,2025-09-01,2.330340248590801e-05,2.8716591259581037e-05
4377,2025-09-02,3.219555219402537e-05,2.8929209292982705e-05
4378,2025-09-03,2.706871964619495e-05,3.079348607570864e-05
4379,2025-09-04,0.00015540915774181485,3.366861346876249e-05
4380,2025-09-05,4.1800409235293046e-05,3.507662404445e-05
4381,2025-09-08,1.7814831153373234e-05,3.315696812933311e-05
4382,2025-09-09,1.70513303601183e-05,3.346948869875632e-05
4383,2025-09-10,3.190846473444253e-05,3.242482853238471e-05
4384,2025-09-11,6.636676062043989e-06,3.265465784352273e-05
4385,2025-09-12,1.306119611399481e-05,3.295128408353776e-05
4386,2025-09-15,4.294410700822482e-06,3.189030394423753e-05
4387,2025-09-16,1.9652274204418063e-05,3.0099236028036103e-05
4388,2025-09-17,4.972523584001465e-06,2.895369107136503e-05
4389,2025-09-18,3.011675289599225e-05,2.7945210604229942e-05
4390,2025-09-19,1.105533283407567e-05,2.7177613446838222e-05
4391,2025-09-22,3.0215282095014118e-05,2.669013338163495e-05
4392,2025-09-23,1.6996375052258372e-05,2.6327585146646015e-05
4393,2025-09-24,1.38067707666778e-05,2.5933704819181003e-05
4394,2025-09-25,2.6520390747464262e-05,2.5593537429813296e-05
4395,2025-09-26,4.003748836112209e-05,2.5805513359955512e-05
4396,2025-09-29,2.8242709959158674e-05,2.656438300618902e-05
4397,2025-09-30,1.6871103071025573e-05,2.732046414166689e-05
4398,2025-10-01,3.8080983358668163e-05,2.7873291401192546e-05
4399,2025-10-03,2.311444768565707e-05,2.9235874535515904e-05
4400,2025-10-06,2.5636165446485393e-05,3.181299689458683e-05
4401,2025-10-07,1.6601226889179088e-05,3.2250343792838976e-05
4402,2025-10-08,2.197862704633735e-05,3.171209755237214e-05
4403,2025-10-09,1.8022645235760137e-05,3.064796328544617e-05
4404,2025-10-10,1.6808822692837566e-05,2.958994809887372e-05
4405,2025-10-13,2.5359371647937223e-05,2.8703969292109832e-05
4406,2025-10-14,3.812818613369018e-05,2.8144595489720814e-05
4407,2025-10-15,2.449621206324082e-05,2.8426731660147198e-05
4408,2025-10-16,4.006491508334875e-05,2.8375350666465238e-05
4409,2025-10-17,4.058112972415984e-05,2.8144891984993592e-05
4410,2025-10-20,3.027658021892421e-05,2.838392902049236e-05
4411,2025-10-21,1.0902229405473918e-05,2.973804839712102e-05
4412,2025-10-23,8.189752406906337e-05,2.990726898133289e-05
4413,2025-10-24,3.0684255762025714e-05,2.9561968403868377e-05
4414,2025-10-27,1.9693925423780456e-05,3.021571501449216e-05
4415,2025-10-28,2.7662155844154768e-05,3.059989103348926e-05
4416,2025-10-29,1.2643020454561338e-05,3.055649722227827e-05
4417,2025-10-30,2.4526625566068105e-05,3.184226079611108e-05
4418,2025-10-31,3.27556517731864e-05,3.4128184779547155e-05
4419,2025-11-03,1.3487026080838405e-05,3.3408992749173194e-05
4420,2025-11-04,2.297261744388379e-05,3.4331129427300766e-05
4421,2025-11-06,2.016881808231119e-05,3.3178224839502946e-05
4422,2025-11-07,3.822714643320069e-05,3.4732303902274e-05
4423,2025-11-10,1.4758089491806459e-05,3.8543763366760686e-05
4424,2025-11-11,4.9638456403044984e-05,3.7210440495982766e-05
4425,2025-11-12,4.0907681977842e-05,3.932886465918273e-05
4426,2025-11-13,2.2049123799661174e-05,4.029905176139437e-05
4427,2025-11-14,3.851624205708504e-05,4.0659302612766623e-05
4428,2025-11-17,9.5017057901714e-06,3.635685425251722e-05
4429,2025-11-18,1.2130669347243384e-05,3.408710108487867e-05
4430,2025-11-19,2.4512477466487326e-05,3.1584517273586243e-05
4431,2025-11-20,2.5663242922746576e-05,3.0260327548603527e-05
4432,2025-11-21,1.919529131555464e-05,2.9841285140719265e-05
4433,2025-11-24,3.106588337686844e-05,2.8900420147692785e-05
4434,2025-11-25,1.7497957742307335e-05,2.8750626370310783e-05
4435,2025-11-26,7.20826064934954e-05,2.8832202588091604e-05
4436,2025-11-27,1.850170156103559e-05,2.8777481929864734e-05
4437,2025-11-28,6.42361646896461e-06,2.9367043680395e-05
4438,2025-12-01,4.29900610470213e-05,3.099770037806593e-05
4439,2025-12-02,2.3759601390338503e-05,3.224892861908302e-05
4440,2025-12-03,1.67141934070969e-05,3.182012733304873e-05
4441,2025-12-04,1.2658716514124535e-05,3.1641317036701366e-05
4442,2025-12-05,2.509049591026269e-05,3.084003765252419e-05
4443,2025-12-08,4.277519474271685e-05,3.119077882729471e-05
4444,2025-12-09,3.347616075188853e-05,3.215280958102085e-05
4445,2025-12-10,2.5272214770666324e-05,3.2346815714845434e-05
4446,2025-12-11,2.8077280148863792e-05,3.146333256154321e-05
4447,2025-12-12,1.5103069017641246e-05,3.013140485563781e-05
4448,2025-12-15,3.0305409381981008e-05,3.164997906424105e-05
4449,2025-12-16,1.9174414774170145e-05,3.327306330902502e-05
4450,2025-12-17,1.5461360817425884e-05,3.430530341574922e-05
4451,2025-12-18,2.0894794943160377e-05,3.3557123970240355e-05
4452,2025-12-19,2.0069008314749226e-05,3.1446354114450514e-05
4453,2025-12-22,2.0571891582221724e-05,3.0373752451851033e-05
4454,2025-12-23,8.323384463437833e-06,3.065287455683574e-05
4455,2025-12-24,7.308975455089239e-06,3.063212352572009e-05
4456,2025-12-26,9.709080586617347e-06,3.0259172490332276e-05
4457,2025-12-29,1.8056813132716343e-05,2.9127004381734878e-05
4458,2025-12-30,5.098274868942099e-06,2.779469286906533e-05
4459,2025-12-31,2.6699093723436818e-05,2.687136657186784e-05
4460,2026-01-01,6.257567292777821e-06,2.6542831619735807e-05
4461,2026-01-02,2.4409042453044094e-05,2.6649107894627377e-05
4462,2026-01-05,1.2846406207245309e-05,2.7289841455058195e-05
4463,2026-01-06,1.6481370039400645e-05,2.7362497348804027e-05
4464,2026-01-07,9.130759281106293e-06,2.6982683266396634e-05
4465,2026-01-08,3.939444286515936e-05,2.6651470761862583e-05
4466,2026-01-09,5.319997944752686e-05,2.6285639251000248e-05
4467,2026-01-12,7.355584239121526e-05,2.641087667143438e-05
4468,2026-01-13,6.9355548475869e-05,2.6801546482602134e-05
4469,2026-01-14,3.155721060466021e-05,2.7034817321691662e-05
4470,2026-01-16,3.404285234864801e-05,2.84008783637546e-05
4471,2026-01-19,1.958430220838636e-05,3.104953793808818e-05
4472,2026-01-20,9.125095675699413e-05,3.211088551324792e-05
4473,2026-01-21,9.251424489775673e-05,3.3526226616231725e-05
4474,2026-01-22,9.198103361995891e-05,3.436368569964543e-05
4475,2026-01-23,6.041486994945444e-05,3.4927848901133984e-05
4476,2026-01-27,5.417552529252134e-05,3.592087887227535e-05
4477,2026-01-28,2.95441277557984e-05,4.4862488721264526e-05
4478,2026-01-29,5.701866393792443e-05,4.993954280507751e-05
4479,2026-01-30,5.8688423450803384e-05,4.6519082388840616e-05
4480,2026-02-02,0.0005419405060820282,4.924563836539164e-05
4481,2026-02-03,0.002499097492545843,4.735251786769368e-05
4482,2026-02-04,3.911904786946252e-05,4.308475035941228e-05
4483,2026-02-05,1.8604801880428568e-05,4.270997305866331e-05
4484,2026-02-06,3.0285560569609515e-05,4.34523681178689e-05
4485,2026-02-09,6.842525908723474e-05,5.434862760012038e-05
4486,2026-02-10,1.1523310604388826e-05,5.905296711716801e-05
4487,2026-02-11,1.2540338502731174e-05,5.36381448910106e-05
4488,2026-02-12,1.672183134360239e-05,5.142494410392828e-05
4489,2026-02-13,0.00010262527212034911,5.183133907848969e-05
4490,2026-02-16,5.843582403031178e-05,5.076411252957769e-05
4491,2026-02-17,2.245494761154987e-05,4.893254299531691e-05
4492,2026-02-18,2.273583049827721e-05,4.63850301457569e-05
4493,2026-02-19,0.00013231557386461645,4.5345448597799987e-05
4494,2026-02-20,4.6899007429601625e-05,5.108201003167778e-05
4495,2026-02-23,3.070027014473453e-05,4.62855605292134e-05
4496,2026-02-24,6.340154504869133e-05,4.251734571880661e-05
4497,2026-02-25,4.109344808966853e-05,3.910778832505457e-05
4498,2026-02-26,2.6629824787960388e-05,4.569255906972103e-05
4499,2026-02-27,6.139190372778103e-05,4.323865141486749e-05
4500,2026-03-02,0.0005174900288693607,3.6968605854781345e-05
4501,2026-03-04,0.0004246357420925051,4.051770883961581e-05
4502,2026-03-05,8.791601430857554e-05,3.936875145882368e-05
4503,2026-03-06,6.487877544714138e-05,3.7278139643603936e-05
4504,2026-03-09,0.0006737985531799495,4.156884824624285e-05
4505,2026-03-10,0.00015199524932540953,5.236070865066722e-05
4506,2026-03-11,0.00012750027235597372,6.542635674122721e-05
4507,2026-03-12,0.00011359603377059102,5.483765926328488e-05
4508,2026-03-13,0.0001460522908018902,5.524831067305058e-05
4509,2026-03-16,0.00018970618839375675,7.855102739995345e-05
4510,2026-03-17,7.366824138443917e-05,6.647517875535414e-05
4511,2026-03-18,4.2822259274544194e-05,8.319555490743369e-05
4512,2026-03-19,0.0007415184518322349,8.635446283733472e-05
4513,2026-03-20,9.072580724023283e-05,0.00010209890751866624
4514,2026-03-23,0.00025461430777795613,9.851330833043903e-05
4515,2026-03-24,0.0003863003512378782,8.405911648878828e-05
4516,2026-03-25,0.00015842492575757205,6.889987707836553e-05
4517,2026-03-27,0.00012593161955010146,0.00010938008199445903
4518,2026-03-30,0.0002719479671213776,9.596611198503524e-05
4519,2026-04-01,0.0006973691051825881,0.00011770635319408029
4520,2026-04-02,0.0004213629581499845,0.00010809163359226659
4521,2026-04-06,0.00016911885177250952,9.417998808203265e-05
4522,2026-04-07,0.00015710272418800741,0.00010748464410426095
4523,2026-04-08,0.0009926077909767628,0.00013405413483269513
4524,2026-04-09,6.905946793267503e-05,0.00011864922271342948
4525,2026-04-10,4.732150773634203e-05,0.00013000793114770204
4526,2026-04-13,0.00044877061736769974,0.00012136612349422649
4527,2026-04-15,0.00018992414698004723,0.00011518735118443146
4528,2026-04-16,9.40361205721274e-05,9.272464376408607e-05
4529,2026-04-17,4.6497305447701365e-05,9.729783050715923e-05
4530,2026-04-20,3.498825753922574e-05,8.099921979010105e-05
4531,2026-04-21,3.4401429729769006e-05,9.573831630405039e-05
4532,2026-04-22,3.364813528605737e-05,7.840993930585682e-05
4533,2026-04-23,7.237411773530766e-05,7.892700523370877e-05
4534,2026-04-24,9.808901086216792e-05,7.212655327748507e-05
4535,2026-04-27,2.6399166017654352e-05,6.751898763468489e-05
4536,2026-04-28,3.68959445040673e-05,6.0361653595464304e-05
4537,2026-04-29,6.842396396677941e-05,5.8882513258140534e-05
4538,2026-04-30,0.00011198399442946538,6.014129030518234e-05
4539,2026-05-04,6.0736809246009216e-05,7.050985004752874e-05
4540,2026-05-05,3.90740497095976e-05,5.699050234397873e-05
4541,2026-05-06,0.00011834489851025864,5.5025622714310884e-05
4542,2026-05-07,3.0471959689748473e-05,5.311014683684334e-05
4543,2026-05-08,2.433489862596616e-05,5.752387733082287e-05
4544,2026-05-11,9.647603292251006e-05,5.61709821340628e-05
4545,2026-05-12,0.00011710799299180508,5.461157707031816e-05
4546,2026-05-13,6.523078627651557e-05,5.3844381909584627e-05
4547,2026-05-14,9.8596399766393e-05,5.180050720809959e-05
4548,2026-05-15,3.7227229768177494e-05,4.9066093197325245e-05
4549,2026-05-18,0.00014162423030938953,5.294685252010822e-05
4550,2026-05-19,2.698739626794122e-05,6.429430504795164e-05
4551,2026-05-20,9.917835996020585e-05,6.0677528381347656e-05
4552,2026-05-21,9.35562202357687e-05,5.603898171102628e-05
4553,2026-05-22,2.4257878976641223e-05,5.383047027862631e-05
4554,2026-05-25,9.606354433344677e-05,5.747304021497257e-05
4555,2026-05-26,2.7284793759463355e-05,5.450891694636084e-05
4556,2026-05-27,1.2634909580810927e-05,5.526174936676398e-05
4557,2026-05-29,0.00016014707216527313,5.640567178488709e-05
4558,2026-06-01,7.035957969492301e-05,5.224607957643457e-05
