index,date,y_true,y_pred
1000,2011-11-28,0.00028194821788929403,0.00011873887706315145
1001,2011-11-29,0.00010068870324175805,0.00014320471382234246
1002,2011-11-30,0.0002029230527114123,0.0001055858883773908
1003,2011-12-01,0.0009295055060647428,0.0001973926991922781
1004,2011-12-02,0.0002822729293256998,0.00012061392044415697
1005,2011-12-05,4.791947139892727e-05,0.00011684673518175259
1006,2011-12-07,6.695177580695599e-05,0.00011920224642381072
1007,2011-12-08,0.00024622963974252343,0.00013309757923707366
1008,2011-12-09,0.0003089548263233155,0.00015009484195616096
1009,2011-12-12,0.0004148255684413016,0.00016148686700034887
1010,2011-12-13,0.00018354262283537537,0.00010230758198304102
1011,2011-12-14,0.00014091732737142593,0.00010568703146418557
1012,2011-12-15,0.0002512474893592298,0.00017461742390878499
1013,2011-12-16,0.0005697012529708445,0.0001470242568757385
1014,2011-12-19,0.0001599150855327025,0.00020548232714645565
1015,2011-12-20,0.00020703549671452492,0.0001476410689065233
1016,2011-12-21,0.0005811288137920201,0.00015563044871669263
1017,2011-12-22,0.00032389769330620766,0.0001722946180962026
1018,2011-12-23,0.00011842889216495678,0.00031601134105585515
1019,2011-12-27,0.00028149064746685326,0.0001511013542767614
1020,2011-12-28,8.235060522565618e-05,0.00018496153643354774
1021,2011-12-29,9.039683209266514e-05,0.00018899381393566728
1022,2011-12-30,0.00011413051834097132,0.00017232618120033294
1023,2012-01-03,0.0002671204274520278,0.00013534862955566496
1024,2012-01-04,4.939059363096021e-05,0.00015141264884732664
1025,2012-01-05,3.7725763831986114e-05,0.00012890408106613904
1026,2012-01-06,0.00020161826978437603,0.0001274454698432237
1027,2012-01-09,8.049752068473026e-05,0.00014324815128929913
1028,2012-01-10,0.00014948916214052588,0.00013183581177145243
1029,2012-01-11,2.5958202968467958e-05,0.00010632879275362939
1030,2012-01-12,7.720218854956329e-05,9.797252278076485e-05
1031,2012-01-13,9.870477515505627e-05,0.0001562611578265205
1032,2012-01-16,6.282116373768076e-05,0.00011317658936604857
1033,2012-01-17,0.0001108271098928526,0.00011028748849639669
1034,2012-01-18,4.4127384171588346e-05,8.57084451126866e-05
1035,2012-01-19,7.615089270984754e-05,0.00010562214447418228
1036,2012-01-20,8.251670806203038e-05,9.791264892555773e-05
1037,2012-01-23,4.154467023909092e-05,9.013470844365656e-05
1038,2012-01-24,0.00012083716137567535,8.87289279489778e-05
1039,2012-01-25,4.64308395748958e-05,8.494078792864457e-05
1040,2012-01-27,0.00018525829364079982,7.684313459321856e-05
1041,2012-01-30,0.00016672108904458582,8.311125566251576e-05
1042,2012-01-31,0.0001708689087536186,7.498979539377615e-05
1043,2012-02-01,0.00010126766574103385,8.392854942940176e-05
1044,2012-02-02,0.00010556263441685587,7.316721166716889e-05
1045,2012-02-03,7.789536903146654e-05,8.062889537541196e-05
1046,2012-02-06,0.0001522990787634626,9.673427848611027e-05
1047,2012-02-07,0.00018798215023707598,8.387325942749158e-05
1048,2012-02-08,6.299478263827041e-05,8.541534771211445e-05
1049,2012-02-09,0.00010552769526839256,8.127662295009941e-05
1050,2012-02-10,9.297080396208912e-05,7.963712414493784e-05
1051,2012-02-13,5.521338971448131e-05,8.323166548507288e-05
1052,2012-02-14,3.2782278140075505e-05,9.27411820157431e-05
1053,2012-02-15,0.00014233033289201558,8.073492790572345e-05
1054,2012-02-16,4.0214094042312354e-05,8.278116001747549e-05
1055,2012-02-17,0.00013073252921458334,9.218793275067583e-05
1056,2012-02-21,4.063430242240429e-05,8.26811883598566e-05
1057,2012-02-22,0.00020914482593070716,7.335067493841052e-05
1058,2012-02-23,7.840455509722233e-05,7.940952491480857e-05
1059,2012-02-24,0.00015262290253303945,7.497593469452113e-05
1060,2012-02-27,0.00040240370435640216,8.017772051971406e-05
1061,2012-02-28,0.00011625031038420275,7.262323197210208e-05
1062,2012-02-29,0.00021262078371364623,0.00011604881728999317
1063,2012-03-01,9.313417103840038e-05,8.742147474549711e-05
1064,2012-03-02,0.00010525360994506627,0.00011292345152469352
1065,2012-03-05,8.596130646765232e-05,0.0001551201130496338
1066,2012-03-06,0.00048717911704443395,8.935850928537548e-05
1067,2012-03-07,7.439791806973517e-05,0.00011771624122047797
1068,2012-03-09,0.0002272686833748594,0.00010105850378749892
1069,2012-03-12,0.0003733602643478662,9.806019807001576e-05
1070,2012-03-13,6.150236731627956e-05,0.00010114681936101988
1071,2012-03-14,0.00017046443826984614,0.0001930322323460132
1072,2012-03-15,0.00011925080616492778,0.00010229148756479844
1073,2012-03-16,0.00025795932742767036,9.12315517780371e-05
1074,2012-03-19,0.0001414730359101668,0.00011880412057507783
1075,2012-03-20,4.905285459244624e-05,8.26766190584749e-05
1076,2012-03-21,0.0001638748071854934,9.406957542523742e-05
1077,2012-03-22,0.0003893985121976584,0.00011118735710624605
1078,2012-03-23,0.0001278936251765117,0.00015274039469659328
1079,2012-03-26,0.00012545417121145874,0.0001215534211951308
1080,2012-03-27,0.0002386254636803642,9.294978372054175e-05
1081,2012-03-28,6.500864401459694e-05,0.00011248567170696333
1082,2012-03-29,0.0001319584553129971,0.00020487068104557693
1083,2012-03-30,0.00016016401059459895,0.00012303399853408337
1084,2012-04-02,3.300235766801052e-05,0.00013123643293511122
1085,2012-04-03,5.879352102056146e-05,0.00013295777898747474
1086,2012-04-04,4.470958447200246e-05,0.00010859151370823383
1087,2012-04-09,0.00010172540351049975,0.00010329936048947275
1088,2012-04-10,4.833184357266873e-05,0.00010830843530129641
1089,2012-04-11,0.00011078325769631192,8.817220077617094e-05
1090,2012-04-12,3.986117008025758e-05,8.388493006350473e-05
1091,2012-04-13,0.00020327384117990732,8.316199091495946e-05
1092,2012-04-16,4.138294389122166e-05,9.405854507349432e-05
1093,2012-04-17,0.00018591544358059764,7.918439223431051e-05
1094,2012-04-18,6.4314910559915e-05,9.299713565269485e-05
1095,2012-04-19,5.001083991373889e-05,7.430305413436145e-05
1096,2012-04-20,0.00011571904178708792,0.00012352390331216156
1097,2012-04-23,0.00019549101125448942,7.669144542887807e-05
1098,2012-04-24,4.976164564141072e-05,9.607819811208174e-05
1099,2012-04-25,7.902694778749719e-05,7.940975046949461e-05
1100,2012-04-26,2.3576409148517996e-05,7.646621816093102e-05
1101,2012-04-27,5.8013647503685206e-05,9.824001608649269e-05
1102,2012-04-30,5.1923012506449595e-05,0.00012360404070932418
1103,2012-05-02,3.710264718392864e-05,7.985485717654228e-05
1104,2012-05-03,4.5238975872052833e-05,8.954721852205694e-05
1105,2012-05-04,0.00016335691907443106,7.209587056422606e-05
1106,2012-05-07,0.000436797650763765,8.090450137387961e-05
1107,2012-05-08,0.00024726075935177505,7.278151315404102e-05
1108,2012-05-09,0.00010067814582725987,7.416125299641863e-05
1109,2012-05-10,0.00012902941671200097,7.242679566843435e-05
1110,2012-05-11,9.866609616437927e-05,0.00010012050915975124
1111,2012-05-14,9.649305866332725e-05,0.00011442018876550719
1112,2012-05-15,0.00016682512068655342,0.00012629253615159541
1113,2012-05-16,0.000220612739212811,8.897864609025419e-05
1114,2012-05-17,9.683572716312483e-05,0.00010211457993136719
1115,2012-05-18,0.00043886134517379105,9.743349073687568e-05
1116,2012-05-22,0.0003254402836319059,0.00010164093691855669
1117,2012-05-23,5.4404212278313935e-05,9.855531970970333e-05
1118,2012-05-24,0.00018494353571441025,9.819505794439465e-05
1119,2012-05-25,3.9498878322774544e-05,9.791291813598946e-05
1120,2012-05-28,6.1771810578648e-05,0.0001317088899668306
1121,2012-05-29,3.530581670929678e-05,0.0001271853834623471
1122,2012-05-30,4.769478618982248e-05,9.276178752770647e-05
1123,2012-05-31,0.00013573707838077098,0.00011208560317754745
1124,2012-06-01,0.0001302587625104934,8.402256207773462e-05
1125,2012-06-04,0.00019988356507383287,8.271369006251916e-05
1126,2012-06-05,5.836898708366789e-05,7.853476563468575e-05
1127,2012-06-06,0.00023836323816794902,8.159162098309025e-05
1128,2012-06-07,9.739132656250149e-05,8.086369052762166e-05
1129,2012-06-08,0.00012053239333909005,0.00010767464846139774
1130,2012-06-11,0.00012396537931635976,0.00010616880172165111
1131,2012-06-12,0.00023071010946296155,8.471233741147444e-05
1132,2012-06-13,3.090958489337936e-05,0.00010244661825709045
1133,2012-06-14,0.00010166275023948401,8.244662603829056e-05
1134,2012-06-15,8.606794290244579e-05,9.735798084875569e-05
1135,2012-06-18,0.0003292095789220184,9.817988029681146e-05
1136,2012-06-19,6.363209104165435e-05,0.000102311882073991
1137,2012-06-20,2.6207493647234514e-05,7.992959581315517e-05
1138,2012-06-21,9.65812723734416e-05,9.991267143050209e-05
1139,2012-06-22,0.00020735975704155862,8.245850040111691e-05
1140,2012-06-25,0.0001139795349445194,0.00014286109944805503
1141,2012-06-26,2.1323961846064776e-05,8.382655505556613e-05
1142,2012-06-27,4.306856499169953e-05,7.603383710375056e-05
1143,2012-06-28,1.8468841517460532e-05,8.177803829312325e-05
1144,2012-06-29,0.00018318834190722555,9.021210280479863e-05
1145,2012-07-02,1.879494266177062e-05,9.615437738830224e-05
1146,2012-07-03,4.560370507533662e-05,7.333073881454766e-05
1147,2012-07-04,4.684719897340983e-05,7.302744052140042e-05
1148,2012-07-05,2.492241583240684e-05,7.045156962703913e-05
1149,2012-07-06,2.686639163584914e-05,8.19631532067433e-05
1150,2012-07-09,6.112509436206892e-05,7.128046854631975e-05
1151,2012-07-10,5.37589548912365e-05,7.395494321826845e-05
1152,2012-07-11,4.986753629054874e-05,7.152526814024895e-05
1153,2012-07-12,0.00018162136257160455,6.763776036677882e-05
1154,2012-07-13,3.4842447348637506e-05,6.77146963425912e-05
1155,2012-07-16,4.0650269511388615e-05,7.174826168920845e-05
1156,2012-07-17,7.223813736345619e-05,6.68194770696573e-05
1157,2012-07-18,4.374320269562304e-05,6.87754072714597e-05
1158,2012-07-19,4.841419286094606e-05,7.628608727827668e-05
1159,2012-07-20,2.3996723029995337e-05,6.79518561810255e-05
1160,2012-07-23,0.00010631784243742004,6.894338730489835e-05
1161,2012-07-24,2.6573097784421407e-05,6.953449337743223e-05
1162,2012-07-25,4.070038630743511e-05,6.63066966808401e-05
1163,2012-07-26,0.00012757739750668406,6.439456774387509e-05
1164,2012-07-27,0.00032235783874057233,6.465418846346438e-05
1165,2012-07-30,0.00010954638128168881,7.274452946148813e-05
1166,2012-07-31,0.00012523696932476014,6.346900045173243e-05
1167,2012-08-01,1.643144787522033e-05,6.517439032904804e-05
1168,2012-08-02,1.3170366401027422e-05,7.78797038947232e-05
1169,2012-08-03,8.459946548100561e-05,7.714036473771557e-05
1170,2012-08-06,8.82021413417533e-05,6.892517558299005e-05
1171,2012-08-07,6.122678314568475e-05,7.625670696143061e-05
1172,2012-08-08,3.491053212201223e-05,6.38985657133162e-05
1173,2012-08-09,4.128604268771596e-05,6.353192293317989e-05
1174,2012-08-10,2.314065204700455e-05,7.100054062902927e-05
1175,2012-08-13,2.2894491849001497e-05,6.718209624523297e-05
1176,2012-08-14,4.094741598237306e-05,6.875264807604253e-05
1177,2012-08-16,1.4506732441077475e-05,6.706591375404969e-05
1178,2012-08-17,4.042603904963471e-05,6.849205965409055e-05
1179,2012-08-21,3.743682100321166e-05,6.424410821637139e-05
1180,2012-08-22,4.29142419307027e-05,6.249329453567043e-05
1181,2012-08-23,3.972811464336701e-05,6.463113095378503e-05
1182,2012-08-24,2.7932766897720285e-05,6.181484059197828e-05
1183,2012-08-27,3.2711352105252445e-05,6.545406358782202e-05
1184,2012-08-29,4.877376341028139e-05,6.193036824697629e-05
1185,2012-08-30,0.00010678955004550517,6.383948493748903e-05
1186,2012-08-31,6.238509376998991e-05,6.507396028609946e-05
1187,2012-09-03,4.5686498197028413e-05,6.281067908275872e-05
1188,2012-09-04,2.6968202291755006e-05,6.451849185395986e-05
1189,2012-09-05,5.632595275528729e-05,6.703905091853812e-05
1190,2012-09-06,3.0614777642767876e-05,7.099458161974326e-05
1191,2012-09-07,0.00019888281531166285,6.946987559786066e-05
1192,2012-09-10,2.1663812731276266e-05,6.515419227071106e-05
1193,2012-09-11,7.020126940915361e-05,6.17594487266615e-05
1194,2012-09-12,2.7290750949759968e-05,6.646732799708843e-05
1195,2012-09-13,7.938397175166756e-06,6.319220119621605e-05
1196,2012-09-14,0.0003273159090895206,6.666887929895893e-05
1197,2012-09-17,0.00014053925406187773,6.159504846436903e-05
1198,2012-09-18,1.4273070519266184e-05,6.455695984186605e-05
1199,2012-09-20,0.0001582251425134018,6.106787623139098e-05
1200,2012-09-21,0.0002445458376314491,5.8738372899824753e-05
1201,2012-09-24,2.404629958618898e-05,6.726781430188566e-05
1202,2012-09-25,2.712238892854657e-05,6.844850577181205e-05
1203,2012-09-26,2.547038093325682e-05,6.09574381087441e-05
1204,2012-09-27,3.449065116001293e-05,6.981850310694426e-05
1205,2012-09-28,7.534485484939069e-05,7.697780529269949e-05
1206,2012-10-01,9.057196621142793e-06,6.45500113023445e-05
1207,2012-10-03,9.997076631407253e-06,6.464642501669005e-05
1208,2012-10-04,4.747931598103605e-05,6.394019874278456e-05
1209,2012-10-05,0.018615230917930603,6.587915413547307e-05
1210,2012-10-08,7.775190897518769e-05,6.636451871600002e-05
1211,2012-10-09,5.844033876201138e-05,6.139037577668205e-05
1212,2012-10-10,5.176163904252462e-05,6.051053060218692e-05
1213,2012-10-11,7.902182551333681e-05,6.200772622833028e-05
1214,2012-10-12,7.243701838888228e-05,0.00023965173750184476
1215,2012-10-15,2.1707886844524182e-05,7.436430314555764e-05
1216,2012-10-16,7.456882303813472e-05,6.772412598365918e-05
1217,2012-10-17,6.603905785595998e-05,6.953535921638831e-05
1218,2012-10-18,6.499606388388202e-05,6.987111555645242e-05
1219,2012-10-19,3.726168506545946e-05,7.397717126877978e-05
1220,2012-10-22,5.074359069112688e-05,6.779430259484798e-05
1221,2012-10-23,1.6208450688282028e-05,7.58183523430489e-05
1222,2012-10-25,1.2459206118364818e-05,7.20544921932742e-05
1223,2012-10-29,8.038167288759723e-05,7.104348333086818e-05
1224,2012-10-30,0.00011413442553021014,7.118780922610313e-05
1225,2012-10-31,1.903904922073707e-05,6.958452286198735e-05
1226,2012-11-01,2.7401642000768334e-05,6.754216883564368e-05
1227,2012-11-02,9.024687460623682e-05,6.474545079981908e-05
1228,2012-11-05,1.0431483133288566e-05,7.090750295901671e-05
1229,2012-11-06,1.7736123481881805e-05,8.27910189400427e-05
1230,2012-11-07,4.596072176354937e-05,6.508742808364332e-05
1231,2012-11-08,0.00010634127102093771,6.489523366326466e-05
1232,2012-11-09,5.910125037189573e-05,6.758766539860517e-05
1233,2012-11-12,3.048876351385843e-05,6.428179767681286e-05
1234,2012-11-15,6.601469067391008e-05,6.433822272811085e-05
1235,2012-11-16,8.902498666429892e-05,6.635015597566962e-05
1236,2012-11-19,2.095999661833048e-05,6.726140418322757e-05
1237,2012-11-20,8.353200246347114e-05,6.908153591211885e-05
1238,2012-11-21,4.3325871956767514e-05,6.35413161944598e-05
1239,2012-11-22,1.932292252604384e-05,6.694245530525222e-05
1240,2012-11-23,3.2260064472211525e-05,7.509114220738411e-05
1241,2012-11-26,2.371104528720025e-05,6.256376946112141e-05
1242,2012-11-27,7.528811693191528e-05,6.872937956359237e-05
1243,2012-11-29,9.90985645330511e-05,6.427915650419891e-05
1244,2012-11-30,3.589560219552368e-05,6.175838643684983e-05
1245,2012-12-03,1.9243736460339278e-05,6.314984784694389e-05
1246,2012-12-04,1.303787485085195e-05,6.110691174399108e-05
1247,2012-12-05,1.532501119072549e-05,6.321335968095809e-05
1248,2012-12-06,0.00017608953930903226,6.6188549681101e-05
1249,2012-12-07,3.583844591048546e-05,6.26155233476311e-05
1250,2012-12-10,1.4472186194325332e-05,6.112363917054608e-05
1251,2012-12-11,0.0001008168765110895,5.757508552051149e-05
1252,2012-12-12,3.510138776618987e-05,5.763853914686479e-05
1253,2012-12-13,4.6958437451394275e-05,7.714441017014906e-05
1254,2012-12-14,2.2110294594313018e-05,6.468471838161349e-05
1255,2012-12-17,2.5962832296499982e-05,5.9137444623047486e-05
1256,2012-12-18,8.95083649083972e-05,7.632247434230521e-05
1257,2012-12-19,1.9876481019309722e-05,6.37605699012056e-05
1258,2012-12-20,4.015614467789419e-05,6.670017319265753e-05
1259,2012-12-21,4.458984039956704e-05,6.029411088093184e-05
1260,2012-12-24,2.1025964088039473e-05,6.174096051836386e-05
1261,2012-12-26,3.5052486055064946e-05,7.063071825541556e-05
1262,2012-12-27,5.999115455779247e-05,5.8575591538101435e-05
1263,2012-12-28,2.1009247575420886e-05,6.451240187743679e-05
1264,2012-12-31,6.898551418998977e-06,6.336111255222932e-05
1265,2013-01-02,0.00017672040848992765,5.8477799029788e-05
1266,2013-01-03,2.6949768653139472e-05,6.070994641049765e-05
1267,2013-01-04,2.036810474237427e-05,6.430411303881556e-05
1268,2013-01-07,5.916762529523112e-05,5.8297555369790643e-05
1269,2013-01-08,1.927315679495223e-05,5.644791235681623e-05
1270,2013-01-09,3.586788443499245e-05,6.045572808943689e-05
1271,2013-01-10,5.408626748248935e-05,5.8035002439282835e-05
1272,2013-01-11,0.00011106601596111432,5.825053813168779e-05
1273,2013-01-14,5.9791240346385166e-05,6.311054312391207e-05
1274,2013-01-15,2.8329330234555528e-05,5.853560651303269e-05
1275,2013-01-16,3.9399779780069366e-05,6.188780389493331e-05
1276,2013-01-17,3.899553485098295e-05,6.229686550796032e-05
1277,2013-01-18,2.31985432037618e-05,6.758578820154071e-05
1278,2013-01-21,2.06575477932347e-05,6.154519360279664e-05
1279,2013-01-22,3.502067193039693e-05,5.9309932112228125e-05
1280,2013-01-23,2.4283503080368973e-05,6.299171946011484e-05
1281,2013-01-24,3.2388270483352244e-05,6.138481694506481e-05
1282,2013-01-25,4.100442674825899e-05,5.835039701196365e-05
1283,2013-01-28,8.489547326462343e-06,5.7220378948841244e-05
1284,2013-01-29,5.976313696010038e-05,6.218313501449302e-05
1285,2013-01-30,1.338356378255412e-05,5.9357014833949506e-05
1286,2013-01-31,1.2673745004576631e-05,6.16595134488307e-05
1287,2013-02-01,4.600584725267254e-05,6.014587779645808e-05
1288,2013-02-04,4.995955532649532e-05,5.598796269623563e-05
1289,2013-02-05,4.931909643346444e-05,6.520398892462254e-05
1290,2013-02-06,4.071766306878999e-05,5.662600233335979e-05
1291,2013-02-07,4.758002978633158e-05,5.749469710281119e-05
1292,2013-02-08,4.928298949380405e-05,6.398986442945898e-05
1293,2013-02-11,2.9256403649924323e-05,6.242693052627146e-05
1294,2013-02-12,1.6706177120795473e-05,6.024117101333104e-05
1295,2013-02-13,3.484045373625122e-05,5.909302126383409e-05
1296,2013-02-14,2.9897288186475635e-05,6.296847277553752e-05
1297,2013-02-15,4.1532668547006324e-05,6.572628626599908e-05
1298,2013-02-18,1.0195572940574493e-05,6.0046611906727776e-05
1299,2013-02-19,4.04909769713413e-05,5.6939214118756354e-05
1300,2013-02-20,3.053919499507174e-05,5.981474168947898e-05
1301,2013-02-21,8.900673856260255e-05,6.080891762394458e-05
1302,2013-02-22,2.4304676117026247e-05,6.0698883316945285e-05
1303,2013-02-25,4.41539850726258e-05,5.595668699243106e-05
1304,2013-02-26,9.123938070842996e-05,6.0238762671360746e-05
1305,2013-02-27,6.492735701613128e-05,5.7812831073533744e-05
1306,2013-02-28,0.00036294577876105905,6.838019180577248e-05
1307,2013-03-01,3.879856376443058e-05,5.848889850312844e-05
1308,2013-03-04,3.861189907183871e-05,6.141619815025479e-05
1309,2013-03-05,6.472383392974734e-05,6.985758955124766e-05
1310,2013-03-06,4.303267996874638e-05,6.52302333037369e-05
1311,2013-03-07,6.899653817526996e-05,9.488254727330059e-05
1312,2013-03-08,5.9472888096934184e-05,6.425255560316145e-05
1313,2013-03-11,1.714350401016418e-05,6.521723116748035e-05
1314,2013-03-12,3.406324685784057e-05,6.276235217228532e-05
1315,2013-03-13,5.0512408051872626e-05,6.161173223517835e-05
1316,2013-03-14,0.00017879449296742678,6.634534656768665e-05
1317,2013-03-15,7.278013072209433e-05,6.327934534056112e-05
1318,2013-03-18,0.00010540267248870805,6.101775215938687e-05
1319,2013-03-19,0.00021491995721589774,6.472563109127805e-05
1320,2013-03-20,4.221278868499212e-05,6.629317067563534e-05
1321,2013-03-21,0.00014389949501492083,8.45636532176286e-05
1322,2013-03-22,3.816001844825223e-05,7.495426689274609e-05
1323,2013-03-25,0.00018941241432912648,6.893491081427783e-05
1324,2013-03-26,3.395527528482489e-05,9.435394167667255e-05
1325,2013-03-28,9.292222966905683e-05,7.1071604907047e-05
1326,2013-04-01,2.765925273706671e-05,9.161946218227968e-05
1327,2013-04-02,4.742500823340379e-05,7.219446706585586e-05
1328,2013-04-03,9.812277858145535e-05,8.757811156101525e-05
1329,2013-04-04,9.941500320564955e-05,6.739437230862677e-05
1330,2013-04-05,2.184428376494907e-05,8.288969547720626e-05
1331,2013-04-08,1.3068623047729488e-05,6.754526111762971e-05
1332,2013-04-09,0.0001750723022269085,7.084403478074819e-05
1333,2013-04-10,0.0001732005475787446,8.369715214939788e-05
1334,2013-04-11,0.00012700054503511637,8.130856440402567e-05
1335,2013-04-12,0.00020171406504232436,6.646072870353237e-05
1336,2013-04-15,0.00010901289351750165,6.293425394687802e-05
1337,2013-04-16,0.00022062599600758404,9.457800479140133e-05
1338,2013-04-17,5.2704686822835356e-05,8.763701771385968e-05
1339,2013-04-18,0.00013209859025664628,8.085296576609835e-05
1340,2013-04-22,3.254726834711619e-05,8.653055556351319e-05
1341,2013-04-23,4.8393972974736243e-05,8.694904681760818e-05
1342,2013-04-25,6.0488717281259596e-05,0.00010191455658059567
1343,2013-04-26,2.8865024432889186e-05,7.820226164767519e-05
1344,2013-04-29,2.521297210478224e-05,8.65975089254789e-05
1345,2013-04-30,0.0001177152298623696,6.88778018229641e-05
1346,2013-05-02,0.00012497053830884397,7.348538929363713e-05
1347,2013-05-03,4.775168054038659e-05,7.147910218918696e-05
1348,2013-05-06,2.2858777811052278e-05,6.8936227762606e-05
1349,2013-05-07,4.727359919343144e-05,6.631833093706518e-05
1350,2013-05-08,4.815893407794647e-05,8.490750042255968e-05
1351,2013-05-09,2.0120562112424523e-05,8.290922414744273e-05
1352,2013-05-10,3.378685505595058e-05,7.475766324205324e-05
1353,2013-05-13,0.00016193039482459426,6.615630263695493e-05
1354,2013-05-14,3.243234823457897e-05,6.75273549859412e-05
1355,2013-05-15,0.0001907853438751772,7.087187259458005e-05
1356,2013-05-16,4.2508258047746494e-05,6.493572436738759e-05
1357,2013-05-17,2.7123111067339778e-05,6.553507409989834e-05
1358,2013-05-20,6.69679357088171e-05,9.347274317406118e-05
1359,2013-05-21,5.6265926104970276e-05,6.866904004709795e-05
1360,2013-05-22,5.2046165365027264e-05,8.405349944951013e-05
1361,2013-05-23,0.00020214715914335102,6.761473923688754e-05
1362,2013-05-24,0.00012680763029493392,6.635711179114878e-05
1363,2013-05-27,0.00014341736095957458,7.579196244478226e-05
1364,2013-05-28,4.879758125753142e-05,7.343599281739444e-05
1365,2013-05-29,3.7404883187264204e-05,7.179062231443822e-05
1366,2013-05-30,6.305711576715112e-05,9.47787266341038e-05
1367,2013-05-31,0.00017525955627206713,7.94678635429591e-05
1368,2013-06-03,8.853636973071843e-05,8.474943024339154e-05
1369,2013-06-04,5.6800214224494994e-05,7.291511428775266e-05
1370,2013-06-05,3.0370101740118116e-05,7.011937123024836e-05
1371,2013-06-06,9.63845377555117e-05,6.981044134590775e-05
1372,2013-06-07,0.00014689951785840094,9.602717909729108e-05
1373,2013-06-10,7.352940156124532e-05,8.32128498586826e-05
1374,2013-06-11,0.00010188355372520164,7.632916822331026e-05
1375,2013-06-12,3.801266211667098e-05,6.882789602968842e-05
1376,2013-06-13,0.00010100223153131083,8.421718666795641e-05
1377,2013-06-14,0.0001401548506692052,9.582536586094648e-05
1378,2013-06-17,9.471437806496397e-05,8.115548553178087e-05
1379,2013-06-18,3.74646442651283e-05,9.070815576706082e-05
1380,2013-06-19,3.1544361263513565e-05,7.425098738167435e-05
1381,2013-06-20,0.00026375349261797965,8.068281749729067e-05
1382,2013-06-21,5.811775918118656e-05,8.00367706688121e-05
1383,2013-06-24,9.048291394719854e-05,8.515678200637922e-05
1384,2013-06-25,0.00010946094698738307,7.515160541515797e-05
1385,2013-06-26,4.4590095058083534e-05,7.066824764478952e-05
1386,2013-06-27,0.00015969332889653742,0.00010590819147182629
1387,2013-06-28,0.0002466336009092629,7.935207395348698e-05
1388,2013-07-01,6.833279621787369e-05,8.562363655073568e-05
1389,2013-07-02,2.664036765054334e-05,9.28862500586547e-05
1390,2013-07-03,9.150419646175578e-05,7.267788896569982e-05
1391,2013-07-04,5.526522727450356e-05,8.165778854163364e-05
1392,2013-07-05,9.869564382825047e-05,8.825371332932264e-05
1393,2013-07-08,8.096067904261872e-05,7.792635005898774e-05
1394,2013-07-09,2.506641067157034e-05,6.971683615120128e-05
1395,2013-07-10,6.108750676503405e-05,7.832324627088383e-05
1396,2013-07-11,0.00021242338698357344,7.092447049217299e-05
1397,2013-07-12,0.000176884641405195,7.200146501418203e-05
1398,2013-07-15,3.9261671190615743e-05,7.870451372582465e-05
1399,2013-07-16,0.00030893919756636024,6.146753003122285e-05
1400,2013-07-17,5.29674616700504e-05,7.560448284493759e-05
1401,2013-07-18,5.7982288126368076e-05,7.422139606205747e-05
1402,2013-07-19,2.986614163091872e-05,7.997107604751363e-05
1403,2013-07-22,4.957955388817936e-05,6.761447730241343e-05
1404,2013-07-23,3.950467726099305e-05,8.659247396280989e-05
1405,2013-07-24,0.00012433857773430645,7.231084600789472e-05
1406,2013-07-25,9.61518962867558e-05,7.15276546543464e-05
1407,2013-07-26,8.139677811414003e-05,6.639978528255597e-05
1408,2013-07-29,4.393137351144105e-05,7.031698623904958e-05
1409,2013-07-30,0.00013216625666245818,6.295274215517566e-05
1410,2013-07-31,9.537216101307422e-05,8.381528459722176e-05
1411,2013-08-01,0.00021490809740498662,8.226206409744918e-05
1412,2013-08-02,0.00014874640328343958,7.534586620749906e-05
1413,2013-08-05,3.8858179323142394e-05,7.054232992231846e-05
1414,2013-08-06,0.00023837073240429163,8.900495595298707e-05
1415,2013-08-07,6.654971366515383e-05,7.99855770310387e-05
1416,2013-08-08,5.4215477575780824e-05,0.00010375410784035921
1417,2013-08-12,0.00013713972293771803,9.587957174517214e-05
1418,2013-08-13,0.00017469370504841208,7.307132182177156e-05
1419,2013-08-14,5.163680179975927e-05,0.0001120900924433954
1420,2013-08-16,0.000564722518902272,8.292827988043427e-05
1421,2013-08-19,0.0002528539043851197,7.375344284810126e-05
1422,2013-08-20,0.0002841560635715723,9.287562716053799e-05
1423,2013-08-21,0.0009431832586415112,9.971962572308257e-05
1424,2013-08-22,0.00033868037280626595,7.649357576156035e-05
1425,2013-08-23,0.00015078322030603886,0.00015418931434396654
1426,2013-08-26,8.644980698591098e-05,0.00013115174078848213
1427,2013-08-27,0.0003630327119026333,0.00012642556976061314
1428,2013-08-28,0.0006698400247842073,0.00018961791647598147
1429,2013-08-29,0.00022038878523744643,0.000152870241436176
1430,2013-08-30,0.0002077972749248147,0.00012197960313642398
1431,2013-09-02,8.588797209085897e-05,0.00010762218153104186
1432,2013-09-03,0.0007729994831606746,0.00017172294610645622
1433,2013-09-04,0.00024907197803258896,0.0002217025321442634
1434,2013-09-05,0.00043631900916807353,0.0001469184207962826
1435,2013-09-06,0.00019633700139820576,0.00016934431914705783
1436,2013-09-10,0.00038199525442905724,0.00010966197442030534
1437,2013-09-11,0.00010116003250004724,0.0002586885530035943
1438,2013-09-12,0.00015150956460274756,0.00018128997180610895
1439,2013-09-13,5.939109905739315e-05,0.00013637193478643894
1440,2013-09-16,0.00042972026858478785,0.00016682255954947323
1441,2013-09-17,3.656223998405039e-05,0.00017249964002985507
1442,2013-09-18,7.34234563424252e-05,0.0001353439874947071
1443,2013-09-19,0.0006863299640826881,0.00016660618712194264
1444,2013-09-20,0.00038803002098575234,0.00010882840433623642
1445,2013-09-23,0.0002603050379548222,0.00022124312818050385
1446,2013-09-24,0.00012167810200480744,9.772345947567374e-05
1447,2013-09-25,0.00012565628276206553,0.00011222304601687938
1448,2013-09-26,3.406214455026202e-05,0.00014915422070771456
1449,2013-09-27,9.573722491040826e-05,0.0002189159713452682
1450,2013-09-30,0.00011597004777286202,0.0001724039320833981
1451,2013-10-01,0.00011036334763048217,0.00012420714483596385
1452,2013-10-03,0.00017532493802718818,0.00013857867452315986
1453,2013-10-04,6.288458098424599e-05,9.246343688573688e-05
1454,2013-10-07,0.00011245798668824136,0.00011346676910761744
1455,2013-10-08,0.00017969707550946623,0.00011982306750724092
1456,2013-10-09,0.00021848359028808773,0.00011068060121033341
1457,2013-10-10,2.8701942937914282e-05,0.00011662129691103473
1458,2013-10-11,0.0002448249433655292,9.601289639249444e-05
1459,2013-10-14,1.5430559869855642e-05,0.0001098472421290353
1460,2013-10-15,0.00012639000487979501,9.982132178265601e-05
1461,2013-10-17,5.7912380725611e-05,0.0001258146803593263
1462,2013-10-18,0.00017147370090242475,7.890976849012077e-05
1463,2013-10-21,3.61296915798448e-05,9.62146368692629e-05
1464,2013-10-22,1.7173841115436517e-05,7.070505671435967e-05
1465,2013-10-23,0.00011549797636689618,0.0001003653378575109
1466,2013-10-24,0.00014904074487276375,8.676871220814064e-05
1467,2013-10-25,2.3646845875191502e-05,9.608040272723883e-05
1468,2013-10-28,5.282026904751547e-05,7.649152394151315e-05
1469,2013-10-29,0.0002016525249928236,6.938400474609807e-05
1470,2013-10-30,2.1731664674007334e-05,9.766095172381029e-05
1471,2013-10-31,5.190934825805016e-05,0.00010135413322132081
1472,2013-11-01,2.3794747903593816e-05,7.07122017047368e-05
1473,2013-11-05,4.8242600314551964e-05,7.760175503790379e-05
1474,2013-11-06,3.353172360220924e-05,9.867738845059648e-05
1475,2013-11-07,0.00012876243272330612,6.783892604289576e-05
1476,2013-11-08,4.402549166115932e-05,7.177241786848754e-05
1477,2013-11-11,7.673139043617994e-05,6.732813926646486e-05
1478,2013-11-12,8.971081115305424e-05,7.373628614004701e-05
1479,2013-11-13,6.100605605752207e-05,6.918972940184176e-05
1480,2013-11-14,0.00011828995047835633,8.861703827278689e-05
1481,2013-11-18,0.0001485408574808389,7.311767694773152e-05
1482,2013-11-19,1.1251103387621697e-05,7.89834011811763e-05
1483,2013-11-20,9.081176540348679e-05,8.17070176708512e-05
1484,2013-11-21,0.0001360993628622964,7.65296135796234e-05
1485,2013-11-22,7.630260370206088e-05,7.524641114287078e-05
1486,2013-11-25,0.00011605246982071549,7.452211866620928e-05
1487,2013-11-26,4.5078082621330395e-05,6.212670996319503e-05
1488,2013-11-27,1.9750352294067852e-05,8.289919060189277e-05
1489,2013-11-28,5.0807797379093245e-05,8.805128163658082e-05
1490,2013-11-29,5.979255729471333e-05,7.737126725260168e-05
1491,2013-12-02,3.0648690881207585e-05,7.394007116090506e-05
1492,2013-12-03,1.5665904356865212e-05,7.331024971790612e-05
1493,2013-12-04,3.643501622718759e-05,6.47424822091125e-05
1494,2013-12-05,0.00031362270237877965,6.716256029903889e-05
1495,2013-12-06,1.927431731019169e-05,6.705446867272258e-05
1496,2013-12-09,0.0006425078609026968,6.294343620538712e-05
1497,2013-12-10,2.9432458177325316e-05,6.171893619466573e-05
1498,2013-12-11,3.4891258110292256e-05,6.759926327504218e-05
1499,2013-12-12,5.171891098143533e-05,7.886056846473366e-05
1500,2013-12-13,5.25460418430157e-05,4.026897295261733e-05
1501,2013-12-16,1.240004348801449e-05,4.8557951231487095e-05
1502,2013-12-17,4.405169966048561e-05,3.966148506151512e-05
1503,2013-12-18,0.00010430662950966507,4.202949639875442e-05
1504,2013-12-19,0.00014651671517640352,5.081545532448217e-05
1505,2013-12-20,0.00011782204092014581,5.8294386690249667e-05
1506,2013-12-23,3.15526376652997e-05,4.741379234474152e-05
1507,2013-12-24,1.687244002823718e-05,4.6553919673897326e-05
1508,2013-12-26,1.7219055735040456e-05,4.063775122631341e-05
1509,2013-12-27,1.594345667399466e-05,4.85275850223843e-05
1510,2013-12-30,5.5863001762190834e-05,4.45564764959272e-05
1511,2013-12-31,1.451751359127229e-05,4.6379056584555656e-05
1512,2014-01-02,0.000200590118765831,4.4489897845778614e-05
1513,2014-01-03,4.172326225670986e-05,4.1623196011641994e-05
1514,2014-01-06,3.074122651014477e-05,4.242471186444163e-05
1515,2014-01-07,5.533600415219553e-05,4.496678593568504e-05
1516,2014-01-08,1.528155007690657e-05,4.273600643500686e-05
1517,2014-01-09,1.6758676792960614e-05,8.061843982432038e-05
1518,2014-01-10,9.496574057266116e-05,8.652197720948607e-05
1519,2014-01-13,9.486816270509735e-05,7.691550126764923e-05
1520,2014-01-14,2.3338165192399174e-05,7.562099199276417e-05
1521,2014-01-15,4.5600485464092344e-05,7.024487422313541e-05
1522,2014-01-16,3.012924935319461e-05,7.152609032345936e-05
1523,2014-01-17,5.9205834986642e-05,9.158364264294505e-05
1524,2014-01-20,3.6764333344763145e-05,7.910560088930652e-05
1525,2014-01-21,1.5563466149615124e-05,5.9605132264550775e-05
1526,2014-01-22,3.402565198484808e-05,4.0255647036246955e-05
1527,2014-01-23,1.694392085482832e-05,4.07328516303096e-05
1528,2014-01-24,9.268751455238089e-05,4.978200377081521e-05
1529,2014-01-27,0.00019728073675651103,5.085627344669774e-05
1530,2014-01-28,5.415641135186888e-05,4.475894456845708e-05
1531,2014-01-29,6.464253965532407e-05,3.8862370274728164e-05
1532,2014-01-30,0.00011267817171756178,3.7048863305244595e-05
1533,2014-01-31,1.0974017641274258e-05,4.043090302729979e-05
1534,2014-02-03,8.568245539208874e-05,5.359069837140851e-05
1535,2014-02-04,0.00014913517225068063,7.03924015397206e-05
1536,2014-02-05,5.2741139370482415e-05,4.917800833936781e-05
1537,2014-02-06,8.77827187650837e-05,6.040035077603534e-05
1538,2014-02-07,7.644441211596131e-05,4.193292625132017e-05
1539,2014-02-10,1.4745666703674942e-05,5.491291085490957e-05
1540,2014-02-11,1.7178543203044683e-05,5.8108165831072256e-05
1541,2014-02-12,2.338909871468786e-05,5.3497045882977545e-05
1542,2014-02-13,9.892500384012237e-05,5.528077599592507e-05
1543,2014-02-14,7.018420001259074e-05,4.611306940205395e-05
1544,2014-02-18,6.575124280061573e-05,4.097194687346928e-05
1545,2014-02-19,1.124867867474677e-05,4.3252879549982026e-05
1546,2014-02-20,3.390030178707093e-05,3.940004171454348e-05
1547,2014-02-21,3.175261736032553e-05,4.463072764337994e-05
1548,2014-02-24,3.8672518712701276e-05,4.820971662411466e-05
1549,2014-02-25,2.525053423596546e-05,4.238326073391363e-05
1550,2014-02-26,1.7262726032640785e-05,3.702520189108327e-05
1551,2014-02-28,2.874374513339717e-05,3.8423713704105467e-05
1552,2014-03-03,4.095499389222823e-05,3.8743171899113804e-05
1553,2014-03-04,6.529557867906988e-05,3.887419370585121e-05
1554,2014-03-05,5.185823465581052e-05,3.790142363868654e-05
1555,2014-03-06,4.3603133235592395e-05,3.671129161375575e-05
1556,2014-03-07,0.0001294135581701994,3.593235669541173e-05
1557,2014-03-10,7.599881791975349e-05,3.5951859899796546e-05
1558,2014-03-11,3.7047699152026325e-05,3.565068982425146e-05
1559,2014-03-12,3.469132207101211e-05,3.5634133382700384e-05
1560,2014-03-13,9.267301356885582e-05,3.44735526596196e-05
1561,2014-03-14,0.00010886017844313756,3.6070581700187176e-05
1562,2014-03-18,6.919124280102551e-05,3.569389082258567e-05
1563,2014-03-19,1.4173048839438707e-05,3.7183483073022217e-05
1564,2014-03-20,2.6031881134258583e-05,3.810612179222517e-05
1565,2014-03-21,3.53039285982959e-05,5.288407555781305e-05
1566,2014-03-24,5.9261761634843424e-05,5.648571823257953e-05
1567,2014-03-25,4.588596129906364e-05,6.405726890079677e-05
1568,2014-03-26,3.266437488491647e-05,3.8204809243325144e-05
1569,2014-03-27,4.73975196655374e-05,3.941428803955205e-05
1570,2014-03-28,5.164158210391179e-05,4.224798976792954e-05
1571,2014-03-31,5.927837992203422e-05,4.017135506728664e-05
1572,2014-04-01,5.140641223988496e-05,3.888094215653837e-05
1573,2014-04-02,4.484032979235053e-05,3.7772133509861305e-05
1574,2014-04-03,6.36881886748597e-05,3.7029087252449244e-05
1575,2014-04-04,2.53912166954251e-05,3.685602860059589e-05
1576,2014-04-07,4.266356700100005e-05,3.859466596622951e-05
1577,2014-04-09,9.507756476523355e-05,3.9965350879356265e-05
1578,2014-04-10,1.3542164197133388e-05,4.027669274364598e-05
1579,2014-04-11,4.7010998969199136e-05,4.4187392632011324e-05
1580,2014-04-15,8.118846017168835e-05,4.142909892834723e-05
1581,2014-04-16,5.34107384737581e-05,4.3216266931267455e-05
1582,2014-04-17,8.18757398519665e-05,4.0190974686993286e-05
1583,2014-04-21,1.3078821211820468e-05,3.5417775507085025e-05
1584,2014-04-22,8.004863957467023e-06,3.635875691543333e-05
1585,2014-04-23,1.552609319332987e-05,4.200533658149652e-05
1586,2014-04-25,7.279019337147474e-05,4.368000736576505e-05
1587,2014-04-28,9.837074685492553e-06,4.4752199755748734e-05
1588,2014-04-29,3.869177453452721e-05,3.7527759559452534e-05
1589,2014-04-30,0.00011516944505274296,3.6410179745871574e-05
1590,2014-05-02,2.4766417482169345e-05,3.631745130405761e-05
1591,2014-05-05,4.282740337657742e-05,3.694217593874782e-05
1592,2014-05-06,2.224922354798764e-05,3.731224569492042e-05
1593,2014-05-07,4.4239342969376594e-05,3.59348559868522e-05
1594,2014-05-08,2.5338171326438896e-05,4.250234269420616e-05
1595,2014-05-09,0.0003575386945158243,3.63997278327588e-05
1596,2014-05-12,0.0001745150366332382,3.808820838457905e-05
1597,2014-05-13,0.00017585509340278804,3.943579213228077e-05
1598,2014-05-14,2.480400144122541e-05,4.359062222647481e-05
1599,2014-05-15,3.2077343348646536e-05,4.83525000163354e-05
1600,2014-05-16,0.001850779983215034,4.8012832849053666e-05
1601,2014-05-19,0.0001836618612287566,4.407409505802207e-05
1602,2014-05-20,0.00011177486885571852,4.834982246393338e-05
1603,2014-05-21,4.806083961739205e-05,3.924628617824055e-05
1604,2014-05-22,5.019786476623267e-05,4.579136293614283e-05
1605,2014-05-23,6.42340601189062e-05,7.422599446726963e-05
1606,2014-05-26,0.0004059036145918071,6.743764970451593e-05
1607,2014-05-27,6.696474156342447e-05,0.00010402509360574186
1608,2014-05-28,1.2164647159806918e-05,7.304450264200568e-05
1609,2014-05-29,6.806340388720855e-05,6.15580502199009e-05
1610,2014-05-30,0.00021514719992410392,6.0203037719475105e-05
1611,2014-06-02,0.00012921130110044032,0.0001037142428685911
1612,2014-06-03,4.8403388063889e-05,9.905680053634569e-05
1613,2014-06-04,1.0803263648995198e-05,5.598166899289936e-05
1614,2014-06-05,9.853464143816382e-05,8.210107625927776e-05
1615,2014-06-06,9.426427277503535e-05,9.70982582657598e-05
1616,2014-06-09,7.792293035890907e-05,7.510215800721198e-05
1617,2014-06-10,0.00010172249312745407,6.568343087565154e-05
1618,2014-06-11,7.491088763345033e-05,5.5003380111884326e-05
1619,2014-06-12,3.582976933103055e-05,5.2400620916159824e-05
1620,2014-06-13,0.0001426605595042929,6.0369882703525946e-05
1621,2014-06-16,2.8786347684217617e-05,6.854916864540428e-05
1622,2014-06-17,9.862357546808198e-05,7.80415502958931e-05
1623,2014-06-18,0.00012754954514093697,6.272675091167912e-05
1624,2014-06-19,7.186748553067446e-05,5.4594023822573945e-05
1625,2014-06-20,2.3640510335098952e-05,9.04378030099906e-05
1626,2014-06-23,5.7038621889660135e-05,7.635275687789544e-05
1627,2014-06-24,4.5528697228292e-05,7.127346907509491e-05
1628,2014-06-25,8.006048119568732e-06,0.0001012770298984833
1629,2014-06-26,5.081559720565565e-05,9.598002361599356e-05
1630,2014-06-27,2.6504838388063945e-05,5.513530413736589e-05
1631,2014-06-30,6.155792652862146e-05,7.547538552898914e-05
1632,2014-07-01,1.1022928447346203e-05,5.138298365636729e-05
1633,2014-07-02,5.704020077246241e-05,4.942635860061273e-05
1634,2014-07-03,1.4951132470741868e-05,5.5289474403252825e-05
1635,2014-07-04,6.649432907579467e-05,5.098462133901194e-05
1636,2014-07-07,2.3486129066441208e-05,4.0075268771033734e-05
1637,2014-07-08,0.000265389506239444,3.869384454446845e-05
1638,2014-07-09,6.22039515292272e-05,3.595363887143321e-05
1639,2014-07-10,0.00037760063423775136,3.605809615692124e-05
1640,2014-07-11,0.00019767471530940384,3.601558637456037e-05
1641,2014-07-14,2.3515398424933665e-05,3.7331465136958286e-05
1642,2014-07-15,6.201766518643126e-05,8.326739043695852e-05
1643,2014-07-16,9.329499152954668e-05,9.54830102273263e-05
1644,2014-07-17,1.4239245501812547e-05,7.897398609202355e-05
1645,2014-07-18,4.835075014852919e-05,9.297762881033123e-05
1646,2014-07-21,3.765682049561292e-05,0.00010662907152436674
1647,2014-07-22,3.6624009226216e-05,0.0001133476835093461
1648,2014-07-23,3.382728391443379e-05,0.00010219798423349857
1649,2014-07-24,2.4482293156324886e-05,7.55883302190341e-05
1650,2014-07-25,5.1313149015186355e-05,7.975355401868e-05
1651,2014-07-28,3.5127977753290907e-05,7.525135151809081e-05
1652,2014-07-30,5.144187161931768e-05,6.54930918244645e-05
1653,2014-07-31,3.723770350916311e-05,5.098234032629989e-05
1654,2014-08-01,0.00015547334623988718,4.430127592058852e-05
1655,2014-08-04,5.385147233027965e-05,4.278877895558253e-05
1656,2014-08-05,0.00010421624028822407,4.157685543759726e-05
1657,2014-08-06,4.4886881369166076e-05,4.071770308655687e-05
1658,2014-08-07,5.0501763325883076e-05,4.293782330933027e-05
1659,2014-08-08,8.256040018750355e-05,7.361051393672824e-05
1660,2014-08-11,5.418193177320063e-05,5.309855259838514e-05
1661,2014-08-12,0.00010773987014545128,7.672794890822843e-05
1662,2014-08-13,2.26125539484201e-05,5.513682481250726e-05
1663,2014-08-14,2.3746822989778593e-05,6.71713933115825e-05
1664,2014-08-18,5.721584602724761e-05,8.439478551736102e-05
1665,2014-08-19,1.890694329631515e-05,8.254434214904904e-05
1666,2014-08-20,2.3942180632730015e-05,6.646858673775569e-05
1667,2014-08-21,2.1994583221385255e-05,4.3890213419217616e-05
1668,2014-08-22,8.01881560619222e-06,3.879068390233442e-05
1669,2014-08-25,3.562271740520373e-05,3.8045556721044704e-05
1670,2014-08-26,3.129467222606763e-05,3.728660158230923e-05
1671,2014-08-27,1.859228177636396e-05,3.698969885590486e-05
1672,2014-08-28,5.462352419272065e-06,3.6257268220651895e-05
1673,2014-09-01,3.399224442546256e-05,3.6266814277041703e-05
1674,2014-09-02,2.5251183615182526e-05,3.603564982768148e-05
1675,2014-09-03,2.4510118237230927e-05,3.834676317637786e-05
1676,2014-09-04,2.0711913748527877e-05,4.072612864547409e-05
1677,2014-09-05,2.808793942676857e-05,4.1873823647620156e-05
1678,2014-09-08,4.706958497990854e-05,3.98563061025925e-05
1679,2014-09-09,1.4594221283914521e-05,3.789032780332491e-05
1680,2014-09-10,1.9973520466010086e-05,3.722048131749034e-05
1681,2014-09-11,3.327496597194113e-05,3.52355491486378e-05
1682,2014-09-12,9.49212335399352e-06,3.4826338378479704e-05
1683,2014-09-15,3.052621104870923e-05,3.473790275165811e-05
1684,2014-09-16,7.636025839019567e-05,3.4906370274256915e-05
1685,2014-09-17,4.0542639908380806e-05,3.525204738252796e-05
1686,2014-09-18,0.00018198649922851473,3.480352461338043e-05
1687,2014-09-19,1.9827537471428514e-05,3.5143290006089956e-05
1688,2014-09-22,6.697642675135285e-05,3.542818012647331e-05
1689,2014-09-23,0.00011882123362738639,3.624489181675017e-05
1690,2014-09-24,4.7288664063671604e-05,3.733723860932514e-05
1691,2014-09-25,0.00010844942153198645,3.865909457090311e-05
1692,2014-09-26,0.0001348896330455318,3.5419227060629055e-05
1693,2014-09-29,1.907532350742258e-05,3.5985198337584734e-05
1694,2014-09-30,6.97335199220106e-05,4.688657645601779e-05
1695,2014-10-01,9.345559192297515e-06,5.537871038541198e-05
1696,2014-10-07,9.738287189975381e-05,8.421975508099422e-05
1697,2014-10-08,2.5930961783160456e-05,7.951342558953911e-05
1698,2014-10-09,7.129705772968009e-05,4.331038144300692e-05
1699,2014-10-10,6.97424984537065e-05,6.0831302107544616e-05
1700,2014-10-13,7.511291187256575e-05,4.160398384556174e-05
1701,2014-10-14,8.699292811797932e-05,5.515449811355211e-05
1702,2014-10-16,0.00016637468070257455,5.279261677060276e-05
1703,2014-10-17,5.823654282721691e-05,4.8708036047173664e-05
1704,2014-10-20,0.00023754128778818995,5.393658284447156e-05
1705,2014-10-21,3.482586907921359e-05,5.495890945894644e-05
1706,2014-10-22,8.322316716657951e-05,6.0196034610271454e-05
1707,2014-10-27,0.00010544580436544493,9.243249223800376e-05
1708,2014-10-28,1.1314447874610778e-05,6.539130117744207e-05
1709,2014-10-29,4.9833070079330355e-05,6.390295311575755e-05
1710,2014-10-30,4.855345832766034e-05,7.41378462407738e-05
1711,2014-10-31,0.0001023070071823895,9.304157720180228e-05
1712,2014-11-03,2.5894338250509463e-05,9.126531949732453e-05
1713,2014-11-05,1.8969578377436846e-05,6.216979818418622e-05
1714,2014-11-07,2.5608796931919642e-05,6.496904097730294e-05
1715,2014-11-10,2.943125036836136e-05,5.151177174411714e-05
1716,2014-11-11,1.7953887436306104e-05,4.503021409618668e-05
1717,2014-11-12,1.561445969855413e-05,4.2647458030842245e-05
1718,2014-11-13,4.913483644486405e-05,4.141176032135263e-05
1719,2014-11-14,1.3934100934420712e-05,3.8861591747263446e-05
1720,2014-11-17,4.16579787270166e-05,3.7429250369314104e-05
1721,2014-11-18,1.208578578371089e-05,3.610090061556548e-05
1722,2014-11-19,4.602897752192803e-05,3.6453435313887894e-05
1723,2014-11-20,3.3227686799364164e-05,3.757158629014157e-05
1724,2014-11-21,3.976184962084517e-05,3.9231170376297086e-05
1725,2014-11-24,1.1624159924394917e-05,4.175925278104842e-05
1726,2014-11-25,5.6007029343163595e-05,4.30502877861727e-05
1727,2014-11-26,2.062138810288161e-05,3.656638727989048e-05
1728,2014-11-27,1.2117419828427956e-05,3.5727811336982995e-05
1729,2014-11-28,5.694779974874109e-05,3.5645112802740186e-05
1730,2014-12-01,3.153500802000053e-05,3.588187973946333e-05
1731,2014-12-02,1.9826460629701614e-05,3.601242497097701e-05
1732,2014-12-03,7.550551345048007e-06,3.706455754581839e-05
1733,2014-12-04,7.290753273991868e-05,3.7093872379045933e-05
1734,2014-12-05,2.4854840376065113e-05,3.592992288758978e-05
1735,2014-12-08,6.102706538513303e-05,3.621283030952327e-05
1736,2014-12-09,6.248226418392733e-05,3.79953344236128e-05
1737,2014-12-10,2.643995867401827e-05,3.764719804166816e-05
1738,2014-12-11,3.247806307626888e-05,3.412320074858144e-05
1739,2014-12-12,5.660062379320152e-05,3.4195982152596116e-05
1740,2014-12-15,0.0001010229461826384,3.478421422187239e-05
1741,2014-12-16,0.00012814466026611626,3.609518535085954e-05
1742,2014-12-17,8.946005982579663e-05,3.6373290640767664e-05
1743,2014-12-18,0.00022976439504418522,3.69488334399648e-05
1744,2014-12-19,9.131946717388928e-05,3.821278369287029e-05
1745,2014-12-22,6.652401498286054e-05,3.9727430703351274e-05
1746,2014-12-23,6.351205229293555e-05,5.600692020379938e-05
1747,2014-12-24,8.589361823396757e-05,7.699499110458419e-05
1748,2014-12-26,5.359054557629861e-05,7.155754428822547e-05
1749,2014-12-29,2.842808680725284e-05,5.531837814487517e-05
1750,2014-12-30,1.5849494957365096e-05,5.940294431638904e-05
1751,2014-12-31,1.159694238594966e-05,6.526775541715324e-05
1752,2015-01-02,7.357353024417534e-05,7.09030355210416e-05
1753,2015-01-05,3.598945477278903e-05,6.231920997379348e-05
1754,2015-01-06,0.0002760977658908814,5.632106331177056e-05
1755,2015-01-07,3.8190999475773424e-05,5.3533232858171687e-05
1756,2015-01-08,0.00015004062152002007,5.115820385981351e-05
1757,2015-01-09,0.00012737838551402092,5.6211862101918086e-05
1758,2015-01-12,4.351353345555253e-05,5.481987682287581e-05
1759,2015-01-13,4.7788897063583136e-05,8.495885413140059e-05
1760,2015-01-14,4.213170905131847e-05,6.0992093494860455e-05
1761,2015-01-15,0.00041012055589817464,6.088365626055747e-05
1762,2015-01-16,3.5176453820895404e-05,7.085362449288368e-05
1763,2015-01-19,2.5087887479458004e-05,6.415465759346262e-05
1764,2015-01-20,8.931207412388176e-05,6.64616163703613e-05
1765,2015-01-21,2.0872947061434388e-05,6.56651463941671e-05
1766,2015-01-22,1.3277144716994371e-05,7.105818804120645e-05
1767,2015-01-23,7.86151722422801e-05,6.230452709132805e-05
1768,2015-01-27,6.223160744411871e-05,5.5697666539344937e-05
1769,2015-01-28,5.898379095015116e-05,6.173183646751568e-05
1770,2015-01-29,5.137239713803865e-05,5.5466287449235097e-05
1771,2015-01-30,0.00023870720178820193,5.274103386909701e-05
1772,2015-02-02,3.514000854920596e-05,5.370263534132391e-05
1773,2015-02-03,6.259600195335224e-05,5.394033723860048e-05
1774,2015-02-04,4.91610771859996e-05,5.5472795793320984e-05
1775,2015-02-05,0.00012960944150108844,5.445866918307729e-05
1776,2015-02-06,3.235425174352713e-05,7.611930777784437e-05
1777,2015-02-09,0.00011585353058762848,5.985982352285646e-05
1778,2015-02-10,0.00019616463396232575,6.639915227424353e-05
1779,2015-02-11,3.547710366547108e-05,6.353828212013468e-05
1780,2015-02-12,0.00012535968562588096,7.920758071122691e-05
1781,2015-02-13,4.902544606011361e-05,6.381057028193027e-05
1782,2015-02-16,3.574110451154411e-05,7.156757055781782e-05
1783,2015-02-18,3.332705091452226e-05,7.942346564959735e-05
1784,2015-02-19,8.314756269101053e-05,5.973294537398033e-05
1785,2015-02-20,3.0620532925240695e-05,7.192857447080314e-05
1786,2015-02-23,8.367703412659466e-05,6.364265573211014e-05
1787,2015-02-24,2.784935168165248e-05,6.286347343120724e-05
1788,2015-02-25,5.687317025149241e-05,6.000133362249471e-05
1789,2015-02-26,6.212380685610697e-05,6.553370621986687e-05
1790,2015-02-27,0.00011237908620387316,6.0436879721237347e-05
1791,2015-03-02,0.00019356906705070287,6.678807403659448e-05
1792,2015-03-03,3.13993041345384e-05,5.8484212786424905e-05
1793,2015-03-04,0.000367730826837942,6.149854743853211e-05
1794,2015-03-05,6.454341928474605e-05,6.479708827100694e-05
1795,2015-03-09,0.00012739672092720866,6.369523180183023e-05
1796,2015-03-10,4.959677244187333e-05,6.336431397357956e-05
1797,2015-03-11,2.7429723559180275e-05,5.8541128964861855e-05
1798,2015-03-12,3.467580972937867e-05,8.218082075472921e-05
1799,2015-03-13,0.00027047545881941915,6.831507198512554e-05
1800,2015-03-16,1.3827840120939072e-05,8.234047709265724e-05
1801,2015-03-17,0.0001032643995131366,7.252723298734054e-05
1802,2015-03-18,3.699922308442183e-05,6.487666541943327e-05
1803,2015-03-19,0.00018762449326459318,6.003430098644458e-05
1804,2015-03-20,2.7580785172176547e-05,8.99097794899717e-05
1805,2015-03-23,2.6830264687305316e-05,5.8074867411050946e-05
1806,2015-03-24,7.176242070272565e-05,6.670442962786183e-05
1807,2015-03-25,2.4588172891526483e-05,6.279001536313444e-05
1808,2015-03-26,0.00018724086112342775,8.15826715552248e-05
1809,2015-03-27,0.0001548579166410491,6.399980338755995e-05
1810,2015-03-30,9.470237273490056e-05,6.118516466813162e-05
1811,2015-03-31,6.065057095838711e-05,6.51136360829696e-05
1812,2015-04-01,8.931140473578125e-05,5.7831632148008794e-05
1813,2015-04-06,5.6439675972796977e-05,8.179121505236253e-05
1814,2015-04-07,7.685273885726929e-05,7.669444312341511e-05
1815,2015-04-08,3.1097039027372375e-05,6.612369907088578e-05
1816,2015-04-09,8.815554610919207e-05,7.015268784016371e-05
1817,2015-04-10,1.755081939336378e-05,7.332863606279716e-05
1818,2015-04-13,3.741083855857141e-05,6.822834257036448e-05
1819,2015-04-16,0.00014866088167764246,7.283157901838422e-05
1820,2015-04-17,4.9318299716105685e-05,5.943416181253269e-05
1821,2015-04-20,0.00018567837832961231,6.558991299243644e-05
1822,2015-04-21,8.170616638381034e-05,5.71228883927688e-05
1823,2015-04-22,0.00017954461509361863,5.8419329434400424e-05
1824,2015-04-23,0.00012930361845064908,7.038971671136096e-05
1825,2015-04-24,9.793711069505662e-05,6.419952114811167e-05
1826,2015-04-27,9.57631491473876e-05,8.27956828288734e-05
1827,2015-04-28,7.433862629113719e-05,7.491659926017746e-05
1828,2015-04-29,4.0933398850029334e-05,8.463529957225546e-05
1829,2015-04-30,4.4021548092132434e-05,8.645533671369776e-05
1830,2015-05-04,0.0001124248665291816,8.838148642098531e-05
1831,2015-05-05,3.099069363088347e-05,8.74935431056656e-05
1832,2015-05-06,0.000311795505695045,8.410409645875916e-05
1833,2015-05-07,8.7271626398433e-05,7.832339179003611e-05
1834,2015-05-08,0.00013859533646609634,7.732442463748157e-05
1835,2015-05-11,9.74354479694739e-05,7.654114597244188e-05
1836,2015-05-12,0.0002246324875159189,6.826200115028769e-05
1837,2015-05-13,0.00020625331671908498,0.00010842852498171851
1838,2015-05-14,8.24246890260838e-05,8.690552203916013e-05
1839,2015-05-15,2.6310945031582378e-05,7.753074169158936e-05
1840,2015-05-18,6.899634172441438e-05,7.738012209301814e-05
1841,2015-05-19,5.26196054124739e-05,0.00011571859795367345
1842,2015-05-20,2.282906098116655e-05,0.00010708346962928772
1843,2015-05-21,2.4142369511537254e-05,9.212895383825526e-05
1844,2015-05-22,2.550170938775409e-05,7.556843047495931e-05
1845,2015-05-25,3.5027620469918475e-05,8.325039379997179e-05
1846,2015-05-26,1.8725830159382895e-05,8.26757459435612e-05
1847,2015-05-27,4.0941515180747956e-05,6.800047412980348e-05
1848,2015-05-28,4.8710262490203604e-05,6.738762749591842e-05
1849,2015-05-29,9.304007835453376e-05,6.387456232914701e-05
1850,2015-06-01,2.3711498215561733e-05,6.366906018229201e-05
1851,2015-06-02,0.00023610061907675117,5.8378500398248434e-05
1852,2015-06-03,0.00010900467168539762,5.716343366657384e-05
1853,2015-06-04,8.372237061848864e-05,5.809885624330491e-05
1854,2015-06-05,5.930128099862486e-05,5.7875273341778666e-05
1855,2015-06-08,5.364290336729027e-05,5.360823342925869e-05
1856,2015-06-09,1.9570057702367194e-05,7.955308683449402e-05
1857,2015-06-10,8.858062938088551e-05,7.574954361189157e-05
1858,2015-06-11,0.00023501331452280283,7.17018119757995e-05
1859,2015-06-12,1.670587334956508e-05,6.98274961905554e-05
1860,2015-06-15,6.599246989935637e-05,7.141097012208775e-05
1861,2015-06-16,7.073857705108821e-05,5.964465162833221e-05
1862,2015-06-17,6.0354574088705704e-05,6.754210335202515e-05
1863,2015-06-18,4.406329753692262e-05,8.68187053129077e-05
1864,2015-06-19,2.7449899789644405e-05,5.74515106563922e-05
1865,2015-06-22,7.957653724588454e-05,6.758314702892676e-05
1866,2015-06-23,3.0598406738135964e-05,6.908726936671883e-05
1867,2015-06-24,3.6682209611171857e-05,6.619928899453953e-05
1868,2015-06-25,5.204670742386952e-05,6.192463479237631e-05
1869,2015-06-26,2.597219281597063e-05,5.70661504752934e-05
1870,2015-06-29,0.00035525450948625803,6.0526745073730126e-05
1871,2015-06-30,3.0414070351980627e-05,5.6499018683098257e-05
1872,2015-07-01,6.173212750582024e-05,5.847858119523153e-05
1873,2015-07-02,1.4967797142162453e-05,5.927821257500909e-05
1874,2015-07-03,2.5621622626204044e-05,5.7291254051961005e-05
1875,2015-07-06,0.00023982826678548008,7.204287976492196e-05
1876,2015-07-07,2.781909097393509e-05,5.735329614253715e-05
1877,2015-07-08,0.00013530706928577274,6.0769896663259715e-05
1878,2015-07-09,3.262636164436117e-05,5.241881081019528e-05
1879,2015-07-10,4.3267940782243386e-05,5.353389497031458e-05
1880,2015-07-13,8.696206350577995e-05,6.314153870334849e-05
1881,2015-07-14,1.8201835700892843e-05,5.523566869669594e-05
1882,2015-07-15,2.336152465431951e-05,6.686455162707716e-05
1883,2015-07-16,3.150182237732224e-05,5.744137160945684e-05
1884,2015-07-17,1.4352060134115163e-05,5.512447387445718e-05
1885,2015-07-20,3.04376026178943e-05,5.99300219619181e-05
1886,2015-07-21,8.014262857614085e-05,5.330250860424712e-05
1887,2015-07-22,0.00010089777788380161,5.1820665248669684e-05
1888,2015-07-23,3.112537524430081e-05,5.084972508484498e-05
1889,2015-07-24,2.6696625354816206e-05,4.8473604692844674e-05
1890,2015-07-27,0.00010686361929401755,4.922620064462535e-05
1891,2015-07-28,2.9212380468379706e-05,5.706708179786801e-05
1892,2015-07-29,2.2522141080116853e-05,5.574485476245172e-05
1893,2015-07-30,4.057609839946963e-05,5.2806812163908035e-05
1894,2015-07-31,6.41844017081894e-05,5.196656275074929e-05
1895,2015-08-03,2.2574353351956233e-05,6.298553489614278e-05
1896,2015-08-04,8.964735752670094e-05,5.3175121138338e-05
1897,2015-08-05,2.4615599613753147e-05,4.7660782001912594e-05
1898,2015-08-06,1.9052324205404148e-05,4.853072459809482e-05
1899,2015-08-07,9.314380804426037e-06,5.170677832211368e-05
1900,2015-08-10,7.264137821039185e-05,4.8473742936039343e-05
1901,2015-08-11,6.938326987437904e-05,5.6883371144067496e-05
1902,2015-08-12,6.135924195405096e-05,4.736927803605795e-05
1903,2015-08-13,5.930931365583092e-05,4.7474695747951046e-05
1904,2015-08-14,0.00013546794070862234,4.537404311122373e-05
1905,2015-08-17,6.178425246616825e-05,5.369900100049563e-05
1906,2015-08-18,5.129661440150812e-05,5.423746188171208e-05
1907,2015-08-19,4.25150319642853e-05,5.469971438287757e-05
1908,2015-08-20,0.00010387510701548308,5.249314563116059e-05
1909,2015-08-21,0.0001271100773010403,5.6632317864568904e-05
1910,2015-08-24,0.0013520627981051803,5.716627129004337e-05
1911,2015-08-25,0.000667813525069505,5.64919100725092e-05
1912,2015-08-26,0.00014304147043731064,5.630957457469776e-05
1913,2015-08-27,0.000337564037181437,6.844830932095647e-05
1914,2015-08-28,0.00025861061294563115,6.750912871211767e-05
1915,2015-08-31,4.8880021495278925e-05,0.00015063419414218515
1916,2015-09-01,0.00024710895377211273,0.00013111323642078787
1917,2015-09-02,0.00023131970374379307,0.00011465579882496968
1918,2015-09-03,0.00010088671115227044,9.675569162936881e-05
1919,2015-09-04,0.0001897537731565535,0.00011625740444287658
1920,2015-09-07,0.0001628621103009209,9.482121095061302e-05
1921,2015-09-08,0.00020433349709492177,0.00014779745833948255
1922,2015-09-09,0.00026751664699986577,0.00012889757636003196
1923,2015-09-10,0.0002451358886901289,9.516564750811085e-05
1924,2015-09-11,9.412198414793238e-05,0.00014420818479266018
1925,2015-09-14,9.310744644608349e-05,0.0001409757969668135
1926,2015-09-15,3.6727080441778526e-05,0.00015029696805868298
1927,2015-09-16,7.543178071500733e-05,0.00012041600712109357
1928,2015-09-18,0.00014413696771953255,0.00015003331645857543
1929,2015-09-21,0.00011252321564825252,0.00012007599434582517
1930,2015-09-22,0.00031934294383972883,0.00011684149649227038
1931,2015-09-23,0.00023501244140788913,9.715050691738725e-05
1932,2015-09-24,4.5235610741656274e-05,9.076232527149841e-05
1933,2015-09-28,7.15896239853464e-05,9.823204891290516e-05
1934,2015-09-29,0.0003956483560614288,8.899070235202089e-05
1935,2015-09-30,0.00015087729843799025,0.000126659928355366
1936,2015-10-01,6.0954767832299694e-05,0.0001114522383431904
1937,2015-10-05,0.00012634457380045205,8.744941442273557e-05
1938,2015-10-06,0.00010756749543361366,9.052305540535599e-05
1939,2015-10-07,1.637802051845938e-05,0.0001326711499132216
1940,2015-10-08,5.0072405429091305e-05,9.401756688021123e-05
1941,2015-10-09,9.110365499509498e-05,8.574769162805751e-05
1942,2015-10-12,9.37081131269224e-05,8.474886271869764e-05
1943,2015-10-13,2.7238722395850345e-05,8.399732178077102e-05
1944,2015-10-14,2.5481193006271496e-05,7.062822987791151e-05
1945,2015-10-15,2.94102883344749e-05,7.536706107202917e-05
1946,2015-10-16,5.824731488246471e-05,7.349252700805664e-05
1947,2015-10-19,1.9212689949199557e-05,7.51162733649835e-05
1948,2015-10-20,2.2496124074677937e-05,6.492024112958461e-05
1949,2015-10-21,2.906823283410631e-05,6.0535054217325523e-05
1950,2015-10-23,5.752118886448443e-05,5.7556972024030983e-05
1951,2015-10-26,5.6101598602253944e-05,5.993945160298608e-05
1952,2015-10-27,1.6525958926649764e-05,5.39035172550939e-05
1953,2015-10-28,6.015517647028901e-05,5.447315925266594e-05
1954,2015-10-29,3.4521581255830824e-05,5.4391715821111575e-05
1955,2015-10-30,5.471082477015443e-05,5.162399975233711e-05
1956,2015-11-02,3.5996628866996616e-05,5.441054599941708e-05
1957,2015-11-03,4.4535405322676525e-05,4.801132308784872e-05
1958,2015-11-04,7.050345448078588e-05,5.139547647559084e-05
1959,2015-11-05,4.219681432005018e-05,5.054638677393086e-05
1960,2015-11-06,3.211045986972749e-05,5.2876410336466506e-05
1961,2015-11-09,0.0005953341023996472,4.8424855776829645e-05
1962,2015-11-10,9.201568173011765e-05,4.8395260819233954e-05
1963,2015-11-13,1.9885921574314125e-05,5.159264401299879e-05
1964,2015-11-16,0.00010100039798999205,5.1347662520129234e-05
1965,2015-11-17,5.9375928685767576e-05,4.93136394652538e-05
1966,2015-11-18,8.201303717214614e-05,6.876897532492876e-05
1967,2015-11-19,9.781725384527817e-05,6.401164137059823e-05
1968,2015-11-20,4.610550604411401e-05,4.9883943574968725e-05
1969,2015-11-23,1.8812212147167884e-05,6.272878817981109e-05
1970,2015-11-24,2.140979268006049e-05,5.6476881582057104e-05
1971,2015-11-26,2.381472586421296e-05,6.79633958498016e-05
1972,2015-11-27,4.636919766198844e-05,6.010694778524339e-05
1973,2015-11-30,1.197423625853844e-05,5.993162631057203e-05
1974,2015-12-01,1.608023012522608e-05,5.3550083976006135e-05
1975,2015-12-02,3.4043634514091536e-05,5.38718122697901e-05
1976,2015-12-03,3.219020800315775e-05,5.269553366815671e-05
1977,2015-12-04,4.681959399022162e-05,5.418766522780061e-05
1978,2015-12-07,5.506063826032914e-05,4.991054811398499e-05
1979,2015-12-08,5.4413758334703743e-05,4.823265771847218e-05
1980,2015-12-09,5.368942947825417e-05,4.974076364305802e-05
1981,2015-12-10,5.7903267588699237e-05,4.932187221129425e-05
1982,2015-12-11,0.0001039093840518035,4.86672215629369e-05
1983,2015-12-14,0.00012185345258330926,4.950877701048739e-05
1984,2015-12-15,4.264611561666243e-05,5.1411705499049276e-05
1985,2015-12-16,3.186805042787455e-05,5.2750594477402046e-05
1986,2015-12-17,9.753175982041284e-05,5.008266816730611e-05
1987,2015-12-18,4.187274680589326e-05,6.113103881943971e-05
1988,2015-12-21,6.857342668808997e-05,5.877282819710672e-05
1989,2015-12-22,2.7116800993098877e-05,5.355539542506449e-05
1990,2015-12-23,4.348975926404819e-05,5.149409480509348e-05
1991,2015-12-24,2.713664434850216e-05,6.022301749908365e-05
1992,2015-12-28,3.053867112612352e-05,5.727393363486044e-05
1993,2015-12-29,9.352075721835718e-06,5.757750477641821e-05
1994,2015-12-30,1.763337968441192e-05,5.370955841499381e-05
1995,2015-12-31,2.2247528249863535e-05,4.9491685786051676e-05
1996,2016-01-04,0.00014123268192633986,5.0262628064956516e-05
1997,2016-01-05,4.983606413588859e-05,5.039332609158009e-05
1998,2016-01-06,3.5673609090736136e-05,4.7051817091414705e-05
1999,2016-01-07,0.00015923405590001494,4.7468492994084954e-05
2000,2016-01-08,4.871114651905373e-05,4.170349347987212e-05
2001,2016-01-11,0.00016704306472092867,5.1024991989834234e-05
2002,2016-01-12,7.188900781329721e-05,4.3145566451130435e-05
2003,2016-01-13,0.0002630242670420557,4.448505933396518e-05
2004,2016-01-14,0.0003229341527912766,5.118207263876684e-05
2005,2016-01-15,0.00012753640476148576,4.3921449105255306e-05
2006,2016-01-18,0.00010882529750233516,5.491171032190323e-05
2007,2016-01-19,7.694961095694453e-05,5.1760947826551273e-05
2008,2016-01-20,0.00044495731708593667,6.774551002308726e-05
2009,2016-01-21,0.0002221770555479452,7.638079841854051e-05
2010,2016-01-22,0.00018676150648389012,7.276271207956597e-05
2011,2016-01-25,6.475779809989035e-05,8.247431105701253e-05
2012,2016-01-27,4.104707477381453e-05,6.961219332879409e-05
2013,2016-01-28,2.7639345717034303e-05,0.0001345391501672566
2014,2016-01-29,0.0001821528421714902,0.00010777193529065698
2015,2016-02-01,3.218971687601879e-05,8.17649342934601e-05
2016,2016-02-02,0.00013499593478627503,7.380818715319037e-05
2017,2016-02-03,0.00010272819054080173,6.767105514882132e-05
2018,2016-02-04,9.53682538238354e-05,6.483615288743749e-05
2019,2016-02-05,5.992865044390783e-05,6.916643906151876e-05
2020,2016-02-08,0.00013498049520421773,6.264736293815076e-05
2021,2016-02-09,0.00014313781866803765,7.73104839026928e-05
2022,2016-02-10,8.402745879720896e-05,6.984706851653755e-05
2023,2016-02-11,0.0004207736346870661,6.656476034549996e-05
2024,2016-02-12,0.00030390601023100317,6.445017788792029e-05
2025,2016-02-15,0.00022642474505119026,8.877572690835223e-05
2026,2016-02-16,0.00021479027054738253,6.99026495567523e-05
2027,2016-02-17,0.00022613773762714118,7.948726852191612e-05
2028,2016-02-18,0.00014654983533546329,0.00012710111332125962
2029,2016-02-19,5.132939986651763e-05,0.00011521238775458187
2030,2016-02-22,1.767263893270865e-05,8.767019608058035e-05
2031,2016-02-23,0.00015248001727741212,0.00012402473657857627
2032,2016-02-24,6.828335608588532e-05,0.00012741579848807305
2033,2016-02-25,3.911490784958005e-05,0.00010325257608201355
2034,2016-02-26,0.00013350490189623088,9.450659126741812e-05
2035,2016-02-29,0.0005983382579870522,7.05456332070753e-05
2036,2016-03-01,0.0003209379210602492,9.606419189367443e-05
2037,2016-03-02,0.00021917915728408843,7.734574319329113e-05
2038,2016-03-03,0.00010520023352000862,6.876746920170262e-05
2039,2016-03-04,4.8290883569279686e-05,6.470291555160657e-05
2040,2016-03-08,4.262257425580174e-05,0.00011051554611185566
2041,2016-03-09,0.0001228200417244807,7.868140528444201e-05
2042,2016-03-10,7.03224868630059e-05,7.012914284132421e-05
2043,2016-03-11,4.1384046198800206e-05,7.092190207913518e-05
2044,2016-03-14,4.754682595375925e-05,7.0794383645989e-05
2045,2016-03-15,5.127083568368107e-05,7.142908725654706e-05
2046,2016-03-16,7.423880015267059e-05,7.05860074958764e-05
2047,2016-03-17,0.00012646295363083482,7.147924770833924e-05
2048,2016-03-18,6.261457019718364e-05,6.488137296400964e-05
2049,2016-03-21,5.6970071454998106e-05,6.167510582599789e-05
2050,2016-03-22,4.946549597661942e-05,6.402232975233346e-05
2051,2016-03-23,2.5167903004330583e-05,6.44945030217059e-05
2052,2016-03-28,0.0001615698856767267,6.799126276746392e-05
2053,2016-03-29,3.529716195771471e-05,6.0783630033256486e-05
2054,2016-03-30,0.00010565922275418416,5.7673067203722894e-05
2055,2016-03-31,3.344370998092927e-05,5.996089385007508e-05
2056,2016-04-01,4.091118898941204e-05,5.403131217462942e-05
2057,2016-04-04,2.9739265301031992e-05,7.487360562663525e-05
2058,2016-04-05,0.00013519407366402447,5.7257606385974213e-05
2059,2016-04-06,3.347044548718259e-05,5.606912600342184e-05
2060,2016-04-07,5.7949779147747904e-05,5.659636372001842e-05
2061,2016-04-08,1.0874566214624792e-05,5.613365283352323e-05
2062,2016-04-11,0.00017706135986372828,5.015288479626179e-05
2063,2016-04-12,1.6681071429047734e-05,6.515835411846638e-05
2064,2016-04-13,0.0001252172514796257,4.7881916543701664e-05
2065,2016-04-18,0.00010468541586305946,5.2746316214324906e-05
2066,2016-04-20,5.5208965932251886e-05,4.585149508784525e-05
2067,2016-04-21,7.107310375431553e-05,5.728491669287905e-05
2068,2016-04-22,1.9962360966019332e-05,4.561466630548239e-05
2069,2016-04-25,3.895405461662449e-05,4.809018719242886e-05
2070,2016-04-26,0.0001370044337818399,4.885336966253817e-05
2071,2016-04-27,2.068757385131903e-05,4.850643745157868e-05
2072,2016-04-28,0.00013627976295538247,5.160765795153566e-05
2073,2016-04-29,5.571477231569588e-05,4.6610162826254964e-05
2074,2016-05-02,2.9462391466950066e-05,4.936723780701868e-05
2075,2016-05-03,0.0001521669764770195,5.3447070968104526e-05
2076,2016-05-04,2.492030216671992e-05,4.501407238421962e-05
2077,2016-05-05,3.9290291169891134e-05,6.058506914996542e-05
2078,2016-05-06,3.213055242667906e-05,5.307404717314057e-05
2079,2016-05-09,8.808798156678677e-05,4.720737342722714e-05
2080,2016-05-10,2.3464950572815724e-05,6.617631152039394e-05
2081,2016-05-11,0.00018245553656015545,4.838889799430035e-05
2082,2016-05-12,3.2024894608184695e-05,4.983976759831421e-05
2083,2016-05-13,6.227030826266855e-05,4.849376273341477e-05
2084,2016-05-16,7.178809028118849e-05,5.073903957963921e-05
2085,2016-05-17,4.568323493003845e-05,4.7192879719659686e-05
2086,2016-05-18,6.175161252031103e-05,5.6635617511346936e-05
2087,2016-05-19,6.779048999305815e-05,4.792326581082307e-05
2088,2016-05-20,3.3861466363305226e-05,5.3610176109941676e-05
2089,2016-05-23,0.00012224291276652366,5.360235081752762e-05
2090,2016-05-24,1.2881174370704684e-05,4.907620314043015e-05
2091,2016-05-25,0.0001605576544534415,5.097315079183318e-05
2092,2016-05-26,0.00011989646009169519,5.5312630138359964e-05
2093,2016-05-27,4.120843732380308e-05,5.095904998597689e-05
2094,2016-05-30,1.3592081813840196e-05,5.37079649802763e-05
2095,2016-05-31,4.849024480790831e-05,4.6575412852689624e-05
2096,2016-06-01,1.8753655240288936e-05,5.151261211722158e-05
2097,2016-06-02,3.635581015259959e-05,5.340315692592412e-05
2098,2016-06-03,2.4394383217440918e-05,4.813395571545698e-05
2099,2016-06-06,1.303987573919585e-05,4.5104352466296405e-05
2100,2016-06-07,4.80473245261237e-05,4.6897217544028535e-05
2101,2016-06-08,1.3371493878366891e-05,4.388548040878959e-05
2102,2016-06-09,4.087741763214581e-05,4.398058808874339e-05
2103,2016-06-10,8.954542863648385e-05,4.3127340177306905e-05
2104,2016-06-13,9.126165969064459e-05,4.232182618579827e-05
2105,2016-06-14,3.78122458641883e-05,4.374191485112533e-05
2106,2016-06-15,5.539645644603297e-05,4.097061537322588e-05
2107,2016-06-16,8.86818888830021e-05,4.33295062975958e-05
2108,2016-06-17,3.811189890257083e-05,4.588723459164612e-05
2109,2016-06-20,0.00013940315693616867,4.331372838350944e-05
2110,2016-06-21,2.0417015548446216e-05,4.284623355488293e-05
2111,2016-06-22,3.948027006117627e-05,4.4016342144459486e-05
2112,2016-06-23,4.6875753469066694e-05,4.906675167148933e-05
2113,2016-06-24,0.0010747526539489627,4.3442505557322875e-05
2114,2016-06-27,7.456207822542638e-05,5.00503956573084e-05
2115,2016-06-28,1.834163958847057e-05,4.3173960875719786e-05
2116,2016-06-29,4.598001032718457e-05,4.647970854421146e-05
2117,2016-06-30,6.784714059904218e-05,4.642264320864342e-05
2118,2016-07-01,2.30476216529496e-05,7.368750084424391e-05
2119,2016-07-04,4.0088612877298146e-05,4.83138719573617e-05
2120,2016-07-05,2.0136569219175726e-05,4.549033474177122e-05
2121,2016-07-07,9.81947232503444e-06,4.522763265413232e-05
2122,2016-07-08,2.7825828510685824e-05,4.633838398149237e-05
2123,2016-07-11,0.00013801893510390073,4.454725421965122e-05
2124,2016-07-12,2.848656731657684e-05,4.3337691749911755e-05
2125,2016-07-13,2.1037056285422295e-05,4.42274431406986e-05
2126,2016-07-14,2.3509390302933753e-05,4.31402149843052e-05
2127,2016-07-15,3.2509269658476114e-05,4.357009311206639e-05
2128,2016-07-18,4.6682274842169136e-05,4.325903137214482e-05
2129,2016-07-19,2.188206599385012e-05,4.2589377699187025e-05
2130,2016-07-20,1.7595113604329526e-05,4.260412242729217e-05
2131,2016-07-21,3.490726521704346e-05,4.238289693603292e-05
2132,2016-07-22,1.9465822333586402e-05,4.377684308565222e-05
2133,2016-07-25,7.694345549680293e-05,4.422385973157361e-05
2134,2016-07-26,2.0753219359903596e-05,4.286041439627297e-05
2135,2016-07-27,4.1534054616931826e-05,4.2074894736288115e-05
2136,2016-07-28,1.6960961147560738e-05,4.2726638639578596e-05
2137,2016-07-29,7.07236949892831e-06,4.206012818031013e-05
2138,2016-08-01,6.821969873271883e-05,4.3962052586721256e-05
2139,2016-08-02,3.0506011171382852e-05,4.205579898552969e-05
2140,2016-08-03,5.43545866094064e-05,4.3216678022872657e-05
2141,2016-08-04,7.73531137383543e-05,3.972894774051383e-05
2142,2016-08-05,7.731977530056611e-05,3.886140257236548e-05
2143,2016-08-08,1.4619017747463658e-05,4.494076347327791e-05
2144,2016-08-09,4.6322918933583423e-05,4.1446015529800206e-05
2145,2016-08-10,7.268891931744292e-05,4.30186846642755e-05
2146,2016-08-11,1.9459399482002482e-05,4.275859464542009e-05
2147,2016-08-16,0.00011563783482415602,4.3335046939319e-05
2148,2016-08-17,1.818023702071514e-05,3.933437983505428e-05
2149,2016-08-18,1.8292326785740443e-05,4.3223109969403595e-05
2150,2016-08-19,1.807817716326099e-05,4.5557804696727544e-05
2151,2016-08-22,2.236352338513825e-05,4.1405164665775374e-05
2152,2016-08-23,2.3924538254505023e-05,4.396842996357009e-05
2153,2016-08-24,1.1771696335927118e-05,4.195308792986907e-05
2154,2016-08-25,4.9258505896432325e-05,4.039193663629703e-05
2155,2016-08-26,3.3538985007908195e-05,4.0322083805222064e-05
2156,2016-08-29,3.214490061509423e-05,4.144850390730426e-05
2157,2016-08-30,7.325084879994392e-05,4.1226208850275725e-05
2158,2016-08-31,2.4144324925146066e-05,3.9874059439171106e-05
2159,2016-09-01,1.2999979844607878e-05,4.25437101512216e-05
2160,2016-09-02,2.0260351448087022e-05,4.1396517190150917e-05
2161,2016-09-06,6.853433296782896e-05,4.1862167563522235e-05
2162,2016-09-07,2.129177300957963e-05,4.278894266462885e-05
2163,2016-09-08,1.7958991520572454e-05,4.10484462918248e-05
2164,2016-09-09,3.173212462570518e-05,4.054665987496264e-05
2165,2016-09-12,0.00024089048383757472,4.038854967802763e-05
2166,2016-09-14,1.195515778817935e-05,4.2290113924536854e-05
2167,2016-09-15,1.7649766959948465e-05,3.967741577071138e-05
2168,2016-09-16,6.524267519125715e-05,4.022479697596282e-05
2169,2016-09-19,1.171860276372172e-05,4.0671948227100074e-05
2170,2016-09-20,1.6062940630945377e-05,4.160085154580884e-05
2171,2016-09-21,2.4533315809094347e-05,3.97632502426859e-05
2172,2016-09-22,0.00013218038657214493,3.9489459595642984e-05
2173,2016-09-23,2.0488347217906266e-05,4.291841833037324e-05
2174,2016-09-26,4.6643646783195436e-05,3.9388058212352917e-05
2175,2016-09-27,3.539572571753524e-05,3.931491664843634e-05
2176,2016-09-28,1.8934659237856977e-05,4.037337203044444e-05
2177,2016-09-29,0.0002950638299807906,4.0689134038984776e-05
2178,2016-09-30,3.140166882076301e-05,3.9824200939619914e-05
2179,2016-10-03,9.685455734143034e-05,4.141361569054425e-05
2180,2016-10-04,2.463076998537872e-05,4.1307943320134655e-05
2181,2016-10-05,4.353678014012985e-05,4.031089338241145e-05
2182,2016-10-06,4.943145177094266e-05,5.868344669579528e-05
2183,2016-10-07,2.2117381377029233e-05,4.3335377995390445e-05
2184,2016-10-10,2.6576215532259084e-05,4.5815737394150347e-05
2185,2016-10-13,0.0001093912505893968,4.207617894280702e-05
2186,2016-10-14,2.161861448257696e-05,4.344320768723264e-05
2187,2016-10-17,6.73610920784995e-05,4.608110975823365e-05
2188,2016-10-18,9.377855894854292e-05,4.312240344006568e-05
2189,2016-10-19,2.41722500504693e-05,4.19091411458794e-05
2190,2016-10-20,2.660175050550606e-05,5.13020931975916e-05
2191,2016-10-21,2.2600115698878653e-05,4.32718989031855e-05
2192,2016-10-24,1.587436236150097e-05,4.609825191437267e-05
2193,2016-10-25,2.0738973034895025e-05,4.61891686427407e-05
2194,2016-10-26,3.348784593981691e-05,4.388468369143084e-05
2195,2016-10-27,3.583854777389206e-05,4.2811436287593096e-05
2196,2016-10-28,2.772810694295913e-05,4.330790397943929e-05
2197,2016-11-01,1.6677333405823447e-05,4.2879837565124035e-05
2198,2016-11-02,0.00010368952644057572,4.292467929190025e-05
2199,2016-11-03,2.3859327484387904e-05,4.2879426473518834e-05
2200,2016-11-04,6.0329541156534106e-05,4.3323019781382754e-05
2201,2016-11-07,0.00015931746747810394,4.2946459871018305e-05
2202,2016-11-08,6.288650183705613e-05,4.189299943391234e-05
2203,2016-11-09,0.004401917569339275,4.2215084249619395e-05
2204,2016-11-10,0.000250047305598855,4.1267940105171874e-05
2205,2016-11-11,0.00021540238230954856,4.4153104681754485e-05
2206,2016-11-15,0.00019494365551508963,4.138826625421643e-05
2207,2016-11-16,0.00021725603437516838,4.3347525206627324e-05
2208,2016-11-17,4.575661296257749e-05,8.355989120900631e-05
2209,2016-11-18,3.777465462917462e-05,4.8482801503269e-05
2210,2016-11-21,0.00019552437879610807,6.488112558145076e-05
2211,2016-11-22,9.7018746600952e-05,7.600592653034255e-05
2212,2016-11-23,8.808478742139414e-05,6.439788558054715e-05
2213,2016-11-24,3.454813122516498e-05,6.0859507357236e-05
2214,2016-11-25,0.00014063980779610574,5.727863754145801e-05
2215,2016-11-28,4.9876052798936144e-05,8.34386155474931e-05
2216,2016-11-29,3.722626934177242e-05,5.857396899955347e-05
2217,2016-11-30,6.104988278821111e-05,6.0311303968774155e-05
2218,2016-12-01,2.7125181077281013e-05,5.900331598240882e-05
2219,2016-12-02,6.439450953621417e-05,6.483212928287685e-05
2220,2016-12-05,3.84895465685986e-05,5.926306403125636e-05
2221,2016-12-06,2.122343357768841e-05,5.682025948772207e-05
2222,2016-12-07,7.392314728349447e-05,5.7014203775906935e-05
2223,2016-12-08,9.320241224486381e-05,5.446666546049528e-05
2224,2016-12-09,1.5665396858821623e-05,5.832708484376781e-05
2225,2016-12-12,4.462919969228096e-05,5.43597707292065e-05
2226,2016-12-13,4.142108446103521e-05,5.300889824866317e-05
2227,2016-12-14,2.2952555809752084e-05,5.624264304060489e-05
2228,2016-12-15,0.00011869449372170493,5.1392293244134635e-05
2229,2016-12-16,2.3000542569207028e-05,5.01274480484426e-05
2230,2016-12-19,9.958052942238282e-06,4.829213139601052e-05
2231,2016-12-20,1.9873768906109035e-05,4.66514757135883e-05
2232,2016-12-21,2.6469222575542517e-05,4.5337495976127684e-05
2233,2016-12-22,4.0245438867714256e-05,5.02322509419173e-05
2234,2016-12-23,3.451612064964138e-05,4.351937968749553e-05
2235,2016-12-26,3.8194313674466684e-05,4.2299270717194304e-05
2236,2016-12-27,0.00010602977272355929,4.29741594416555e-05
2237,2016-12-28,4.073487070854753e-05,4.188145248917863e-05
2238,2016-12-29,4.248864934197627e-05,4.3187097617192194e-05
2239,2016-12-30,3.8328045775415376e-05,4.352610994828865e-05
2240,2017-01-02,4.8658912419341505e-05,4.311360316933133e-05
2241,2017-01-03,3.069614103878848e-05,4.769483712152578e-05
2242,2017-01-04,8.760079253988806e-06,4.372360490378924e-05
2243,2017-01-05,3.672452658065595e-05,4.4039097701897845e-05
2244,2017-01-06,2.82863784377696e-05,4.3358319089747965e-05
2245,2017-01-09,9.768205018190201e-06,4.4850592530565336e-05
2246,2017-01-10,1.577498551341705e-05,4.4023225200362504e-05
2247,2017-01-11,4.3758183892350644e-05,4.0827435441315174e-05
2248,2017-01-12,7.278793873410905e-06,4.127647844143212e-05
2249,2017-01-13,7.491017458960414e-05,4.247839387971908e-05
2250,2017-01-16,1.4146459761832375e-05,3.870661385008134e-05
2251,2017-01-17,1.856931521615479e-05,3.837892654701136e-05
2252,2017-01-18,2.5169345462927595e-05,3.891566302627325e-05
2253,2017-01-19,8.008972145034932e-06,3.795371958403848e-05
2254,2017-01-20,4.643854117603041e-05,3.935944550903514e-05
2255,2017-01-23,3.456803460721858e-05,3.8233454688452184e-05
2256,2017-01-24,3.5922450479120016e-05,3.852266672765836e-05
2257,2017-01-25,7.280823774635792e-05,3.878013740177266e-05
2258,2017-01-27,2.3489244995289482e-05,3.7983812944730744e-05
2259,2017-01-30,9.964371201931499e-06,3.945990465581417e-05
2260,2017-01-31,2.91180895146681e-05,3.892791210091673e-05
2261,2017-02-01,0.00015874826931394637,3.898010618286207e-05
2262,2017-02-02,2.4367896912735887e-05,3.9920592826092616e-05
2263,2017-02-03,8.876815627445467e-06,3.907337668351829e-05
2264,2017-02-06,3.406682299100794e-05,3.8418511394411325e-05
2265,2017-02-07,2.2835287381894886e-05,3.911916428478435e-05
2266,2017-02-08,3.1602688977727666e-05,4.17819173890166e-05
2267,2017-02-09,5.3268155170371756e-05,3.968471719417721e-05
2268,2017-02-10,2.6676414563553408e-05,3.8579066313104704e-05
2269,2017-02-13,3.9691229176241904e-05,3.902779280906543e-05
2270,2017-02-14,1.4329603800433688e-05,3.941556497011334e-05
2271,2017-02-15,4.277596963220276e-05,3.980547990067862e-05
2272,2017-02-16,2.1509211364900693e-05,4.0773345972411335e-05
2273,2017-02-17,0.0001796742872102186,3.9504942833445966e-05
2274,2017-02-20,2.524720912333578e-05,4.026106034871191e-05
2275,2017-02-21,1.7877668142318726e-05,3.9194332202896476e-05
2276,2017-02-22,2.0058045265614055e-05,4.089001231477596e-05
2277,2017-02-23,2.396454510744661e-05,3.97176954720635e-05
2278,2017-02-27,1.703708949207794e-05,4.195672954665497e-05
2279,2017-02-28,9.45041210798081e-06,4.006430390290916e-05
2280,2017-03-01,2.435147325741127e-05,3.981667759944685e-05
2281,2017-03-02,7.088748679962009e-05,3.960199683206156e-05
2282,2017-03-03,1.341015195066575e-05,3.946118522435427e-05
2283,2017-03-06,1.6167123249033466e-05,3.9071142964530736e-05
2284,2017-03-07,1.1820023246400524e-05,3.825066960416734e-05
2285,2017-03-08,2.0645040422095917e-05,3.8457514165202156e-05
2286,2017-03-09,1.0170508176088333e-05,4.020216874778271e-05
2287,2017-03-10,3.0536833946825936e-05,3.8469763239845634e-05
2288,2017-03-14,0.00031938316533342004,3.8315363781293854e-05
2289,2017-03-15,4.280268058209913e-06,3.813844523392618e-05
2290,2017-03-16,2.7903506634174846e-05,3.8570382457692176e-05
2291,2017-03-17,5.4625845223199576e-05,3.789541733567603e-05
2292,2017-03-20,1.153956418420421e-05,3.849505083053373e-05
2293,2017-03-21,1.685989263933152e-05,3.97210314986296e-05
2294,2017-03-22,7.936115434858948e-05,3.7327801692299545e-05
2295,2017-03-23,1.5104709746083245e-05,3.7560268538072705e-05
2296,2017-03-24,1.2009574675175827e-05,3.8183243304956704e-05
2297,2017-03-27,2.4136059437296353e-05,3.74651062884368e-05
2298,2017-03-28,2.0069814127054997e-05,3.759521132451482e-05
2299,2017-03-29,1.749678995111026e-05,3.846264735329896e-05
2300,2017-03-30,8.786141734162811e-06,3.7440571759361774e-05
2301,2017-03-31,9.287195098295342e-06,3.745321373571642e-05
2302,2017-04-03,3.854203168884851e-05,3.7951911508571357e-05
2303,2017-04-05,2.772213156276848e-05,3.730694515979849e-05
2304,2017-04-06,1.541592246212531e-05,3.730658863787539e-05
2305,2017-04-07,3.33794996549841e-05,3.697297870530747e-05
2306,2017-04-10,1.924202842928935e-05,3.6860667023574933e-05
2307,2017-04-11,1.9572036762838252e-05,3.728880619746633e-05
2308,2017-04-12,3.3999214792856947e-05,3.732221375685185e-05
2309,2017-04-13,1.3511074939742684e-05,3.708927397383377e-05
2310,2017-04-17,6.740674507454969e-06,3.7684556446038187e-05
2311,2017-04-18,7.40729010431096e-05,3.722602195921354e-05
2312,2017-04-19,1.041732684825547e-05,3.743453635252081e-05
2313,2017-04-20,7.113924766599666e-06,3.8218619010876864e-05
2314,2017-04-21,6.049235526006669e-05,3.735119753400795e-05
2315,2017-04-24,3.913580803782679e-05,3.695172563311644e-05
2316,2017-04-25,5.047605372965336e-05,3.897575516020879e-05
2317,2017-04-26,2.7921392756979913e-05,3.73848743038252e-05
2318,2017-04-27,8.628610885352828e-06,3.707760333782062e-05
2319,2017-04-28,1.560076452733483e-05,3.854791430057958e-05
2320,2017-05-02,4.456539681996219e-05,3.823557199211791e-05
2321,2017-05-03,2.0351038983790204e-05,3.831978392554447e-05
2322,2017-05-04,3.820163692580536e-05,3.837328404188156e-05
2323,2017-05-05,4.5730703277513385e-05,3.7725800211774185e-05
2324,2017-05-08,1.4690167517983355e-05,3.8023426895961165e-05
2325,2017-05-09,1.021510615828447e-05,3.883961835526861e-05
2326,2017-05-10,2.9831555366399698e-05,3.8039350329199806e-05
2327,2017-05-11,2.531701284169685e-05,3.82513644581195e-05
2328,2017-05-12,2.106964348058682e-05,3.918622314813547e-05
2329,2017-05-15,1.4732341696799267e-05,3.8044356188038364e-05
2330,2017-05-16,1.6592426618444733e-05,3.754827048396692e-05
2331,2017-05-17,1.0438748176966328e-05,3.7963171052979305e-05
2332,2017-05-18,7.933512097224593e-05,3.761375046451576e-05
2333,2017-05-19,6.74203474773094e-05,3.7713965866714716e-05
2334,2017-05-22,4.953777533955872e-05,3.7062010960653424e-05
2335,2017-05-23,2.4268731067422777e-05,3.7161429645493627e-05
2336,2017-05-24,3.774260403588414e-05,3.707148425746709e-05
2337,2017-05-25,8.504356810590252e-05,3.841253783321008e-05
2338,2017-05-26,4.429042019182816e-05,3.8932255847612396e-05
2339,2017-05-29,4.417749005369842e-05,3.8488775317091495e-05
2340,2017-05-30,1.2796530427294783e-05,3.853516318486072e-05
2341,2017-05-31,7.37570553610567e-06,3.932901381631382e-05
2342,2017-06-01,1.06442885225988e-05,4.049163544550538e-05
2343,2017-06-02,2.2748410628992133e-05,3.998403190053068e-05
2344,2017-06-05,7.806675057508983e-06,4.0152699511963874e-05
2345,2017-06-06,3.162716893712059e-05,3.87253676308319e-05
2346,2017-06-07,1.712045013846364e-05,3.811226270045154e-05
2347,2017-06-08,1.1661233656923287e-05,3.8006241084076464e-05
2348,2017-06-09,1.916395740408916e-05,3.7944420910207555e-05
2349,2017-06-12,1.4579824892280158e-05,3.751440817723051e-05
2350,2017-06-13,1.4914646271790843e-05,3.810750422417186e-05
2351,2017-06-14,1.384595816489309e-05,3.771457704715431e-05
2352,2017-06-15,1.4030683814780787e-05,3.7521567719522864e-05
2353,2017-06-16,1.241309382749023e-05,3.786359229707159e-05
2354,2017-06-19,2.820215013343841e-05,3.766946247196756e-05
2355,2017-06-20,5.669833171850769e-06,3.766554800677113e-05
2356,2017-06-21,8.3988797996426e-06,3.744906643987633e-05
2357,2017-06-22,3.096389991696924e-05,3.7421432352857664e-05
2358,2017-06-23,2.674705501704011e-05,3.721771645359695e-05
2359,2017-06-27,7.875594747019932e-05,3.7446639908012e-05
2360,2017-06-28,1.021156094793696e-05,3.669998477562331e-05
2361,2017-06-29,4.209982216707431e-05,3.676240885397419e-05
2362,2017-06-30,3.6050980270374566e-05,3.748565723071806e-05
2363,2017-07-03,7.711395301157609e-05,3.739842213690281e-05
2364,2017-07-04,2.1859996195416898e-05,3.9086644392227754e-05
2365,2017-07-05,5.322527158568846e-06,3.7288024032022804e-05
2366,2017-07-06,1.6366480849683285e-05,3.84870836569462e-05
2367,2017-07-07,6.611300250369823e-06,3.880947770085186e-05
2368,2017-07-10,0.00010861316695809364,3.9419621316483244e-05
2369,2017-07-11,1.850002445280552e-05,3.8459384086309e-05
2370,2017-07-12,9.87342900771182e-06,3.7514197174459696e-05
2371,2017-07-13,2.29493834922323e-05,3.794210351770744e-05
2372,2017-07-14,2.606822454254143e-05,3.7398851418402046e-05
2373,2017-07-17,8.633087418274954e-06,3.916444256901741e-05
2374,2017-07-18,0.00010178567026741803,3.792626012000255e-05
2375,2017-07-19,1.8406262825010344e-05,3.7607904232572764e-05
2376,2017-07-20,1.6514064554939978e-05,3.779587859753519e-05
2377,2017-07-21,4.173910565441474e-05,3.828833359875716e-05
2378,2017-07-24,1.780841193976812e-05,3.744853165699169e-05
2379,2017-07-25,3.32866475218907e-05,3.9237340388353914e-05
2380,2017-07-26,1.6205962310777977e-05,3.758951061172411e-05
2381,2017-07-27,6.147011299617589e-05,3.7580193747999147e-05
2382,2017-07-28,3.325393481645733e-05,3.838331394945271e-05
2383,2017-07-31,2.00326758204028e-05,3.79273114958778e-05
2384,2017-08-01,1.992584475374315e-05,3.8182479329407215e-05
2385,2017-08-02,2.967984983115457e-05,3.7864101614104584e-05
2386,2017-08-03,2.373468851146754e-05,3.927777652279474e-05
2387,2017-08-04,2.5783081582630984e-05,3.889258732669987e-05
2388,2017-08-07,6.4170349105552305e-06,3.8324244087561965e-05
2389,2017-08-08,6.44359752186574e-05,3.841641955659725e-05
2390,2017-08-09,2.317804319318384e-05,3.8949932786636055e-05
2391,2017-08-10,6.127222877694294e-05,3.8865557144163176e-05
2392,2017-08-11,0.00015241997607517987,3.895401823683642e-05
2393,2017-08-14,3.8025602407287806e-05,3.7756897654617205e-05
2394,2017-08-16,7.575647759949788e-05,4.008647010778077e-05
2395,2017-08-17,3.87058753403835e-05,3.887044658767991e-05
2396,2017-08-18,4.8080008127726614e-05,4.06010658480227e-05
2397,2017-08-21,8.011527825146914e-05,4.198374881525524e-05
2398,2017-08-22,5.944538861513138e-05,4.013466968899593e-05
2399,2017-08-23,3.266951171099208e-05,4.2260202462784946e-05
2400,2017-08-24,1.234770843439037e-05,4.079267819179222e-05
2401,2017-08-28,3.2650546927470714e-05,4.1625295125413686e-05
2402,2017-08-29,4.501205694396049e-05,4.343330874689855e-05
2403,2017-08-30,5.4271866247290745e-05,4.177414666628465e-05
2404,2017-08-31,2.6157978936680593e-05,4.105646803509444e-05
2405,2017-09-01,2.33470018429216e-05,3.9525479223812e-05
2406,2017-09-04,6.350992771331221e-05,3.982389534940012e-05
2407,2017-09-05,1.8671689758775756e-05,4.095061376574449e-05
2408,2017-09-06,3.6567154893418774e-05,4.006365270470269e-05
2409,2017-09-07,1.6651363694109023e-05,3.989954711869359e-05
2410,2017-09-08,1.7788925106287934e-05,3.9758815546520054e-05
2411,2017-09-11,2.6991641789209098e-05,4.1924649849534035e-05
2412,2017-09-12,4.345136767369695e-05,4.008991163573228e-05
2413,2017-09-13,1.66121080837911e-05,4.0253231418319046e-05
2414,2017-09-14,1.802123551897239e-05,3.930715683964081e-05
2415,2017-09-15,2.2840953533886932e-05,3.901290619978681e-05
2416,2017-09-18,2.8430065867723897e-05,3.8739293813705444e-05
2417,2017-09-19,1.331340718024876e-05,3.887382263201289e-05
2418,2017-09-20,6.158232281450182e-06,3.845875835395418e-05
2419,2017-09-21,3.884991383529268e-05,3.81932950404007e-05
2420,2017-09-22,7.596338400617242e-05,3.850797293125652e-05
2421,2017-09-25,8.212723332690075e-05,3.8178728573257104e-05
2422,2017-09-26,2.7087568014394492e-05,3.7929370591882616e-05
2423,2017-09-27,0.00017589516937732697,3.729385571205057e-05
2424,2017-09-28,3.8961228710832074e-05,3.844159800792113e-05
2425,2017-09-29,4.5085689635016024e-05,3.940383612643927e-05
2426,2017-10-03,0.0001297253038501367,4.034573430544697e-05
2427,2017-10-04,3.269684748374857e-05,3.922892574337311e-05
2428,2017-10-05,1.5919267752906308e-05,4.3898959120269865e-05
2429,2017-10-06,2.7429538022261113e-05,4.196957524982281e-05
2430,2017-10-09,1.122186949942261e-05,4.203470962238498e-05
2431,2017-10-10,9.632889486965723e-06,4.234540756442584e-05
2432,2017-10-11,4.78383299196139e-05,4.21333170379512e-05
2433,2017-10-12,6.303510599536821e-05,4.06628314522095e-05
2434,2017-10-13,2.5353179808007553e-05,4.0088689274853095e-05
2435,2017-10-16,3.1311032216763124e-05,3.9579910662723705e-05
2436,2017-10-17,4.97480914418702e-06,3.888754145009443e-05
2437,2017-10-18,1.7888311049318872e-05,4.0741397242527455e-05
2438,2017-10-19,2.695411239983514e-05,4.1223018342861906e-05
2439,2017-10-23,4.098398130736314e-05,4.0993367292685434e-05
2440,2017-10-24,2.0742354536196217e-05,4.1516908822814e-05
2441,2017-10-25,0.00015704370161984116,3.969796671299264e-05
2442,2017-10-26,2.2367874407791533e-05,3.978650420322083e-05
2443,2017-10-27,1.2819872608815785e-05,3.9841899706516415e-05
2444,2017-10-30,1.4238824405765627e-05,3.987600211985409e-05
2445,2017-10-31,6.224148364708526e-06,3.886981721734628e-05
2446,2017-11-01,4.280633220332675e-05,4.0537037421017885e-05
2447,2017-11-02,4.990975867258385e-06,3.919549271813594e-05
2448,2017-11-03,3.052274405490607e-05,3.8509992009494454e-05
2449,2017-11-06,2.302938446518965e-05,3.8206046156119555e-05
2450,2017-11-07,7.130099402274936e-05,3.7651436286978424e-05
2451,2017-11-08,3.181357169523835e-05,3.800276681431569e-05
2452,2017-11-09,6.42759696347639e-05,3.7080786569276825e-05
2453,2017-11-10,2.8210273740114644e-05,3.754007047973573e-05
2454,2017-11-13,4.437624738784507e-05,3.7639048969140276e-05
2455,2017-11-14,1.733719909680076e-05,3.897482747561298e-05
2456,2017-11-15,2.5035664293682203e-05,3.8688933273078874e-05
2457,2017-11-16,3.9775313780410215e-05,3.9580700104124844e-05
2458,2017-11-17,0.00013224266876932234,3.957220906158909e-05
2459,2017-11-20,8.096327292150818e-06,4.030770287499763e-05
2460,2017-11-21,1.558223993924912e-05,3.9298269257415086e-05
2461,2017-11-22,1.683916343608871e-05,3.940785973099992e-05
2462,2017-11-23,1.8333874322706833e-05,3.949262099922635e-05
2463,2017-11-24,8.86905581864994e-06,4.0283415728481486e-05
2464,2017-11-27,2.2051985069992952e-05,3.839221244561486e-05
2465,2017-11-28,1.0459025361342356e-05,3.8397411117330194e-05
2466,2017-11-29,7.1987765295489226e-06,3.847416883218102e-05
2467,2017-11-30,5.557912663789466e-05,3.8585319998674095e-05
2468,2017-12-01,0.00010077698243549094,3.7849189538974315e-05
2469,2017-12-04,5.265549771138467e-05,3.825781823252328e-05
2470,2017-12-05,2.220015630882699e-05,3.7936064472887665e-05
2471,2017-12-06,2.5101624487433583e-05,3.75590861949604e-05
2472,2017-12-07,5.2367446187417954e-05,3.900145020452328e-05
2473,2017-12-08,2.8177335479995236e-05,4.007152529084124e-05
2474,2017-12-11,2.7366517315385863e-05,3.9269911212613806e-05
2475,2017-12-12,2.9716160497628152e-05,3.917471258318983e-05
2476,2017-12-13,5.509887705557048e-05,3.926785211660899e-05
2477,2017-12-14,8.30488934298046e-05,3.9957270928425714e-05
2478,2017-12-15,9.192017751047388e-05,3.906104393536225e-05
2479,2017-12-18,0.0005323058576323092,3.872127126669511e-05
2480,2017-12-19,1.9758039343287237e-05,3.899698640452698e-05
2481,2017-12-20,1.9135395632474683e-05,4.045268724439666e-05
2482,2017-12-21,1.5427585822180845e-05,4.1580427932785824e-05
2483,2017-12-22,1.1166901458636858e-05,4.0687660657567903e-05
2484,2017-12-26,1.8271386579726823e-05,5.153850725037046e-05
2485,2017-12-27,2.0801584469154477e-05,4.2122028389712796e-05
2486,2017-12-28,1.804126804927364e-05,4.125097984797321e-05
2487,2017-12-29,9.56522944761673e-06,4.03544727305416e-05
2488,2018-01-02,5.171116936253384e-05,3.952762926928699e-05
2489,2018-01-03,3.1764371669851243e-05,3.973413913627155e-05
2490,2018-01-04,2.2965012249187566e-05,3.9982736780075356e-05
2491,2018-01-05,1.4316763554234058e-05,3.934308551833965e-05
2492,2018-01-08,1.5130098290683236e-05,3.8086571294115856e-05
2493,2018-01-09,1.4203304090187885e-05,4.0584884118288755e-05
2494,2018-01-10,1.7375055904267356e-05,4.033573350170627e-05
2495,2018-01-11,8.562024959246628e-06,4.066876499564387e-05
2496,2018-01-12,5.098296605865471e-05,4.0013823308981955e-05
2497,2018-01-15,2.9478160286089405e-05,3.90871282434091e-05
2498,2018-01-16,2.0088695237063803e-05,3.860331707983278e-05
2499,2018-01-17,5.516301825991832e-05,3.794963413383812e-05
2500,2018-01-18,9.389543265569955e-05,3.367619137861766e-05
2501,2018-01-19,3.8920486986171454e-05,3.1228009902406484e-05
2502,2018-01-22,2.6090188839589246e-05,3.137152816634625e-05
2503,2018-01-23,3.496247518341988e-05,3.222507075406611e-05
2504,2018-01-24,1.2699417311523575e-05,3.0532555683748797e-05
2505,2018-01-25,3.086536889895797e-05,3.181912688887678e-05
2506,2018-01-29,2.913003299909178e-05,3.0249855626607314e-05
2507,2018-01-30,2.2248332243179902e-05,2.964802479255013e-05
2508,2018-01-31,2.5084731532842852e-05,2.958910226880107e-05
2509,2018-02-01,0.0001697163243079558,2.975330971821677e-05
2510,2018-02-02,0.00018864373851101846,3.045316771022044e-05
2511,2018-02-05,0.0002545803436078131,3.0467836040770635e-05
2512,2018-02-06,0.0015833994839340448,3.147188181173988e-05
2513,2018-02-07,0.00019340537255629897,3.169440969941206e-05
2514,2018-02-08,9.166018571704626e-05,4.0379149140790105e-05
2515,2018-02-09,0.00025401063612662256,4.590264143189415e-05
2516,2018-02-12,5.194956611376256e-05,4.818227534997277e-05
2517,2018-02-14,7.772832759656012e-05,7.027127139735967e-05
2518,2018-02-15,5.2389172196853906e-05,5.600825898000039e-05
2519,2018-02-16,0.00012020627036690712,5.25439390912652e-05
2520,2018-02-19,0.00013711853534914553,5.927396705374122e-05
2521,2018-02-20,2.3954102289280854e-05,3.9376114727929235e-05
2522,2018-02-21,6.480400770669803e-05,4.931820149067789e-05
2523,2018-02-22,2.7270330974715762e-05,4.601159525918774e-05
2524,2018-02-23,3.836765245068818e-05,6.677501369267702e-05
2525,2018-02-26,2.7412410418037325e-05,8.267078374046832e-05
2526,2018-02-27,3.604351877584122e-05,4.690907007898204e-05
2527,2018-02-28,5.5636348406551406e-05,4.777759750140831e-05
2528,2018-03-01,2.3497130314353853e-05,4.297350096749142e-05
2529,2018-03-05,4.607329174177721e-05,3.941567774745636e-05
2530,2018-03-06,0.0001957195345312357,3.8283840694930404e-05
2531,2018-03-07,3.606748578022234e-05,3.894706969731487e-05
2532,2018-03-08,9.154347935691476e-05,4.074042590218596e-05
2533,2018-03-09,3.0892730137566105e-05,3.815503077930771e-05
2534,2018-03-12,0.00011315705341985449,4.1490624425932765e-05
2535,2018-03-13,4.5168235374148935e-05,5.563529339269735e-05
2536,2018-03-14,3.9102040318539366e-05,4.530261503532529e-05
2537,2018-03-15,1.7136851965915412e-05,4.560561865218915e-05
2538,2018-03-16,9.122024493990466e-05,3.9370934246107936e-05
2539,2018-03-19,7.701231515966356e-05,3.866643237415701e-05
2540,2018-03-20,5.7868706790031865e-05,3.84928825951647e-05
2541,2018-03-21,6.226449477253482e-05,3.768379974644631e-05
2542,2018-03-22,3.8342157495208085e-05,3.506803113850765e-05
2543,2018-03-23,0.00023086636792868376,4.284942406229675e-05
2544,2018-03-26,0.00011558613914530724,4.572603211272508e-05
2545,2018-03-27,4.8663878260413185e-05,4.317194543546066e-05
2546,2018-03-28,2.8168147764517926e-05,4.228963007335551e-05
2547,2018-04-02,4.235412779962644e-05,4.075985634699464e-05
2548,2018-04-03,2.8888020096928813e-05,4.966392953065224e-05
2549,2018-04-04,0.00010102757369168103,4.820778121938929e-05
2550,2018-04-05,0.00013161169772502035,3.962216942454688e-05
2551,2018-04-06,1.1600837751757354e-05,3.7163234082981944e-05
2552,2018-04-09,1.547682040836662e-05,3.553748319973238e-05
2553,2018-04-10,1.6393896657973528e-05,3.580647171474993e-05
2554,2018-04-11,3.3869247999973595e-05,4.361290848464705e-05
2555,2018-04-12,1.7551974451635033e-05,3.937412839150056e-05
2556,2018-04-13,2.6384213924757205e-05,3.391278369235806e-05
2557,2018-04-16,0.00012625603994820267,3.266163548687473e-05
2558,2018-04-17,2.7473470254335552e-05,3.2483701943419874e-05
2559,2018-04-18,2.9589893529191613e-05,3.2525269489269704e-05
2560,2018-04-19,1.4944375834602397e-05,3.252365786465816e-05
2561,2018-04-20,9.785724614630453e-06,3.285874117864296e-05
2562,2018-04-23,5.409091681940481e-05,3.35256481776014e-05
2563,2018-04-24,1.4517125237034634e-05,3.2534888305235654e-05
2564,2018-04-25,2.070831942546647e-05,3.271225796197541e-05
2565,2018-04-26,1.704241913103033e-05,3.1209583539748564e-05
2566,2018-04-27,2.6942392651108094e-05,3.02328680845676e-05
2567,2018-04-30,1.1135167369502597e-05,3.029500658158213e-05
2568,2018-05-02,4.539680958259851e-05,3.0233934012358077e-05
2569,2018-05-03,1.857702045526821e-05,3.083330375375226e-05
2570,2018-05-04,3.3617918234085664e-05,3.056809873669408e-05
2571,2018-05-07,3.4700784453889355e-05,3.0044260711292736e-05
2572,2018-05-08,3.1674466299591586e-05,2.944379775726702e-05
2573,2018-05-09,2.3418115233653225e-05,2.9997163437656127e-05
2574,2018-05-10,3.1420120649272576e-05,3.0207129384507425e-05
2575,2018-05-11,2.821428279276006e-05,3.1020445021567866e-05
2576,2018-05-14,1.1279239515715744e-05,3.0466382668237202e-05
2577,2018-05-15,8.723168866708875e-05,3.075093263760209e-05
2578,2018-05-16,4.501574585447088e-05,3.0198259992175736e-05
2579,2018-05-17,4.83283911307808e-05,3.052562533412129e-05
2580,2018-05-18,2.310516902070958e-05,3.0136347049847245e-05
2581,2018-05-21,4.438868927536532e-05,2.995211434608791e-05
2582,2018-05-22,1.3964937352284323e-05,3.153897705487907e-05
2583,2018-05-23,4.3236344936303794e-05,3.193467637174763e-05
2584,2018-05-24,5.285261431708932e-05,3.2580283004790545e-05
2585,2018-05-25,3.629145066952333e-05,3.21213919960428e-05
2586,2018-05-28,3.10657087538857e-05,3.3151594834635034e-05
2587,2018-05-29,3.0276201869128272e-05,3.148155155940913e-05
2588,2018-05-30,5.077461901237257e-05,3.343532080180012e-05
2589,2018-05-31,8.863444963935763e-05,3.279337761341594e-05
2590,2018-06-01,2.0470124582061544e-05,3.23900931107346e-05
2591,2018-06-04,0.00011062235716963187,3.149001713609323e-05
2592,2018-06-05,2.474727079970762e-05,3.2837691833265126e-05
2593,2018-06-06,3.734179335879162e-05,3.408648262848146e-05
2594,2018-06-07,4.562680624076165e-05,3.6526100302580744e-05
2595,2018-06-08,2.378075078013353e-05,3.350615224917419e-05
2596,2018-06-11,2.6726351279648952e-05,3.716149876709096e-05
2597,2018-06-12,2.0557788957376033e-05,3.450381336733699e-05
2598,2018-06-13,2.4315806513186544e-05,3.388717959751375e-05
2599,2018-06-14,1.831767258408945e-05,3.435798498685472e-05
2600,2018-06-15,2.1395586372818798e-05,3.328474485897459e-05
2601,2018-06-18,7.041532626317348e-06,3.2894957257667556e-05
2602,2018-06-19,2.3973709176061675e-05,3.211168586858548e-05
2603,2018-06-20,1.4735517652297858e-05,3.214729076717049e-05
2604,2018-06-21,3.227634078939445e-05,3.2195643143495545e-05
2605,2018-06-22,4.6945675421739e-05,3.2019030186347663e-05
2606,2018-06-25,1.7566477254149504e-05,3.0784001864958555e-05
2607,2018-06-26,2.0376846805447713e-05,3.079090311075561e-05
2608,2018-06-27,5.536366006708704e-05,3.036787165910937e-05
2609,2018-06-28,4.21546574216336e-05,3.1060550099937245e-05
2610,2018-06-29,4.165627251495607e-05,3.065141208935529e-05
2611,2018-07-02,6.042402674211189e-05,3.10467257804703e-05
2612,2018-07-03,2.3016475097392686e-05,3.0496092222165316e-05
2613,2018-07-04,3.3188418456120417e-05,3.170931449858472e-05
2614,2018-07-05,1.4139338418317493e-05,3.249308429076336e-05
2615,2018-07-06,2.2507561880047433e-05,3.111760088359006e-05
2616,2018-07-09,4.647385503631085e-05,3.388081313460134e-05
2617,2018-07-10,3.9757753256708384e-05,3.0822455300949514e-05
2618,2018-07-11,8.697744306118693e-06,3.0754243198316544e-05
2619,2018-07-12,5.148407581145875e-05,3.0027043976588175e-05
2620,2018-07-13,2.339010279683862e-05,3.0241890272009186e-05
2621,2018-07-16,2.467134800099302e-05,3.072788967983797e-05
2622,2018-07-17,2.4149439923348837e-05,3.0605759093305096e-05
2623,2018-07-18,6.214300083229318e-05,2.9948254450573586e-05
2624,2018-07-19,1.758825237629935e-05,3.0112212698441e-05
2625,2018-07-20,1.9848690499202348e-05,3.057270441786386e-05
2626,2018-07-23,1.947811324498616e-05,3.142689456581138e-05
2627,2018-07-24,1.1891990652657114e-05,3.0962128221290186e-05
2628,2018-07-25,7.020719294814626e-06,3.306943108327687e-05
2629,2018-07-26,1.0031217243522406e-05,3.149734766338952e-05
2630,2018-07-27,4.90743295813445e-05,3.072490289923735e-05
2631,2018-07-30,1.6007674275897443e-05,3.0366278224391863e-05
2632,2018-07-31,2.8566852051881142e-05,2.9801072741975076e-05
2633,2018-08-01,1.5292016541934572e-05,2.933787436631974e-05
2634,2018-08-02,2.601800770207774e-05,2.904545544879511e-05
2635,2018-08-03,3.6408757296158e-05,2.911472984123975e-05
2636,2018-08-06,2.130390021193307e-05,2.9274768166942522e-05
2637,2018-08-07,2.373432471358683e-05,2.949674853880424e-05
2638,2018-08-08,2.2034620997146703e-05,2.980712815769948e-05
2639,2018-08-09,1.902610711113084e-05,3.058649963350035e-05
2640,2018-08-10,9.180755114357453e-06,2.9894410545239225e-05
2641,2018-08-13,3.9882277633296326e-05,2.9843451557098888e-05
2642,2018-08-14,2.2426334908232093e-05,2.9726108550676145e-05
2643,2018-08-16,3.167558315908536e-05,2.949646659544669e-05
2644,2018-08-17,2.870552816602867e-05,2.9411805371637456e-05
2645,2018-08-20,1.8632004866958596e-05,2.9139146136003546e-05
2646,2018-08-21,1.0499690688448027e-05,2.9782548153889365e-05
2647,2018-08-23,3.522509723552503e-05,2.9181444915593602e-05
2648,2018-08-24,1.5354284187196754e-05,3.0258306651376188e-05
2649,2018-08-27,4.5263142965268344e-05,2.959345147246495e-05
2650,2018-08-28,1.758649159455672e-05,2.8991598810534924e-05
2651,2018-08-29,1.3853459677193314e-05,2.876258258766029e-05
2652,2018-08-30,1.1201650522707496e-05,2.8773200028808787e-05
2653,2018-08-31,1.884311313915532e-05,2.9036675186944194e-05
2654,2018-09-03,0.00012223835801705718,2.8823707907577045e-05
2655,2018-09-04,3.1067305826582015e-05,2.9042266760370694e-05
2656,2018-09-05,6.367026799125597e-05,2.9127117159077898e-05
2657,2018-09-06,5.727568350266665e-05,2.9124978027539328e-05
2658,2018-09-07,4.728424391942099e-05,2.9172013455536216e-05
2659,2018-09-10,5.710541154257953e-05,3.095604552072473e-05
2660,2018-09-11,0.00012209342094138265,3.046103665838018e-05
2661,2018-09-12,8.180533768609166e-05,3.2411724532721564e-05
2662,2018-09-14,6.361413397826254e-05,3.194515375071205e-05
2663,2018-09-17,4.435335722519085e-05,3.1681836844654754e-05
2664,2018-09-18,5.4041724069975317e-05,3.390747951925732e-05
2665,2018-09-19,5.749991032644175e-05,4.0774044464342296e-05
2666,2018-09-21,0.0007420447655022144,3.885573460138403e-05
2667,2018-09-24,0.0001462746295146644,3.384767842362635e-05
2668,2018-09-25,0.0001230365742230788,3.5597993701230735e-05
2669,2018-09-26,0.00012278994836378843,3.826894680969417e-05
2670,2018-09-27,5.72920216654893e-05,3.911699968739413e-05
2671,2018-09-28,0.00010959059000015259,8.290867117466405e-05
2672,2018-10-01,0.00014608628407586366,6.457894778577611e-05
2673,2018-10-03,6.537420995300636e-05,7.204762368928641e-05
2674,2018-10-04,0.0002271176635986194,6.349025352392346e-05
2675,2018-10-05,0.00030825290014036,5.085346128907986e-05
2676,2018-10-08,0.00013698900875169784,6.757882511010394e-05
2677,2018-10-09,6.11723298789002e-05,8.760258788242936e-05
2678,2018-10-10,9.280948870582506e-05,7.80593472882174e-05
2679,2018-10-11,0.0009303693077526987,0.0001272499212063849
2680,2018-10-12,0.00017932507034856826,0.00015283685934264213
2681,2018-10-15,9.52036862145178e-05,0.0001408491953043267
2682,2018-10-16,3.169002593494952e-05,0.00010736672265920788
2683,2018-10-17,0.00032168772304430604,9.119371679844335e-05
2684,2018-10-19,0.00017242037574760616,0.00014593658852390945
2685,2018-10-22,0.00020672890241257846,0.00010702823055908084
2686,2018-10-23,0.00013030559057369828,0.00010877455497393385
2687,2018-10-24,0.00027421602862887084,5.9315312682883814e-05
2688,2018-10-25,0.00010284905147273093,9.786634473130107e-05
2689,2018-10-26,5.240746759227477e-05,0.00010527148697292432
2690,2018-10-29,0.00023782849893905222,0.0001189093163702637
2691,2018-10-30,4.097358396393247e-05,0.00011427820572862402
2692,2018-10-31,0.0002989836211781949,0.0001094136678148061
2693,2018-11-01,6.341986590996385e-05,9.312964539276436e-05
2694,2018-11-02,0.00013586475688498467,8.673281263327226e-05
2695,2018-11-05,2.696303272387013e-05,9.983855852624401e-05
2696,2018-11-06,4.249241465004161e-05,7.712830119999126e-05
2697,2018-11-07,6.7841712734662e-05,0.00011475173232611269
2698,2018-11-09,2.261427835037466e-05,6.952627882128581e-05
2699,2018-11-12,0.00010458711767569184,7.643290155101568e-05
2700,2018-11-13,8.224833436543122e-05,5.681609036400914e-05
2701,2018-11-14,6.845163443358615e-05,5.512631469173357e-05
2702,2018-11-15,2.36623891396448e-05,4.968875873601064e-05
2703,2018-11-16,1.861140481196344e-05,4.3469113734317943e-05
2704,2018-11-19,4.502291267272085e-05,4.95241692988202e-05
2705,2018-11-20,3.4805849281838164e-05,4.533792889560573e-05
2706,2018-11-21,4.122290192754008e-05,4.8124227760126814e-05
2707,2018-11-22,5.623680408461951e-05,4.257236287230626e-05
2708,2018-11-26,9.501474414719269e-05,4.0169361454900354e-05
2709,2018-11-27,2.9955168429296464e-05,3.8656107790302485e-05
2710,2018-11-28,1.549207627249416e-05,4.1117793443845585e-05
2711,2018-11-29,8.37264524307102e-05,4.0885803173296154e-05
2712,2018-11-30,3.109419412794523e-05,4.3051437387475744e-05
2713,2018-12-03,5.240381869953126e-05,4.4821386836702004e-05
2714,2018-12-04,1.105708179238718e-05,3.889510844601318e-05
2715,2018-12-05,3.909890801878646e-05,3.6578072467818856e-05
2716,2018-12-06,9.019395656650886e-05,3.524549538269639e-05
2717,2018-12-07,5.279926335788332e-05,3.544632636476308e-05
2718,2018-12-10,0.0003295670903753489,3.6682209611171857e-05
2719,2018-12-11,0.00034456214052625,3.2654159440426156e-05
2720,2018-12-12,0.00012476656411308795,3.391456266399473e-05
2721,2018-12-13,6.91985769663006e-05,3.7866338971070945e-05
2722,2018-12-14,1.3356301678868476e-05,3.5829561966238543e-05
2723,2018-12-17,2.8181824745843187e-05,4.865055962000042e-05
2724,2018-12-18,3.984444629168138e-05,5.144162059877999e-05
2725,2018-12-19,1.373532631987473e-05,4.6786251914454624e-05
2726,2018-12-20,7.575070776510984e-05,3.8916332414373755e-05
2727,2018-12-21,0.0001454692828701809,3.3580239687580615e-05
2728,2018-12-24,5.8796773373615e-05,3.3282838558079675e-05
2729,2018-12-26,0.00016042527568060905,3.4244607377331704e-05
2730,2018-12-27,8.068519673543051e-05,3.2945470593404025e-05
2731,2018-12-28,3.350340193719603e-05,3.3923686714842916e-05
2732,2018-12-31,3.796486998908222e-05,4.128234650124796e-05
2733,2019-01-02,7.611066394019872e-05,4.106841515749693e-05
2734,2019-01-03,6.843792652944103e-05,4.797571455128491e-05
2735,2019-01-04,5.2757539378944784e-05,4.1800649341894314e-05
2736,2019-01-07,7.301309233298525e-05,3.7352692743297666e-05
2737,2019-01-08,2.6303971026209183e-05,3.746106813196093e-05
2738,2019-01-09,9.933747787727043e-05,4.0956438169814646e-05
2739,2019-01-10,1.0695124728954397e-05,4.6982091589597985e-05
2740,2019-01-11,4.095948315807618e-05,4.288355557946488e-05
2741,2019-01-14,4.5483051508199424e-05,4.2138741264352575e-05
2742,2019-01-15,5.515392331290059e-05,3.822929647867568e-05
2743,2019-01-16,9.319694072473794e-06,4.201005867798813e-05
2744,2019-01-17,3.5656874388223514e-05,3.579715121304616e-05
2745,2019-01-18,2.164983015973121e-05,3.6301138607086614e-05
2746,2019-01-21,3.0163402698235586e-05,3.797667886829004e-05
2747,2019-01-22,3.116995867458172e-05,3.5931770980823785e-05
2748,2019-01-23,5.073081410955638e-05,3.297964212833904e-05
2749,2019-01-24,1.664220508246217e-05,3.2832365832291543e-05
2750,2019-01-25,9.38566736294888e-05,3.708205986185931e-05
2751,2019-01-28,9.021451842272654e-05,3.664671748992987e-05
2752,2019-01-29,3.676135384012014e-05,3.648731217253953e-05
2753,2019-01-30,5.252585106063634e-05,3.736056532943621e-05
2754,2019-01-31,8.749854896450415e-05,3.4124634112231433e-05
2755,2019-02-01,9.131240949500352e-05,3.643838863354176e-05
2756,2019-02-04,4.486039324547164e-05,3.938032386940904e-05
2757,2019-02-05,1.372050610370934e-05,3.804341395152733e-05
2758,2019-02-06,4.166342114331201e-05,4.006568269687705e-05
2759,2019-02-07,1.670931487751659e-05,3.9670263504376635e-05
2760,2019-02-08,5.4447969887405634e-05,4.154724592808634e-05
2761,2019-02-11,1.944696850841865e-05,4.083767635165714e-05
2762,2019-02-12,2.363787280046381e-05,3.4928612876683474e-05
2763,2019-02-14,3.4535314625827596e-05,3.4324089938309044e-05
2764,2019-02-15,0.00011727196397259831,3.3704978704918176e-05
2765,2019-02-18,5.270614201435819e-05,4.1406787204323336e-05
2766,2019-02-19,6.808197213103995e-05,4.058178819832392e-05
2767,2019-02-20,5.643053009407595e-05,4.087804336450063e-05
2768,2019-02-21,2.2595675545744598e-05,4.221347626298666e-05
2769,2019-02-22,6.3253369262383785e-06,4.4509586587082595e-05
2770,2019-02-25,3.2885764085222036e-05,4.4186377635924146e-05
2771,2019-02-26,0.00016594002954661846,4.533762694336474e-05
2772,2019-02-27,0.00011805047688540071,4.2645955545594916e-05
2773,2019-02-28,4.8726109525887296e-05,3.9055383240338415e-05
2774,2019-03-01,3.002326593559701e-05,3.30579568981193e-05
2775,2019-03-05,9.369372855871916e-05,3.271547393524088e-05
2776,2019-03-06,2.329335802642163e-05,3.4229684388265014e-05
2777,2019-03-07,1.6560115909669548e-05,3.7227728171274066e-05
2778,2019-03-08,8.143462764564902e-06,3.813931471086107e-05
2779,2019-03-11,4.9046164349419996e-05,3.539791941875592e-05
2780,2019-03-12,5.554601375479251e-05,3.490317612886429e-05
2781,2019-03-13,2.361236693104729e-05,3.4502230846555904e-05
2782,2019-03-14,2.7558280635275878e-05,3.458848368609324e-05
2783,2019-03-15,5.0400201871525496e-05,3.229315552744083e-05
2784,2019-03-18,5.167049675947055e-05,3.1603653042111546e-05
2785,2019-03-19,3.6049605114385486e-05,3.059627488255501e-05
2786,2019-03-20,1.092164711735677e-05,3.0071290893829428e-05
2787,2019-03-22,5.4265037761069834e-05,3.108271994278766e-05
2788,2019-03-25,5.1626513595692813e-05,3.288438529125415e-05
2789,2019-03-26,5.716490704799071e-05,3.639313217718154e-05
2790,2019-03-27,6.330922042252496e-05,3.662844392238185e-05
2791,2019-03-28,4.964011532138102e-05,3.30340008076746e-05
2792,2019-04-01,9.383653377881274e-05,3.330262188683264e-05
2793,2019-04-02,2.99856073979754e-05,3.4266722650500014e-05
2794,2019-04-03,4.638494283426553e-05,3.466853377176449e-05
2795,2019-04-04,3.1650524761062115e-05,3.5363573260838166e-05
2796,2019-04-05,2.7837642846861854e-05,3.4191281883977354e-05
2797,2019-04-08,8.097504178294912e-05,3.522106271702796e-05
2798,2019-04-09,3.4808137570507824e-05,3.398507760721259e-05
2799,2019-04-10,3.4586500987643376e-05,3.532945629558526e-05
2800,2019-04-11,1.0796692549774889e-05,3.610633939388208e-05
2801,2019-04-12,1.8093596736434847e-05,3.551806730683893e-05
2802,2019-04-15,1.1858378456963692e-05,3.8049834984121844e-05
2803,2019-04-16,3.139190812362358e-05,3.553534406819381e-05
2804,2019-04-18,6.814368680352345e-05,3.672088132589124e-05
2805,2019-04-22,5.6118769862223417e-05,3.29587965097744e-05
2806,2019-04-23,1.993793193832971e-05,3.2089490559883416e-05
2807,2019-04-24,6.987005326664075e-05,3.122250200249255e-05
2808,2019-04-25,7.73529609432444e-05,3.1462252081837505e-05
2809,2019-04-26,3.837910480797291e-05,3.2421092328149825e-05
2810,2019-04-30,4.182537304586731e-05,3.450433723628521e-05
2811,2019-05-02,2.650959140737541e-05,3.406851101317443e-05
2812,2019-05-03,1.5298770449589938e-05,3.454777106526308e-05
2813,2019-05-06,9.255006443709135e-05,3.764023495023139e-05
2814,2019-05-07,9.633519221097231e-05,3.633723099483177e-05
2815,2019-05-08,4.8502737627131864e-05,3.691481106216088e-05
2816,2019-05-09,3.821213249466382e-05,3.507652581902221e-05
2817,2019-05-10,2.4532520910724998e-05,3.297970033599995e-05
2818,2019-05-13,8.510238694725558e-05,3.772069248952903e-05
2819,2019-05-14,9.40921891015023e-05,3.945565549656749e-05
2820,2019-05-15,7.955438195494935e-05,3.918076617992483e-05
2821,2019-05-16,5.540660276892595e-05,3.862858284264803e-05
2822,2019-05-17,7.34841960365884e-05,3.607206235756166e-05
2823,2019-05-20,0.0006119996542111039,4.131747846258804e-05
2824,2019-05-21,0.00010654845391400158,4.4209056795807555e-05
2825,2019-05-22,2.773130836430937e-05,4.852540587307885e-05
2826,2019-05-23,0.0006461563752964139,4.6130353439366445e-05
2827,2019-05-24,0.00017102279525715858,4.449693733477034e-05
2828,2019-05-27,5.050244362792e-05,5.9883859648834914e-05
2829,2019-05-28,3.782198473345488e-05,6.651202420471236e-05
2830,2019-05-29,2.498824687791057e-05,6.341974949464202e-05
2831,2019-05-30,2.892567681556102e-05,7.153658953029662e-05
2832,2019-05-31,0.0001295852125622332,6.516376015497372e-05
2833,2019-06-03,8.540402632206678e-05,6.752870831405744e-05
2834,2019-06-04,2.8664497222052887e-05,6.505733472295105e-05
2835,2019-06-06,0.00010713392839534208,6.139148899819702e-05
2836,2019-06-07,5.3138774092076346e-05,6.012081939843483e-05
2837,2019-06-10,5.419929584604688e-05,6.299802771536633e-05
2838,2019-06-11,3.1981890060706064e-05,6.064935587346554e-05
2839,2019-06-12,2.5470477339695208e-05,5.995757601340301e-05
2840,2019-06-13,4.177091977908276e-05,6.540914182551205e-05
2841,2019-06-14,3.2589512557024136e-05,6.674013275187463e-05
2842,2019-06-17,8.864527626428753e-05,7.115128391887993e-05
2843,2019-06-18,1.8090424418915063e-05,6.552707782248035e-05
2844,2019-06-19,9.65053986874409e-05,6.007657430018298e-05
2845,2019-06-20,0.00011696201545419171,5.944141230429523e-05
2846,2019-06-21,3.770551484194584e-05,5.721273919334635e-05
2847,2019-06-24,1.6969552234513685e-05,6.053263132344e-05
2848,2019-06-25,6.788565224269405e-05,5.327760663931258e-05
2849,2019-06-26,3.754228964680806e-05,5.110656638862565e-05
2850,2019-06-27,2.237297303508967e-05,4.427559542818926e-05
2851,2019-06-28,2.4974737243610434e-05,4.361099490779452e-05
2852,2019-07-01,2.575504004198592e-05,4.017698665848002e-05
2853,2019-07-02,4.011446435470134e-05,4.3501833715708926e-05
2854,2019-07-03,1.1883930710610002e-05,4.1778330341912806e-05
2855,2019-07-04,6.545621999975992e-06,4.002588684670627e-05
2856,2019-07-05,8.287057426059619e-05,3.887322964146733e-05
2857,2019-07-08,0.0001684185554040596,3.58054821845144e-05
2858,2019-07-09,4.710115899797529e-05,3.5050310543738306e-05
2859,2019-07-10,4.047217589686625e-05,3.357649256940931e-05
2860,2019-07-11,4.67382233182434e-05,3.112959166173823e-05
2861,2019-07-12,2.915137702075299e-05,3.29987051372882e-05
2862,2019-07-15,5.397435597842559e-05,4.273222293704748e-05
2863,2019-07-16,2.397316347924061e-05,4.107202039449476e-05
2864,2019-07-17,7.961672963574529e-06,4.306137270759791e-05
2865,2019-07-18,2.3812497602193616e-05,4.243061994202435e-05
2866,2019-07-19,0.00015508326760027558,4.1556559153832495e-05
2867,2019-07-22,3.3633154089329764e-05,4.3753680074587464e-05
2868,2019-07-23,2.8695294531644322e-05,4.002172499895096e-05
2869,2019-07-24,4.451816494110972e-05,3.418251435505226e-05
2870,2019-07-25,5.016470458940603e-05,3.3925949537660927e-05
2871,2019-07-26,2.5585632101865485e-05,3.789556285482831e-05
2872,2019-07-29,7.403447671094909e-05,3.6314020690042526e-05
2873,2019-07-30,0.00011082847777288407,3.6655390431405976e-05
2874,2019-07-31,7.959049980854616e-05,3.809554618783295e-05
2875,2019-08-01,0.0001514808100182563,3.915301203960553e-05
2876,2019-08-02,0.00016769349167589098,3.794768053921871e-05
2877,2019-08-05,0.00014017931243870407,4.174993227934465e-05
2878,2019-08-06,0.00014945780276320875,4.4812117266701534e-05
2879,2019-08-07,5.5897326092235744e-05,4.083245949004777e-05
2880,2019-08-08,0.0001476467150496319,5.614109250018373e-05
2881,2019-08-09,6.848421617178246e-05,5.978645276627503e-05
2882,2019-08-13,0.00017386881518177688,7.015757000772282e-05
2883,2019-08-14,0.00010625946015352383,6.931157986400649e-05
2884,2019-08-16,8.514906949130818e-05,7.319665746763349e-05
2885,2019-08-19,5.350057108444162e-05,7.135698979254812e-05
2886,2019-08-20,2.4480892534484155e-05,6.95636190357618e-05
2887,2019-08-21,4.5484175643650815e-05,9.120380855165422e-05
2888,2019-08-22,0.00010680228297132999,8.31399520393461e-05
2889,2019-08-23,0.00016428604430984706,8.434176561422646e-05
2890,2019-08-26,0.0006678412901237607,7.202619599411264e-05
2891,2019-08-27,4.3285766878398135e-05,6.365806621033698e-05
2892,2019-08-28,5.729846452595666e-05,7.219963299576193e-05
2893,2019-08-29,4.752071981783956e-05,8.981988503364846e-05
2894,2019-08-30,0.00011476147483335808,7.390348037006333e-05
2895,2019-09-03,0.00014135288074612617,8.436759526375681e-05
2896,2019-09-04,3.903341348632239e-05,6.385878805303946e-05
2897,2019-09-05,3.4587228583404794e-05,6.615970778511837e-05
2898,2019-09-06,3.357777313794941e-05,6.958159792702645e-05
2899,2019-09-09,5.55066108063329e-05,7.829732930986211e-05
2900,2019-09-11,1.0402474799775518e-05,9.711779421195388e-05
2901,2019-09-12,4.178355084150098e-05,7.630129402969033e-05
2902,2019-09-13,5.602332385024056e-05,6.717888754792511e-05
2903,2019-09-16,7.4753028457053e-05,5.984612653264776e-05
2904,2019-09-17,0.00011933190398849547,5.6842756748665124e-05
2905,2019-09-18,4.564438495435752e-05,4.62767384306062e-05
2906,2019-09-19,9.260392107535154e-05,4.9421312724007294e-05
2907,2019-09-20,0.0013384987832978368,4.917857586406171e-05
2908,2019-09-23,0.0006782967830076814,5.471928307088092e-05
2909,2019-09-24,3.41599625244271e-05,5.858284930582158e-05
2910,2019-09-25,6.207778642419726e-05,5.9333186072763056e-05
2911,2019-09-26,6.243181269383058e-05,5.974439045530744e-05
2912,2019-09-27,2.5076431484194472e-05,7.606067083543167e-05
2913,2019-09-30,4.937642006552778e-05,7.681661372771487e-05
2914,2019-10-01,0.00026688873185776174,7.307223859243095e-05
2915,2019-10-03,4.4174543290864676e-05,8.137745317071676e-05
2916,2019-10-04,0.0001985233393497765,7.399544847430661e-05
2917,2019-10-07,4.4382042688084766e-05,6.273847247939557e-05
2918,2019-10-09,0.00015647232066839933,6.606722308788449e-05
2919,2019-10-10,2.7801770556834526e-05,7.380424358416349e-05
2920,2019-10-11,8.285966032417491e-05,7.38400049158372e-05
2921,2019-10-14,5.37527994310949e-05,8.305333903990686e-05
2922,2019-10-15,4.064398672198877e-05,8.108191104838625e-05
2923,2019-10-16,2.6002380764111876e-05,7.635624933755025e-05
2924,2019-10-17,6.485068297479302e-05,8.896939834812656e-05
2925,2019-10-18,4.3118372559547424e-05,7.965877011884004e-05
2926,2019-10-22,5.303463331074454e-05,8.423871622653678e-05
2927,2019-10-23,2.3695540221524425e-05,7.926350372144952e-05
2928,2019-10-24,7.865116640459746e-05,6.747534644091502e-05
2929,2019-10-25,0.0001115195409511216,6.725941057084128e-05
2930,2019-10-29,0.00010794885747600347,6.572678830707446e-05
2931,2019-10-30,9.90811749943532e-05,7.239585829665884e-05
2932,2019-10-31,3.6495352105703205e-05,6.731453322572634e-05
2933,2019-11-01,1.4300741895567626e-05,7.024828664725646e-05
2934,2019-11-04,2.7939318897551857e-05,5.858457734575495e-05
2935,2019-11-05,4.5871478505432606e-05,5.414809857029468e-05
2936,2019-11-06,5.592781963059679e-05,5.310260166879743e-05
2937,2019-11-07,4.35296751675196e-05,4.6181990910554305e-05
2938,2019-11-08,5.52251840417739e-05,4.0818515117280185e-05
2939,2019-11-11,2.054589094768744e-05,4.157309012953192e-05
2940,2019-11-13,3.723809641087428e-05,4.282825830159709e-05
2941,2019-11-14,2.5240398827008903e-05,4.2820131056942046e-05
2942,2019-11-15,3.451904922258109e-05,4.307830022298731e-05
2943,2019-11-18,1.7643995306571014e-05,4.5378325012279674e-05
2944,2019-11-19,2.330191455257591e-05,4.1519244405208156e-05
2945,2019-11-20,4.12203480664175e-05,4.123304461245425e-05
2946,2019-11-21,1.696298386377748e-05,3.990708137280308e-05
2947,2019-11-22,1.892368345579598e-05,4.043409717269242e-05
2948,2019-11-25,6.437332922359928e-05,3.7836631236132234e-05
2949,2019-11-26,4.566742427414283e-05,3.6832207115367055e-05
2950,2019-11-27,1.4668930816696957e-05,3.646835466497578e-05
2951,2019-11-28,1.5860759958741255e-05,3.455195474089123e-05
2952,2019-11-29,4.2120704165427014e-05,3.421117799007334e-05
2953,2019-12-02,7.583946717204526e-05,3.4674154449021444e-05
2954,2019-12-03,3.489022856228985e-05,3.5136323276674375e-05
2955,2019-12-04,3.841484431177378e-05,3.378311521373689e-05
2956,2019-12-05,2.1298090359778143e-05,3.242492311983369e-05
2957,2019-12-06,7.325957994908094e-05,3.1400020816363394e-05
2958,2019-12-09,2.2710173652740195e-05,3.235928306821734e-05
2959,2019-12-10,2.9451490263454616e-05,3.2256462873192504e-05
2960,2019-12-11,2.1393379938672297e-05,3.2182106224354357e-05
2961,2019-12-12,2.1278112399159e-05,3.108873715973459e-05
2962,2019-12-13,3.399821071070619e-05,3.331694460939616e-05
2963,2019-12-16,3.1670992029830813e-05,3.191017094650306e-05
2964,2019-12-17,3.446115806582384e-05,3.250139343435876e-05
2965,2019-12-18,1.9850582248182036e-05,3.1659819796914235e-05
2966,2019-12-19,1.449551655241521e-05,3.184510933351703e-05
2967,2019-12-20,4.167973656876711e-06,3.247131098760292e-05
2968,2019-12-23,2.0868626961600967e-05,3.260769517510198e-05
2969,2019-12-24,1.5148666534514632e-05,3.2095333153847605e-05
2970,2019-12-26,2.4048451450653374e-05,3.195661338395439e-05
2971,2019-12-27,3.730983007699251e-05,3.118414315395057e-05
2972,2019-12-30,1.932122540893033e-05,2.88063965854235e-05
2973,2019-12-31,2.1682126316591166e-05,2.89353629341349e-05
2974,2020-01-01,1.4877797184453811e-05,2.8951482818229124e-05
2975,2020-01-02,2.1967311113257892e-05,2.8729933546856046e-05
2976,2020-01-03,1.730518852127716e-05,2.841648347384762e-05
2977,2020-01-06,0.0001185248329420574,2.808574390655849e-05
2978,2020-01-07,0.00010132330498890951,2.8377298804116435e-05
2979,2020-01-08,0.00012137908197473735,2.7753159884014167e-05
2980,2020-01-09,0.0001310013612965122,2.7551313905860297e-05
2981,2020-01-10,4.137299401918426e-05,2.739484807534609e-05
2982,2020-01-13,1.6526006220374256e-05,3.209206261090003e-05
2983,2020-01-14,9.7876463769353e-06,3.141143315588124e-05
2984,2020-01-15,2.1322295651771128e-05,3.330576510052197e-05
2985,2020-01-16,1.1713820640579797e-05,3.181581632816233e-05
2986,2020-01-17,1.519661964266561e-05,3.138577449135482e-05
2987,2020-01-20,0.0001418379251845181,3.074580308748409e-05
2988,2020-01-21,1.7599259081180207e-05,2.9698285288759507e-05
2989,2020-01-22,5.900831820326857e-05,2.9806362363160588e-05
2990,2020-01-23,2.3309516109293327e-05,2.9166420063120313e-05
2991,2020-01-24,3.380648558959365e-05,2.9377015380305238e-05
2992,2020-01-27,4.48478567705024e-05,3.223924431949854e-05
2993,2020-01-28,5.053963832324371e-05,3.1677944207331166e-05
2994,2020-01-29,3.550438486854546e-05,3.474429468042217e-05
2995,2020-01-30,4.842328780796379e-05,3.316990478197113e-05
2996,2020-01-31,8.713490387890488e-05,3.303299308754504e-05
2997,2020-02-03,0.0008518919348716736,3.621317591750994e-05
2998,2020-02-04,0.00014320922491606325,3.643244781414978e-05
2999,2020-02-05,5.7464327255729586e-05,3.401581852813251e-05
3000,2020-02-06,1.9838660591631196e-05,4.6107263187877834e-05
3001,2020-02-07,1.7017295249388553e-05,4.8536421672906727e-05
3002,2020-02-10,3.296495560789481e-05,6.147040403448045e-05
3003,2020-02-11,5.939801485510543e-05,4.993987749912776e-05
3004,2020-02-12,3.10388786601834e-05,5.0920916692120954e-05
3005,2020-02-13,2.063120700768195e-05,4.483562588575296e-05
3006,2020-02-14,5.8472054661251605e-05,4.439567419467494e-05
3007,2020-02-17,3.7486766814254224e-05,4.7722089220769703e-05
3008,2020-02-18,5.241855978965759e-05,4.406005973578431e-05
3009,2020-02-19,8.940061525208876e-05,4.4355812860885635e-05
3010,2020-02-20,1.6262642020592466e-05,4.558222644845955e-05
3011,2020-02-24,0.0001273350208066404,5.319191041053273e-05
3012,2020-02-25,4.237174289301038e-05,5.0542381359264255e-05
3013,2020-02-26,7.541904778918251e-05,5.378500645747408e-05
3014,2020-02-27,6.362408021232113e-05,4.9462101742392406e-05
3015,2020-02-28,0.0005950920167379081,4.849154356634244e-05
3016,2020-03-02,0.0006941063329577446,6.174566806294024e-05
3017,2020-03-03,0.00015389607870019972,5.042428529122844e-05
3018,2020-03-04,0.0002871833276003599,5.881438482902013e-05
3019,2020-03-05,8.690783579368144e-05,5.7149864005623385e-05
3020,2020-03-06,0.0009966519428417087,8.105934102786705e-05
3021,2020-03-09,0.00121587747707963,9.975271677831188e-05
3022,2020-03-11,0.00028576815384440124,7.766875205561519e-05
3023,2020-03-12,0.0026931860484182835,0.00010659277177182958
3024,2020-03-13,0.013081747107207775,8.280215843115002e-05
3025,2020-03-16,0.0021489476785063744,0.00012391975906211883
3026,2020-03-17,0.0010565257398411632,0.000182120013050735
3027,2020-03-18,0.002464930061250925,0.0001335599081357941
3028,2020-03-19,0.00514441542327404,0.0002889718452934176
3029,2020-03-20,0.002293346682563424,0.00040129770059138536
3030,2020-03-23,0.011157187633216381,0.00033054628875106573
3031,2020-03-24,0.0025259326212108135,0.0004447570536285639
3032,2020-03-25,0.002367747016251087,0.0005124388262629509
3033,2020-03-26,0.0011613700771704316,0.0006067215581424534
3034,2020-03-27,0.0023866407573223114,0.0005812665331177413
3035,2020-03-30,0.001657895278185606,0.0005695456638932228
3036,2020-03-31,0.0013794985134154558,0.0008337267208844423
3037,2020-04-01,0.000742758100386709,0.000864294939674437
3038,2020-04-03,0.0006113941199146211,0.0008662002510391176
3039,2020-04-07,0.002897229278460145,0.000910547620151192
3040,2020-04-08,0.0015901668230071664,0.0007228799513541162
3041,2020-04-09,0.0008578597335144877,0.0008708278182893991
3042,2020-04-13,0.0001864404621301219,0.0007067124242894351
3043,2020-04-15,0.0011070843320339918,0.0006649949937127531
3044,2020-04-16,0.0002978977863676846,0.0008032877231016755
3045,2020-04-17,0.0016346618067473173,0.000768004625570029
3046,2020-04-20,0.00027811413747258484,0.0006547389202751219
3047,2020-04-21,0.0008012016769498587,0.0004725494363810867
3048,2020-04-22,0.00032050724257715046,0.000597517704591155
3049,2020-04-23,0.00014478668163064867,0.00045449924073182046
3050,2020-04-24,0.0004132049507461488,0.0004735448455903679
3051,2020-04-27,0.0002196166751673445,0.0003006723418366164
3052,2020-04-28,0.0002546310715842992,0.0003274136397521943
3053,2020-04-29,0.00017182811279781163,0.0003428102645557374
3054,2020-04-30,0.0005163645837455988,0.00024707146803848445
3055,2020-05-04,0.0014078473905101418,0.00027284029056318104
3056,2020-05-05,0.0004737714189104736,0.00019242055714130402
3057,2020-05-06,0.00021601191838271916,0.0001721459993859753
3058,2020-05-07,5.791060902993195e-05,0.00016959886124823242
3059,2020-05-08,0.0004483700031414628,0.00015141451149247587
3060,2020-05-11,0.0003122751950286329,0.0002483322168700397
3061,2020-05-12,0.00023779312323313206,0.00024568705703131855
3062,2020-05-13,0.0019135945476591587,0.0002468978927936405
3063,2020-05-14,0.0004422002239152789,0.0001459134800825268
3064,2020-05-15,0.00011868781439261511,0.0001475149765610695
3065,2020-05-18,0.0005261393962427974,0.000167490667081438
3066,2020-05-19,0.0003777976962737739,0.00016414024867117405
3067,2020-05-20,0.00020097996457479894,0.00017694705456960946
3068,2020-05-21,7.102099334588274e-05,0.00018892316438723356
3069,2020-05-22,0.000150139385368675,0.00015966121281962842
3070,2020-05-26,0.00015745099517516792,0.0002489157486706972
3071,2020-05-27,0.0004820213362108916,0.0002026279689744115
3072,2020-05-28,0.00014411937445402145,0.00019971455913037062
3073,2020-05-29,0.00023767702805344015,0.00014724454376846552
3074,2020-06-01,0.00042880084947682917,0.0001699904096312821
3075,2020-06-02,0.00013627522275783122,0.0001597600639797747
3076,2020-06-03,0.00023518801026511937,0.00019825506024062634
3077,2020-06-04,0.00010716120596043766,0.00014875319902785122
3078,2020-06-05,0.00010325494804419577,0.0001740244188113138
3079,2020-06-08,0.0004713164526037872,0.0001877800386864692
3080,2020-06-09,0.0002586922491900623,0.000166056546731852
3081,2020-06-10,4.7443962102988735e-05,0.00016107005649246275
3082,2020-06-11,0.00017856461636256427,0.0001656062959227711
3083,2020-06-12,0.002075212076306343,0.00013657237286679447
3084,2020-06-15,0.00020485074492171407,0.0001548685395391658
3085,2020-06-16,0.0008351468131877482,0.0001586527650943026
3086,2020-06-17,0.00013185203715693206,0.00010535725596128032
3087,2020-06-18,0.00024334376212209463,0.00013498833868652582
3088,2020-06-19,0.00013723535812459886,0.00016257952665910125
3089,2020-06-22,9.910025983117521e-05,0.00014976243255659938
3090,2020-06-23,0.000119624070066493,0.00017301863408647478
3091,2020-06-24,0.000259069463936612,0.00015089831140358
3092,2020-06-25,0.0001368828525301069,0.00016532257723156363
3093,2020-06-26,0.00011090787302237004,0.00015705553232692182
3094,2020-06-29,0.00010037587344413623,0.00012269748549442738
3095,2020-06-30,0.00010271732026012614,0.00012296655040699989
3096,2020-07-01,7.232429925352335e-05,0.00014537347306031734
3097,2020-07-02,7.873387221479788e-05,0.00012810886255465448
3098,2020-07-03,5.194872210267931e-05,0.00010150502930628136
3099,2020-07-06,0.00015905390318948776,0.00010720761929405853
3100,2020-07-07,8.523299038643017e-05,0.00010524287790758535
3101,2020-07-08,8.779796189628541e-05,9.804766887100413e-05
3102,2020-07-09,5.2425762987695634e-05,8.873036131262779e-05
3103,2020-07-10,5.315686576068401e-05,7.460631604772061e-05
3104,2020-07-13,0.0001139995438279584,7.548509893240407e-05
3105,2020-07-14,0.00013751440565101802,7.60524781071581e-05
3106,2020-07-15,0.00027826798032037914,8.278487075585872e-05
3107,2020-07-16,0.00016913804574869573,7.000578625593334e-05
3108,2020-07-17,0.0001004074583761394,7.461057975888252e-05
3109,2020-07-20,0.00010200343240285292,7.810588431311771e-05
3110,2020-07-21,9.985779615817592e-05,8.958292164606974e-05
3111,2020-07-22,0.00013908684195484966,9.815928206080571e-05
3112,2020-07-23,5.0100825319532305e-05,8.863294351613149e-05
3113,2020-07-24,8.503619028488174e-05,8.711520786164328e-05
3114,2020-07-27,6.330692849587649e-05,7.414555147988722e-05
3115,2020-07-28,7.85998854553327e-05,6.416517862817273e-05
3116,2020-07-29,0.0001009718980640173,8.322761277668178e-05
3117,2020-07-30,0.0001466843532398343,7.093441672623158e-05
3118,2020-07-31,5.6236745876958594e-05,7.557845674455166e-05
3119,2020-08-03,8.932067430578172e-05,7.490302959922701e-05
3120,2020-08-04,0.00014201483281794935,7.230912888189778e-05
3121,2020-08-05,0.0001018802504404448,8.911731856642291e-05
3122,2020-08-06,0.00010109841241501272,9.646711987443268e-05
3123,2020-08-07,2.4710197976673953e-05,8.04465526016429e-05
3124,2020-08-10,5.3650117479264736e-05,9.153038263320923e-05
3125,2020-08-11,3.750274845515378e-05,9.775104990694672e-05
3126,2020-08-12,2.7931675504078157e-05,9.846437023952603e-05
3127,2020-08-13,2.6228097340208478e-05,8.897338557289913e-05
3128,2020-08-14,0.00020162943110335618,6.846964970463887e-05
3129,2020-08-17,9.782724373508245e-05,6.782903074054047e-05
3130,2020-08-18,5.9493988374015316e-05,6.176251190481707e-05
3131,2020-08-19,4.555797568173148e-05,6.089056478231214e-05
3132,2020-08-20,7.846544031053782e-05,5.924826109549031e-05
3133,2020-08-21,8.175191760528833e-05,7.652940257685259e-05
3134,2020-08-24,3.383793227840215e-05,6.462022429332137e-05
3135,2020-08-25,4.6265176933957264e-05,6.219102215254679e-05
3136,2020-08-26,4.1222232539439574e-05,5.8888294006465e-05
3137,2020-08-27,4.154720954829827e-05,6.228361598914489e-05
3138,2020-08-28,3.863989331875928e-05,5.451244942378253e-05
3139,2020-08-31,0.0006816894165240228,5.2691815653815866e-05
3140,2020-09-01,0.00013327541819307953,5.447409421321936e-05
3141,2020-09-02,4.144917693338357e-05,5.2297971706138924e-05
3142,2020-09-03,2.2202908439794555e-05,5.109877383802086e-05
3143,2020-09-04,0.00029643121524713933,4.952502058586106e-05
3144,2020-09-07,6.567034142790362e-05,7.762091991025954e-05
3145,2020-09-08,6.216108158696443e-05,6.275930354604498e-05
3146,2020-09-09,0.00011090355110354722,5.680844697053544e-05
3147,2020-09-10,0.00010595204366836697,5.334247543942183e-05
3148,2020-09-11,1.365898788208142e-05,7.352969259954989e-05
3149,2020-09-14,0.00013215855869930238,6.105693319113925e-05
3150,2020-09-15,4.135114431846887e-05,6.504051998490468e-05
3151,2020-09-16,2.7913831218029372e-05,6.358519749483094e-05
3152,2020-09-17,5.346221587387845e-05,6.045238842489198e-05
3153,2020-09-18,9.120727918343619e-05,5.2307401347206905e-05
3154,2020-09-21,0.0002608037320896983,6.69486471451819e-05
3155,2020-09-22,0.00015956364222802222,5.315063754096627e-05
3156,2020-09-23,0.00026683579199016094,5.244456042419188e-05
3157,2020-09-24,0.00026372456341050565,5.769149720435962e-05
3158,2020-09-25,0.00022819085279479623,6.264443072723225e-05
3159,2020-09-28,0.00012104465713491663,8.580872236052528e-05
3160,2020-09-29,7.176269718911499e-05,8.327262912644073e-05
3161,2020-09-30,3.634720997069962e-05,9.062212484423071e-05
3162,2020-10-01,0.00012413313379511237,0.00010559777001617476
3163,2020-10-05,8.141058788169175e-05,9.376478556077927e-05
3164,2020-10-06,0.00010932428995147347,8.527120371581987e-05
3165,2020-10-07,4.709509084932506e-05,8.74816978466697e-05
3166,2020-10-08,9.960376337403432e-05,7.730400102445856e-05
3167,2020-10-09,4.5321368816075847e-05,6.641403888352215e-05
3168,2020-10-12,8.085204171948135e-05,7.221809210022911e-05
3169,2020-10-13,2.3065387722454034e-05,6.802713323850185e-05
3170,2020-10-14,8.481621625833213e-05,6.80918456055224e-05
3171,2020-10-15,0.000340195168973878,6.896903505548835e-05
3172,2020-10-16,5.443431655294262e-05,6.818099791416898e-05
3173,2020-10-19,0.00011443775292718783,7.466019451385364e-05
3174,2020-10-20,3.227976048947312e-05,6.505125929834321e-05
3175,2020-10-21,0.0001890430285129696,7.391299004666507e-05
3176,2020-10-22,4.882444045506418e-05,9.559343016007915e-05
3177,2020-10-23,3.667531564133242e-05,6.873351230751723e-05
3178,2020-10-26,0.00013460511399898678,6.492457760032266e-05
3179,2020-10-27,9.819927072385326e-05,6.519092130474746e-05
3180,2020-10-28,0.0001555068593006581,8.329295815201476e-05
3181,2020-10-29,0.00011913054186152294,6.835261592641473e-05
3182,2020-10-30,0.00011491053010104224,5.716529267374426e-05
3183,2020-11-02,0.00010829800157807767,7.609913154738024e-05
3184,2020-11-03,6.221450894372538e-05,6.502377800643444e-05
3185,2020-11-04,7.835783617338166e-05,8.046359289437532e-05
3186,2020-11-05,0.00019066076492890716,7.435068255290389e-05
3187,2020-11-06,5.876084105693735e-05,8.724465442355722e-05
3188,2020-11-09,0.00014675485726911575,8.583490853197873e-05
3189,2020-11-10,0.00012784035061486065,7.06097052898258e-05
3190,2020-11-11,0.00011314886069158092,8.166939369402826e-05
3191,2020-11-12,4.291510413167998e-05,7.259650010382757e-05
3192,2020-11-13,4.274583261576481e-05,7.395326247205958e-05
3193,2020-11-17,0.0003236608754377812,6.955440039746463e-05
3194,2020-11-18,3.673689207062125e-05,7.621097029186785e-05
3195,2020-11-19,0.00017200257570948452,7.926879334263504e-05
3196,2020-11-20,6.871188088553026e-05,7.180692773545161e-05
3197,2020-11-23,0.00011917723895749077,6.97637879056856e-05
3198,2020-11-24,5.4535430535906926e-05,7.40926043363288e-05
3199,2020-11-25,0.00022786573390476406,6.687233690172434e-05
3200,2020-11-26,0.00013154807675164193,8.680042083142325e-05
3201,2020-11-27,3.4484728530514985e-05,7.420023757731542e-05
3202,2020-12-01,0.00011717290908563882,7.368883234448731e-05
3203,2020-12-02,7.095640467014164e-05,6.272459722822532e-05
3204,2020-12-03,8.356355829164386e-05,8.91285453690216e-05
3205,2020-12-04,4.1897994378814474e-05,8.106839231913909e-05
3206,2020-12-07,2.995802424266003e-05,6.850616045994684e-05
3207,2020-12-08,3.9705500967102125e-05,7.36734364181757e-05
3208,2020-12-09,4.1909737774403766e-05,7.331989763770252e-05
3209,2020-12-10,3.634731547208503e-05,6.603654037462547e-05
3210,2020-12-11,6.641991785727441e-05,6.286431016633287e-05
3211,2020-12-14,5.2725852583535016e-05,5.997885455144569e-05
3212,2020-12-15,4.855461520492099e-05,6.1009955970803276e-05
3213,2020-12-16,6.595817831112072e-05,5.563343074754812e-05
3214,2020-12-17,2.263026726723183e-05,5.839737787027843e-05
3215,2020-12-18,4.1230174247175455e-05,6.256908091017976e-05
3216,2020-12-21,0.000822263362351805,5.909274113946594e-05
3217,2020-12-22,0.00022301854914985597,6.041509550414048e-05
3218,2020-12-23,6.539996684296057e-05,5.561136640608311e-05
3219,2020-12-24,6.528910307679325e-05,5.356284600566141e-05
3220,2020-12-28,3.25216751662083e-05,5.392007369664498e-05
3221,2020-12-29,2.736630995059386e-05,8.865297422744334e-05
3222,2020-12-30,5.8983849157812074e-05,7.059623749228194e-05
3223,2020-12-31,1.4081340850680135e-05,6.107678927946836e-05
3224,2021-01-01,8.007101314433385e-06,5.9518846683204174e-05
3225,2021-01-04,0.0001312189269810915,5.142337249708362e-05
3226,2021-01-05,6.407669570762664e-05,5.1794380851788446e-05
3227,2021-01-06,9.546970977680758e-05,5.3210376790957525e-05
3228,2021-01-07,8.727087697479874e-05,4.93238476337865e-05
3229,2021-01-08,0.0001078030836652033,4.4431340938899666e-05
3230,2021-01-11,0.00010792992543429136,4.9605569074628875e-05
3231,2021-01-12,4.028325929539278e-05,4.784399061463773e-05
3232,2021-01-13,0.0001225277956109494,5.4309093684423715e-05
3233,2021-01-14,3.952239057980478e-05,5.098442852613516e-05
3234,2021-01-15,0.00011168194760102779,5.043188139097765e-05
3235,2021-01-18,9.742977272253484e-05,5.246276850812137e-05
3236,2021-01-19,0.00010110139555763453,5.334889283403754e-05
3237,2021-01-20,3.6288263800088316e-05,6.169846164993942e-05
3238,2021-01-21,0.00012545177014544606,5.4880190873518586e-05
3239,2021-01-22,0.00011115524102933705,6.967582157813013e-05
3240,2021-01-25,0.0001756769052008167,7.068618288030848e-05
3241,2021-01-27,0.00016466625675093383,6.0312566347420216e-05
3242,2021-01-28,0.00018770949100144207,5.714888538932428e-05
3243,2021-01-29,0.0003301292017567903,7.200503023341298e-05
3244,2021-02-01,0.0008658768492750823,7.795779674779624e-05
3245,2021-02-02,0.0003091130929533392,8.392854942940176e-05
3246,2021-02-03,0.00020152467186562717,9.789920295588672e-05
3247,2021-02-04,6.486850179499015e-05,9.576891170581803e-05
3248,2021-02-05,4.782765608979389e-05,0.00012444784806575626
3249,2021-02-08,0.00010841838957276195,0.00013173864863347262
3250,2021-02-09,6.692962779197842e-05,0.0001056580149452202
3251,2021-02-10,6.287785799941048e-05,0.00014128535985946655
3252,2021-02-11,2.722298631852027e-05,0.00011785946844611317
3253,2021-02-12,3.957775697926991e-05,0.00010238342656521127
3254,2021-02-15,6.274302722886205e-05,8.456897921860218e-05
3255,2021-02-16,6.441563891712576e-05,0.00010123279935214669
3256,2021-02-17,3.431944060139358e-05,0.00010239074617857113
3257,2021-02-18,4.847004674957134e-05,7.69718608353287e-05
3258,2021-02-19,9.767510346136987e-05,8.541086572222412e-05
3259,2021-02-22,0.00021874711092095822,7.06806531525217e-05
3260,2021-02-23,0.00011522646673256531,8.402216190006584e-05
3261,2021-02-24,0.000451359199360013,7.759087020531297e-05
3262,2021-02-25,6.623199442401528e-05,7.82773204264231e-05
3263,2021-02-26,0.0005132886581122875,9.748312004376203e-05
3264,2021-03-01,0.00018448781338520348,0.00011910565808648244
3265,2021-03-02,0.0001142737310146913,9.947579383151606e-05
3266,2021-03-03,0.0002087094762828201,0.00011612863454502076
3267,2021-03-04,0.00028871564427390695,7.636156806256622e-05
3268,2021-03-05,0.00012692729069385678,0.00014874001499265432
3269,2021-03-08,7.967866986291483e-05,8.87127680471167e-05
3270,2021-03-09,0.00011200022709090263,9.665433026384562e-05
3271,2021-03-10,7.158696098485962e-05,9.83021454885602e-05
3272,2021-03-12,0.00031225942075252533,0.0001214307194459252
3273,2021-03-15,0.00018865616584662348,0.00012454770330805331
3274,2021-03-16,6.012684025336057e-05,0.00011261769395787269
3275,2021-03-17,0.00011039514356525615,0.00011172083031851798
3276,2021-03-18,0.00033307907870039344,8.811100269667804e-05
3277,2021-03-19,0.0003473124234005809,0.0001289586944039911
3278,2021-03-22,6.142786151031032e-05,0.00013010058319196105
3279,2021-03-23,4.92592116643209e-05,0.00010327355266781524
3280,2021-03-24,0.00012293217878323048,0.00012174855510238558
3281,2021-03-25,0.00016383168986067176,0.00014571129577234387
3282,2021-03-26,0.00019902588974218816,0.00013793919060844928
3283,2021-03-30,0.0001735437981551513,0.00011556199751794338
3284,2021-03-31,3.7499135942198336e-05,0.00010503692465135828
3285,2021-04-01,0.00012083924229955301,0.0001250336063094437
3286,2021-04-05,0.0002831554156728089,0.00013949559070169926
3287,2021-04-06,0.00011736481974367052,0.00011188919597771019
3288,2021-04-07,8.561890717828646e-05,0.00011025919957319275
3289,2021-04-08,5.859844168298878e-05,9.59803001023829e-05
3290,2021-04-09,2.7120369850308634e-05,9.57270895014517e-05
3291,2021-04-12,0.0004343389009591192,0.0001347349607385695
3292,2021-04-13,0.000124886428238824,0.0001132078978116624
3293,2021-04-15,0.000132862085592933,0.00011228342191316187
3294,2021-04-16,3.357073001097888e-05,9.97656534309499e-05
3295,2021-04-19,0.0005361904622986913,8.544361480744556e-05
3296,2021-04-20,0.00031284484430216253,0.00014474609633907676
3297,2021-04-22,0.00015586259542033076,0.00010178332740906626
3298,2021-04-23,9.429277997696772e-05,0.00011271256516920403
3299,2021-04-26,8.866582356858999e-05,8.847695426084101e-05
3300,2021-04-27,5.3454416047316045e-05,0.00012127193622291088
3301,2021-04-28,7.406809163512662e-05,0.00011442924733273685
3302,2021-04-29,0.00013777603453490883,0.00010766818013507873
3303,2021-04-30,0.00020693542319349945,0.00011294876458123326
3304,2021-05-03,0.00021192501299083233,9.092649997910485e-05
3305,2021-05-04,0.00012113253615098074,8.379969949601218e-05
3306,2021-05-05,9.091835090657696e-05,8.412230090470985e-05
3307,2021-05-06,4.110191366635263e-05,0.00010261323768645525
3308,2021-05-07,5.334980596671812e-05,0.00012474156392272562
3309,2021-05-10,5.831006637890823e-05,0.00012061058805556968
3310,2021-05-11,0.00013182424299884588,0.0001276716066058725
3311,2021-05-12,5.35789476998616e-05,9.744502312969416e-05
3312,2021-05-14,6.260555528569967e-05,8.547768811695278e-05
3313,2021-05-17,9.791983029572293e-05,7.424681098200381e-05
3314,2021-05-18,0.00010508461855351925,6.527054938487709e-05
3315,2021-05-19,3.7472003896255046e-05,7.937560440041125e-05
3316,2021-05-20,5.186155249248259e-05,8.205317135434598e-05
3317,2021-05-21,9.210970893036574e-05,7.89020923548378e-05
3318,2021-05-24,2.325247805856634e-05,7.441941852448508e-05
3319,2021-05-25,6.521560862893239e-05,6.37093253317289e-05
3320,2021-05-26,3.512080729706213e-05,7.005293446127325e-05
3321,2021-05-27,1.983521542570088e-05,7.691469363635406e-05
3322,2021-05-28,3.723166446434334e-05,6.578291504411027e-05
3323,2021-05-31,7.742286106804386e-05,6.16518736933358e-05
3324,2021-06-01,3.327490412630141e-05,6.061610838514753e-05
3325,2021-06-02,4.046117828693241e-05,5.532006616704166e-05
3326,2021-06-03,3.8991776818875223e-05,5.1669368986040354e-05
3327,2021-06-04,1.965478622878436e-05,4.6082957851467654e-05
3328,2021-06-07,2.5225308490917087e-05,5.6696364481467754e-05
3329,2021-06-08,1.913554297061637e-05,5.220877210376784e-05
3330,2021-06-09,7.827380613889545e-05,5.306306411512196e-05
3331,2021-06-10,2.8568132620421238e-05,4.616485966835171e-05
3332,2021-06-11,2.37375406868523e-05,4.684201849158853e-05
3333,2021-06-14,0.00010337455751141533,4.311783777666278e-05
3334,2021-06-15,1.677095497143455e-05,4.321622327552177e-05
3335,2021-06-16,2.7454085284261964e-05,6.029260839568451e-05
3336,2021-06-17,9.176129970001057e-05,4.403270941111259e-05
3337,2021-06-18,0.00021856778766959906,4.2355422920081764e-05
3338,2021-06-21,0.00019477566820569336,5.888874875381589e-05
3339,2021-06-22,6.436043622670695e-05,3.963619383284822e-05
3340,2021-06-23,8.1284211773891e-05,4.643256397685036e-05
3341,2021-06-24,2.911725823651068e-05,5.14904604642652e-05
3342,2021-06-25,2.6606063329381868e-05,7.071517029544339e-05
3343,2021-06-28,3.306586586404592e-05,6.444691098295152e-05
3344,2021-06-29,1.69470404216554e-05,5.5617834732402116e-05
3345,2021-06-30,2.9135753720765933e-05,5.965318268863484e-05
3346,2021-07-01,1.54513654706534e-05,4.9490459787193686e-05
3347,2021-07-02,2.0676468921010382e-05,4.727296982309781e-05
3348,2021-07-05,3.0303213861770928e-05,4.9460541049484164e-05
3349,2021-07-06,2.7576079446589574e-05,4.857934982283041e-05
3350,2021-07-07,1.8104870832758024e-05,4.883370638708584e-05
3351,2021-07-08,5.77903920202516e-05,4.2729778215289116e-05
3352,2021-07-09,1.9571720258682035e-05,4.248718687449582e-05
3353,2021-07-12,5.2946299547329545e-05,4.068416455993429e-05
3354,2021-07-13,5.1419010560493916e-05,4.433047797647305e-05
3355,2021-07-14,1.761087878549006e-05,4.260481000528671e-05
3356,2021-07-15,1.3943299563834444e-05,5.52506280655507e-05
3357,2021-07-16,1.4673128134745639e-05,4.494363383855671e-05
3358,2021-07-19,0.0001377691951347515,4.677085962612182e-05
3359,2021-07-20,4.1119208617601544e-05,4.101925151189789e-05
3360,2021-07-22,6.0270474932622164e-05,4.115298361284658e-05
3361,2021-07-23,2.9652746889041737e-05,3.8322341424645856e-05
3362,2021-07-26,1.2764096936734859e-05,3.6864956200588495e-05
3363,2021-07-27,4.964655454386957e-05,4.404880019137636e-05
3364,2021-07-28,0.00013701056013815105,4.304199683247134e-05
3365,2021-07-29,2.0127949028392322e-05,3.603424192988314e-05
3366,2021-07-30,2.2944937882130034e-05,4.077855555806309e-05
3367,2021-08-02,5.583621168625541e-05,3.7861609598621726e-05
3368,2021-08-03,8.86833222466521e-05,4.6023313188925385e-05
3369,2021-08-04,3.255279443692416e-05,6.102072075009346e-05
3370,2021-08-05,2.8265478249522857e-05,3.971849218942225e-05
3371,2021-08-06,1.692647856543772e-05,4.352286850917153e-05
3372,2021-08-09,3.4163123928010464e-05,3.731242395588197e-05
3373,2021-08-10,3.177258258801885e-05,4.630507464753464e-05
3374,2021-08-11,6.196954200277105e-05,4.042654109071009e-05
3375,2021-08-12,1.1616712072282098e-05,4.4574706407729536e-05
3376,2021-08-13,3.6573572288034484e-05,4.186998921795748e-05
3377,2021-08-16,1.4898738299962133e-05,4.497747067944147e-05
3378,2021-08-17,2.4226274035754614e-05,4.710084249381907e-05
3379,2021-08-18,5.569453787757084e-05,5.229682210483588e-05
3380,2021-08-20,0.00015321439423132688,3.9658803871134296e-05
3381,2021-08-23,0.00013325367763172835,4.188700040685944e-05
3382,2021-08-24,4.5589702494908124e-05,4.140654709772207e-05
3383,2021-08-25,1.5864479792071506e-05,4.2443047277629375e-05
3384,2021-08-26,8.431776223005727e-06,4.601708133122884e-05
3385,2021-08-27,3.375477535882965e-05,4.8229765525320545e-05
3386,2021-08-30,5.921329284319654e-05,5.185210466152057e-05
3387,2021-08-31,6.647746340604499e-05,4.5749504351988435e-05
3388,2021-09-01,4.321544474805705e-05,4.088232890353538e-05
3389,2021-09-02,4.130857632844709e-05,3.8213074731174856e-05
3390,2021-09-03,2.217575820395723e-05,4.106117194169201e-05
3391,2021-09-06,2.6759049433167093e-05,3.991488483734429e-05
3392,2021-09-07,2.8174918043077923e-05,4.5028584281681105e-05
3393,2021-09-08,2.826445415848866e-05,4.713710586656816e-05
3394,2021-09-09,1.2104101188015193e-05,4.496275869314559e-05
3395,2021-09-13,1.88354588317452e-05,4.168504165136255e-05
3396,2021-09-14,1.964922012120951e-05,3.869144347845577e-05
3397,2021-09-15,2.3943321139086038e-05,4.405161234899424e-05
3398,2021-09-16,2.095763738907408e-05,4.330802403273992e-05
3399,2021-09-17,9.130388934863731e-05,3.7356396205723286e-05
3400,2021-09-20,0.00016070548736024648,3.8591835618717596e-05
3401,2021-09-21,9.159446926787496e-05,3.5542088880902156e-05
3402,2021-09-22,9.23615152714774e-06,3.598070907173678e-05
3403,2021-09-23,9.13131152628921e-05,3.6561887100106105e-05
3404,2021-09-24,3.470359661150724e-05,5.0188100431114435e-05
3405,2021-09-27,4.1843366489047185e-05,6.559673056472093e-05
3406,2021-09-28,0.00015710541629232466,5.689574027201161e-05
3407,2021-09-29,5.8507030189502984e-05,4.1913455788744614e-05
3408,2021-09-30,2.661441612872295e-05,4.3168733100173995e-05
3409,2021-10-01,3.893017492373474e-05,4.375079879537225e-05
3410,2021-10-04,5.38250787940342e-05,4.500024806475267e-05
3411,2021-10-05,4.2667921661632136e-05,7.268080662470311e-05
3412,2021-10-06,8.359886851394549e-05,5.770256029791199e-05
3413,2021-10-07,9.573996067047119e-05,5.387843702919781e-05
3414,2021-10-08,3.988748721894808e-05,4.993653783458285e-05
3415,2021-10-11,4.9391350330552086e-05,5.1179486035835e-05
3416,2021-10-12,2.539768502174411e-05,5.161405715625733e-05
3417,2021-10-13,5.64178844797425e-05,7.160989480325952e-05
3418,2021-10-14,4.7727004130138084e-05,5.0997121434193105e-05
3419,2021-10-18,8.629848889540881e-05,4.971805174136534e-05
3420,2021-10-19,9.776549268281087e-05,5.7652065152069554e-05
3421,2021-10-20,6.457082054112107e-05,5.1580740546341985e-05
3422,2021-10-21,0.00017044867854565382,5.078168760519475e-05
3423,2021-10-22,8.703400089871138e-05,4.6790002670604736e-05
3424,2021-10-25,0.00013641707482747734,4.7973331675166264e-05
3425,2021-10-26,4.7542205720674247e-05,5.868708103662357e-05
3426,2021-10-27,3.251215457567014e-05,6.585033406736329e-05
3427,2021-10-28,0.00016412818513344973,8.170888759195805e-05
3428,2021-10-29,9.908626816468313e-05,8.435986819677055e-05
3429,2021-11-01,0.00011284571519354358,9.315602801507339e-05
3430,2021-11-02,3.331827974761836e-05,7.580367673654109e-05
3431,2021-11-03,6.730291352141649e-05,7.215854566311464e-05
3432,2021-11-04,3.7328514736145735e-05,0.00010857070446945727
3433,2021-11-08,0.00014703742635902017,0.00010683793516363949
3434,2021-11-09,1.8929496945929714e-05,9.011468500830233e-05
3435,2021-11-10,3.754895442398265e-05,7.756697596050799e-05
3436,2021-11-11,4.415883086039685e-05,8.92574098543264e-05
3437,2021-11-12,8.480488759232685e-05,4.9881331506185234e-05
3438,2021-11-15,2.4758579456829466e-05,7.077866030158475e-05
3439,2021-11-16,3.331240441184491e-05,5.8152738347416744e-05
3440,2021-11-17,3.635893153841607e-05,6.196487083798274e-05
3441,2021-11-18,6.991971895331517e-05,6.79508812027052e-05
3442,2021-11-22,0.0003209275018889457,6.397892866516486e-05
3443,2021-11-23,0.00018673425074666739,6.0721875343006104e-05
3444,2021-11-24,7.352947432082146e-05,6.353518983814865e-05
3445,2021-11-25,5.100027919979766e-05,6.28977722954005e-05
3446,2021-11-26,0.000285265501588583,7.627553713973612e-05
3447,2021-11-29,0.00019941289792768657,0.0001054045933415182
3448,2021-11-30,0.00022871526016388088,8.832242747303098e-05
3449,2021-12-01,7.56148001528345e-05,8.93416436156258e-05
3450,2021-12-02,8.391573646804318e-05,7.596766226924956e-05
3451,2021-12-03,0.00011094989167759195,0.00012366606097202748
3452,2021-12-06,0.0001236259558936581,0.00011280796024948359
3453,2021-12-07,0.00013968646817374974,0.00012899903231300414
3454,2021-12-08,9.905169281410053e-05,7.842795457690954e-05
3455,2021-12-09,5.396338747232221e-05,8.640661690151319e-05
3456,2021-12-10,2.598465289338492e-05,0.00011160806025145575
3457,2021-12-13,0.0001264491002075374,0.00012065936607541516
3458,2021-12-14,4.913904922432266e-05,0.00010603503324091434
3459,2021-12-15,2.8326385290711187e-05,8.274224819615483e-05
3460,2021-12-16,0.0001227275497512892,9.058220166480169e-05
3461,2021-12-17,0.000129158201161772,7.743245078017935e-05
3462,2021-12-20,0.00035589540493674576,9.677395428298041e-05
3463,2021-12-21,0.0001699996500974521,8.172626985469833e-05
3464,2021-12-22,5.961439455859363e-05,7.752954843454063e-05
3465,2021-12-23,5.492391574080102e-05,8.00660127424635e-05
3466,2021-12-24,9.867804328678176e-05,0.00010088882845593616
3467,2021-12-27,0.00011220367014175281,0.0001269825006602332
3468,2021-12-28,3.738619125215337e-05,9.91707929642871e-05
3469,2021-12-29,1.4779525372432545e-05,7.805882341926917e-05
3470,2021-12-30,1.5968487787176855e-05,7.100914081092924e-05
3471,2021-12-31,3.673318133223802e-05,9.060985030373558e-05
3472,2022-01-03,8.04025330580771e-05,9.310105087934062e-05
3473,2022-01-04,7.265862950589508e-05,6.053130346117541e-05
3474,2022-01-05,4.360034654382616e-05,5.977910404908471e-05
3475,2022-01-06,0.00010237777314614505,5.666300421580672e-05
3476,2022-01-07,5.0298880523769185e-05,5.535932723432779e-05
3477,2022-01-10,5.197825521463528e-05,5.8567322412272915e-05
3478,2022-01-11,1.4135064702713862e-05,6.506825593532994e-05
3479,2022-01-12,5.061594129074365e-05,6.374798249453306e-05
3480,2022-01-13,2.3868135031079873e-05,7.013602589722723e-05
3481,2022-01-14,4.5169959776103497e-05,6.578843749593943e-05
3482,2022-01-17,9.92193690763088e-06,5.563274316955358e-05
3483,2022-01-18,7.406971417367458e-05,5.224647975410335e-05
3484,2022-01-19,6.559904431924224e-05,4.912611984764226e-05
3485,2022-01-20,0.0001004384903353639,4.8629826778778806e-05
3486,2022-01-21,0.00011960865231230855,5.124009112478234e-05
3487,2022-01-24,0.00042932090582326055,4.327057831687853e-05
3488,2022-01-25,0.0003506649227347225,5.3971936722518876e-05
3489,2022-01-27,0.00028932507848367095,5.607436833088286e-05
3490,2022-01-28,0.00015246911789290607,7.19384552212432e-05
3491,2022-01-31,0.00015857517428230494,7.537180499639362e-05
3492,2022-02-01,0.00033619508030824363,0.00011390727740945294
3493,2022-02-02,6.929201481398195e-05,9.343326382804662e-05
3494,2022-02-03,8.049390453379601e-05,0.0001089750585379079
3495,2022-02-04,2.9691998861380853e-05,0.00010090046998811886
3496,2022-02-07,0.00020544472499750555,7.168451702455059e-05
3497,2022-02-08,0.00013541719818022102,0.00010215491056442261
3498,2022-02-09,5.703432543668896e-05,6.419217243092135e-05
3499,2022-02-10,8.451834582956508e-05,0.00010063926310976967
3500,2022-02-11,0.00010847651719814166,8.069328760029748e-05
3501,2022-02-14,0.0003989745455328375,0.00011029842426069081
3502,2022-02-15,0.0003643856034614146,9.763226262293756e-05
3503,2022-02-16,7.024405931588262e-05,8.260679169325158e-05
3504,2022-02-17,6.625632522627711e-05,8.342190267285332e-05
3505,2022-02-18,5.302755016600713e-05,9.192113793687895e-05
3506,2022-02-21,0.00011188280041096732,0.0001202393978019245
3507,2022-02-22,0.000555052945856005,0.00010635282524162903
3508,2022-02-23,7.815223216312006e-05,0.0001059406204149127
3509,2022-02-24,0.0012619742192327976,0.00010039204789791256
3510,2022-02-25,0.0003585483937058598,8.990489732241258e-05
3511,2022-02-28,0.00038398453034460545,0.00010151403694180772
3512,2022-03-02,0.0001948197023011744,0.00011729847028618678
3513,2022-03-03,0.00017865457630250603,9.878557466436177e-05
3514,2022-03-04,0.00022269084001891315,0.00019861898908857256
3515,2022-03-07,0.0006316789076663554,0.00014171353541314602
3516,2022-03-08,0.0002288406976731494,0.00017396750627085567
3517,2022-03-09,0.0002495753869879991,0.00014507929154206067
3518,2022-03-10,0.0007605570135638118,0.0001498484198236838
3519,2022-03-11,7.628827006556094e-05,0.00016770930960774422
3520,2022-03-14,9.539644088363275e-05,0.00019077987235505134
3521,2022-03-15,0.00017655819829087704,0.0001759386359481141
3522,2022-03-16,0.00018943753093481064,0.00018509493384044617
3523,2022-03-17,0.00021013186778873205,0.00018131936667487025
3524,2022-03-21,8.09713383205235e-05,0.00014188446220941842
3525,2022-03-22,0.00013214621867518872,0.00013394129928201437
3526,2022-03-23,9.239406790584326e-05,0.00016981687804218382
3527,2022-03-24,0.0001272266381420195,0.00012211136345285922
3528,2022-03-25,7.425212243106216e-05,0.00011323510261718184
3529,2022-03-28,9.380101255374029e-05,0.00011634069232968614
3530,2022-03-29,3.394197119632736e-05,0.00011731434642570093
3531,2022-03-30,9.079141455003992e-05,0.00011560951679712161
3532,2022-03-31,1.8390435798210092e-05,0.00011279440514044836
3533,2022-04-01,8.916833030525595e-05,0.00010833560372702777
3534,2022-04-04,0.00017182172450702637,0.00010741884761955589
3535,2022-04-05,3.396347165107727e-05,8.37687766761519e-05
3536,2022-04-06,5.723156937165186e-05,7.897587056504562e-05
3537,2022-04-07,5.344737655832432e-05,7.210412150016055e-05
3538,2022-04-08,7.454871229128912e-05,7.138448563637212e-05
3539,2022-04-11,2.3583899746881798e-05,7.166714931372553e-05
3540,2022-04-12,5.786197289125994e-05,7.317466952372342e-05
3541,2022-04-13,6.390698399627581e-05,7.306331099243835e-05
3542,2022-04-18,0.0003197211481165141,7.131521124392748e-05
3543,2022-04-19,0.00027449653134681284,6.878045678604394e-05
3544,2022-04-20,7.54372522351332e-05,6.42457016510889e-05
3545,2022-04-21,7.706859469180927e-05,6.467306229751557e-05
3546,2022-04-22,0.00010842925257747993,6.469909567385912e-05
3547,2022-04-25,0.00012285132834222168,8.054073987295851e-05
3548,2022-04-26,0.00012652760779019445,9.702448005555198e-05
3549,2022-04-27,8.380816871067509e-05,7.7408978540916e-05
3550,2022-04-28,0.0001505676773376763,7.352758257184178e-05
3551,2022-04-29,0.00014264356286730617,8.093474025372416e-05
3552,2022-05-02,0.00014554672816302627,8.29738492029719e-05
3553,2022-05-04,0.00030919298296794295,7.519941573264077e-05
3554,2022-05-05,0.0002177939604735002,7.83009163569659e-05
3555,2022-05-06,0.0002856676001101732,8.08516560937278e-05
3556,2022-05-09,0.00021228889818303287,9.226647671312094e-05
3557,2022-05-10,7.963302050484344e-05,8.100594277493656e-05
3558,2022-05-11,0.0001587161677889526,0.00012131080438848585
3559,2022-05-12,0.00021020500571466982,0.00011067185550928116
3560,2022-05-13,0.00027307012351229787,0.00011160146095789969
3561,2022-05-16,9.14881456992589e-05,0.00012567450175993145
3562,2022-05-17,0.00021183709031902254,0.00011227367940591648
3563,2022-05-18,6.080781531636603e-05,0.00013573486648965627
3564,2022-05-19,0.0004626477893907577,0.00015122951299417764
3565,2022-05-20,0.0003179178456775844,0.00015552954573649913
3566,2022-05-23,7.867329259170219e-05,0.0001377429289277643
3567,2022-05-24,4.377058212412521e-05,0.00013603409752249718
3568,2022-05-25,8.01169517217204e-05,0.0001161399413831532
3569,2022-05-26,0.00017638501594774425,0.00016317881818395108
3570,2022-05-27,9.225222311215475e-05,0.00014325046504382044
3571,2022-05-30,0.00015764962881803513,0.00014052116603124887
3572,2022-05-31,6.193308945512399e-05,0.00011545206507435068
3573,2022-06-01,5.4950894991634414e-05,0.00011139624257339165
3574,2022-06-02,5.7343891967320815e-05,0.00011949794861720875
3575,2022-06-03,0.00012605500523932278,9.794066863832995e-05
3576,2022-06-06,4.644385990104638e-05,9.540718019707128e-05
3577,2022-06-07,6.405030580936e-05,9.192228026222438e-05
3578,2022-06-08,7.38027592888102e-05,9.142507769865915e-05
3579,2022-06-09,0.0001101855086744763,8.749746484681964e-05
3580,2022-06-10,0.00016980731743387878,9.407541074324399e-05
3581,2022-06-13,0.00047218496911227703,8.44484893605113e-05
3582,2022-06-14,0.00010938028572127223,8.212951070163399e-05
3583,2022-06-15,1.696466642897576e-05,8.367152622668073e-05
3584,2022-06-16,0.0004664002335630357,8.333809091709554e-05
3585,2022-06-17,9.984752250602469e-05,9.054860129253939e-05
3586,2022-06-20,7.645126606803387e-05,0.00011577688565012068
3587,2022-06-21,0.0001624591095605865,0.00010451931302668527
3588,2022-06-22,8.087803144007921e-05,7.879035547375679e-05
3589,2022-06-23,0.00010040305642178282,0.00012142481136834249
3590,2022-06-24,6.453252717619762e-05,9.686786506790668e-05
3591,2022-06-27,0.00022307662584353238,9.0464272943791e-05
3592,2022-06-28,6.645319081144407e-05,9.01746898307465e-05
3593,2022-06-29,0.00013214332284405828,9.603486978448927e-05
3594,2022-06-30,4.2084888264071196e-05,9.378786489833146e-05
3595,2022-07-01,0.000162513941177167,8.17665786598809e-05
3596,2022-07-04,5.722512287320569e-05,7.831995753804222e-05
3597,2022-07-05,0.00010802980978041887,7.910839485703036e-05
3598,2022-07-06,5.9169993619434536e-05,8.373243326786906e-05
3599,2022-07-07,7.678644033148885e-05,7.745941547909752e-05
3600,2022-07-08,9.758087253430858e-05,9.45212013903074e-05
3601,2022-07-11,4.997331780032255e-05,8.156018157023937e-05
3602,2022-07-12,5.1791266741929576e-05,9.175061859423295e-05
3603,2022-07-13,6.611127173528075e-05,8.167585474438965e-05
3604,2022-07-14,7.054966408759356e-05,7.394902786472812e-05
3605,2022-07-15,5.1216054998803884e-05,7.1763111918699e-05
3606,2022-07-18,6.757064693374559e-05,6.894089165143669e-05
3607,2022-07-19,7.013207505224273e-05,6.978847522987053e-05
3608,2022-07-20,0.00019396209972910583,7.066380203468725e-05
3609,2022-07-21,2.5304943847004324e-05,7.284713501576334e-05
3610,2022-07-22,3.552582347765565e-05,6.65718616801314e-05
3611,2022-07-25,3.629549973993562e-05,6.287168798735365e-05
3612,2022-07-26,3.716752689797431e-05,6.356192170642316e-05
3613,2022-07-27,5.760754720540717e-05,6.196735193952918e-05
3614,2022-07-28,0.00011155229731230065,5.87428585276939e-05
3615,2022-07-29,0.00010742530139395967,5.8124129282077774e-05
3616,2022-08-01,7.552024908363819e-05,5.740205233450979e-05
3617,2022-08-02,3.926103818230331e-05,5.7700250181369483e-05
3618,2022-08-03,4.8394434998044744e-05,5.8195619203615934e-05
3619,2022-08-04,0.00017944876162800938,5.8388304751133546e-05
3620,2022-08-05,2.293975376232993e-05,5.7489985920256004e-05
3621,2022-08-08,3.9632712287129834e-05,5.982346920063719e-05
3622,2022-08-10,3.0987859645392746e-05,5.84192130190786e-05
3623,2022-08-11,0.00010930990538327023,6.000116991344839e-05
3624,2022-08-12,1.8391872799838893e-05,7.788646325934678e-05
3625,2022-08-16,3.742754051927477e-05,5.696115840692073e-05
3626,2022-08-17,2.4249991838587448e-05,5.87081303820014e-05
3627,2022-08-18,2.176057569158729e-05,5.389915168052539e-05
3628,2022-08-19,8.422899554716423e-05,5.066307494416833e-05
3629,2022-08-22,7.26226789993234e-05,4.954926043865271e-05
3630,2022-08-23,0.00014635764819104224,4.6289580495795235e-05
3631,2022-08-24,2.5621182430768386e-05,4.5992030209163204e-05
3632,2022-08-25,7.939665374578908e-05,4.596707731252536e-05
3633,2022-08-26,6.0783517255913466e-05,5.590617365669459e-05
3634,2022-08-29,0.0005075152730569243,5.976918328087777e-05
3635,2022-08-30,0.00018932067905552685,6.364034925354645e-05
3636,2022-09-01,0.0003157372120767832,5.6011784181464463e-05
3637,2022-09-02,4.045851528644562e-05,6.403228326234967e-05
3638,2022-09-05,2.2447133233072236e-05,6.105256034061313e-05
3639,2022-09-06,3.600102718337439e-05,8.039946987992153e-05
3640,2022-09-07,9.004029561765492e-05,7.345028279814869e-05
3641,2022-09-08,6.541611946886405e-05,9.314029739471152e-05
3642,2022-09-09,7.127591379685327e-05,7.472238212358207e-05
3643,2022-09-12,2.0845711333095096e-05,6.514556298498064e-05
3644,2022-09-13,4.161827018833719e-05,6.683311949018389e-05
3645,2022-09-14,0.00039307342376559973,6.870198558317497e-05
3646,2022-09-15,6.383346044458449e-05,6.112637493060902e-05
3647,2022-09-16,0.0001330880622845143,6.232437590369955e-05
3648,2022-09-19,6.573525752173737e-05,5.4690844990545884e-05
3649,2022-09-20,0.00010801290773088112,5.090402555651963e-05
3650,2022-09-21,4.035974052385427e-05,5.985884854453616e-05
3651,2022-09-22,7.658897084183991e-05,6.0126320022391155e-05
3652,2022-09-23,0.00013953735469840467,7.80124610173516e-05
3653,2022-09-26,0.00015285740664694458,7.097034540493041e-05
3654,2022-09-27,9.324793063569814e-05,7.080871000653133e-05
3655,2022-09-28,0.00013858212332706898,7.083004311425611e-05
3656,2022-09-29,0.0001297919952776283,7.358174480032176e-05
3657,2022-09-30,0.00022773168166168034,9.226849942933768e-05
3658,2022-10-03,7.903366349637508e-05,9.5844101451803e-05
3659,2022-10-04,0.0002667271764948964,9.187153773382306e-05
3660,2022-10-06,5.1972510846098885e-05,9.85492006293498e-05
3661,2022-10-07,2.5207948056049645e-05,9.445028263144195e-05
3662,2022-10-10,0.00021673826267942786,0.00010107555863214657
3663,2022-10-11,0.00011360276403138414,0.00010024374932982028
3664,2022-10-12,4.666518361773342e-05,8.850016456563026e-05
3665,2022-10-13,3.3351087040500715e-05,7.749599171802402e-05
3666,2022-10-14,0.00035791718983091414,7.122800889192149e-05
3667,2022-10-17,6.652611045865342e-05,8.24807575554587e-05
3668,2022-10-18,6.435595423681661e-05,9.15240088943392e-05
3669,2022-10-19,4.1040537325898185e-05,7.689944322919473e-05
3670,2022-10-20,5.572019290411845e-05,7.765720511088148e-05
3671,2022-10-21,3.514734635245986e-05,8.214963600039482e-05
3672,2022-10-24,8.766083919908851e-05,7.749606447760016e-05
3673,2022-10-25,5.2045714255655184e-05,6.873317761346698e-05
3674,2022-10-27,6.498676521005109e-05,6.551307888003066e-05
3675,2022-10-28,1.5468276615138166e-05,6.495448906207457e-05
3676,2022-10-31,6.357222446240485e-05,6.326485890895128e-05
3677,2022-11-01,5.8084398915525526e-05,5.910981781198643e-05
3678,2022-11-02,2.1625770386890508e-05,5.9965866967104375e-05
3679,2022-11-03,6.451788067352027e-05,5.6260512792505324e-05
3680,2022-11-04,1.4519548130920157e-05,5.360398790799081e-05
3681,2022-11-07,7.250440830830485e-05,5.392007369664498e-05
3682,2022-11-09,5.5304084526142105e-05,5.30252254975494e-05
3683,2022-11-10,5.687447264790535e-05,5.175073602003977e-05
3684,2022-11-11,0.00019156181951984763,5.014690395910293e-05
3685,2022-11-14,9.800694897421636e-06,4.6310418838402256e-05
3686,2022-11-15,2.7386540750740096e-05,4.8514346417505294e-05
3687,2022-11-16,9.910635526466649e-06,4.946493208990432e-05
3688,2022-11-17,1.91597191587789e-05,5.0171540351584554e-05
3689,2022-11-18,4.570371675072238e-05,4.726138649857603e-05
3690,2022-11-21,2.8143120289314538e-05,4.2244406358804554e-05
3691,2022-11-22,1.7171794752357528e-05,4.248488039593212e-05
3692,2022-11-23,2.638549813127611e-05,4.0681490645511076e-05
3693,2022-11-24,6.522139301523566e-05,3.997579915449023e-05
3694,2022-11-25,1.715593498374801e-05,4.194492430542596e-05
3695,2022-11-28,8.018490916583687e-05,4.171522596152499e-05
3696,2022-11-29,1.892729414976202e-05,4.081466613570228e-05
3697,2022-11-30,4.036348036606796e-05,3.8704805774614215e-05
3698,2022-12-01,4.8016310756793246e-05,4.080326107214205e-05
3699,2022-12-02,3.0254179364419542e-05,3.887708589900285e-05
3700,2022-12-05,2.9057504434604198e-05,4.285432805772871e-05
3701,2022-12-06,3.4783217415679246e-05,4.0678576624486595e-05
3702,2022-12-07,1.8901553630712442e-05,4.256403917679563e-05
3703,2022-12-08,8.08525328466203e-06,4.134140181122348e-05
3704,2022-12-09,7.802592881489545e-05,4.27637314714957e-05
3705,2022-12-12,5.752107608714141e-05,4.286818148102611e-05
3706,2022-12-13,1.8446451576892287e-05,4.00609387725126e-05
3707,2022-12-14,1.5308023648685776e-05,4.0847760828910396e-05
3708,2022-12-15,7.500868377974257e-05,3.821373320533894e-05
3709,2022-12-16,7.24957644706592e-05,4.353964322945103e-05
3710,2022-12-19,3.70054658560548e-05,4.3607087718555704e-05
3711,2022-12-20,7.317271229112521e-05,4.220184200676158e-05
3712,2022-12-21,0.00010387490328866988,3.8900485378690064e-05
3713,2022-12-22,8.820255607133731e-05,4.5201933971839026e-05
3714,2022-12-23,0.0001472382282372564,4.702781734522432e-05
3715,2022-12-26,0.00010153417679248378,4.6686902351211756e-05
3716,2022-12-27,6.215769826667383e-05,5.136181425768882e-05
3717,2022-12-28,1.9133625755785033e-05,6.238502828637138e-05
3718,2022-12-29,7.535758049925789e-05,6.287707947194576e-05
3719,2022-12-30,4.921897198073566e-05,8.036297367652878e-05
3720,2023-01-02,1.959854125743732e-05,7.405446376651525e-05
3721,2023-01-03,1.412358324159868e-05,7.082099909894168e-05
3722,2023-01-04,5.0835667934734374e-05,5.683668132405728e-05
3723,2023-01-05,7.058674964355305e-05,6.179255433380604e-05
3724,2023-01-06,6.728744483552873e-05,6.12544608884491e-05
3725,2023-01-09,7.10004023858346e-05,5.502541171154007e-05
3726,2023-01-10,8.054005593294278e-05,5.1952585636172444e-05
3727,2023-01-11,2.453181878081523e-05,5.9618152590701357e-05
3728,2023-01-12,4.256208922015503e-05,6.15482495049946e-05
3729,2023-01-13,5.5472693929914385e-05,6.752136687282473e-05
3730,2023-01-16,5.866677383892238e-05,6.37063494650647e-05
3731,2023-01-17,3.8246438634814695e-05,7.480080967070535e-05
3732,2023-01-18,2.5205255951732397e-05,6.377534737112e-05
3733,2023-01-19,1.4800852113694418e-05,6.557915185112506e-05
3734,2023-01-20,1.762051942932885e-05,6.75293558742851e-05
3735,2023-01-23,3.5252520319772884e-05,6.748628220520914e-05
3736,2023-01-24,2.8693322747130878e-05,6.294631748460233e-05
3737,2023-01-25,7.083625678205863e-05,5.905200669076294e-05
3738,2023-01-27,0.00017590993957128376,5.296478411764838e-05
3739,2023-01-30,0.00011804742098320276,5.1252456614747643e-05
3740,2023-01-31,7.899726915638894e-05,4.945577893522568e-05
3741,2023-02-01,0.0004894500598311424,4.886748502030969e-05
3742,2023-02-02,7.935381290735677e-05,5.5738160881446674e-05
3743,2023-02-03,0.00014187079796101898,7.123596151359379e-05
3744,2023-02-06,2.441244214423932e-05,6.973950803512707e-05
3745,2023-02-07,3.104130519204773e-05,6.884956383146346e-05
3746,2023-02-08,2.8365879188640974e-05,8.969267946667969e-05
3747,2023-02-09,2.7105323169962503e-05,7.67748715588823e-05
3748,2023-02-10,1.3291119103087112e-05,8.002806862350553e-05
3749,2023-02-13,2.817107451846823e-05,6.875507824588567e-05
3750,2023-02-14,4.036940663354471e-05,5.558724296861328e-05
3751,2023-02-15,3.783392457989976e-05,4.870729389949702e-05
3752,2023-02-16,3.7402918678708375e-05,5.0432750867912546e-05
3753,2023-02-17,3.44205618603155e-05,4.497588088270277e-05
3754,2023-02-20,3.759413448278792e-05,4.8368088755523786e-05
3755,2023-02-21,2.8032440241076984e-05,4.76024579256773e-05
3756,2023-02-22,8.002021058928221e-05,5.1007042202400044e-05
3757,2023-02-23,3.068452133447863e-05,5.311004861141555e-05
3758,2023-02-24,5.6801138271111995e-05,5.525548112927936e-05
3759,2023-02-27,3.554470094968565e-05,5.5052914831321687e-05
3760,2023-02-28,3.820662823272869e-05,5.143720773048699e-05
3761,2023-03-01,2.7116024284623563e-05,6.117728480603546e-05
3762,2023-03-02,2.4608581952634268e-05,5.41866356797982e-05
3763,2023-03-03,0.00010732423834269866,5.590339787886478e-05
3764,2023-03-06,4.7704161261208355e-05,5.515291923074983e-05
3765,2023-03-08,3.82061189156957e-05,5.2566188969649374e-05
3766,2023-03-09,4.4052205339539796e-05,4.377846926217899e-05
3767,2023-03-10,9.41150719881989e-05,4.591520701069385e-05
3768,2023-03-13,0.00019818493456114084,4.3224510591244325e-05
3769,2023-03-14,6.430540088331327e-05,4.10653228755109e-05
3770,2023-03-15,0.00013728917110711336,4.170417014393024e-05
3771,2023-03-16,5.883564517716877e-05,4.5929657062515616e-05
3772,2023-03-17,0.00010806258069351315,5.2969629905419424e-05
3773,2023-03-20,9.883438178803772e-05,8.049567259149626e-05
3774,2023-03-21,3.276055213063955e-05,7.23815755918622e-05
3775,2023-03-22,2.7980198865407147e-05,7.931643631309271e-05
3776,2023-03-23,4.55041736131534e-05,7.320343138417229e-05
3777,2023-03-24,4.269971395842731e-05,6.998969911364838e-05
3778,2023-03-27,4.1040188079932705e-05,8.000388334039599e-05
3779,2023-03-28,3.2676740374881774e-05,5.605843762168661e-05
3780,2023-03-29,4.188680759398267e-05,5.0585062126629055e-05
3781,2023-03-31,9.276311902794987e-05,5.359008355299011e-05
3782,2023-04-03,3.789560287259519e-05,5.5746128055034205e-05
3783,2023-04-05,3.2981748518068343e-05,5.4818097851239145e-05
3784,2023-04-06,2.1687916159862652e-05,5.725176742998883e-05
3785,2023-04-10,1.507249180576764e-05,5.80480664211791e-05
3786,2023-04-11,3.070547973038629e-05,5.7381694205105305e-05
3787,2023-04-12,1.768027686921414e-05,5.8914585679303855e-05
3788,2023-04-13,1.7520082110422663e-05,5.336282993084751e-05
3789,2023-04-17,0.00011108445323770866,5.148152195033617e-05
3790,2023-04-18,4.0156912291422486e-05,4.604935020324774e-05
3791,2023-04-19,8.828844329400454e-06,4.335066842031665e-05
3792,2023-04-20,1.194078959088074e-05,4.1279708966612816e-05
3793,2023-04-21,1.5793939383001998e-05,4.10739412473049e-05
3794,2023-04-24,5.112884900881909e-05,4.946488479617983e-05
3795,2023-04-25,9.67872892942978e-06,4.2289913835702464e-05
3796,2023-04-26,1.612808591744397e-05,3.816278331214562e-05
3797,2023-04-27,1.8811495465342887e-05,3.643831587396562e-05
3798,2023-04-28,4.8417561629321426e-05,3.5652421502163634e-05
3799,2023-05-02,1.7207039491040632e-05,3.580882912501693e-05
3800,2023-05-03,1.1063074452977162e-05,3.321932308608666e-05
3801,2023-05-04,4.146906576352194e-05,3.289987944299355e-05
3802,2023-05-05,9.163431968772784e-05,3.2501302484888583e-05
3803,2023-05-08,4.3492953409440815e-05,3.3718450140440837e-05
3804,2023-05-09,1.7558755644131452e-05,3.2138737878995016e-05
3805,2023-05-10,2.783907621051185e-05,3.1878113077254966e-05
3806,2023-05-11,1.953783430508338e-05,3.2279142033075914e-05
3807,2023-05-12,2.6005627660197206e-05,3.891469896188937e-05
3808,2023-05-15,3.054423359571956e-05,3.584596925065853e-05
3809,2023-05-16,3.209092756151222e-05,3.646132972789928e-05
3810,2023-05-17,4.16772163589485e-05,3.515291246003471e-05
3811,2023-05-18,7.147972064558417e-05,3.384273804840632e-05
3812,2023-05-19,4.6937446313677356e-05,3.3864405850181356e-05
3813,2023-05-22,2.4621234842925332e-05,3.399739944143221e-05
3814,2023-05-23,1.6988287825370207e-05,3.529827154125087e-05
3815,2023-05-24,3.050284067285247e-05,3.827026375802234e-05
3816,2023-05-25,2.1546351490542293e-05,3.8012043660273775e-05
3817,2023-05-26,3.771112460526638e-05,3.733563426067121e-05
3818,2023-05-29,4.5124230382498354e-05,3.6391713365446776e-05
3819,2023-05-30,7.4096528805966955e-06,3.5532531910575926e-05
3820,2023-05-31,2.008306182688102e-05,3.7587749829981476e-05
3821,2023-06-01,1.9493278159643523e-05,3.5988050512969494e-05
3822,2023-06-02,2.1393809220171534e-05,3.542159538483247e-05
3823,2023-06-05,2.101231257256586e-05,3.3094514947151765e-05
3824,2023-06-06,1.0067089533549733e-05,3.1630337616661564e-05
3825,2023-06-07,2.317505823157262e-05,3.2404241210315377e-05
3826,2023-06-08,2.6158102627960034e-05,3.2342250051442534e-05
3827,2023-06-09,1.571035318193026e-05,3.2651947549311444e-05
3828,2023-06-12,8.117510333249811e-06,3.1949817639542744e-05
3829,2023-06-13,1.1922435078304261e-05,3.116247171419673e-05
3830,2023-06-14,9.856513315753546e-06,3.0626724765170366e-05
3831,2023-06-15,1.5896936019998975e-05,3.166136229992844e-05
3832,2023-06-16,2.6689624064601958e-05,3.1079664040589705e-05
3833,2023-06-19,3.203087908332236e-05,3.0259576305979863e-05
3834,2023-06-20,3.470684168860316e-05,2.9767357773380354e-05
3835,2023-06-21,1.0303975614078809e-05,2.9664031899301335e-05
3836,2023-06-22,1.5683392120990902e-05,2.9995244403835386e-05
3837,2023-06-23,1.3910122106608469e-05,2.9454275136231445e-05
3838,2023-06-26,6.205987574503524e-06,3.0544117180397734e-05
3839,2023-06-27,2.2382191673386842e-05,3.060660310438834e-05
3840,2023-06-28,4.399694807943888e-05,2.9622504371218383e-05
3841,2023-06-30,6.042656605131924e-05,3.032587846973911e-05
3842,2023-07-03,2.0055309505551122e-05,3.0249855626607314e-05
3843,2023-07-04,3.802179344347678e-05,2.935993325081654e-05
3844,2023-07-05,8.320676897710655e-06,2.938895340776071e-05
3845,2023-07-06,1.768456058925949e-05,2.9929211450507864e-05
3846,2023-07-07,6.181436765473336e-05,3.005812868650537e-05
3847,2023-07-10,2.300925370946061e-05,2.9417076802928932e-05
3848,2023-07-11,2.6401405193610117e-05,3.0059738492127508e-05
3849,2023-07-12,2.7974539989372715e-05,2.936561759270262e-05
3850,2023-07-13,6.293234037002549e-05,2.962326652777847e-05
3851,2023-07-14,4.036413520225324e-05,3.386882963241078e-05
3852,2023-07-17,3.128058961010538e-05,3.179431223543361e-05
3853,2023-07-18,2.9621880457852967e-05,3.152917270199396e-05
3854,2023-07-19,2.3151929781306535e-05,3.2238196581602097e-05
3855,2023-07-20,4.9188281991519034e-05,3.348954123794101e-05
3856,2023-07-21,0.00011183819879079238,3.25338332913816e-05
3857,2023-07-24,1.3665646292793099e-05,3.2563133572693914e-05
3858,2023-07-25,2.2970336431171745e-05,3.272589310654439e-05
3859,2023-07-26,1.80155475391075e-05,3.2120227842824534e-05
3860,2023-07-27,7.477399049093947e-05,3.3508513297419995e-05
3861,2023-07-28,1.7000671505229548e-05,4.197622183710337e-05
3862,2023-07-31,2.9523034754674882e-05,3.621908035711385e-05
3863,2023-08-01,9.661364856583532e-06,3.6777066270587966e-05
3864,2023-08-02,7.780702435411513e-05,3.61242528015282e-05
3865,2023-08-03,6.160444900160655e-05,4.250436904840171e-05
3866,2023-08-04,2.6665018594940193e-05,3.7548095860984176e-05
3867,2023-08-07,1.7991167624131776e-05,3.651230508694425e-05
3868,2023-08-08,1.2043604328937363e-05,3.354407090228051e-05
3869,2023-08-09,3.596674287109636e-05,4.046742833452299e-05
3870,2023-08-10,1.6938331100391224e-05,4.1720679291756824e-05
3871,2023-08-11,1.914483254950028e-05,3.6676821764558554e-05
3872,2023-08-14,5.1328857807675377e-05,3.6637527955463156e-05
3873,2023-08-16,3.67206048395019e-05,3.570066473912448e-05
3874,2023-08-17,1.750054616422858e-05,3.708623262355104e-05
3875,2023-08-18,2.3779230104992166e-05,3.670145451906137e-05
3876,2023-08-21,1.528939355921466e-05,3.622021904448047e-05
3877,2023-08-22,4.975753654434811e-06,3.822466533165425e-05
3878,2023-08-23,1.63242693815846e-05,3.771748743019998e-05
3879,2023-08-24,6.36887998552993e-05,3.7852329114684835e-05
3880,2023-08-25,3.208089401596226e-05,3.790836490225047e-05
3881,2023-08-28,1.512630387878744e-05,3.6615314456867054e-05
3882,2023-08-29,1.7678843505564146e-05,3.38466779794544e-05
3883,2023-08-30,3.439464126131497e-05,3.32046220137272e-05
3884,2023-08-31,2.6753257770906202e-05,3.4905369830084965e-05
3885,2023-09-01,3.750679024960846e-05,3.459059007582255e-05
3886,2023-09-04,3.7194829928921536e-05,3.298212686786428e-05
3887,2023-09-05,7.228047252283432e-06,3.1675193895353004e-05
3888,2023-09-06,2.1829062461620197e-05,3.191759606124833e-05
3889,2023-09-07,3.200861465302296e-05,3.275661583757028e-05
3890,2023-09-08,2.24241321120644e-05,3.242053207941353e-05
3891,2023-09-11,2.9802040444337763e-05,3.2468153221998364e-05
3892,2023-09-12,6.919025327078998e-05,3.032657150470186e-05
3893,2023-09-13,1.9706794773810543e-05,3.0376821086974815e-05
3894,2023-09-14,2.1252033548080362e-05,3.0298386263893917e-05
3895,2023-09-15,1.4038097106094938e-05,3.040977753698826e-05
3896,2023-09-18,8.805332981864922e-06,3.021502743649762e-05
3897,2023-09-20,8.42801746330224e-05,3.2663781894370914e-05
3898,2023-09-21,2.6373121727374382e-05,3.1795891118235886e-05
3899,2023-09-22,1.8190747141488828e-05,3.1821462471270934e-05
3900,2023-09-25,1.5294905097107403e-05,3.065617784159258e-05
3901,2023-09-26,3.5513105558493407e-06,3.0173503546393476e-05
3902,2023-09-27,3.2927033316809684e-05,3.406932228244841e-05
3903,2023-09-28,7.192603516159579e-05,3.299039963167161e-05
3904,2023-09-29,3.787031164392829e-05,3.307769657112658e-05
3905,2023-10-03,2.069850597763434e-05,3.279446900705807e-05
3906,2023-10-04,3.871362787322141e-05,3.0427647288888693e-05
3907,2023-10-05,2.635637611092534e-05,3.101715992670506e-05
3908,2023-10-06,2.1333604308892973e-05,3.379777626832947e-05
3909,2023-10-09,4.432743662619032e-05,3.2306583307217807e-05
3910,2023-10-10,2.833943653968163e-05,3.343401476740837e-05
3911,2023-10-11,2.1303858375176787e-05,3.466099587967619e-05
3912,2023-10-12,4.547747266769875e-06,3.262698373873718e-05
3913,2023-10-13,7.58082969696261e-05,3.2164032745640725e-05
3914,2023-10-16,7.281903890543617e-06,3.482181637082249e-05
3915,2023-10-17,3.708849544636905e-05,3.291864777565934e-05
3916,2023-10-18,2.8563474188558757e-05,3.2544630812481046e-05
3917,2023-10-19,6.655910692643374e-05,3.114009814453311e-05
3918,2023-10-20,2.3294136553886347e-05,3.252263559261337e-05
3919,2023-10-23,8.112708746921271e-05,3.070861203013919e-05
3920,2023-10-25,6.76434428896755e-05,3.098833258263767e-05
3921,2023-10-26,6.381118146236986e-05,3.2526291761314496e-05
3922,2023-10-27,3.579154872568324e-05,3.417462721699849e-05
3923,2023-10-30,5.214955672272481e-05,3.294481211923994e-05
3924,2023-10-31,5.2398867410374805e-05,3.834197559626773e-05
3925,2023-11-01,1.4699893654324114e-05,3.883194949594326e-05
3926,2023-11-02,5.848170258104801e-05,4.114737384952605e-05
3927,2023-11-03,3.555941293598153e-05,3.583356010494754e-05
3928,2023-11-06,4.766327765537426e-05,4.093968163942918e-05
3929,2023-11-07,1.0969936738547403e-05,4.1172257624566555e-05
3930,2023-11-08,8.982711733551696e-06,3.7183872336754575e-05
3931,2023-11-09,7.112737876013853e-06,3.5747612855629995e-05
3932,2023-11-10,1.82160747499438e-05,3.36886259901803e-05
3933,2023-11-13,1.5932177120703273e-05,3.317329174024053e-05
3934,2023-11-15,0.00012662044900935143,3.319180177641101e-05
3935,2023-11-16,5.556890391744673e-05,3.260511584812775e-05
3936,2023-11-17,4.1158909880323336e-05,3.258357537561096e-05
3937,2023-11-20,6.312086043180898e-06,3.300443131593056e-05
3938,2023-11-21,2.0635239707189612e-05,3.341297269798815e-05
3939,2023-11-22,1.6276404494419694e-05,3.407812982914038e-05
3940,2023-11-23,8.102691936073825e-06,3.444506000960246e-05
3941,2023-11-24,3.6063167954125674e-06,3.4393262467347085e-05
3942,2023-11-28,1.808937122405041e-05,3.22640007652808e-05
3943,2023-11-29,3.756929800147191e-05,3.140065018669702e-05
3944,2023-11-30,2.0757968741236255e-05,3.10925897792913e-05
3945,2023-12-01,1.878224065876566e-05,3.102860864601098e-05
3946,2023-12-04,0.0003017369017470628,2.9539791285060346e-05
3947,2023-12-05,5.857893847860396e-05,2.8822882086387835e-05
3948,2023-12-06,3.422681038500741e-05,2.8462238333304413e-05
3949,2023-12-07,7.575095423817402e-06,2.8872707844129764e-05
3950,2023-12-08,1.8912172890850343e-05,2.8447748263715766e-05
3951,2023-12-11,8.047790288401302e-06,2.985850915138144e-05
3952,2023-12-12,2.3548702301923186e-05,2.9534352506743744e-05
3953,2023-12-13,4.0141178033081815e-05,2.9772694688290358e-05
3954,2023-12-14,9.058833529707044e-05,2.9457840355462395e-05
3955,2023-12-15,7.292408554349095e-05,2.955604941234924e-05
3956,2023-12-18,1.0983178981405217e-05,2.915643563028425e-05
3957,2023-12-19,3.3300650102319196e-05,3.0243134460761212e-05
3958,2023-12-20,0.00020652278908528388,3.0825041903881356e-05
3959,2023-12-21,0.00010361182648921385,3.0467661417787895e-05
3960,2023-12-22,2.22603866859572e-05,3.132782148895785e-05
3961,2023-12-26,1.6389161828556098e-05,3.0587609217036515e-05
3962,2023-12-27,3.0598581361118704e-05,3.11496332869865e-05
3963,2023-12-28,1.859088115452323e-05,4.90034326503519e-05
3964,2023-12-29,9.997065717470832e-06,4.230741978972219e-05
3965,2024-01-01,1.7888498405227438e-05,3.9168215153040364e-05
3966,2024-01-02,3.640590875875205e-05,3.802466017077677e-05
3967,2024-01-03,2.2586604245589115e-05,3.701933746924624e-05
3968,2024-01-04,2.7381842301110737e-05,3.656708577182144e-05
3969,2024-01-05,1.5906216503935866e-05,3.455801561358385e-05
3970,2024-01-08,5.588415660895407e-05,3.429768548812717e-05
3971,2024-01-09,7.415792788378894e-05,3.617669062805362e-05
3972,2024-01-10,2.9603637813124806e-05,3.7056568544358015e-05
3973,2024-01-11,2.2834983610664494e-05,3.644651951617561e-05
3974,2024-01-12,6.608385592699051e-05,3.816933531197719e-05
3975,2024-01-15,7.132222526706755e-05,4.752117456519045e-05
3976,2024-01-16,1.705842078081332e-05,4.9567166570341215e-05
3977,2024-01-17,0.0003977419401053339,4.873791476711631e-05
3978,2024-01-18,0.00010226202721241862,4.654175427276641e-05
3979,2024-01-19,5.692217018804513e-05,4.344254557508975e-05
3980,2024-01-23,0.0002466416044626385,4.1282422898802906e-05
3981,2024-01-24,9.48331507970579e-05,3.917262074537575e-05
3982,2024-01-25,4.018828985863365e-05,7.473328150808811e-05
3983,2024-01-29,9.52586269704625e-05,6.825203308835626e-05
3984,2024-01-30,7.280283170985058e-05,5.3459607443073764e-05
3985,2024-01-31,6.476465205196291e-05,8.064288704190403e-05
3986,2024-02-01,2.782850970106665e-05,5.732016506954096e-05
3987,2024-02-02,0.00014690148236695677,6.326974835246801e-05
3988,2024-02-05,4.8866648285184056e-05,5.558512202696875e-05
3989,2024-02-06,4.0889543015509844e-05,7.14559355401434e-05
3990,2024-02-07,5.613477696897462e-05,6.10360293649137e-05
3991,2024-02-08,9.932506509358063e-05,6.0041173128411174e-05
3992,2024-02-09,2.553461308707483e-05,6.549359386553988e-05
3993,2024-02-12,4.7767032810952514e-05,6.798257527407259e-05
3994,2024-02-13,4.697120675700717e-05,6.617744656978175e-05
3995,2024-02-14,0.00014109374023973942,7.185830327216536e-05
3996,2024-02-15,2.9962624466861598e-05,8.284157229354605e-05
3997,2024-02-16,3.2024709071265534e-05,6.91948807798326e-05
3998,2024-02-19,2.683840284589678e-05,7.531324808951467e-05
3999,2024-02-20,2.151786975446157e-05,6.874628888908774e-05
4000,2024-02-21,5.10254358232487e-05,7.512493903050199e-05
4001,2024-02-22,0.00011842663661809638,6.365011358866468e-05
4002,2024-02-23,1.9272918507340364e-05,5.535590025829151e-05
4003,2024-02-26,1.488166981289396e-05,5.510533810593188e-05
4004,2024-02-27,1.4296094377641566e-05,4.983316466677934e-05
4005,2024-02-28,6.869647768326104e-05,5.237998266238719e-05
4006,2024-02-29,2.7924483219976537e-05,5.6802269682521e-05
4007,2024-03-01,7.320650183828548e-05,4.427306339493953e-05
4008,2024-03-04,1.2930171578773297e-05,4.354628981673159e-05
4009,2024-03-05,1.7939868484972976e-05,4.141274985158816e-05
4010,2024-03-06,5.55049700778909e-05,5.436318679130636e-05
4011,2024-03-07,9.132560990110505e-06,4.860835906583816e-05
4012,2024-03-11,3.3586420613573864e-05,4.447585160960443e-05
4013,2024-03-12,2.647164546942804e-05,3.83234400942456e-05
4014,2024-03-13,0.00022304683807305992,3.768186070374213e-05
4015,2024-03-14,5.695882282452658e-05,3.847875268547796e-05
4016,2024-03-15,3.895795452990569e-05,3.4117638278985396e-05
4017,2024-03-18,3.1600062357028946e-05,3.6771176382899284e-05
4018,2024-03-19,4.867339521297254e-05,3.668185672722757e-05
4019,2024-03-20,3.647656558314338e-05,6.112119444878772e-05
4020,2024-03-21,6.092389958212152e-05,4.697062468039803e-05
4021,2024-03-22,7.466660463251173e-05,5.278969183564186e-05
4022,2024-03-26,5.966120806988329e-05,5.298074029269628e-05
4023,2024-03-27,2.1640398699673824e-05,6.128958193585277e-05
4024,2024-03-28,0.00010938633931800723,6.112206756370142e-05
4025,2024-04-01,4.0629340219311416e-05,5.109599442221224e-05
4026,2024-04-02,8.328632247867063e-06,5.253622293821536e-05
4027,2024-04-03,3.0575240089092404e-05,4.5162894821260124e-05
4028,2024-04-04,0.00013630822650156915,4.040757630718872e-05
4029,2024-04-05,1.0291071703250054e-05,4.845848889090121e-05
4030,2024-04-08,2.2301801436697133e-05,4.3516483856365085e-05
4031,2024-04-09,3.53136238118168e-05,4.4928463466931134e-05
4032,2024-04-10,1.8736691345111467e-05,4.839198663830757e-05
4033,2024-04-12,4.451035420061089e-05,5.4147789342096075e-05
4034,2024-04-15,8.71215233928524e-05,4.68694961455185e-05
4035,2024-04-16,5.637936919811182e-05,4.398982127895579e-05
4036,2024-04-18,0.00010317639680579305,4.182070551905781e-05
4037,2024-04-19,0.00015143056225497276,3.806555105256848e-05
4038,2024-04-22,0.00010043916699942201,4.364561755210161e-05
4039,2024-04-23,3.108924283878878e-05,4.694688686868176e-05
4040,2024-04-24,1.2201337995065842e-05,4.438102769199759e-05
4041,2024-04-25,8.43862653709948e-05,5.332706496119499e-05
4042,2024-04-26,4.242054637870751e-05,4.827587690670043e-05
4043,2024-04-29,3.6682911741081625e-05,4.3133059079991654e-05
4044,2024-04-30,3.518890298437327e-05,3.726903742062859e-05
4045,2024-05-02,1.8402224668534473e-05,3.5259276046417654e-05
4046,2024-05-03,0.0001645086595090106,3.8015197787899524e-05
4047,2024-05-06,3.577506868168712e-05,3.791559356614016e-05
4048,2024-05-07,5.461266482598148e-05,3.4892724215751514e-05
4049,2024-05-08,3.2997071684803814e-05,3.778838072321378e-05
4050,2024-05-09,0.0001108672731788829,3.617265247157775e-05
4051,2024-05-10,2.5495823138044216e-05,5.639502342091873e-05
4052,2024-05-13,8.96978162927553e-05,4.6289180318126455e-05
4053,2024-05-14,2.4581044272053987e-05,5.675332067767158e-05
4054,2024-05-15,1.7179134374600835e-05,5.182486347621307e-05
4055,2024-05-16,0.00016121727821882814,8.124376472551376e-05
4056,2024-05-17,1.7133043002104387e-05,5.710115874535404e-05
4057,2024-05-21,3.301897959318012e-05,6.716242933180183e-05
4058,2024-05-22,2.0834244423895143e-05,5.2327504818094894e-05
4059,2024-05-23,0.00011308962712064385,5.050022809882648e-05
4060,2024-05-24,1.2717318895738572e-05,6.055931226001121e-05
4061,2024-05-27,4.878623076365329e-05,4.837652886635624e-05
4062,2024-05-28,1.6299052731483243e-05,4.880279448116198e-05
4063,2024-05-29,4.394549614517018e-05,4.6950557589298114e-05
4064,2024-05-30,6.936983845662326e-05,4.969861402059905e-05
4065,2024-05-31,3.579264375730418e-05,4.663648724090308e-05
4066,2024-06-03,0.0013107722625136375,5.231039540376514e-05
4067,2024-06-04,0.0027125002816319466,4.786192221217789e-05
4068,2024-06-05,0.0006997220916673541,5.368620259105228e-05
4069,2024-06-06,0.00011009674926754087,6.4823791035451e-05
4070,2024-06-07,0.00017930693866219372,5.4632615501759574e-05
4071,2024-06-10,2.4542840037611313e-05,5.392238745116629e-05
4072,2024-06-11,2.2787689886172302e-05,0.00034245994174852967
4073,2024-06-12,2.75446982413996e-05,0.00021804377320222557
4074,2024-06-13,5.6653068895684555e-05,0.00014773712609894574
4075,2024-06-14,2.9394503144430928e-05,0.0001445084490114823
4076,2024-06-18,2.5250750695704482e-05,0.00010308423225069419
4077,2024-06-19,4.9958071031142026e-05,8.592991798650473e-05
4078,2024-06-20,3.2977906812448055e-05,7.434231520164758e-05
4079,2024-06-21,6.50932706776075e-05,6.650454452028498e-05
4080,2024-06-24,5.219204831519164e-05,6.763589772162959e-05
4081,2024-06-25,2.5088796974159777e-05,6.005852992529981e-05
4082,2024-06-26,2.9075494239805266e-05,6.792489875806496e-05
4083,2024-06-27,4.718446507467888e-05,6.457561539718881e-05
4084,2024-06-28,2.5476745577179827e-05,7.062465738272294e-05
4085,2024-07-01,1.789542511687614e-05,6.749992462573573e-05
4086,2024-07-02,3.343694697832689e-05,6.385367305483669e-05
4087,2024-07-03,5.6106786360032856e-05,6.621475768042728e-05
4088,2024-07-04,1.9917502868338488e-05,6.986345397308469e-05
4089,2024-07-05,3.475109042483382e-05,6.673860480077565e-05
4090,2024-07-08,8.464914571959525e-06,5.9942998632323e-05
4091,2024-07-09,8.644293302495498e-06,6.306337309069932e-05
4092,2024-07-10,7.695409294683486e-05,5.68502327951137e-05
4093,2024-07-11,4.082762825419195e-05,5.6891665735747665e-05
4094,2024-07-12,4.7132787585724145e-05,3.572856439859606e-05
4095,2024-07-15,1.9159753719577566e-05,3.181900683557615e-05
4096,2024-07-16,4.573674232233316e-06,3.0686482205055654e-05
4097,2024-07-18,6.924822082510218e-05,3.59152618329972e-05
4098,2024-07-19,7.16170688974671e-05,3.467653732514009e-05
4099,2024-07-22,4.203306161798537e-05,3.567255407688208e-05
4100,2024-07-23,0.00023590614728163928,3.29760841850657e-05
4101,2024-07-24,2.470164508849848e-05,3.02735479635885e-05
4102,2024-07-25,8.27303301775828e-05,3.224966712878086e-05
4103,2024-07-26,0.00011362128134351224,3.7433426768984646e-05
4104,2024-07-29,4.619744868250564e-05,3.474833647487685e-05
4105,2024-07-30,1.886531936179381e-05,4.285265094949864e-05
4106,2024-07-31,1.0188788110099267e-05,3.859963908325881e-05
4107,2024-08-01,1.8065422409563325e-05,4.140370219829492e-05
4108,2024-08-02,9.470011718804017e-05,4.244498995831236e-05
4109,2024-08-05,0.00041329479427076876,4.71380481030792e-05
4110,2024-08-06,0.0001466843532398343,4.376753349788487e-05
4111,2024-08-07,0.00016663080896250904,3.766935697058216e-05
4112,2024-08-08,4.4309304939815775e-05,3.569756881915964e-05
4113,2024-08-09,0.00013067468535155058,4.388962406665087e-05
4114,2024-08-12,4.182660995866172e-05,9.028569184010848e-05
4115,2024-08-13,3.404645758564584e-05,8.107889880193397e-05
4116,2024-08-14,9.442087502975482e-06,5.975886233500205e-05
4117,2024-08-16,0.00014107880997471511,7.57430461817421e-05
4118,2024-08-19,2.361022779950872e-05,5.904344652662985e-05
4119,2024-08-20,1.842115307226777e-05,6.91425011609681e-05
4120,2024-08-21,1.0335164006392006e-05,6.240836228244007e-05
4121,2024-08-22,1.8114385966327973e-05,4.807757431990467e-05
4122,2024-08-23,6.701914117002161e-06,4.6671455493196845e-05
4123,2024-08-26,2.645362837938592e-05,4.4670327042695135e-05
4124,2024-08-27,5.544140094571048e-06,4.4766369683202356e-05
4125,2024-08-28,1.4653187463409267e-05,4.609591996995732e-05
4126,2024-08-29,2.0489753296715207e-05,4.6525827201548964e-05
4127,2024-08-30,1.7678135918686166e-05,4.625193832907826e-05
4128,2024-09-02,2.0913035768899135e-05,4.513275416684337e-05
4129,2024-09-03,6.371695690177148e-06,4.3811382056446746e-05
4130,2024-09-04,6.622524233534932e-05,4.24309037043713e-05
4131,2024-09-05,1.5756222637719475e-05,3.9188093069242314e-05
4132,2024-09-06,7.679119153181091e-05,3.364056465215981e-05
4133,2024-09-09,2.5156914489343762e-05,3.219533755327575e-05
4134,2024-09-10,3.52997230947949e-05,3.122137059108354e-05
4135,2024-09-11,2.8994862077524886e-05,3.229272260796279e-05
4136,2024-09-12,0.00016243243589997292,2.820126428559888e-05
4137,2024-09-13,1.4644064322055783e-05,3.289335290901363e-05
4138,2024-09-16,1.0087549526360817e-05,2.8677512091235258e-05
4139,2024-09-17,6.678422323602717e-06,2.9185452149249613e-05
4140,2024-09-18,2.0299923562561162e-05,3.126382944174111e-05
4141,2024-09-19,5.051568950875662e-05,3.437857230892405e-05
4142,2024-09-20,0.00011034461931558326,3.0431710911216214e-05
4143,2024-09-23,1.5885631000855938e-05,2.9358783649513498e-05
4144,2024-09-24,8.737009920878336e-06,2.7789048544946127e-05
4145,2024-09-25,1.5430852727149613e-05,2.9113645723555237e-05
4146,2024-09-26,3.185121749993414e-05,2.989156018884387e-05
4147,2024-09-27,9.195344318868592e-06,3.140118860756047e-05
4148,2024-09-30,7.955225737532601e-05,2.920539009210188e-05
4149,2024-10-01,1.664296542003285e-05,3.067346187890507e-05
4150,2024-10-03,0.0002803384268190712,3.146792369079776e-05
4151,2024-10-04,0.0001804086350603029,3.30907896568533e-05
4152,2024-10-07,0.00011702851043082774,3.174065932398662e-05
4153,2024-10-08,4.766527854371816e-05,4.38802526332438e-05
4154,2024-10-09,5.684871939592995e-05,3.5053988540312275e-05
4155,2024-10-10,2.541115645726677e-05,7.987390563357621e-05
4156,2024-10-11,6.5243693825323135e-06,8.494767098454759e-05
4157,2024-10-14,1.6740579667384736e-05,9.213739394908771e-05
4158,2024-10-15,2.7697238692780957e-05,6.494549597846344e-05
4159,2024-10-16,2.2130443539936095e-05,7.988555444171652e-05
4160,2024-10-17,5.464720743475482e-05,5.9421861806185916e-05
4161,2024-10-18,6.949531962163746e-05,4.8710262490203604e-05
4162,2024-10-21,6.847913027741015e-05,4.140457167522982e-05
4163,2024-10-22,0.00010719861893448979,4.220856862957589e-05
4164,2024-10-23,5.8609224652173e-05,4.2862582631642e-05
4165,2024-10-24,1.1694422028085683e-05,5.1027280278503895e-05
4166,2024-10-25,8.090450137387961e-05,5.5386895837727934e-05
4167,2024-10-28,8.071021147770807e-05,6.599127664230764e-05
4168,2024-10-29,8.276939479401335e-05,8.427342254435644e-05
4169,2024-10-30,4.025925591122359e-05,7.239855040097609e-05
4170,2024-10-31,2.2922413336345926e-05,6.1011582147330046e-05
4171,2024-11-01,2.1401992853498086e-05,7.60112889111042e-05
4172,2024-11-04,0.0001631111081223935,6.599279004149139e-05
4173,2024-11-05,9.956036228686571e-05,6.407901673810557e-05
4174,2024-11-06,7.931098662083969e-05,6.0323036450427026e-05
4175,2024-11-07,6.00762250542175e-05,5.406250056694262e-05
4176,2024-11-08,2.507313183741644e-05,4.524545147432946e-05
4177,2024-11-11,7.584366539958864e-05,6.42321610939689e-05
4178,2024-11-12,0.00010736836702562869,4.951831215294078e-05
4179,2024-11-13,8.56781261973083e-05,4.937043922836892e-05
4180,2024-11-14,2.6615834940457717e-05,6.364101136568934e-05
4181,2024-11-18,5.551820868276991e-05,6.239449430722743e-05
4182,2024-11-19,9.229076385963708e-05,7.686681055929512e-05
4183,2024-11-21,4.076926416018978e-05,8.43469169922173e-05
4184,2024-11-22,0.00022164946130942553,9.000226418720558e-05
4185,2024-11-25,0.00023312773555517197,6.921012391103432e-05
4186,2024-11-26,5.474950739881024e-05,7.307251507882029e-05
4187,2024-11-27,2.4980621674330905e-05,7.816691504558548e-05
4188,2024-11-28,0.00012944119225721806,7.347382052103058e-05
4189,2024-11-29,4.1805313230725005e-05,7.421728514600545e-05
4190,2024-12-02,5.553843584493734e-05,6.851923535577953e-05
4191,2024-12-03,3.902504249708727e-05,6.755904905730858e-05
4192,2024-12-04,2.54290243901778e-05,6.386165478033945e-05
4193,2024-12-05,0.00018688247655518353,8.887772128218785e-05
4194,2024-12-06,1.0693655895011034e-05,6.63384489598684e-05
4195,2024-12-09,1.2214809430588502e-05,7.337726128753275e-05
4196,2024-12-10,2.0163222870905884e-05,6.450385262724012e-05
4197,2024-12-11,6.611546723434003e-06,6.56873089610599e-05
4198,2024-12-12,1.5539915693807416e-05,8.122919825837016e-05
4199,2024-12-13,0.00025938270846381783,5.577085539698601e-05
4200,2024-12-16,1.8739656297839247e-05,5.077103560324758e-05
4201,2024-12-17,6.923408363945782e-05,4.839447865379043e-05
4202,2024-12-18,3.736658982234076e-05,4.292582525522448e-05
4203,2024-12-19,0.00019087106920778751,4.299842839827761e-05
4204,2024-12-20,0.00016695880913175642,5.0362676120130345e-05
4205,2024-12-23,6.982155900914222e-05,4.688496846938506e-05
4206,2024-12-24,2.17211818380747e-05,6.167539686430246e-05
4207,2024-12-26,2.79225660051452e-05,6.121102342149243e-05
4208,2024-12-27,2.470402432663832e-05,6.589329859707505e-05
4209,2024-12-30,6.23339437879622e-05,8.811763837002218e-05
4210,2024-12-31,4.59627372038085e-05,5.7988643675344065e-05
4211,2025-01-01,4.004130823886953e-05,5.1943814469268546e-05
4212,2025-01-02,0.00013519922504201531,4.985688065062277e-05
4213,2025-01-03,2.8851234674220905e-05,4.640547194867395e-05
4214,2025-01-06,0.00017480537644587457,5.6965069234138355e-05
4215,2025-01-07,2.3025409973342903e-05,4.8794183385325596e-05
4216,2025-01-08,6.226081313798204e-05,4.776557398145087e-05
4217,2025-01-09,2.140440119546838e-05,5.029101885156706e-05
4218,2025-01-10,4.0651393646840006e-05,5.2996510930825025e-05
4219,2025-01-13,0.00016261488781310618,8.813520253170282e-05
4220,2025-01-14,2.443608536850661e-05,5.974980376777239e-05
4221,2025-01-15,2.3905426132841967e-05,6.880348519189283e-05
4222,2025-01-16,5.873607733519748e-05,5.8481036830926314e-05
4223,2025-01-17,2.963140286738053e-05,6.422615115297958e-05
4224,2025-01-20,4.703378363046795e-05,8.498600800521672e-05
4225,2025-01-21,0.00013874702563043684,6.0111873608548194e-05
4226,2025-01-22,3.9145659684436396e-05,5.6110315199475735e-05
4227,2025-01-23,2.187323843827471e-05,5.1644237828440964e-05
4228,2025-01-24,6.411466165445745e-05,5.325784513843246e-05
4229,2025-01-27,7.487710536224768e-05,5.1237308070994914e-05
4230,2025-01-28,8.562168659409508e-05,6.879246211610734e-05
4231,2025-01-29,3.6559798900270835e-05,5.570850407821126e-05
4232,2025-01-30,2.1718029529438354e-05,5.625128687825054e-05
4233,2025-01-31,4.884740337729454e-05,6.788915197830647e-05
4234,2025-02-01,6.210194987943396e-05,7.292533700820059e-05
4235,2025-02-03,6.751705222995952e-05,7.209607429103926e-05
4236,2025-02-04,0.00011207790521439165,5.935882654739544e-05
4237,2025-02-05,1.6592141037108377e-05,5.779850107501261e-05
4238,2025-02-06,3.667909913929179e-05,5.58304091100581e-05
4239,2025-02-07,4.4580574467545375e-05,6.596113962586969e-05
4240,2025-02-10,4.0176564652938396e-05,6.165845843497664e-05
4241,2025-02-11,0.00010554491746006534,5.75161975575611e-05
4242,2025-02-12,9.069172665476799e-05,4.985093983123079e-05
4243,2025-02-13,4.8912621423369274e-05,5.521576167666353e-05
4244,2025-02-14,9.787260205484927e-05,5.859699012944475e-05
4245,2025-02-17,6.988058157730848e-05,5.992939622956328e-05
4246,2025-02-18,3.1355673854704946e-05,7.662842108402401e-05
4247,2025-02-19,5.761194188380614e-05,7.717943663010374e-05
4248,2025-02-20,3.183748776791617e-05,7.054946036078036e-05
4249,2025-02-21,3.166812166455202e-05,8.520251139998436e-05
4250,2025-02-24,8.23550799395889e-05,5.591886292677373e-05
4251,2025-02-25,1.4397545783140231e-05,5.161390799912624e-05
4252,2025-02-27,8.082772183115594e-06,5.354680979507975e-05
4253,2025-02-28,0.000105950421129819,4.609192183124833e-05
4254,2025-03-03,5.60634107387159e-05,5.0346301577519625e-05
4255,2025-03-04,5.692168269888498e-05,5.129181590746157e-05
4256,2025-03-05,7.485097012249753e-05,4.288143463782035e-05
4257,2025-03-06,0.0001336562418146059,3.983741771662608e-05
4258,2025-03-07,2.2040609110263176e-05,5.531463466468267e-05
4259,2025-03-10,5.15769534104038e-05,4.964329127687961e-05
4260,2025-03-11,5.479192259372212e-05,4.53896245744545e-05
4261,2025-03-12,4.981230813427828e-05,4.978514334652573e-05
4262,2025-03-13,3.171868956997059e-05,5.320693162502721e-05
4263,2025-03-17,4.014718797407113e-05,4.3842017475981265e-05
4264,2025-03-18,9.050389780895784e-05,5.01309368701186e-05
4265,2025-03-19,1.5030148460937198e-05,4.782729229191318e-05
4266,2025-03-20,6.928177026566118e-05,5.0027872930513695e-05
4267,2025-03-21,4.611500844475813e-05,4.591761535266414e-05
4268,2025-03-24,9.556043369229883e-05,4.564669507090002e-05
4269,2025-03-25,5.917422822676599e-05,4.732877278001979e-05
4270,2025-03-26,5.0767066568369046e-05,3.9712882426101714e-05
4271,2025-03-27,3.887200728058815e-05,4.379099846119061e-05
4272,2025-03-28,2.406584462733008e-05,4.30324325861875e-05
4273,2025-04-01,0.00019237396190874279,4.534151230473071e-05
4274,2025-04-02,2.4269078494398855e-05,4.4797205191571265e-05
4275,2025-04-03,7.89776022429578e-05,4.659936166717671e-05
4276,2025-04-04,8.785441605141386e-05,4.3855401600012556e-05
4277,2025-04-07,0.0028198922518640757,4.228197212796658e-05
4278,2025-04-08,0.0002824504335876554,6.203399243531749e-05
4279,2025-04-09,2.1036594262113795e-05,4.5347740524448454e-05
4280,2025-04-11,0.00021183246280997992,4.756569614983164e-05
4281,2025-04-15,0.000571059004869312,5.8028759667649865e-05
4282,2025-04-16,2.1920892322668806e-05,9.821893036132678e-05
4283,2025-04-17,0.00020541534468065947,7.079925126163289e-05
4284,2025-04-21,6.401420978363603e-05,5.0254337111255154e-05
4285,2025-04-22,2.343350752198603e-05,5.924096694798209e-05
4286,2025-04-23,0.00011791050201281905,5.962145223747939e-05
4287,2025-04-24,1.4998330698290374e-05,5.027278893976472e-05
4288,2025-04-25,0.00016403193876612931,6.500585732283071e-05
4289,2025-04-28,5.3898122132522985e-05,5.650995808537118e-05
4290,2025-04-29,1.9453220374998637e-05,5.146625335328281e-05
4291,2025-04-30,2.5575116524123587e-05,5.7550052588339895e-05
4292,2025-05-02,8.458341471850872e-05,4.833696220885031e-05
4293,2025-05-05,1.8844011719920672e-05,7.34309505787678e-05
4294,2025-05-06,2.1209089027252048e-05,5.510512710316107e-05
4295,2025-05-07,6.642143853241578e-05,5.0958180509041995e-05
4296,2025-05-08,5.679490277543664e-05,5.2239502110751346e-05
4297,2025-05-09,0.00024045300961006433,6.150007538963109e-05
4298,2025-05-12,0.0004679064732044935,4.7833680582698435e-05
4299,2025-05-13,0.000108365471533034,4.9311667680740356e-05
4300,2025-05-14,3.1612635211786255e-05,5.038578456151299e-05
4301,2025-05-15,0.00022258784156292677,5.476725709741004e-05
4302,2025-05-16,9.251172741642222e-06,6.066717469366267e-05
4303,2025-05-19,1.2134752978454344e-05,6.0770009440602735e-05
4304,2025-05-20,6.77754869684577e-05,6.184638186823577e-05
4305,2025-05-21,4.538006032817066e-05,4.883962537860498e-05
4306,2025-05-22,6.315304199233651e-05,6.410542118828744e-05
4307,2025-05-23,4.9535319703863934e-05,4.508719212026335e-05
4308,2025-05-26,2.5896411898429506e-05,4.49590697826352e-05
4309,2025-05-27,7.221588748507202e-05,5.4220028687268496e-05
4310,2025-05-28,8.991205504571553e-06,4.910826828563586e-05
4311,2025-05-29,3.7765217712149024e-05,5.320596392266452e-05
4312,2025-05-30,1.2481671546993311e-05,5.0201073463540524e-05
4313,2025-06-02,4.522193921729922e-05,4.586841896525584e-05
4314,2025-06-03,7.283630111487582e-05,5.6760196457616985e-05
4315,2025-06-04,7.682866453251336e-06,4.1757779399631545e-05
4316,2025-06-05,5.5271550081670284e-05,4.562915273709223e-05
4317,2025-06-06,7.097522029653192e-05,4.1975061321863905e-05
4318,2025-06-09,4.32125962106511e-05,4.667185930884443e-05
4319,2025-06-10,2.566879993537441e-05,5.1311195420566946e-05
4320,2025-06-11,1.2211081411805935e-05,4.016909224446863e-05
4321,2025-06-12,7.490867574233562e-05,4.731622539111413e-05
4322,2025-06-13,0.00032782796188257635,4.8472677008248866e-05
4323,2025-06-16,3.823881706921384e-05,4.149102096562274e-05
4324,2025-06-17,1.758986218192149e-05,4.022835855721496e-05
4325,2025-06-18,3.2701093005016446e-05,3.7510293623199686e-05
4326,2025-06-19,9.154605322692078e-06,4.5464879804058e-05
4327,2025-06-20,6.778757961001247e-05,4.868987525696866e-05
4328,2025-06-23,7.668976468266919e-05,4.0984174120239913e-05
4329,2025-06-24,0.0001262720616068691,3.8739886804251e-05
4330,2025-06-25,2.8429521989892237e-05,4.0623799577588215e-05
4331,2025-06-26,4.9819860578281805e-05,3.5803364880848676e-05
4332,2025-06-27,1.0512656444916502e-05,4.173289562459104e-05
4333,2025-06-30,2.1242833099677227e-05,4.207421079627238e-05
4334,2025-07-01,6.049987860023975e-06,4.561666719382629e-05
4335,2025-07-02,3.1841802410781384e-05,3.8147718441905454e-05
4336,2025-07-03,2.7140267775394022e-05,4.06171748181805e-05
4337,2025-07-04,1.466498724767007e-05,3.537193333613686e-05
4338,2025-07-07,3.757078275157255e-06,3.676384221762419e-05
4339,2025-07-08,9.90697844827082e-06,3.330252366140485e-05
4340,2025-07-09,8.135009920806624e-06,3.712274701683782e-05
4341,2025-07-10,1.95248157979222e-05,3.602468495955691e-05
4342,2025-07-11,3.621193172875792e-05,3.43181673088111e-05
4343,2025-07-14,1.5010222341516055e-05,3.151219061692245e-05
4344,2025-07-15,1.4275467037805356e-05,3.136138911941089e-05
4345,2025-07-16,9.927540304488502e-06,3.0733954190509394e-05
4346,2025-07-17,1.0605570423649624e-05,3.18512502417434e-05
4347,2025-07-18,2.731835593294818e-05,3.324118733871728e-05
4348,2025-07-21,3.42570201610215e-05,3.100379399256781e-05
4349,2025-07-22,2.0592560758814216e-05,3.0575651180697605e-05
4350,2025-07-23,2.214036248915363e-05,2.9674192774109542e-05
4351,2025-07-24,2.9293703846633434e-05,2.9529453968279995e-05
4352,2025-07-25,2.7394953576731496e-05,3.0943090678192675e-05
4353,2025-07-28,3.945369826396927e-05,3.180638304911554e-05
4354,2025-07-29,4.2563147871987894e-05,3.0281978979473934e-05
4355,2025-07-30,1.960360532393679e-05,3.0215282095014118e-05
4356,2025-07-31,0.00014713294513057917,3.066889621550217e-05
4357,2025-08-01,3.616150934249163e-05,3.064731936319731e-05
4358,2025-08-04,2.0318439055699855e-05,3.184031447744928e-05
4359,2025-08-05,1.2331396646914072e-05,3.254516195738688e-05
4360,2025-08-06,9.725678864924703e-06,3.0353885449585505e-05
4361,2025-08-07,7.046487735351548e-05,3.8065118133090436e-05
4362,2025-08-08,3.905642370227724e-05,3.472571188467555e-05
4363,2025-08-11,3.6290581192588434e-05,3.272910544183105e-05
4364,2025-08-12,3.902302705682814e-05,3.1669213058194146e-05
4365,2025-08-13,2.5367378839291632e-05,3.145262235193513e-05
4366,2025-08-14,4.009486474387813e-06,3.7494344724109396e-05
4367,2025-08-18,0.00017045291315298527,3.715072671184316e-05
4368,2025-08-19,1.0778442629089113e-05,3.6773766623809934e-05
4369,2025-08-20,1.3808903531753458e-05,3.7775087548652664e-05
4370,2025-08-21,1.859422991401516e-05,3.4709952160483226e-05
4371,2025-08-22,2.8221169486641884e-05,3.15413526550401e-05
4372,2025-08-25,1.8649374396773055e-05,3.787829336943105e-05
4373,2025-08-26,3.645284959929995e-05,3.276583447586745e-05
4374,2025-08-28,2.7809726816485636e-05,3.2889591238927096e-05
4375,2025-08-29,2.1290554286679253e-05,3.20504950650502e-05
4376,2025-09-01,2.330340248590801e-05,3.437201303313486e-05
4377,2025-09-02,3.219555219402537e-05,3.211771763744764e-05
4378,2025-09-03,2.706871964619495e-05,3.444220419623889e-05
4379,2025-09-04,0.00015540915774181485,3.3845706639112905e-05
4380,2025-09-05,4.1800409235293046e-05,3.2501025998499244e-05
4381,2025-09-08,1.7814831153373234e-05,3.281317913206294e-05
4382,2025-09-09,1.70513303601183e-05,3.425479735597037e-05
4383,2025-09-10,3.190846473444253e-05,3.3001066185534e-05
4384,2025-09-11,6.636676062043989e-06,3.741515683941543e-05
4385,2025-09-12,1.306119611399481e-05,3.466516136541031e-05
4386,2025-09-15,4.294410700822482e-06,3.244292747694999e-05
4387,2025-09-16,1.9652274204418063e-05,3.155353988404386e-05
4388,2025-09-17,4.972523584001465e-06,3.192289295839146e-05
4389,2025-09-18,3.011675289599225e-05,2.97231617878424e-05
4390,2025-09-19,1.105533283407567e-05,2.9735803764197044e-05
4391,2025-09-22,3.0215282095014118e-05,2.845428571163211e-05
4392,2025-09-23,1.6996375052258372e-05,2.98942959489068e-05
4393,2025-09-24,1.38067707666778e-05,2.8466691219364293e-05
4394,2025-09-25,2.6520390747464262e-05,2.8935304726473987e-05
4395,2025-09-26,4.003748836112209e-05,2.8103078875574283e-05
4396,2025-09-29,2.8242709959158674e-05,2.903778113250155e-05
4397,2025-09-30,1.6871103071025573e-05,2.894066165026743e-05
4398,2025-10-01,3.8080983358668163e-05,2.8361146178212948e-05
4399,2025-10-03,2.311444768565707e-05,2.9868078854633495e-05
4400,2025-10-06,2.5636165446485393e-05,3.11281910398975e-05
4401,2025-10-07,1.6601226889179088e-05,3.0334873372339644e-05
4402,2025-10-08,2.197862704633735e-05,2.960172059829347e-05
4403,2025-10-09,1.8022645235760137e-05,3.1946099625201896e-05
4404,2025-10-10,1.6808822692837566e-05,3.016380469489377e-05
4405,2025-10-13,2.5359371647937223e-05,3.0776045605307445e-05
4406,2025-10-14,3.812818613369018e-05,2.9334516511880793e-05
4407,2025-10-15,2.449621206324082e-05,2.97369097097544e-05
4408,2025-10-16,4.006491508334875e-05,2.980829231091775e-05
4409,2025-10-17,4.058112972415984e-05,2.9830589483026415e-05
4410,2025-10-20,3.027658021892421e-05,2.947009306808468e-05
4411,2025-10-21,1.0902229405473918e-05,3.157042374368757e-05
4412,2025-10-23,8.189752406906337e-05,3.111905243713409e-05
4413,2025-10-24,3.0684255762025714e-05,3.281270983279683e-05
4414,2025-10-27,1.9693925423780456e-05,3.333388303872198e-05
4415,2025-10-28,2.7662155844154768e-05,3.2045696571003646e-05
4416,2025-10-29,1.2643020454561338e-05,3.045545963686891e-05
4417,2025-10-30,2.4526625566068105e-05,3.4953904105350375e-05
4418,2025-10-31,3.27556517731864e-05,3.337644739076495e-05
4419,2025-11-03,1.3487026080838405e-05,3.235955591662787e-05
4420,2025-11-04,2.297261744388379e-05,3.3846194128273055e-05
4421,2025-11-06,2.016881808231119e-05,3.15902398142498e-05
4422,2025-11-07,3.822714643320069e-05,3.251336238463409e-05
4423,2025-11-10,1.4758089491806459e-05,3.388847107999027e-05
4424,2025-11-11,4.9638456403044984e-05,3.1732761271996424e-05
4425,2025-11-12,4.0907681977842e-05,3.297099101473577e-05
4426,2025-11-13,2.2049123799661174e-05,3.2705396733945236e-05
4427,2025-11-14,3.851624205708504e-05,3.460996231297031e-05
4428,2025-11-17,9.5017057901714e-06,3.216120967408642e-05
4429,2025-11-18,1.2130669347243384e-05,3.577527604647912e-05
4430,2025-11-19,2.4512477466487326e-05,3.399269553483464e-05
4431,2025-11-20,2.5663242922746576e-05,3.3814994822023436e-05
4432,2025-11-21,1.919529131555464e-05,3.4846965718315914e-05
4433,2025-11-24,3.106588337686844e-05,3.155242302455008e-05
4434,2025-11-25,1.7497957742307335e-05,3.168585681123659e-05
4435,2025-11-26,7.20826064934954e-05,3.296781869721599e-05
4436,2025-11-27,1.850170156103559e-05,3.2370207918575034e-05
4437,2025-11-28,6.42361646896461e-06,3.123584247077815e-05
4438,2025-12-01,4.29900610470213e-05,3.336998270242475e-05
4439,2025-12-02,2.3759601390338503e-05,3.16374862450175e-05
4440,2025-12-03,1.67141934070969e-05,3.597909017116763e-05
4441,2025-12-04,1.2658716514124535e-05,3.1721927371108904e-05
4442,2025-12-05,2.509049591026269e-05,2.992301779158879e-05
4443,2025-12-08,4.277519474271685e-05,3.276414645370096e-05
4444,2025-12-09,3.347616075188853e-05,3.147320603602566e-05
4445,2025-12-10,2.5272214770666324e-05,3.1133626180235296e-05
4446,2025-12-11,2.8077280148863792e-05,3.078153167734854e-05
4447,2025-12-12,1.5103069017641246e-05,3.205202301614918e-05
4448,2025-12-15,3.0305409381981008e-05,3.427528645261191e-05
4449,2025-12-16,1.9174414774170145e-05,3.278843723819591e-05
4450,2025-12-17,1.5461360817425884e-05,3.2978794479276985e-05
4451,2025-12-18,2.0894794943160377e-05,3.320538598927669e-05
4452,2025-12-19,2.0069008314749226e-05,3.112205013167113e-05
4453,2025-12-22,2.0571891582221724e-05,3.166480018990114e-05
4454,2025-12-23,8.323384463437833e-06,3.098995512118563e-05
4455,2025-12-24,7.308975455089239e-06,3.10467803501524e-05
4456,2025-12-26,9.709080586617347e-06,3.1703086278866976e-05
4457,2025-12-29,1.8056813132716343e-05,3.0917486583348364e-05
4458,2025-12-30,5.098274868942099e-06,3.083944829995744e-05
4459,2025-12-31,2.6699093723436818e-05,2.9340981200220995e-05
4460,2026-01-01,6.257567292777821e-06,2.877111364796292e-05
4461,2026-01-02,2.4409042453044094e-05,2.874122219509445e-05
4462,2026-01-05,1.2846406207245309e-05,2.9172151698730886e-05
4463,2026-01-06,1.6481370039400645e-05,2.7955416953773238e-05
4464,2026-01-07,9.130759281106293e-06,2.9966398869873956e-05
4465,2026-01-08,3.939444286515936e-05,2.796752414724324e-05
4466,2026-01-09,5.319997944752686e-05,2.9471777452272363e-05
4467,2026-01-12,7.355584239121526e-05,2.8366039259708486e-05
4468,2026-01-13,6.9355548475869e-05,2.845095150405541e-05
4469,2026-01-14,3.155721060466021e-05,2.7927118935622275e-05
4470,2026-01-16,3.404285234864801e-05,3.0158194931573234e-05
4471,2026-01-19,1.958430220838636e-05,3.193242446286604e-05
4472,2026-01-20,9.125095675699413e-05,3.353802458150312e-05
4473,2026-01-21,9.251424489775673e-05,3.412157457205467e-05
4474,2026-01-22,9.198103361995891e-05,3.239744546590373e-05
4475,2026-01-23,6.041486994945444e-05,3.315658977953717e-05
4476,2026-01-27,5.417552529252134e-05,3.197776823071763e-05
4477,2026-01-28,2.95441277557984e-05,4.065593020641245e-05
4478,2026-01-29,5.701866393792443e-05,4.231379716657102e-05
4479,2026-01-30,5.8688423450803384e-05,4.163303674431518e-05
4480,2026-02-02,0.0005419405060820282,4.3651816667988896e-05
4481,2026-02-03,0.002499097492545843,4.3883595935767516e-05
4482,2026-02-04,3.911904786946252e-05,4.0104976505972445e-05
4483,2026-02-05,1.8604801880428568e-05,4.5033350033918396e-05
4484,2026-02-06,3.0285560569609515e-05,4.2430863686604425e-05
4485,2026-02-09,6.842525908723474e-05,6.243991811061278e-05
4486,2026-02-10,1.1523310604388826e-05,6.72166352160275e-05
4487,2026-02-11,1.2540338502731174e-05,5.104597585159354e-05
4488,2026-02-12,1.672183134360239e-05,4.6971432311693206e-05
4489,2026-02-13,0.00010262527212034911,4.793340849573724e-05
4490,2026-02-16,5.843582403031178e-05,4.750458538183011e-05
4491,2026-02-17,2.245494761154987e-05,4.2833893530769274e-05
4492,2026-02-18,2.273583049827721e-05,4.156781506026164e-05
4493,2026-02-19,0.00013231557386461645,4.19956813857425e-05
4494,2026-02-20,4.6899007429601625e-05,4.692656875704415e-05
4495,2026-02-23,3.070027014473453e-05,4.4821048504672945e-05
4496,2026-02-24,6.340154504869133e-05,4.088942660018802e-05
4497,2026-02-25,4.109344808966853e-05,4.0125865780282766e-05
4498,2026-02-26,2.6629824787960388e-05,5.611272354144603e-05
4499,2026-02-27,6.139190372778103e-05,4.60537412436679e-05
4500,2026-03-02,0.0005174900288693607,4.09925814892631e-05
4501,2026-03-04,0.0004246357420925051,5.210168455960229e-05
4502,2026-03-05,8.791601430857554e-05,4.5186159695731476e-05
4503,2026-03-06,6.487877544714138e-05,4.293921301723458e-05
4504,2026-03-09,0.0006737985531799495,5.411351230577566e-05
4505,2026-03-10,0.00015199524932540953,7.375857967417687e-05
4506,2026-03-11,0.00012750027235597372,8.715169678907841e-05
4507,2026-03-12,0.00011359603377059102,6.40919097349979e-05
4508,2026-03-13,0.0001460522908018902,7.428519893437624e-05
4509,2026-03-16,0.00018970618839375675,0.00010910462151514366
4510,2026-03-17,7.366824138443917e-05,7.85060110501945e-05
4511,2026-03-18,4.2822259274544194e-05,0.00010911846766248345
4512,2026-03-19,0.0007415184518322349,9.686417615739629e-05
4513,2026-03-20,9.072580724023283e-05,0.000114822993054986
4514,2026-03-23,0.00025461430777795613,0.00011070223990827799
4515,2026-03-24,0.0003863003512378782,9.539727034280077e-05
4516,2026-03-25,0.00015842492575757205,7.975538028404117e-05
4517,2026-03-27,0.00012593161955010146,0.00016849984240252525
4518,2026-03-30,0.0002719479671213776,0.00012088938092347234
4519,2026-04-01,0.0006973691051825881,0.0001643443392822519
4520,2026-04-02,0.0004213629581499845,0.00014199913130141795
4521,2026-04-06,0.00016911885177250952,0.00012765212159138173
4522,2026-04-07,0.00015710272418800741,0.00014759533223696053
4523,2026-04-08,0.0009926077909767628,0.00017697070143185556
4524,2026-04-09,6.905946793267503e-05,0.0001375062856823206
4525,2026-04-10,4.732150773634203e-05,0.00017849447613116354
4526,2026-04-13,0.00044877061736769974,0.0001552152680233121
4527,2026-04-15,0.00018992414698004723,0.00014643541362602264
4528,2026-04-16,9.40361205721274e-05,9.700514783617109e-05
4529,2026-04-17,4.6497305447701365e-05,0.00011777383770095184
4530,2026-04-20,3.498825753922574e-05,9.079452865989879e-05
4531,2026-04-21,3.4401429729769006e-05,0.00011696882575051859
4532,2026-04-22,3.364813528605737e-05,8.780943608144298e-05
4533,2026-04-23,7.237411773530766e-05,9.24796549952589e-05
4534,2026-04-24,9.808901086216792e-05,8.184061152860522e-05
4535,2026-04-27,2.6399166017654352e-05,8.151190559146926e-05
4536,2026-04-28,3.68959445040673e-05,7.405411452054977e-05
4537,2026-04-29,6.842396396677941e-05,7.867554813856259e-05
4538,2026-04-30,0.00011198399442946538,8.085266017587855e-05
4539,2026-05-04,6.0736809246009216e-05,7.940551586216316e-05
4540,2026-05-05,3.90740497095976e-05,6.243646203074604e-05
4541,2026-05-06,0.00011834489851025864,6.304039561655372e-05
4542,2026-05-07,3.0471959689748473e-05,5.85007292102091e-05
4543,2026-05-08,2.433489862596616e-05,7.218758400995284e-05
4544,2026-05-11,9.647603292251006e-05,6.504108023364097e-05
4545,2026-05-12,0.00011710799299180508,6.168904656078666e-05
4546,2026-05-13,6.523078627651557e-05,6.046409180271439e-05
4547,2026-05-14,9.8596399766393e-05,5.221489482210018e-05
4548,2026-05-15,3.7227229768177494e-05,4.675133095588535e-05
4549,2026-05-18,0.00014162423030938953,5.839175355504267e-05
4550,2026-05-19,2.698739626794122e-05,7.447366806445643e-05
4551,2026-05-20,9.917835996020585e-05,6.235832552192733e-05
4552,2026-05-21,9.35562202357687e-05,5.894313653698191e-05
4553,2026-05-22,2.4257878976641223e-05,5.748833791585639e-05
4554,2026-05-25,9.606354433344677e-05,7.110271690180525e-05
4555,2026-05-26,2.7284793759463355e-05,5.888638770557009e-05
4556,2026-05-27,1.2634909580810927e-05,6.736121576977894e-05
4557,2026-05-29,0.00016014707216527313,6.600550113944337e-05
4558,2026-06-01,7.035957969492301e-05,5.137254629516974e-05
