index,date,y_true,y_pred
1000,2011-11-29,0.00010068866532038449,0.00015270835137926042
1001,2011-11-30,0.0002029231557441421,0.00023927426082082093
1002,2011-12-01,0.0009295054907482204,0.00016138973296619952
1003,2011-12-02,0.0002822730155617318,0.00020094278443139046
1004,2011-12-05,4.791946020486352e-05,0.00011908646411029622
1005,2011-12-07,6.695175509388845e-05,9.063708421308547e-05
1006,2011-12-08,0.0002462296002343847,8.93303076736629e-05
1007,2011-12-09,0.0003089547674966159,7.230622577480972e-05
1008,2011-12-12,0.00041482547505158267,7.958465721458197e-05
1009,2011-12-13,0.00018354262408855592,0.00012150219845352694
1010,2011-12-14,0.00014091738100142237,8.643117325846106e-05
1011,2011-12-15,0.00025124751514010366,6.026064875186421e-05
1012,2011-12-16,0.0005697013693212377,0.00012075238191755489
1013,2011-12-19,0.00015991503305193787,8.910721226129681e-05
1014,2011-12-20,0.00020703545956284183,0.00015182531205937266
1015,2011-12-21,0.0005811288576503234,0.00012485486513469368
1016,2011-12-22,0.0003238975526905564,0.00014487688895314932
1017,2011-12-23,0.00011842892979749236,0.0001274797396035865
1018,2011-12-27,0.0002814907743739401,0.00023975782096385956
1019,2011-12-28,8.235056247501118e-05,0.00012689424329437315
1020,2011-12-29,9.039681329724327e-05,0.00017668148211669177
1021,2011-12-30,0.00011413054832162951,0.000203250179765746
1022,2012-01-03,0.00026712055734660347,0.0002165506884921342
1023,2012-01-04,4.9390575133281664e-05,0.0001396385341649875
1024,2012-01-05,3.772576829060178e-05,0.000208889483474195
1025,2012-01-06,0.00020161833039830467,0.00020968123862985522
1026,2012-01-09,8.049748813342523e-05,0.0001650974154472351
1027,2012-01-10,0.0001494892018385893,0.0005676466971635818
1028,2012-01-11,2.5958201211331028e-05,0.00030904324376024306
1029,2012-01-12,7.72022012958658e-05,0.00018183521751780063
1030,2012-01-13,9.870482245417006e-05,0.00015216217434499413
1031,2012-01-16,6.28211326600913e-05,0.00019966122636105865
1032,2012-01-17,0.00011082705702725984,0.0002113102818839252
1033,2012-01-18,4.412739810980746e-05,0.00014392418961506337
1034,2012-01-19,7.615088960308307e-05,0.00021289307915139943
1035,2012-01-20,8.251671773399174e-05,0.00017377598851453513
1036,2012-01-23,4.154467398428744e-05,0.00024096513516269624
1037,2012-01-24,0.00012083712566699823,0.0002701882622204721
1038,2012-01-25,4.643084223677742e-05,9.182283247355372e-05
1039,2012-01-27,0.00018525830571962956,8.245621575042605e-05
1040,2012-01-30,0.00016672115311272057,0.00014482313417829573
1041,2012-01-31,0.00017086885184436565,0.00011342879588482901
1042,2012-02-01,0.00010126764353538766,7.026778621366248e-05
1043,2012-02-02,0.00010556267736452432,4.353445547167212e-05
1044,2012-02-03,7.789539473831196e-05,0.0001302529126405716
1045,2012-02-06,0.00015229906555186298,9.299234807258472e-05
1046,2012-02-07,0.00018798218230304858,9.845977183431387e-05
1047,2012-02-08,6.299476653004354e-05,0.0001151992182713002
1048,2012-02-09,0.00010552769936419439,9.335845243185759e-05
1049,2012-02-10,9.297077280529584e-05,0.00012324913404881954
1050,2012-02-13,5.5213393139362436e-05,0.00011099147377535701
1051,2012-02-14,3.278226378094553e-05,0.00016916063032113016
1052,2012-02-15,0.0001423303420325353,0.0001715016842354089
1053,2012-02-16,4.0214093403971926e-05,0.00013338336430024356
1054,2012-02-17,0.00013073248226420475,0.00012193271686555818
1055,2012-02-21,4.0634289799988644e-05,0.0001721852459013462
1056,2012-02-22,0.00020914480890194134,9.095190762309358e-05
1057,2012-02-23,7.84045441353802e-05,7.410003308905289e-05
1058,2012-02-24,0.00015262295689635622,7.144026312744245e-05
1059,2012-02-27,0.00040240372563595585,9.674202738096938e-05
1060,2012-02-28,0.00011625035252605656,0.00011275202996330336
1061,2012-02-29,0.00021262074579254356,7.59327522246167e-05
1062,2012-03-01,9.313417158560816e-05,8.412952593062073e-05
1063,2012-03-02,0.00010525357313194616,9.362262790091336e-05
1064,2012-03-05,8.596129792600559e-05,7.561349775642157e-05
1065,2012-03-06,0.0004871790506383391,0.00014771713176742196
1066,2012-03-07,7.439790636054269e-05,7.671243656659499e-05
1067,2012-03-09,0.00022726877970320104,0.00013440282782539725
1068,2012-03-12,0.0003733602109140209,0.00011634447582764551
1069,2012-03-13,6.150235551670266e-05,7.380305032711476e-05
1070,2012-03-14,0.00017046449637777447,0.00012320025416556746
1071,2012-03-15,0.00011925083866219604,0.0001408082462148741
1072,2012-03-16,0.0002579592604460923,0.00013799051521345973
1073,2012-03-19,0.00014147306856952398,9.68955791904591e-05
1074,2012-03-20,4.905284769318898e-05,8.405341941397637e-05
1075,2012-03-21,0.00016387476548059663,0.00012654402235057205
1076,2012-03-22,0.00038939853877663344,0.00010863014904316515
1077,2012-03-23,0.0001278935980008644,0.00023555857478640974
1078,2012-03-26,0.00012545421814565692,0.00013700690760742873
1079,2012-03-27,0.00023862542696973362,0.00013148222933523357
1080,2012-03-28,6.500867442529342e-05,0.00010912668221862987
1081,2012-03-29,0.00013195839197377099,9.358174429507926e-05
1082,2012-03-30,0.00016016406633260474,0.00021302083041518927
1083,2012-04-02,3.300236549826398e-05,0.00011772837024182081
1084,2012-04-03,5.87935064921161e-05,0.0001617400994291529
1085,2012-04-04,4.470958252535276e-05,0.00011674615234369412
1086,2012-04-09,0.00010172540738397269,0.00013380328891798854
1087,2012-04-10,4.833184867406059e-05,0.00015576198347844183
1088,2012-04-11,0.00011078323217885492,6.159692566143349e-05
1089,2012-04-12,3.9861172580942284e-05,8.307211101055145e-05
1090,2012-04-13,0.00020327378464616246,8.499435352860019e-05
1091,2012-04-16,4.138292550267914e-05,7.928488776087761e-05
1092,2012-04-17,0.0001859155107464405,8.020120003493503e-05
1093,2012-04-18,6.431487905378303e-05,7.477706094505265e-05
1094,2012-04-19,5.001085127121379e-05,6.453548121498898e-05
1095,2012-04-20,0.00011571906305371627,5.98640508542303e-05
1096,2012-04-23,0.00019549094453192412,0.00014597152767237276
1097,2012-04-24,4.976164391411318e-05,6.322107947198674e-05
1098,2012-04-25,7.90269390112168e-05,5.562504884437658e-05
1099,2012-04-26,2.3576401764663333e-05,5.68937866773922e-05
1100,2012-04-27,5.801362839689101e-05,6.688227585982531e-05
1101,2012-04-30,5.192300548580243e-05,8.94015611265786e-05
1102,2012-05-02,3.7102656399580094e-05,8.17922264104709e-05
1103,2012-05-03,4.523896557360595e-05,7.683163130423054e-05
1104,2012-05-04,0.0001633569809363827,6.137006857898086e-05
1105,2012-05-07,0.00043679751860812134,8.980120037449524e-05
1106,2012-05-08,0.00024726067290296194,6.912108074175194e-05
1107,2012-05-09,0.00010067811379711375,5.5986838560784236e-05
1108,2012-05-10,0.00012902943846835685,7.087889389367774e-05
1109,2012-05-11,9.86660859528083e-05,5.787274130852893e-05
1110,2012-05-14,9.649309144339993e-05,0.00016332950326614082
1111,2012-05-15,0.0001668251367408501,9.10235830815509e-05
1112,2012-05-16,0.00022061269058946611,0.00010257752001052722
1113,2012-05-17,9.68356938171289e-05,0.00023451470769941807
1114,2012-05-18,0.0004388613819708845,0.000173262829775922
1115,2012-05-22,0.00032544030758871326,0.00018226110842078924
1116,2012-05-23,5.440420859287591e-05,0.0001674863597145304
1117,2012-05-24,0.0001849434599542616,0.000130323605844751
1118,2012-05-25,3.949887905066694e-05,0.0001387996890116483
1119,2012-05-28,6.17718255454806e-05,0.0001659367117099464
1120,2012-05-29,3.5305805442831424e-05,7.103643292794004e-05
1121,2012-05-30,4.76948001187113e-05,0.00010291685612173751
1122,2012-05-31,0.00013573709884382492,0.00019259293912909925
1123,2012-06-01,0.0001302587464166083,0.00013824182678945363
1124,2012-06-04,0.0001998836246396283,0.00014585562166757882
1125,2012-06-05,5.8368973262918304e-05,8.998208795674145e-05
1126,2012-06-06,0.00023836332435316383,0.0001007004248094745
1127,2012-06-07,9.739127686938205e-05,8.329542470164597e-05
1128,2012-06-08,0.00012053240817543131,6.536885484820232e-05
1129,2012-06-11,0.00012396536481258145,0.00013267442409414798
1130,2012-06-12,0.00023071003800338122,0.00012738603982143104
1131,2012-06-13,3.090957357909485e-05,0.00012096606951672584
1132,2012-06-14,0.00010166277914995135,7.600484241265804e-05
1133,2012-06-15,8.606792015430292e-05,8.17233812995255e-05
1134,2012-06-18,0.0003292094236110085,8.071822230704129e-05
1135,2012-06-19,6.363207098852866e-05,9.25556305446662e-05
1136,2012-06-20,2.6207489462809843e-05,9.591432171873748e-05
1137,2012-06-21,9.65812559803681e-05,9.279487858293578e-05
1138,2012-06-22,0.000207359734108546,0.00012657286424655467
1139,2012-06-25,0.00011397953875698404,4.7277480916818604e-05
1140,2012-06-26,2.1323970903067842e-05,8.90041992533952e-05
1141,2012-06-27,4.3068563945047956e-05,4.737849303637631e-05
1142,2012-06-28,1.846884769351679e-05,5.7045315770665184e-05
1143,2012-06-29,0.00018318831109269548,9.410861821379513e-05
1144,2012-07-02,1.879493931918031e-05,4.7236964746844023e-05
1145,2012-07-03,4.56037201016941e-05,8.394855831284076e-05
1146,2012-07-04,4.684721943088439e-05,8.625653572380543e-05
1147,2012-07-05,2.4922422667117014e-05,0.00011013927723979577
1148,2012-07-06,2.68663966346735e-05,5.929144754190929e-05
1149,2012-07-09,6.112509254172237e-05,0.00010129537986358628
1150,2012-07-10,5.375894261910255e-05,0.00011664510384434834
1151,2012-07-11,4.9867556741221005e-05,8.45506729092449e-05
1152,2012-07-12,0.0001816213549377757,8.12470170785673e-05
1153,2012-07-13,3.484244550528343e-05,8.183272439055145e-05
1154,2012-07-16,4.065027074368219e-05,6.453548121498898e-05
1155,2012-07-17,7.223810091349742e-05,7.610247121192515e-05
1156,2012-07-18,4.3743195964700634e-05,5.3321167797548696e-05
1157,2012-07-19,4.8414176730087854e-05,5.6226337619591504e-05
1158,2012-07-20,2.3996724537698073e-05,0.0001250452914973721
1159,2012-07-23,0.00010631789344854725,0.00010591547470539808
1160,2012-07-24,2.657309929860412e-05,4.944385000271723e-05
1161,2012-07-25,4.0700374807195046e-05,4.6936995204305276e-05
1162,2012-07-26,0.00012757741433196186,7.152097532525659e-05
1163,2012-07-27,0.00032235788330608106,4.768683356815018e-05
1164,2012-07-30,0.00010954640594142006,6.64505860186182e-05
1165,2012-07-31,0.00012523698435464964,9.282940300181508e-05
1166,2012-08-01,1.6431453516940496e-05,4.647438618121669e-05
1167,2012-08-02,1.3170367051296219e-05,4.087200068170205e-05
1168,2012-08-03,8.459947474849641e-05,9.685484110377729e-05
1169,2012-08-06,8.820213188422257e-05,5.6857115851016715e-05
1170,2012-08-07,6.122679356785002e-05,3.7111458368599415e-05
1171,2012-08-08,3.491052587749492e-05,8.734614675631747e-05
1172,2012-08-09,4.1286045978838254e-05,9.699895599624142e-05
1173,2012-08-10,2.3140653005165117e-05,0.00010400981409475207
1174,2012-08-13,2.289448569053037e-05,0.00010883442882914096
1175,2012-08-14,4.094741313274507e-05,0.00010416278382763267
1176,2012-08-16,1.4506726751830742e-05,4.173528213868849e-05
1177,2012-08-17,4.042603141606514e-05,7.056863978505135e-05
1178,2012-08-21,3.7436826532769526e-05,8.967232133727521e-05
1179,2012-08-22,4.291426045462803e-05,4.395295763970353e-05
1180,2012-08-23,3.972813004257747e-05,6.231058796402067e-05
1181,2012-08-24,2.7932776093366354e-05,4.9458751163911074e-05
1182,2012-08-27,3.271134035247067e-05,4.1495291952742264e-05
1183,2012-08-29,4.877374443347274e-05,3.47129644069355e-05
1184,2012-08-30,0.00010678954065539667,6.0311129345791414e-05
1185,2012-08-31,6.238508275778173e-05,5.3760384616907686e-05
1186,2012-09-03,4.5686485535526806e-05,3.396129613975063e-05
1187,2012-09-04,2.6968202392885867e-05,4.698164775618352e-05
1188,2012-09-05,5.632593698609306e-05,5.3503677918342873e-05
1189,2012-09-06,3.061477523981973e-05,4.7419267502846196e-05
1190,2012-09-07,0.00019888279871401604,5.657451038132422e-05
1191,2012-09-10,2.1663822527517755e-05,6.750746251782402e-05
1192,2012-09-11,7.020125385499147e-05,5.182051609153859e-05
1193,2012-09-12,2.7290745129104744e-05,3.128067692159675e-05
1194,2012-09-13,7.938397425310236e-06,3.568844840629026e-05
1195,2012-09-14,0.0003273158345356238,3.3023825380951166e-05
1196,2012-09-17,0.00014053919788437787,3.549459870555438e-05
1197,2012-09-18,1.4273074663479947e-05,6.753921479685232e-05
1198,2012-09-20,0.00015822520728389703,5.637335198116489e-05
1199,2012-09-21,0.0002445458831251483,5.145226532476954e-05
1200,2012-09-24,2.4046303271995458e-05,4.93918705615215e-05
1201,2012-09-25,2.7122396106410454e-05,3.613210719777271e-05
1202,2012-09-26,2.5470371073918194e-05,4.842628914047964e-05
1203,2012-09-27,3.449066395793313e-05,5.972997678327374e-05
1204,2012-09-28,7.534482290003559e-05,7.520888175349683e-05
1205,2012-10-01,9.057197498392096e-06,8.85756453499198e-05
1206,2012-10-03,9.997077184030429e-06,6.811451021349058e-05
1207,2012-10-04,4.747932521146569e-05,5.4049145546741784e-05
1208,2012-10-05,0.018615232857210978,5.4826105042593554e-05
1209,2012-10-08,7.775190681072206e-05,5.963299554423429e-05
1210,2012-10-09,5.8440334908762963e-05,4.354869815870188e-05
1211,2012-10-10,5.176164982895675e-05,3.8188594771781936e-05
1212,2012-10-11,7.902182197821344e-05,2.8526506866910495e-05
1213,2012-10-12,7.243701108254257e-05,8.830893784761429e-05
1214,2012-10-15,2.170789447005765e-05,7.131712482078001e-05
1215,2012-10-16,7.456883176944743e-05,7.948347774799913e-05
1216,2012-10-17,6.603907401051927e-05,0.00011548421753104776
1217,2012-10-18,6.499608027306166e-05,0.0001171395051642321
1218,2012-10-19,3.7261685077944394e-05,0.00010221777483820915
1219,2012-10-22,5.0743588507183014e-05,7.070701394695789e-05
1220,2012-10-23,1.62084500745669e-05,9.215795580530539e-05
1221,2012-10-25,1.2459208373901737e-05,6.403344741556793e-05
1222,2012-10-29,8.038171425201321e-05,7.627138984389603e-05
1223,2012-10-30,0.00011413446745512082,0.00010350408410886303
1224,2012-10-31,1.903905180188835e-05,5.069405960966833e-05
1225,2012-11-01,2.740165210323122e-05,0.00010238332470180467
1226,2012-11-02,9.024685998261915e-05,6.0041922552045435e-05
1227,2012-11-05,1.0431483351604407e-05,7.419669418595731e-05
1228,2012-11-06,1.773611814843626e-05,9.21818646020256e-05
1229,2012-11-07,4.596073058758185e-05,6.964931526454166e-05
1230,2012-11-08,0.00010634130129039316,8.489948231726885e-05
1231,2012-11-09,5.9101271960584636e-05,6.417827535187826e-05
1232,2012-11-12,3.0488768309756514e-05,4.677732795244083e-05
1233,2012-11-15,6.601471749577865e-05,7.940278737805784e-05
1234,2012-11-16,8.902496682234918e-05,7.1636815846432e-05
1235,2012-11-19,2.0960005154177567e-05,9.171535930363461e-05
1236,2012-11-20,8.353196630513377e-05,8.652056567370892e-05
1237,2012-11-21,4.332587304892978e-05,5.0106653361581266e-05
1238,2012-11-22,1.932291324268603e-05,5.471557597047649e-05
1239,2012-11-23,3.226007153250479e-05,5.0999748054891825e-05
1240,2012-11-26,2.371105108230429e-05,7.889833068475127e-05
1241,2012-11-27,7.528811177273037e-05,5.676647924701683e-05
1242,2012-11-29,9.909859172908017e-05,3.604032099246979e-05
1243,2012-11-30,3.589561818594228e-05,4.546526542981155e-05
1244,2012-12-03,1.924373019745432e-05,3.958549496019259e-05
1245,2012-12-04,1.3037877639907191e-05,2.9974715289426968e-05
1246,2012-12-05,1.532501371113619e-05,6.710653542540967e-05
1247,2012-12-06,0.0001760896276974992,3.463687244220637e-05
1248,2012-12-07,3.5838456178933825e-05,4.977051867172122e-05
1249,2012-12-10,1.4472180833363621e-05,3.601737262215465e-05
1250,2012-12-11,0.00010081689918340179,3.480541636236012e-05
1251,2012-12-12,3.5101400036161404e-05,2.4301709345309064e-05
1252,2012-12-13,4.6958454158741234e-05,9.004389721667394e-05
1253,2012-12-14,2.211028987139598e-05,5.23573107784614e-05
1254,2012-12-17,2.596284301411303e-05,3.5091077734250575e-05
1255,2012-12-18,8.950833728618655e-05,2.464068529661745e-05
1256,2012-12-19,1.9876482288371285e-05,3.268668660894036e-05
1257,2012-12-20,4.015612904585067e-05,7.581683166790754e-05
1258,2012-12-21,4.458982849407565e-05,3.0332503229146823e-05
1259,2012-12-24,2.1025963285826505e-05,3.17372105200775e-05
1260,2012-12-26,3.505247309889827e-05,2.7476140530779958e-05
1261,2012-12-27,5.999115893699705e-05,3.163039582432248e-05
1262,2012-12-28,2.1009244790702335e-05,3.732167897396721e-05
1263,2012-12-31,6.898550980397025e-06,5.1611888920888305e-05
1264,2013-01-02,0.00017672040331452723,3.1537954782834277e-05
1265,2013-01-03,2.6949767378723e-05,2.824289731506724e-05
1266,2013-01-04,2.0368095411932226e-05,3.443996683927253e-05
1267,2013-01-07,5.9167645841048763e-05,3.120550172752701e-05
1268,2013-01-08,1.927316223472055e-05,4.7562160034431145e-05
1269,2013-01-09,3.5867892097205244e-05,9.901816520141438e-05
1270,2013-01-10,5.408625610547154e-05,0.00010192292393185198
1271,2013-01-11,0.00011106601211905322,0.00019722955767065287
1272,2013-01-14,5.979124891776423e-05,0.00014007881691213697
1273,2013-01-15,2.8329325669237457e-05,6.349726754706353e-05
1274,2013-01-16,3.939978929269253e-05,0.00012852821964770555
1275,2013-01-17,3.899554003757296e-05,6.236528133740649e-05
1276,2013-01-18,2.319854900670871e-05,4.351348979980685e-05
1277,2013-01-21,2.0657540421804304e-05,5.6452863645972684e-05
1278,2013-01-22,3.502066923464479e-05,7.650946645298973e-05
1279,2013-01-23,2.4283507120777365e-05,0.00010946148540824652
1280,2013-01-24,3.238825795211792e-05,6.147989915916696e-05
1281,2013-01-25,4.100443305410099e-05,0.00015731605526525527
1282,2013-01-28,8.489545712396905e-06,0.00011389608698664233
1283,2013-01-29,5.976315632305722e-05,7.62894342187792e-05
1284,2013-01-30,1.3383566482520606e-05,0.000101139594335109
1285,2013-01-31,1.2673739324959268e-05,7.974063191795722e-05
1286,2013-02-01,4.600585016920553e-05,3.294169800938107e-05
1287,2013-02-04,4.995953524064686e-05,3.237406417611055e-05
1288,2013-02-05,4.931911701564049e-05,4.9645321269053966e-05
1289,2013-02-06,4.0717649980248616e-05,4.246081516612321e-05
1290,2013-02-07,4.758004624940128e-05,5.1094677473884076e-05
1291,2013-02-08,4.928297759357344e-05,4.156392969889566e-05
1292,2013-02-11,2.9256415051609915e-05,4.582963083521463e-05
1293,2013-02-12,1.6706184147464525e-05,3.6388661101227626e-05
1294,2013-02-13,3.4840467655964394e-05,4.327000351622701e-05
1295,2013-02-14,2.9897294304821746e-05,3.1284198485082015e-05
1296,2013-02-15,4.1532684463449983e-05,3.222648592782207e-05
1297,2013-02-18,1.0195570682363746e-05,3.494470365694724e-05
1298,2013-02-19,4.049095999329924e-05,2.7481986762722954e-05
1299,2013-02-20,3.0539188564802946e-05,2.8205296985106543e-05
1300,2013-02-21,8.900674574112384e-05,4.755249756271951e-05
1301,2013-02-22,2.4304672144889663e-05,2.846267307177186e-05
1302,2013-02-25,4.4154006136713416e-05,2.445338395773433e-05
1303,2013-02-26,9.123939472892992e-05,3.257062053307891e-05
1304,2013-02-27,6.492734423679488e-05,3.6841236578766257e-05
1305,2013-02-28,0.00036294586057602433,3.216167169739492e-05
1306,2013-03-01,3.8798556990831824e-05,6.066011337679811e-05
1307,2013-03-04,3.861188809820392e-05,5.568535198108293e-05
1308,2013-03-05,6.472386056758574e-05,3.7794186937389895e-05
1309,2013-03-06,4.3032690369405256e-05,6.309988384600729e-05
1310,2013-03-07,6.899653254590373e-05,5.80058476771228e-05
1311,2013-03-08,5.947286535673953e-05,6.544981442857534e-05
1312,2013-03-11,1.714351078187132e-05,6.448047497542575e-05
1313,2013-03-12,3.4063247719821736e-05,4.48834580311086e-05
1314,2013-03-13,5.0512429983088326e-05,5.100995986140333e-05
1315,2013-03-14,0.0001787944453546776,5.649751255987212e-05
1316,2013-03-15,7.278011372472201e-05,8.141672878991812e-05
1317,2013-03-18,0.00010540267542449822,5.471505573950708e-05
1318,2013-03-19,0.0002149200648145051,7.872140849940479e-05
1319,2013-03-20,4.2212803402931755e-05,6.388303154380992e-05
1320,2013-03-21,0.00014389953084679636,3.43037027050741e-05
1321,2013-03-22,3.816002728124065e-05,7.589344022562727e-05
1322,2013-03-25,0.0001894124803643114,6.30609574727714e-05
1323,2013-03-26,3.395527778001207e-05,6.253985338844359e-05
1324,2013-03-28,9.292225083624032e-05,4.233587605995126e-05
1325,2013-04-01,2.7659263726904485e-05,0.00010724626918090507
1326,2013-04-02,4.742499682033169e-05,0.00010918893531197682
1327,2013-04-03,9.81228119505237e-05,0.00015670947323087603
1328,2013-04-04,9.94149779681601e-05,0.00016958803462330252
1329,2013-04-05,2.184427788683998e-05,8.123679435811937e-05
1330,2013-04-08,1.3068625923472101e-05,0.00010145732085220516
1331,2013-04-09,0.00017507235222489944,6.294404010986909e-05
1332,2013-04-10,0.00017320054726049347,7.743555761408061e-05
1333,2013-04-11,0.0001270005982522979,0.00010297154221916571
1334,2013-04-12,0.0002017141445322703,0.00011284637002972886
1335,2013-04-15,0.0001090128612683344,8.255607099272311e-05
1336,2013-04-16,0.00022062593275952197,0.00011638209252851084
1337,2013-04-17,5.27046777960748e-05,0.0001078656132449396
1338,2013-04-18,0.0001320985504656562,0.00010246274177916348
1339,2013-04-22,3.2547263592395116e-05,7.906622340669855e-05
1340,2013-04-23,4.839397128025933e-05,0.00010296652908436954
1341,2013-04-25,6.04887002199652e-05,0.0001288904604734853
1342,2013-04-26,2.8865023044380188e-05,0.00010162164835492149
1343,2013-04-29,2.521297703017839e-05,0.00013552725431509316
1344,2013-04-30,0.00011771518247206019,7.370000093942508e-05
1345,2013-05-02,0.0001249705180492381,4.322722816141322e-05
1346,2013-05-03,4.7751695755288456e-05,9.721371316118166e-05
1347,2013-05-06,2.2858776419935333e-05,0.00010788586951093748
1348,2013-05-07,4.727358771193069e-05,0.00011798440391430631
1349,2013-05-08,4.815891569358793e-05,7.640499097760767e-05
1350,2013-05-09,2.012056050066396e-05,0.00010091779404319823
1351,2013-05-10,3.378685553745325e-05,0.00012157648598076776
1352,2013-05-13,0.0001619304372090384,5.812457675347105e-05
1353,2013-05-14,3.243233836208962e-05,0.00012467139458749443
1354,2013-05-15,0.0001907853737350881,7.187708251876757e-05
1355,2013-05-16,4.2508281453312235e-05,7.257891411427408e-05
1356,2013-05-17,2.712312207611578e-05,7.083045056788251e-05
1357,2013-05-20,6.696790275119435e-05,7.399586320389062e-05
1358,2013-05-21,5.6265938878661276e-05,9.113841224461794e-05
1359,2013-05-22,5.204616483000557e-05,5.896955917705782e-05
1360,2013-05-23,0.00020214712268113501,7.298635318875313e-05
1361,2013-05-24,0.00012680764787278542,3.523584746289998e-05
1362,2013-05-27,0.00014341736443935436,5.5010197684168816e-05
1363,2013-05-28,4.879757924028075e-05,7.27627775631845e-05
1364,2013-05-29,3.740486513123758e-05,7.642021228093654e-05
1365,2013-05-30,6.305710308312825e-05,5.092902938486077e-05
1366,2013-05-31,0.00017525952077153715,9.431112994207069e-05
1367,2013-06-03,8.853634360642093e-05,8.023171540116891e-05
1368,2013-06-04,5.68002331635097e-05,4.6088185627013445e-05
1369,2013-06-05,3.0370111611881523e-05,6.135912553872913e-05
1370,2013-06-06,9.63845775593921e-05,7.917420589365065e-05
1371,2013-06-07,0.0001468995450338642,0.00011973569053225219
1372,2013-06-10,7.352938722567737e-05,7.929525600047782e-05
1373,2013-06-11,0.00010188351389531786,0.00010113273310707882
1374,2013-06-12,3.801266396372456e-05,7.011843990767375e-05
1375,2013-06-13,0.0001010021909458509,8.650365634821355e-05
1376,2013-06-14,0.00014015486085416202,0.00010295985703123733
1377,2013-06-17,9.471436564902634e-05,5.169893483980559e-05
1378,2013-06-18,3.7464632813634236e-05,0.00010140160884475335
1379,2013-06-19,3.1544374260778125e-05,0.00012739308294840157
1380,2013-06-20,0.0002637534019760181,0.00016795886040199548
1381,2013-06-21,5.8117727275212424e-05,0.00012439479178283364
1382,2013-06-24,9.048291372115542e-05,9.004166349768639e-05
1383,2013-06-25,0.00010946092904941521,0.00010927540279226378
1384,2013-06-26,4.459009895309885e-05,7.00550081091933e-05
1385,2013-06-27,0.00015969340060064465,7.427520904457197e-05
1386,2013-06-28,0.0002466335986843073,0.00014554963854607195
1387,2013-07-01,6.833281803540368e-05,8.632161188870668e-05
1388,2013-07-02,2.6640374060941153e-05,0.00010490468412172049
1389,2013-07-03,9.150417382544184e-05,9.377185051562265e-05
1390,2013-07-04,5.526522911252425e-05,9.163134382106364e-05
1391,2013-07-05,9.869565530510361e-05,6.529608072014526e-05
1392,2013-07-08,8.096066189957376e-05,6.39732024865225e-05
1393,2013-07-09,2.506641333371739e-05,3.952540282625705e-05
1394,2013-07-10,6.108747754027794e-05,4.78025758638978e-05
1395,2013-07-11,0.00021242346406085346,0.00011952166096307337
1396,2013-07-12,0.00017688470501939376,0.0001123555121012032
1397,2013-07-15,3.9261682587445675e-05,7.979235670063645e-05
1398,2013-07-16,0.000308939205510497,7.236569217639044e-05
1399,2013-07-17,5.296746824494176e-05,6.651342118857428e-05
1400,2013-07-18,5.7982297160504606e-05,7.362581527559087e-05
1401,2013-07-19,2.9866147268124543e-05,7.059254130581394e-05
1402,2013-07-22,4.9579574330511915e-05,7.085301331244409e-05
1403,2013-07-23,3.95046671897187e-05,6.439598655560985e-05
1404,2013-07-24,0.00012433858293597465,8.506627636961639e-05
1405,2013-07-25,9.615190775924488e-05,9.232633601641282e-05
1406,2013-07-26,8.139676649165786e-05,9.237036283593625e-05
1407,2013-07-29,4.3931373769963124e-05,5.841353413416073e-05
1408,2013-07-30,0.00013216628316620492,0.00012486618652474135
1409,2013-07-31,9.537214863441652e-05,6.152712012408301e-05
1410,2013-08-01,0.00021490818737358026,7.844247011234984e-05
1411,2013-08-02,0.00014874633038262323,0.00017358102195430547
1412,2013-08-05,3.885817654217826e-05,0.00010992564057232812
1413,2013-08-06,0.00023837069388514878,6.721644604112953e-05
1414,2013-08-07,6.654973096548766e-05,0.0001160695101134479
1415,2013-08-08,5.421548529187276e-05,0.0001886910613393411
1416,2013-08-12,0.00013713975263496072,7.9910627391655e-05
1417,2013-08-13,0.00017469374761106357,0.00010550182923907414
1418,2013-08-14,5.163679230536893e-05,8.859102672431618e-05
1419,2013-08-16,0.0005647224541765141,0.0001602449920028448
1420,2013-08-19,0.00025285384355440996,0.00011280419130343944
1421,2013-08-20,0.0002841560453129321,0.00010379221203038469
1422,2013-08-21,0.0009431834059306823,6.975507130846381e-05
1423,2013-08-22,0.00033868040949358564,6.482014578068629e-05
1424,2013-08-23,0.00015078326108678252,8.690659888088703e-05
1425,2013-08-26,8.64497736214948e-05,0.00010701200517360121
1426,2013-08-27,0.0003630327461757128,0.00014172731607686728
1427,2013-08-28,0.0006698401386561724,8.738213364267722e-05
1428,2013-08-29,0.00022038879038660698,0.00022620784875471145
1429,2013-08-30,0.0002077971807884011,0.0001883358199847862
1430,2013-09-02,8.588800302834463e-05,0.0001088218778022565
1431,2013-09-03,0.0007729995212731883,0.0001252274087164551
1432,2013-09-04,0.0002490718867105556,0.000325707602314651
1433,2013-09-05,0.0004363189616205052,9.203569788951427e-05
1434,2013-09-06,0.00019633696113205805,0.0001311678788624704
1435,2013-09-10,0.00038199531287830675,0.0001385851646773517
1436,2013-09-11,0.0001011600490099743,0.00014170663780532777
1437,2013-09-12,0.00015150951662284347,0.00030503320158459246
1438,2013-09-13,5.9391113082679316e-05,0.0001884977100417018
1439,2013-09-16,0.0004297203342593833,0.00027043186128139496
1440,2013-09-17,3.656225498948873e-05,0.0002672932168934494
1441,2013-09-18,7.342347742725081e-05,0.0002268613752676174
1442,2013-09-19,0.0006863301318641111,0.00014395549078471959
1443,2013-09-20,0.00038802999374198813,0.00022315344540402293
1444,2013-09-23,0.0002603049268508987,0.00017099050455726683
1445,2013-09-24,0.000121678139167857,0.00025068409740924835
1446,2013-09-25,0.00012565629989711873,9.411867358721793e-05
1447,2013-09-26,3.4062130336749626e-05,0.00011598088894970715
1448,2013-09-27,9.573722369558743e-05,0.00011840213119285181
1449,2013-09-30,0.00011597006290421184,0.000315929384669289
1450,2013-10-01,0.00011036330398716331,0.00017031023162417114
1451,2013-10-03,0.00017532501840736102,0.00022014154819771647
1452,2013-10-04,6.288455766059532e-05,0.0002059384569292888
1453,2013-10-07,0.0001124579457356696,0.0002200560993514955
1454,2013-10-08,0.00017969716408544243,8.83829197846353e-05
1455,2013-10-09,0.0002184835902961002,0.00014861296222079545
1456,2013-10-10,2.8701957224501102e-05,0.00019831821555271745
1457,2013-10-11,0.0002448248912197223,7.377672591246665e-05
1458,2013-10-14,1.543056211432616e-05,5.0759463192662224e-05
1459,2013-10-15,0.00012638996826867474,8.53883902891539e-05
1460,2013-10-17,5.791236274194981e-05,0.00011717402230715379
1461,2013-10-18,0.00017147376621983373,0.00011587396875256673
1462,2013-10-21,3.612970221702077e-05,5.224966298555955e-05
1463,2013-10-22,1.717384204974844e-05,0.00012009317288175225
1464,2013-10-23,0.00011549802834108004,9.242835221812129e-05
1465,2013-10-24,0.0001490407952513955,7.573589391540736e-05
1466,2013-10-25,2.364685193864307e-05,8.055611397139728e-05
1467,2013-10-28,5.282025457333345e-05,7.731985533609986e-05
1468,2013-10-29,0.0002016525784193455,6.875671533634886e-05
1469,2013-10-30,2.1731663740494965e-05,4.9928639782592654e-05
1470,2013-10-31,5.1909345239799416e-05,5.931604391662404e-05
1471,2013-11-01,2.3794754978321352e-05,0.00011823660315712914
1472,2013-11-05,4.82426168586855e-05,6.159933400340378e-05
1473,2013-11-06,3.353173609730044e-05,9.375486115459353e-05
1474,2013-11-07,0.00012876239735491697,7.445548544637859e-05
1475,2013-11-08,4.402548323209346e-05,7.706381438765675e-05
1476,2013-11-11,7.673135931164532e-05,0.00010684598237276077
1477,2013-11-12,8.971080940704088e-05,7.51122715882957e-05
1478,2013-11-13,6.100602935573218e-05,9.124782809522003e-05
1479,2013-11-14,0.00011828996035956361,6.08886475674808e-05
1480,2013-11-18,0.00014854078912635542,8.055288344621658e-05
1481,2013-11-19,1.1251100718652468e-05,8.215527486754581e-05
1482,2013-11-20,9.081174658141309e-05,5.095370943308808e-05
1483,2013-11-21,0.00013609932978663012,8.733507274882868e-05
1484,2013-11-22,7.630263366034386e-05,7.014438597252592e-05
1485,2013-11-25,0.00011605249280751111,7.152322359615937e-05
1486,2013-11-26,4.507807915344105e-05,5.4861142416484654e-05
1487,2013-11-27,1.975035646783215e-05,4.367892324808054e-05
1488,2013-11-28,5.080778408669597e-05,6.482570461230353e-05
1489,2013-11-29,5.979253712260916e-05,0.0001317446876782924
1490,2013-12-02,3.064868532498116e-05,4.849441029364243e-05
1491,2013-12-03,1.5665906444101575e-05,8.289902325486764e-05
1492,2013-12-04,3.6435016709127394e-05,7.566233398392797e-05
1493,2013-12-05,0.0003136227838961247,6.257314089452848e-05
1494,2013-12-06,1.9274322987935546e-05,6.602847861358896e-05
1495,2013-12-09,0.0006425078371398651,6.0645132180070505e-05
1496,2013-12-10,2.9432463258360165e-05,6.226639379747212e-05
1497,2013-12-11,3.489126265375152e-05,6.938015576452017e-05
1498,2013-12-12,5.171892956503665e-05,6.137562013464049e-05
1499,2013-12-13,5.2546046591575224e-05,3.345799996168353e-05
1500,2013-12-16,1.2400048990373773e-05,4.866787276114337e-05
1501,2013-12-17,4.405171567609635e-05,4.69940532639157e-05
1502,2013-12-18,0.00010430665674215759,5.418534419732168e-05
1503,2013-12-19,0.00014651669075624332,4.229539990774356e-05
1504,2013-12-20,0.00011782201837641019,0.00010333472891943529
1505,2013-12-23,3.1552634176618424e-05,6.887806375743821e-05
1506,2013-12-24,1.687244092956525e-05,5.315970702213235e-05
1507,2013-12-26,1.7219060426342467e-05,4.2739637137856334e-05
1508,2013-12-27,1.5943462395116126e-05,3.441262015257962e-05
1509,2013-12-30,5.5862978481389515e-05,3.969062163378112e-05
1510,2013-12-31,1.451751855281898e-05,3.664434188976884e-05
1511,2014-01-02,0.00020059012843749534,3.7366942706285045e-05
1512,2014-01-03,4.1723256713142565e-05,5.0345002819085494e-05
1513,2014-01-06,3.07412255979172e-05,5.055048313806765e-05
1514,2014-01-07,5.533601292478208e-05,6.784409924875945e-05
1515,2014-01-08,1.528154336129494e-05,4.1631526983110234e-05
1516,2014-01-09,1.6758678876506762e-05,7.537943019997329e-05
1517,2014-01-10,9.496569564107382e-05,0.0001747755304677412
1518,2014-01-13,9.486811508393159e-05,8.857328066369519e-05
1519,2014-01-14,2.333817546942452e-05,0.00012440892169252038
1520,2014-01-15,4.5600474745914595e-05,0.00010071857104776427
1521,2014-01-16,3.0129249871845632e-05,9.810088522499427e-05
1522,2014-01-17,5.9205848715211025e-05,4.4833232095697895e-05
1523,2014-01-20,3.676432784855484e-05,6.210549327079207e-05
1524,2014-01-21,1.5563470253546735e-05,5.5643937230343e-05
1525,2014-01-22,3.402564522262885e-05,4.957899000146426e-05
1526,2014-01-23,1.6943913917988617e-05,0.00010758318967418745
1527,2014-01-24,9.268746924724543e-05,8.01553251221776e-05
1528,2014-01-27,0.00019728068477998178,4.1740779124666005e-05
1529,2014-01-28,5.4156436028002605e-05,4.815030479221605e-05
1530,2014-01-29,6.46425555304567e-05,6.715385097777471e-05
1531,2014-01-30,0.0001126781225235124,4.049024573760107e-05
1532,2014-01-31,1.097401365934784e-05,6.0567737818928435e-05
1533,2014-02-03,8.568243126597371e-05,5.3581909014610574e-05
1534,2014-02-04,0.00014913519294049965,7.186055881902575e-05
1535,2014-02-05,5.274112477232016e-05,7.039421325316653e-05
1536,2014-02-06,8.778271968443769e-05,6.708061846438795e-05
1537,2014-02-07,7.64443867925468e-05,9.06468485482037e-05
1538,2014-02-10,1.4745662996268773e-05,6.389235204551369e-05
1539,2014-02-11,1.7178545009473628e-05,5.7394390751142055e-05
1540,2014-02-12,2.338908997366274e-05,0.00013296614633873105
1541,2014-02-13,9.892499324259787e-05,9.087145735975355e-05
1542,2014-02-14,7.018418861185605e-05,5.524983862414956e-05
1543,2014-02-18,6.575123038256531e-05,5.218468140810728e-05
1544,2014-02-19,1.124867436266472e-05,7.830524555174634e-05
1545,2014-02-20,3.39003040106693e-05,5.9287653130013496e-05
1546,2014-02-21,3.175262018267772e-05,3.59415753337089e-05
1547,2014-02-24,3.867252946133236e-05,6.833755469415337e-05
1548,2014-02-25,2.525054048141083e-05,6.991698319325224e-05
1549,2014-02-26,1.7262729958847926e-05,5.8556150179356337e-05
1550,2014-02-28,2.8743741054926772e-05,5.25245486642234e-05
1551,2014-03-03,4.0954977649680797e-05,6.571199628524482e-05
1552,2014-03-04,6.529558600620915e-05,4.1674033127492294e-05
1553,2014-03-05,5.1858217147848534e-05,6.983148341532797e-05
1554,2014-03-06,4.3603136657303416e-05,5.204541957937181e-05
1555,2014-03-07,0.00012941358596490164,6.495789421023801e-05
1556,2014-03-10,7.599879057001787e-05,7.678592373849824e-05
1557,2014-03-11,3.704769528930493e-05,5.642293763230555e-05
1558,2014-03-12,3.4691323562336074e-05,4.022003849968314e-05
1559,2014-03-13,9.267300036678654e-05,4.730237560579553e-05
1560,2014-03-14,0.00010886019801790062,4.820341200684197e-05
1561,2014-03-18,6.919122723064768e-05,5.469695315696299e-05
1562,2014-03-19,1.4173045667248137e-05,5.8356294175609946e-05
1563,2014-03-20,2.6031879131334877e-05,5.6149179727071896e-05
1564,2014-03-21,3.530394308266797e-05,8.819170761853456e-05
1565,2014-03-24,5.9261747536925495e-05,4.3160951463505626e-05
1566,2014-03-25,4.5885951094810905e-05,3.8946403947193176e-05
1567,2014-03-26,3.2664367591704936e-05,4.4710817746818066e-05
1568,2014-03-27,4.739753006551414e-05,3.2160842238226905e-05
1569,2014-03-28,5.164158255284758e-05,2.907236194005236e-05
1570,2014-03-31,5.9278385850370396e-05,3.074430424021557e-05
1571,2014-04-01,5.140639785098761e-05,3.414039019844495e-05
1572,2014-04-02,4.484034433047394e-05,4.533355968305841e-05
1573,2014-04-03,6.368821167313272e-05,4.5128195779398084e-05
1574,2014-04-04,2.539121426307743e-05,5.460423562908545e-05
1575,2014-04-07,4.266358463701505e-05,5.4746320529375225e-05
1576,2014-04-09,9.507756301228588e-05,5.493402204592712e-05
1577,2014-04-10,1.354215794151438e-05,5.241815961198881e-05
1578,2014-04-11,4.701102143135488e-05,5.4632724641123787e-05
1579,2014-04-15,8.118845249703264e-05,3.611091960920021e-05
1580,2014-04-16,5.3410766197418525e-05,3.0659186450066045e-05
1581,2014-04-17,8.187577131127877e-05,2.7451967980596237e-05
1582,2014-04-21,1.3078815614646966e-05,4.09187596233096e-05
1583,2014-04-22,8.004861357132738e-06,4.702714431914501e-05
1584,2014-04-23,1.5526099108532277e-05,2.852511897799559e-05
1585,2014-04-25,7.279022470733911e-05,3.770824332605116e-05
1586,2014-04-28,9.8370784920274e-06,4.271018042345531e-05
1587,2014-04-29,3.8691778989335236e-05,1.9690301996888593e-05
1588,2014-04-30,0.00011516939664065337,4.674018782679923e-05
1589,2014-05-02,2.4766416725004086e-05,5.2009498176630586e-05
1590,2014-05-05,4.282739125730091e-05,3.377976463525556e-05
1591,2014-05-06,2.224923229122912e-05,6.401420978363603e-05
1592,2014-05-07,4.423932207423968e-05,3.402016591280699e-05
1593,2014-05-08,2.53381652359293e-05,3.6463141441345215e-05
1594,2014-05-09,0.0003575386732890154,3.203909727744758e-05
1595,2014-05-12,0.0001745150770310301,3.3050419006031007e-05
1596,2014-05-13,0.00017585508893972106,2.8356980692478828e-05
1597,2014-05-14,2.4804007115949985e-05,2.4494718672940508e-05
1598,2014-05-15,3.207734248077397e-05,2.556675099185668e-05
1599,2014-05-16,0.0018507799311123952,4.7795329010114074e-05
1600,2014-05-19,0.00018366190568116955,6.412150105461478e-05
1601,2014-05-20,0.00011177481758266805,3.0916660762159154e-05
1602,2014-05-21,4.806085031388509e-05,3.439926513237879e-05
1603,2014-05-22,5.0197862371263626e-05,6.464400939876214e-05
1604,2014-05-23,6.423408356032516e-05,7.218042446766049e-05
1605,2014-05-26,0.00040590351804873314,3.853939051623456e-05
1606,2014-05-27,6.696476080241768e-05,8.181555313058197e-05
1607,2014-05-28,1.2164646324181228e-05,5.261559272184968e-05
1608,2014-05-29,6.80633757051589e-05,8.324872760567814e-05
1609,2014-05-30,0.00021514717696432498,4.5466262236004695e-05
1610,2014-06-02,0.0001292113248709812,4.591275137499906e-05
1611,2014-06-03,4.8403370467318515e-05,6.47173001198098e-05
1612,2014-06-04,1.0803267850191747e-05,8.79032741067931e-05
1613,2014-06-05,9.853463165239584e-05,4.3905489292228594e-05
1614,2014-06-06,9.426426413628537e-05,0.00013875866716261953
1615,2014-06-09,7.792291056061944e-05,4.720463039120659e-05
1616,2014-06-10,0.00010172247471996627,6.685708649456501e-05
1617,2014-06-11,7.491089627765237e-05,4.417209856910631e-05
1618,2014-06-12,3.582976948594214e-05,0.0001210735208587721
1619,2014-06-13,0.00014266058845059396,0.00010835017019417137
1620,2014-06-16,2.878634690044724e-05,4.837952656089328e-05
1621,2014-06-17,9.862355535311004e-05,4.530731894192286e-05
1622,2014-06-18,0.00012754954302573185,9.510014206171036e-05
1623,2014-06-19,7.186746992301514e-05,8.334890299011022e-05
1624,2014-06-20,2.364051046420902e-05,8.705541404196993e-05
1625,2014-06-23,5.703861722685034e-05,0.00010429736721562222
1626,2014-06-24,4.552872322011856e-05,8.009701559785753e-05
1627,2014-06-25,8.006043876939407e-06,6.155376468086615e-05
1628,2014-06-26,5.081559259734319e-05,9.146642696578056e-05
1629,2014-06-27,2.6504838795090354e-05,0.00011670307139866054
1630,2014-06-30,6.155790869890096e-05,7.661351992283016e-05
1631,2014-07-01,1.1022930377261481e-05,7.37281225156039e-05
1632,2014-07-02,5.7040212393605825e-05,6.197179027367383e-05
1633,2014-07-03,1.4951128960516658e-05,6.283218681346625e-05
1634,2014-07-04,6.649432539212185e-05,6.293221667874604e-05
1635,2014-07-07,2.3486138872910003e-05,6.191129796206951e-05
1636,2014-07-08,0.00026538940416401485,4.943781823385507e-05
1637,2014-07-09,6.22039371624628e-05,2.987032894452568e-05
1638,2014-07-10,0.00037760063740127024,5.154352402314544e-05
1639,2014-07-11,0.00019767468728455604,7.763372559566051e-05
1640,2014-07-14,2.3515403595134222e-05,5.294877337291837e-05
1641,2014-07-15,6.201767515699356e-05,7.399515743600205e-05
1642,2014-07-16,9.329494858236362e-05,3.510306487441994e-05
1643,2014-07-17,1.4239240838462826e-05,7.981876842677593e-05
1644,2014-07-18,4.835074215640908e-05,4.497665213420987e-05
1645,2014-07-21,3.7656827140976256e-05,0.0001353184343315661
1646,2014-07-22,3.662400601860021e-05,6.97807627147995e-05
1647,2014-07-23,3.3827297696791934e-05,6.0463338741101325e-05
1648,2014-07-24,2.448229338398824e-05,6.464333273470402e-05
1649,2014-07-25,5.131315115391986e-05,3.27675516018644e-05
1650,2014-07-28,3.5127978643434876e-05,4.975699266651645e-05
1651,2014-07-30,5.1441874729792164e-05,4.651424751500599e-05
1652,2014-07-31,3.723768743970009e-05,5.890081956749782e-05
1653,2014-08-01,0.00015547339559752592,5.178113860893063e-05
1654,2014-08-04,5.385148247508538e-05,5.4022348194848746e-05
1655,2014-08-05,0.00010421621150050379,5.3192365157883614e-05
1656,2014-08-06,4.488686394526672e-05,4.605180583894253e-05
1657,2014-08-07,5.050175837916193e-05,5.102985960547812e-05
1658,2014-08-08,8.256038089357645e-05,5.121639696881175e-05
1659,2014-08-11,5.418194534010615e-05,7.084241224220023e-05
1660,2014-08-12,0.00010773983820640685,5.458481246023439e-05
1661,2014-08-13,2.2612546133148158e-05,5.289037653710693e-05
1662,2014-08-14,2.3746832864010017e-05,6.798731192247942e-05
1663,2014-08-18,5.721584613897115e-05,6.74195762258023e-05
1664,2014-08-19,1.890693869690434e-05,5.622066237265244e-05
1665,2014-08-20,2.3942181655176695e-05,6.748409941792488e-05
1666,2014-08-21,2.1994579752111335e-05,4.62263633380644e-05
1667,2014-08-22,8.018817445829827e-06,6.540228059748188e-05
1668,2014-08-25,3.562272788183607e-05,5.5009935749694705e-05
1669,2014-08-26,3.129466935463767e-05,6.055532503523864e-05
1670,2014-08-27,1.8592275779778118e-05,5.467525261337869e-05
1671,2014-08-28,5.462351336726803e-06,5.937812602496706e-05
1672,2014-09-01,3.3992239847295314e-05,5.817237251903862e-05
1673,2014-09-02,2.52511898750872e-05,4.347483263700269e-05
1674,2014-09-03,2.4510109262627755e-05,3.774379365495406e-05
1675,2014-09-04,2.0711915637170884e-05,4.214701766613871e-05
1676,2014-09-05,2.8087947151732716e-05,4.1831557609839365e-05
1677,2014-09-08,4.706957623748157e-05,4.8958350816974416e-05
1678,2014-09-09,1.4594219032556692e-05,4.725205508293584e-05
1679,2014-09-10,1.997352662957379e-05,8.378156053368002e-05
1680,2014-09-11,3.327498252797999e-05,9.450803190702572e-05
1681,2014-09-12,9.492124936656476e-06,5.3087715059518814e-05
1682,2014-09-15,3.052621349136115e-05,5.4725442169001326e-05
1683,2014-09-16,7.63602248658151e-05,5.0071543228114024e-05
1684,2014-09-17,4.054262234788455e-05,3.463813118287362e-05
1685,2014-09-18,0.00018198655376170275,4.700351564679295e-05
1686,2014-09-19,1.982754530507633e-05,3.313367051305249e-05
1687,2014-09-22,6.697641543487955e-05,4.451590939424932e-05
1688,2014-09-23,0.00011882125084648302,3.554158320184797e-05
1689,2014-09-24,4.7288651017243584e-05,4.7769532102392986e-05
1690,2014-09-25,0.00010844941494327255,5.47003946849145e-05
1691,2014-09-26,0.00013488960442982617,3.8630463677691296e-05
1692,2014-09-29,1.907532567093948e-05,5.6602246331749484e-05
1693,2014-09-30,6.973350192414502e-05,3.236341581214219e-05
1694,2014-10-01,9.34555794725795e-06,7.380931492662057e-05
1695,2014-10-07,9.73829070250917e-05,6.514649430755526e-05
1696,2014-10-08,2.5930949196920314e-05,5.761188731412403e-05
1697,2014-10-09,7.129703909243559e-05,5.690360558219254e-05
1698,2014-10-10,6.974247911380969e-05,5.786258407169953e-05
1699,2014-10-13,7.511288003279701e-05,4.683625229517929e-05
1700,2014-10-14,8.699292965448741e-05,4.127675492782146e-05
1701,2014-10-16,0.0001663746979962373,4.812959741684608e-05
1702,2014-10-17,5.8236527665006154e-05,6.776986992917955e-05
1703,2014-10-20,0.00023754131638746397,4.812088081962429e-05
1704,2014-10-21,3.4825864730978764e-05,5.647763828164898e-05
1705,2014-10-22,8.322313376681591e-05,4.785247438121587e-05
1706,2014-10-27,0.00010544580955420249,4.846292722504586e-05
1707,2014-10-28,1.1314447610420787e-05,8.091753261396661e-05
1708,2014-10-29,4.983307825798344e-05,7.396905857603997e-05
1709,2014-10-30,4.855347241876984e-05,4.481378346099518e-05
1710,2014-10-31,0.00010230703888253411,4.871658165939152e-05
1711,2014-11-03,2.5894349453500946e-05,8.314660954056308e-05
1712,2014-11-05,1.8969582141302757e-05,8.973425428848714e-05
1713,2014-11-07,2.5608786688703393e-05,5.479693572851829e-05
1714,2014-11-10,2.943124268737388e-05,7.875061419326812e-05
1715,2014-11-11,1.7953880331709062e-05,5.912701089982875e-05
1716,2014-11-12,1.56144636724145e-05,7.169627497205511e-05
1717,2014-11-13,4.9134854746346504e-05,5.051993139204569e-05
1718,2014-11-14,1.3934101843581429e-05,5.227388828643598e-05
1719,2014-11-17,4.165798636457358e-05,6.901127198943868e-05
1720,2014-11-18,1.208578633208316e-05,5.940616756561212e-05
1721,2014-11-19,4.602896464275173e-05,2.801506889227312e-05
1722,2014-11-20,3.322769116505292e-05,3.763549466384575e-05
1723,2014-11-21,3.976184010529932e-05,2.924658292613458e-05
1724,2014-11-24,1.1624162404401433e-05,2.6904544938588515e-05
1725,2014-11-25,5.600705433968975e-05,3.8112993934191763e-05
1726,2014-11-26,2.06213937110572e-05,3.425718387006782e-05
1727,2014-11-27,1.2117414308236169e-05,3.924018528778106e-05
1728,2014-11-28,5.694780736391465e-05,3.236097836634144e-05
1729,2014-12-01,3.153500744851948e-05,3.024772013304755e-05
1730,2014-12-02,1.982645229063053e-05,4.257938780938275e-05
1731,2014-12-03,7.550553316304203e-06,3.5680313885677606e-05
1732,2014-12-04,7.290752972708575e-05,3.3481144782854244e-05
1733,2014-12-05,2.4854830925087088e-05,3.46607957908418e-05
1734,2014-12-08,6.102707385566328e-05,5.0394188292557374e-05
1735,2014-12-09,6.248226631823297e-05,3.625035606091842e-05
1736,2014-12-10,2.6439961999857177e-05,3.576657400117256e-05
1737,2014-12-11,3.2478054258346585e-05,3.697706779348664e-05
1738,2014-12-12,5.6600643001756915e-05,5.6238033721456304e-05
1739,2014-12-15,0.00010102294422573171,5.3836065490031615e-05
1740,2014-12-16,0.00012814461713184065,4.752298627863638e-05
1741,2014-12-17,8.946010573640847e-05,6.328731251414865e-05
1742,2014-12-18,0.00022976442552691202,5.344482997315936e-05
1743,2014-12-19,9.131943327663167e-05,3.22604610119015e-05
1744,2014-12-22,6.65240387553336e-05,3.7579433410428464e-05
1745,2014-12-23,6.351206694444926e-05,3.610916610341519e-05
1746,2014-12-24,8.589358704378768e-05,3.205820030416362e-05
1747,2014-12-26,5.3590536801715146e-05,5.4526226449524984e-05
1748,2014-12-29,2.8428072871672302e-05,5.2845451136818156e-05
1749,2014-12-30,1.5849487905049692e-05,5.475404759636149e-05
1750,2014-12-31,1.1596940191725247e-05,4.1084047552431e-05
1751,2015-01-02,7.357351876617532e-05,4.921624713460915e-05
1752,2015-01-05,3.5989439085084444e-05,6.143822974991053e-05
1753,2015-01-06,0.00027609765849871475,4.5682929339818656e-05
1754,2015-01-07,3.819099671287993e-05,3.7897447327850387e-05
1755,2015-01-08,0.0001500405610192745,4.034346420667134e-05
1756,2015-01-09,0.00012737836777817162,4.940062717651017e-05
1757,2015-01-12,4.35135394615271e-05,9.37164222705178e-05
1758,2015-01-13,4.778889321042274e-05,8.295826410176232e-05
1759,2015-01-14,4.21317054643773e-05,0.00012406377936713398
1760,2015-01-15,0.00041012050956495743,8.886577415978536e-05
1761,2015-01-16,3.517646507964464e-05,7.471554272342473e-05
1762,2015-01-19,2.5087888283839763e-05,0.00012099098967155442
1763,2015-01-20,8.931209625429357e-05,9.560902253724635e-05
1764,2015-01-21,2.087295271001932e-05,9.086122736334801e-05
1765,2015-01-22,1.3277142411107234e-05,0.0001414982689311728
1766,2015-01-23,7.861520145960375e-05,8.498891838826239e-05
1767,2015-01-27,6.223160171143854e-05,8.115632954286411e-05
1768,2015-01-28,5.8983802590985385e-05,6.620926433242857e-05
1769,2015-01-29,5.137241061550241e-05,7.222483691293746e-05
1770,2015-01-30,0.00023870723700057433,6.413513619918376e-05
1771,2015-02-02,3.514000506848271e-05,7.006663508946076e-05
1772,2015-02-03,6.259600132856114e-05,7.923833618406206e-05
1773,2015-02-04,4.916107132732724e-05,5.2614184824051335e-05
1774,2015-02-05,0.00012960945885987155,6.537465378642082e-05
1775,2015-02-06,3.2354239051949557e-05,0.0001039516064338386
1776,2015-02-09,0.00011585356644647029,6.712362664984539e-05
1777,2015-02-10,0.00019616469069271345,8.924541180022061e-05
1778,2015-02-11,3.547711857170965e-05,5.155551480129361e-05
1779,2015-02-12,0.0001253596885087069,9.087162470677868e-05
1780,2015-02-13,4.902545649378274e-05,9.749046876095235e-05
1781,2015-02-16,3.5741095399288514e-05,6.535059219459072e-05
1782,2015-02-18,3.3327057965813676e-05,7.181370892794803e-05
1783,2015-02-19,8.314754616560646e-05,8.088289177976549e-05
1784,2015-02-20,3.06205347759592e-05,5.9408943343441933e-05
1785,2015-02-23,8.367705781034452e-05,7.104131509549916e-05
1786,2015-02-24,2.7849344688389868e-05,6.36825425317511e-05
1787,2015-02-25,5.6873191224504475e-05,5.952094943495467e-05
1788,2015-02-26,6.212378411824259e-05,4.204874130664393e-05
1789,2015-02-27,0.00011237909048448472,7.903260120656341e-05
1790,2015-03-02,0.00019356915150146192,4.6400873543461785e-05
1791,2015-03-03,3.139930867593138e-05,5.568980486714281e-05
1792,2015-03-04,0.0003677309038820845,5.5753946071490645e-05
1793,2015-03-05,6.454344069911869e-05,6.900910375406966e-05
1794,2015-03-09,0.0001273967542080992,7.432281563524157e-05
1795,2015-03-10,4.959678807187048e-05,9.400348790222779e-05
1796,2015-03-11,2.7429716880118125e-05,6.467108323704451e-05
1797,2015-03-12,3.467581608528639e-05,4.730792352347635e-05
1798,2015-03-13,0.0002704753567907414,7.718400593148544e-05
1799,2015-03-16,1.3827843434115508e-05,6.813438812969252e-05
1800,2015-03-17,0.00010326442829603825,8.797707414487377e-05
1801,2015-03-18,3.69992076451329e-05,8.098608668660745e-05
1802,2015-03-19,0.00018762456748991593,8.987077308120206e-05
1803,2015-03-20,2.7580775320383053e-05,9.321849938714877e-05
1804,2015-03-23,2.683027813190103e-05,6.857964035589248e-05
1805,2015-03-24,7.176242701163793e-05,7.233140786411241e-05
1806,2015-03-25,2.458817708990546e-05,5.2669711294583976e-05
1807,2015-03-26,0.00018724093855436563,4.5436354412231594e-05
1808,2015-03-27,0.00015485791936419,6.331423355732113e-05
1809,2015-03-30,9.470236541395092e-05,7.090533472364768e-05
1810,2015-03-31,6.0650568966144405e-05,3.184423258062452e-05
1811,2015-04-01,8.93114226047477e-05,9.941632742993534e-05
1812,2015-04-06,5.6439692704036885e-05,4.820700632990338e-05
1813,2015-04-07,7.685276752996087e-05,0.00012709115981124341
1814,2015-04-08,3.109705179661832e-05,0.0001142632681876421
1815,2015-04-09,8.815556206611552e-05,6.028324060025625e-05
1816,2015-04-10,1.7550813573634988e-05,5.567669359152205e-05
1817,2015-04-13,3.741084960999257e-05,5.577984848059714e-05
1818,2015-04-16,0.0001486608826004196,0.00010340088192606345
1819,2015-04-17,4.931829182321237e-05,7.451153214788064e-05
1820,2015-04-20,0.00018567828618240917,6.764473073417321e-05
1821,2015-04-21,8.170613390555016e-05,8.034696656977758e-05
1822,2015-04-22,0.00017954469784359269,8.299870387418196e-05
1823,2015-04-23,0.00012930367674925596,5.690094985766336e-05
1824,2015-04-24,9.793714691745571e-05,0.0001044600285240449
1825,2015-04-27,9.576315429703222e-05,8.204112236853689e-05
1826,2015-04-28,7.433860387005321e-05,0.00010130929877050221
1827,2015-04-29,4.093339408696172e-05,7.973340689204633e-05
1828,2015-04-30,4.402156089475837e-05,0.00012053044338244945
1829,2015-05-04,0.0001124248703259602,8.030214667087421e-05
1830,2015-05-05,3.0990690876496196e-05,0.00015489452925976366
1831,2015-05-06,0.00031179551892247044,0.00011384558456484228
1832,2015-05-07,8.727166027041195e-05,5.834555486217141e-05
1833,2015-05-08,0.00013859538104976207,0.00011228545918129385
1834,2015-05-11,9.743543007084546e-05,7.023703801678494e-05
1835,2015-05-12,0.00022463240334384313,5.7933979405788705e-05
1836,2015-05-13,0.00020625323549189895,7.177412771852687e-05
1837,2015-05-14,8.24246580557635e-05,0.0001490586728323251
1838,2015-05-15,2.6310945204732785e-05,0.0001232904032804072
1839,2015-05-18,6.899631527605671e-05,5.2711166063090786e-05
1840,2015-05-19,5.261961018324144e-05,4.76583736599423e-05
1841,2015-05-20,2.2829073084941088e-05,0.00015659697237424552
1842,2015-05-21,2.414237541014486e-05,0.00011731602717190981
1843,2015-05-22,2.5501702261963718e-05,8.419252844760194e-05
1844,2015-05-25,3.50276192690836e-05,6.785982986912131e-05
1845,2015-05-26,1.8725837673080865e-05,7.715265383012593e-05
1846,2015-05-27,4.094153514454989e-05,9.721278183860704e-05
1847,2015-05-28,4.871027407816404e-05,0.00011524042201926932
1848,2015-05-29,9.304003277127866e-05,7.927491969894618e-05
1849,2015-06-01,2.371150786998265e-05,7.929025741759688e-05
1850,2015-06-02,0.0002361005883306805,7.95122905401513e-05
1851,2015-06-03,0.00010900470512881019,6.683771061943844e-05
1852,2015-06-04,8.372240969698445e-05,6.195411697262898e-05
1853,2015-06-05,5.9301275150551296e-05,9.415260865353048e-05
1854,2015-06-08,5.3642904399988655e-05,5.389616853790358e-05
1855,2015-06-09,1.9570050644037274e-05,4.8121062718564644e-05
1856,2015-06-10,8.858062008634898e-05,6.046437920304015e-05
1857,2015-06-11,0.00023501331714784377,0.0001192645650007762
1858,2015-06-12,1.6705873029282063e-05,9.336502989754081e-05
1859,2015-06-15,6.599250247386287e-05,4.2095285607501864e-05
1860,2015-06-16,7.073855174102399e-05,7.424461364280432e-05
1861,2015-06-17,6.0354590226117315e-05,4.672944487538189e-05
1862,2015-06-18,4.4063286442584754e-05,4.802387047675438e-05
1863,2015-06-19,2.7449904661769874e-05,7.390066457446665e-05
1864,2015-06-22,7.957651256819789e-05,3.501422906992957e-05
1865,2015-06-23,3.059839811082312e-05,4.3174124584766105e-05
1866,2015-06-24,3.668220214724991e-05,4.4971206079935655e-05
1867,2015-06-25,5.204672865196496e-05,6.432662485167384e-05
1868,2015-06-26,2.5972197583484507e-05,4.243927833158523e-05
1869,2015-06-29,0.000355254595601148,5.192420576349832e-05
1870,2015-06-30,3.041406172986916e-05,5.836035779793747e-05
1871,2015-07-01,6.173211111437635e-05,6.182868673931807e-05
1872,2015-07-02,1.496779267575842e-05,5.2984538342570886e-05
1873,2015-07-03,2.562161555750091e-05,6.38741985312663e-05
1874,2015-07-06,0.00023982830913691668,4.825787618756294e-05
1875,2015-07-07,2.7819083140789686e-05,5.289230102789588e-05
1876,2015-07-08,0.00013530702148506092,5.645852434099652e-05
1877,2015-07-09,3.2626359665908075e-05,3.8962301914580166e-05
1878,2015-07-10,4.326794607343393e-05,5.958722613286227e-05
1879,2015-07-13,8.696204384090107e-05,4.062341031385586e-05
1880,2015-07-14,1.8201834716604407e-05,4.052760050399229e-05
1881,2015-07-15,2.3361525524894508e-05,5.01663307659328e-05
1882,2015-07-16,3.150181031464104e-05,5.772407530457713e-05
1883,2015-07-17,1.4352060068806768e-05,7.127081335056573e-05
1884,2015-07-20,3.043760048518548e-05,4.394164352561347e-05
1885,2015-07-21,8.014261936021023e-05,4.8439404054079205e-05
1886,2015-07-22,0.00010089781901567727,5.191732634557411e-05
1887,2015-07-23,3.1125360139693645e-05,3.620402640081011e-05
1888,2015-07-24,2.6696635622930395e-05,4.95271451654844e-05
1889,2015-07-27,0.00010686359000636697,5.8369929320178926e-05
1890,2015-07-28,2.9212392036094103e-05,5.578804120887071e-05
1891,2015-07-29,2.252215057308359e-05,4.603156412485987e-05
1892,2015-07-30,4.0576095567314634e-05,4.383315535960719e-05
1893,2015-07-31,6.418441437603768e-05,4.176287984591909e-05
1894,2015-08-03,2.2574351721095392e-05,4.530244041234255e-05
1895,2015-08-04,8.964738352800938e-05,6.0200913139851764e-05
1896,2015-08-05,2.4615597321679783e-05,4.4377517042448744e-05
1897,2015-08-06,1.905231740531686e-05,6.15238313912414e-05
1898,2015-08-07,9.314383824986235e-06,5.855816198163666e-05
1899,2015-08-10,7.26413508783145e-05,4.578390144160949e-05
1900,2015-08-11,6.938330122236919e-05,4.410457768244669e-05
1901,2015-08-12,6.13592659833774e-05,3.9983802707865834e-05
1902,2015-08-13,5.9309324334472715e-05,6.601846689591184e-05
1903,2015-08-14,0.00013546791087790203,4.4044638343621045e-05
1904,2015-08-17,6.178426459052645e-05,3.298202864243649e-05
1905,2015-08-18,5.1296629069836185e-05,4.4954482291359454e-05
1906,2015-08-19,4.2515021349880646e-05,4.307156632421538e-05
1907,2015-08-20,0.00010387511400533812,7.790399104123935e-05
1908,2015-08-21,0.00012711011419462673,0.0001168260132544674
1909,2015-08-24,0.0013520628693333727,6.761293479939923e-05
1910,2015-08-25,0.000667813590770154,4.8213252739515156e-05
1911,2015-08-26,0.00014304142668874822,7.399311289191246e-05
1912,2015-08-27,0.0003375640267061066,5.115874591865577e-05
1913,2015-08-28,0.0002586106482247532,4.9679758376441896e-05
1914,2015-08-31,4.888003395205379e-05,8.345890091732144e-05
1915,2015-09-01,0.000247108875940795,0.00013734574895352125
1916,2015-09-02,0.0002313197964533763,0.0001655922387726605
1917,2015-09-03,0.00010088671386238143,0.0002773888409137726
1918,2015-09-04,0.00018975369240956618,0.00026914721820503473
1919,2015-09-07,0.0001628620953956971,0.00021233365987427533
1920,2015-09-08,0.0002043335916802823,0.00010327946074539796
1921,2015-09-09,0.00026751670975037987,0.000142140022944659
1922,2015-09-10,0.0002451359515656522,0.00015266044647432864
1923,2015-09-11,9.412195411011974e-05,0.00017049533198587596
1924,2015-09-14,9.310746863464806e-05,0.00022417472791858017
1925,2015-09-15,3.672707704348231e-05,0.00021398288663476706
1926,2015-09-16,7.543178773065622e-05,0.00015061622252687812
1927,2015-09-18,0.0001441369520909911,0.00010548291902523488
1928,2015-09-21,0.00011252326537739795,0.00012605392839759588
1929,2015-09-22,0.0003193431026065911,0.00016552624583709985
1930,2015-09-23,0.00023501244182702103,0.0001255582901649177
1931,2015-09-24,4.523559939103229e-05,0.00012678091297857463
1932,2015-09-28,7.158963959658123e-05,8.098199759842828e-05
1933,2015-09-29,0.00039564829638239775,7.739850116195157e-05
1934,2015-09-30,0.00015087734948367868,0.00011391966108931229
1935,2015-10-01,6.0954749958232444e-05,0.00012346170842647552
1936,2015-10-05,0.00012634461109648092,0.00015755688946228474
1937,2015-10-06,0.00010756752627654758,7.505169196520001e-05
1938,2015-10-07,1.637802254859315e-05,0.00013900846533942968
1939,2015-10-08,5.007241026432658e-05,0.00013589509762823582
1940,2015-10-09,9.110368988195907e-05,8.966711175162345e-05
1941,2015-10-12,9.370809663885584e-05,0.00010992899478878826
1942,2015-10-13,2.7238734360904002e-05,9.39369056141004e-05
1943,2015-10-14,2.5481187529088807e-05,0.00010459859186084941
1944,2015-10-15,2.9410302550683662e-05,7.778735744068399e-05
1945,2015-10-16,5.824731985438818e-05,9.350342588732019e-05
1946,2015-10-19,1.9212687542290223e-05,6.269463483477011e-05
1947,2015-10-20,2.2496119568669852e-05,8.644790796097368e-05
1948,2015-10-21,2.9068224947047548e-05,5.3870215197093785e-05
1949,2015-10-23,5.75211698991741e-05,7.03348996466957e-05
1950,2015-10-26,5.610158039336719e-05,7.73011997807771e-05
1951,2015-10-27,1.65259615441985e-05,5.9625486755976453e-05
1952,2015-10-28,6.015520198992027e-05,6.553919956786558e-05
1953,2015-10-29,3.452157526350421e-05,6.073334225220606e-05
1954,2015-10-30,5.4710821240090346e-05,5.045843499829061e-05
1955,2015-11-02,3.599663396196075e-05,5.1335475291125476e-05
1956,2015-11-03,4.453541587065245e-05,3.451368320384063e-05
1957,2015-11-04,7.050346109648479e-05,4.618093225872144e-05
1958,2015-11-05,4.219682723124977e-05,4.645732042263262e-05
1959,2015-11-06,3.211044708876137e-05,5.216571662458591e-05
1960,2015-11-09,0.0005953339680919314,3.096747605013661e-05
1961,2015-11-10,9.20156791532642e-05,4.183323108009063e-05
1962,2015-11-13,1.9885919470693536e-05,4.226100645610131e-05
1963,2015-11-16,0.00010100041233433531,3.100523827015422e-05
1964,2015-11-17,5.937591546826456e-05,3.373726940480992e-05
1965,2015-11-18,8.201301901045803e-05,6.823256990173832e-05
1966,2015-11-19,9.781723620328319e-05,2.630314338603057e-05
1967,2015-11-20,4.6105500541230134e-05,4.9902220780495554e-05
1968,2015-11-23,1.8812203701885176e-05,3.930497769033536e-05
1969,2015-11-24,2.140979610986634e-05,3.298379306215793e-05
1970,2015-11-26,2.381473014317228e-05,3.940594251616858e-05
1971,2015-11-27,4.636920871367446e-05,4.182130578556098e-05
1972,2015-11-30,1.1974241437363895e-05,5.1325143431313336e-05
1973,2015-12-01,1.608022337715691e-05,4.727626219391823e-05
1974,2015-12-02,3.404362052551517e-05,4.236774111632258e-05
1975,2015-12-03,3.219020623030225e-05,3.1920670153340325e-05
1976,2015-12-04,4.681961269987729e-05,4.978675497113727e-05
1977,2015-12-07,5.506061535323278e-05,4.342113243183121e-05
1978,2015-12-08,5.441377279051063e-05,3.949812162318267e-05
1979,2015-12-09,5.36894061664853e-05,2.8612032110686414e-05
1980,2015-12-10,5.790326562641308e-05,3.555158036760986e-05
1981,2015-12-11,0.00010390936136401282,4.329654620960355e-05
1982,2015-12-14,0.00012185342326024105,4.965948028257117e-05
1983,2015-12-15,4.2646101499463705e-05,6.856537947896868e-05
1984,2015-12-16,3.186805890317743e-05,3.9410038880305365e-05
1985,2015-12-17,9.753174239562226e-05,5.029993917560205e-05
1986,2015-12-18,4.1872754355688024e-05,5.8968325902242213e-05
1987,2015-12-21,6.857339416277175e-05,3.116930747637525e-05
1988,2015-12-22,2.7116792381057615e-05,5.566283653024584e-05
1989,2015-12-23,4.348978139250286e-05,3.70841080439277e-05
1990,2015-12-24,2.713665262656863e-05,4.704634193331003e-05
1991,2015-12-28,3.053866634401791e-05,4.156765862717293e-05
1992,2015-12-29,9.352071989227194e-06,4.474733577808365e-05
1993,2015-12-30,1.7633378140393515e-05,4.445291051524691e-05
1994,2015-12-31,2.224753570518237e-05,4.1816958400886506e-05
1995,2016-01-04,0.00014123263101455827,4.041802458232269e-05
1996,2016-01-05,4.983607103744371e-05,4.207481470075436e-05
1997,2016-01-06,3.5673621375061115e-05,5.02488728670869e-05
1998,2016-01-07,0.00015923411786668228,4.380933387437835e-05
1999,2016-01-08,4.8711148222142705e-05,4.3820615246659145e-05
2000,2016-01-11,0.0001670431321636687,2.7361973479855806e-05
2001,2016-01-12,7.188899457922955e-05,0.00010829872917383909
2002,2016-01-13,0.0002630243339003127,0.0001383794005960226
2003,2016-01-14,0.0003229341494367375,7.13198387529701e-05
2004,2016-01-15,0.00012753641301630947,0.00012333849736023694
2005,2016-01-18,0.00010882534618260898,9.983465861296281e-05
2006,2016-01-19,7.694960516700029e-05,7.052974979160354e-05
2007,2016-01-20,0.0004449573120843804,3.610430576372892e-05
2008,2016-01-21,0.00022217704314091114,8.756951137911528e-05
2009,2016-01-22,0.0001867615737241662,0.00012555098510347307
2010,2016-01-25,6.475780849176803e-05,0.00014848788850940764
2011,2016-01-27,4.104707141582139e-05,0.0001555436319904402
2012,2016-01-28,2.7639348211697534e-05,8.321650238940492e-05
2013,2016-01-29,0.00018215279944026078,0.00014785595703870058
2014,2016-02-01,3.218971131348542e-05,0.0001196058074128814
2015,2016-02-02,0.00013499591349292093,0.00011110245395684615
2016,2016-02-03,0.00010272822982845885,0.00015680844080634415
2017,2016-02-04,9.536826633909631e-05,0.00027611461700871587
2018,2016-02-05,5.9928644335170505e-05,0.0001287396007683128
2019,2016-02-08,0.0001349805045889111,8.755915041547269e-05
2020,2016-02-09,0.00014313781740978308,0.0001075096515705809
2021,2016-02-10,8.402746999728743e-05,8.068281749729067e-05
2022,2016-02-11,0.00042077368343724364,0.00013192574260756373
2023,2016-02-12,0.0003039061421138834,8.950375922722742e-05
2024,2016-02-15,0.0002264247443181613,7.35942303435877e-05
2025,2016-02-16,0.00021479024505558647,9.235891047865152e-05
2026,2016-02-17,0.00022613772497907494,0.000150936160935089
2027,2016-02-18,0.00014654982800122558,0.0001174613498733379
2028,2016-02-19,5.132939222976852e-05,0.00022901842021383345
2029,2016-02-22,1.767264568990166e-05,0.00017915635544341058
2030,2016-02-23,0.00015248008279441632,0.00011846459528896958
2031,2016-02-24,6.828333169892548e-05,0.00011503004498081282
2032,2016-02-25,3.911490488780018e-05,0.00012532848631963134
2033,2016-02-26,0.00013350486442166348,0.00011493627971503884
2034,2016-02-29,0.0005983383966640252,0.00011340813216520473
2035,2016-03-01,0.00032093777058366684,6.65490806568414e-05
2036,2016-03-02,0.00021917913336726315,0.00010874043073272333
2037,2016-03-03,0.00010520024580578395,0.0001472696749260649
2038,2016-03-04,4.829090722898051e-05,0.00014160638966131955
2039,2016-03-08,4.262258953957116e-05,0.0001162671615020372
2040,2016-03-09,0.00012282000616524786,0.00018129135423805565
2041,2016-03-10,7.032245915657246e-05,0.00011245048517594114
2042,2016-03-11,4.1384059138106564e-05,0.00011557224934222177
2043,2016-03-14,4.7546839006266015e-05,9.781100379768759e-05
2044,2016-03-15,5.12708465459473e-05,0.00017048769223038107
2045,2016-03-16,7.42388178265465e-05,9.982846677303314e-05
2046,2016-03-17,0.00012646295014095797,0.00010925998503807932
2047,2016-03-18,6.261459533754061e-05,0.00011270288814557716
2048,2016-03-21,5.697008726745507e-05,8.458567754132673e-05
2049,2016-03-22,4.94654765433524e-05,6.647283589700237e-05
2050,2016-03-23,2.5167907029533643e-05,8.1145808508154e-05
2051,2016-03-28,0.0001615698704365097,8.099419210338965e-05
2052,2016-03-29,3.529716438786733e-05,0.00010278532863594592
2053,2016-03-30,0.00010565922719085044,5.420509114628658e-05
2054,2016-03-31,3.3443709466839964e-05,6.39983409200795e-05
2055,2016-04-01,4.091117681144208e-05,7.441431080223992e-05
2056,2016-04-04,2.973926771530277e-05,9.049663640325889e-05
2057,2016-04-05,0.00013519414061645017,0.00010938518971670419
2058,2016-04-06,3.347044458013066e-05,5.174264151719399e-05
2059,2016-04-07,5.794978931343225e-05,7.262308645294979e-05
2060,2016-04-08,1.0874569361629457e-05,8.289080869872123e-05
2061,2016-04-11,0.00017706142211848877,5.4268864914774895e-05
2062,2016-04-12,1.6681064872019508e-05,5.830211375723593e-05
2063,2016-04-13,0.0001252172908954354,8.436301141045988e-05
2064,2016-04-18,0.00010468545198990556,5.549565685214475e-05
2065,2016-04-20,5.5208979710117805e-05,6.810178456362337e-05
2066,2016-04-21,7.10730800349876e-05,9.45445426623337e-05
2067,2016-04-22,1.99623684016149e-05,8.791459549684078e-05
2068,2016-04-25,3.895404586390491e-05,5.578309719567187e-05
2069,2016-04-26,0.0001370044039759001,5.668992889695801e-05
2070,2016-04-27,2.068757524224609e-05,4.387686203699559e-05
2071,2016-04-28,0.00013627981297136617,7.268676563398913e-05
2072,2016-04-29,5.571475301346533e-05,5.242066254140809e-05
2073,2016-05-02,2.9462393969404483e-05,5.744865848100744e-05
2074,2016-05-03,0.0001521669472434585,4.8469486500835046e-05
2075,2016-05-04,2.4920300953003118e-05,4.1099956433754414e-05
2076,2016-05-05,3.929030051228988e-05,5.9991099988110363e-05
2077,2016-05-06,3.213054794082273e-05,5.49407304788474e-05
2078,2016-05-09,8.808796784670366e-05,6.923970067873597e-05
2079,2016-05-10,2.3464955275724925e-05,6.908311479492113e-05
2080,2016-05-11,0.00018245556715020087,4.599352178047411e-05
2081,2016-05-12,3.202490128655026e-05,0.00010935556929325685
2082,2016-05-13,6.227030984130201e-05,6.265698175411671e-05
2083,2016-05-16,7.178808262500464e-05,9.312778274761513e-05
2084,2016-05-17,4.56832209245676e-05,5.525531742023304e-05
2085,2016-05-18,6.175159144494807e-05,4.62429816252552e-05
2086,2016-05-19,6.779048887299967e-05,6.516357825603336e-05
2087,2016-05-20,3.3861458115398054e-05,5.476814476423897e-05
2088,2016-05-23,0.00012224288071093295,5.197489008423872e-05
2089,2016-05-24,1.288117024794707e-05,6.67601780151017e-05
2090,2016-05-25,0.00016055763080611183,5.718519241781905e-05
2091,2016-05-26,0.00011989646727705564,4.6682940592290834e-05
2092,2016-05-27,4.1208445986290707e-05,4.962288585375063e-05
2093,2016-05-30,1.3592082987709081e-05,5.6599819799885154e-05
2094,2016-05-31,4.8490252105563725e-05,6.0810536524513736e-05
2095,2016-06-01,1.8753651476179225e-05,5.805155888083391e-05
2096,2016-06-02,3.63558102400851e-05,6.311300239758566e-05
2097,2016-06-03,2.439437973920095e-05,6.360145198414102e-05
2098,2016-06-06,1.303987214027542e-05,4.547094431472942e-05
2099,2016-06-07,4.804730888345358e-05,3.936533903470263e-05
2100,2016-06-08,1.3371495897300513e-05,5.8414927480043843e-05
2101,2016-06-09,4.0877406409710195e-05,5.3466799727175385e-05
2102,2016-06-10,8.954539932166314e-05,6.273919279919937e-05
2103,2016-06-13,9.126162994340598e-05,3.270567685831338e-05
2104,2016-06-14,3.7812253788206125e-05,3.4790085919667035e-05
2105,2016-06-15,5.539648235023135e-05,4.209134931443259e-05
2106,2016-06-16,8.868189364461141e-05,4.944899046677165e-05
2107,2016-06-17,3.811188477188464e-05,5.4326243116520345e-05
2108,2016-06-20,0.0001394030975086836,4.721354343928397e-05
2109,2016-06-21,2.0417016972501297e-05,4.073968739248812e-05
2110,2016-06-22,3.948027088124554e-05,3.979887696914375e-05
2111,2016-06-23,4.687577659536303e-05,4.2935978854075074e-05
2112,2016-06-24,0.0010747527719417458,4.9686765123624355e-05
2113,2016-06-27,7.456208987425926e-05,4.8139976570382714e-05
2114,2016-06-28,1.8341631880991232e-05,4.30371546826791e-05
2115,2016-06-29,4.5980027449384634e-05,3.7074030842632055e-05
2116,2016-06-30,6.784711538201632e-05,4.445600279723294e-05
2117,2016-07-01,2.304761150331385e-05,5.388131830841303e-05
2118,2016-07-04,4.008862792599392e-05,0.0001007917890092358
2119,2016-07-05,2.0136567407189245e-05,4.823464041692205e-05
2120,2016-07-07,9.819472436319561e-06,3.9762493543094024e-05
2121,2016-07-08,2.7825822998420287e-05,6.259504152694717e-05
2122,2016-07-11,0.00013801895240212096,6.813328946009278e-05
2123,2016-07-12,2.8486557981032518e-05,6.016498809913173e-05
2124,2016-07-13,2.1037047073433698e-05,5.2269901061663404e-05
2125,2016-07-14,2.350939535694882e-05,4.80878479720559e-05
2126,2016-07-15,3.250927520661815e-05,4.1048991988645867e-05
2127,2016-07-18,4.668227269336318e-05,3.14551689371001e-05
2128,2016-07-19,2.1882063277176554e-05,4.360750608611852e-05
2129,2016-07-20,1.7595107668755524e-05,5.392784078139812e-05
2130,2016-07-21,3.490728272629007e-05,5.461053297040053e-05
2131,2016-07-22,1.946582751808911e-05,4.374383206595667e-05
2132,2016-07-25,7.694342589089843e-05,4.471052307053469e-05
2133,2016-07-26,2.0753208848654285e-05,3.845036553684622e-05
2134,2016-07-27,4.153405239846423e-05,3.453554745647125e-05
2135,2016-07-28,1.696096909233357e-05,3.0476321626338176e-05
2136,2016-07-29,7.072370690967523e-06,6.347445014398545e-05
2137,2016-08-01,6.821966807165238e-05,4.7104618715820834e-05
2138,2016-08-02,3.0506021789603598e-05,5.3587424190482125e-05
2139,2016-08-03,5.4354611269130414e-05,4.3676300265360624e-05
2140,2016-08-04,7.735314820156566e-05,2.913389471359551e-05
2141,2016-08-05,7.731974485430207e-05,4.971909584128298e-05
2142,2016-08-08,1.4619016476037752e-05,5.388799399952404e-05
2143,2016-08-09,4.632293855126e-05,3.483540058368817e-05
2144,2016-08-10,7.268890570004142e-05,4.433533831615932e-05
2145,2016-08-11,1.945939988201039e-05,5.496572339325212e-05
2146,2016-08-16,0.00011563779223880649,6.729874439770356e-05
2147,2016-08-17,1.8180236176449822e-05,3.0508044801536016e-05
2148,2016-08-18,1.8292324381145646e-05,4.1842013160930946e-05
2149,2016-08-19,1.807817553001664e-05,3.7928795791231096e-05
2150,2016-08-22,2.236352800740794e-05,5.200577652431093e-05
2151,2016-08-23,2.392452847648828e-05,3.574131187633611e-05
2152,2016-08-24,1.1771692273588226e-05,3.7146834074519575e-05
2153,2016-08-25,4.925849890217197e-05,3.948256926378235e-05
2154,2016-08-26,3.353896917991387e-05,4.011836790596135e-05
2155,2016-08-29,3.214491071474973e-05,3.0755007173866034e-05
2156,2016-08-30,7.325082398911906e-05,2.9265444027259946e-05
2157,2016-08-31,2.4144327937051163e-05,2.6298877855879255e-05
2158,2016-09-01,1.2999984480810579e-05,2.153367495338898e-05
2159,2016-09-02,2.026034744216622e-05,3.21744337270502e-05
2160,2016-09-06,6.853435995705669e-05,3.2665029721101746e-05
2161,2016-09-07,2.1291783824156314e-05,3.0378792871488258e-05
2162,2016-09-08,1.7958983277533593e-05,3.8413782021962106e-05
2163,2016-09-09,3.173210948827549e-05,4.3890839151572436e-05
2164,2016-09-12,0.00024089051674891574,4.164157508057542e-05
2165,2016-09-14,1.1955158208658918e-05,4.286229523131624e-05
2166,2016-09-15,1.7649770043587715e-05,4.0003753383643925e-05
2167,2016-09-16,6.52426724433184e-05,4.4787637307308614e-05
2168,2016-09-19,1.171860469864561e-05,4.67754143755883e-05
2169,2016-09-20,1.6062935649695664e-05,3.538300370564684e-05
2170,2016-09-21,2.4533323057762382e-05,7.084618846420199e-05
2171,2016-09-22,0.00013218035633419912,3.9437334635294974e-05
2172,2016-09-23,2.0488346241283817e-05,4.5081862481310964e-05
2173,2016-09-26,4.664363502143284e-05,2.9717773941229098e-05
2174,2016-09-27,3.5395741051868424e-05,4.613642522599548e-05
2175,2016-09-28,1.8934667184038748e-05,5.1052396884188056e-05
2176,2016-09-29,0.00029506375509324724,3.3863532735267654e-05
2177,2016-09-30,3.1401674313975554e-05,4.223071300657466e-05
2178,2016-10-03,9.6854530288184e-05,3.154501973767765e-05
2179,2016-10-04,2.4630760111737668e-05,4.311397424316965e-05
2180,2016-10-05,4.353679404247971e-05,6.525729986606166e-05
2181,2016-10-06,4.943146151066021e-05,4.973796967533417e-05
2182,2016-10-07,2.2117379924494255e-05,9.769569442141801e-05
2183,2016-10-10,2.6576216792863498e-05,4.52233653049916e-05
2184,2016-10-13,0.00010939120079010076,3.912162355845794e-05
2185,2016-10-14,2.1618623392652697e-05,4.704903039964847e-05
2186,2016-10-17,6.736106457435898e-05,6.187263352330774e-05
2187,2016-10-18,9.377857554711356e-05,6.312775803962722e-05
2188,2016-10-19,2.4172242434483355e-05,4.391600305098109e-05
2189,2016-10-20,2.6601762712074737e-05,3.558805110515095e-05
2190,2016-10-21,2.2600112626170614e-05,6.0225029301363975e-05
2191,2016-10-24,1.587435923671169e-05,5.9119120123796165e-05
2192,2016-10-25,2.0738966466559835e-05,4.010314296465367e-05
2193,2016-10-26,3.348784512171819e-05,0.0001148844457929954
2194,2016-10-27,3.5838548993025016e-05,9.274268086301163e-05
2195,2016-10-28,2.7728112049879886e-05,3.9983726310310885e-05
2196,2016-11-01,1.667732878878141e-05,5.8517911384114996e-05
2197,2016-11-02,0.00010368951135556168,6.955930439289659e-05
2198,2016-11-03,2.3859315981004867e-05,2.7813333872472867e-05
2199,2016-11-04,6.032951342812197e-05,3.886258855345659e-05
2200,2016-11-07,0.00015931740586893023,8.338046609424055e-05
2201,2016-11-08,6.288652127112728e-05,4.37634444097057e-05
2202,2016-11-09,0.004401917902383773,4.573811747832224e-05
2203,2016-11-10,0.0002500472060843077,4.4973134208703414e-05
2204,2016-11-11,0.00021540238917917674,6.704697443637997e-05
2205,2016-11-15,0.00019494373412594801,4.2427622247487307e-05
2206,2016-11-16,0.0002172560679062919,4.66545025119558e-05
2207,2016-11-17,4.575662480025399e-05,5.123286246089265e-05
2208,2016-11-18,3.777465405433972e-05,7.469887350453064e-05
2209,2016-11-21,0.00019552438114009966,4.8742094804765657e-05
2210,2016-11-22,9.701876648388942e-05,7.716816617175937e-05
2211,2016-11-23,8.808477548633071e-05,8.222982432926074e-05
2212,2016-11-24,3.4548129030991914e-05,0.00011582646402530372
2213,2016-11-25,0.00014063982439062114,0.00011123752483399585
2214,2016-11-28,4.987606980993711e-05,6.755898357369006e-05
2215,2016-11-29,3.722627047275546e-05,0.0001111497258534655
2216,2016-11-30,6.104989927990317e-05,9.155499719781801e-05
2217,2016-12-01,2.712518149821689e-05,7.445541268680245e-05
2218,2016-12-02,6.439450484442685e-05,7.439217733917758e-05
2219,2016-12-05,3.848954738414748e-05,6.390484486473724e-05
2220,2016-12-06,2.1223429583034865e-05,9.61864716373384e-05
2221,2016-12-07,7.392312514070153e-05,0.00011549556802492589
2222,2016-12-08,9.320237892042395e-05,7.348938379436731e-05
2223,2016-12-09,1.566539152904411e-05,7.069878483889624e-05
2224,2016-12-12,4.4629189843292734e-05,8.318190521094948e-05
2225,2016-12-13,4.142107419485353e-05,6.38910714769736e-05
2226,2016-12-14,2.2952558256033943e-05,6.837718683527783e-05
2227,2016-12-15,0.00011869448904570381,5.32609956280794e-05
2228,2016-12-16,2.3000540661969703e-05,5.802648593089543e-05
2229,2016-12-19,9.95805732950961e-06,3.483261389192194e-05
2230,2016-12-20,1.9873772898833504e-05,4.7736561100464314e-05
2231,2016-12-21,2.646922722061369e-05,6.310536264209077e-05
2232,2016-12-22,4.0245437491215454e-05,7.268745684996247e-05
2233,2016-12-23,3.4516112483404216e-05,6.641270010732114e-05
2234,2016-12-26,3.819431780625482e-05,4.8776644689496607e-05
2235,2016-12-27,0.00010602981968662448,6.215449684532359e-05
2236,2016-12-28,4.0734867884223486e-05,5.000783858122304e-05
2237,2016-12-29,4.248865271212373e-05,5.871557732461952e-05
2238,2016-12-30,3.8328055072668e-05,2.748405677266419e-05
2239,2017-01-02,4.8658917316123446e-05,9.209513518726453e-05
2240,2017-01-03,3.069614340482501e-05,4.8347286792704836e-05
2241,2017-01-04,8.760079111152476e-06,5.063462594989687e-05
2242,2017-01-05,3.672454055878484e-05,5.4220905440161005e-05
2243,2017-01-06,2.82863669262662e-05,4.522926974459551e-05
2244,2017-01-09,9.76819988238459e-06,5.769408380729146e-05
2245,2017-01-10,1.5774978609482168e-05,6.716140342177823e-05
2246,2017-01-11,4.375820340054775e-05,5.9273406805004925e-05
2247,2017-01-12,7.278796066182223e-06,6.210117135196924e-05
2248,2017-01-13,7.491015943159706e-05,5.750303535023704e-05
2249,2017-01-16,1.4146453316105498e-05,5.2366893214639276e-05
2250,2017-01-17,1.8569306627761794e-05,5.332249202183448e-05
2251,2017-01-18,2.51693371577335e-05,5.8968435041606426e-05
2252,2017-01-19,8.008972014563225e-06,6.828478944953531e-05
2253,2017-01-20,4.643853823998745e-05,4.677840115618892e-05
2254,2017-01-23,3.4568028667580596e-05,3.0347808205988258e-05
2255,2017-01-24,3.5922463050167545e-05,7.261880091391504e-05
2256,2017-01-25,7.280821379085595e-05,3.9778878999641165e-05
2257,2017-01-27,2.348924831791798e-05,3.637644476839341e-05
2258,2017-01-30,9.964372394989812e-06,4.513809108175337e-05
2259,2017-01-31,2.911808868666895e-05,5.083319410914555e-05
2260,2017-02-01,0.0001587482934566071,8.490150503348559e-05
2261,2017-02-02,2.436789674284356e-05,4.1828043322311714e-05
2262,2017-02-03,8.876817930028001e-06,4.402410195325501e-05
2263,2017-02-06,3.406681217931385e-05,4.577398794936016e-05
2264,2017-02-07,2.28352851977605e-05,7.639784598723054e-05
2265,2017-02-08,3.1602699584836655e-05,5.90993877267465e-05
2266,2017-02-09,5.326815296821516e-05,4.936041295877658e-05
2267,2017-02-10,2.6676404852540967e-05,5.260269608697854e-05
2268,2017-02-13,3.969122507688247e-05,6.160632619867101e-05
2269,2017-02-14,1.4329607345083635e-05,6.076549107092433e-05
2270,2017-02-15,4.277595249296048e-05,4.696170799434185e-05
2271,2017-02-16,2.1509214491655848e-05,5.6815224525053054e-05
2272,2017-02-17,0.0001796743463127946,9.567588858772069e-05
2273,2017-02-20,2.5247211683134655e-05,5.687187149305828e-05
2274,2017-02-21,1.787765993659879e-05,6.829572521382943e-05
2275,2017-02-22,2.0058054621642804e-05,4.8101697757374495e-05
2276,2017-02-23,2.3964552313110645e-05,3.5670207580551505e-05
2277,2017-02-27,1.7037093564097862e-05,5.627730570267886e-05
2278,2017-02-28,9.450411292000101e-06,3.953199848183431e-05
2279,2017-03-01,2.4351464364551258e-05,3.5512781323632225e-05
2280,2017-03-02,7.088750052706836e-05,3.7386154872365296e-05
2281,2017-03-03,1.3410144644256254e-05,2.9908154829172418e-05
2282,2017-03-06,1.6167128510647676e-05,5.190578303881921e-05
2283,2017-03-07,1.182002862676494e-05,3.056661444134079e-05
2284,2017-03-08,2.064503992680895e-05,2.514129846531432e-05
2285,2017-03-09,1.017050508012567e-05,2.9236767659313045e-05
2286,2017-03-10,3.0536830987972844e-05,6.72001697239466e-05
2287,2017-03-14,0.00031938305655894277,2.9709643058595248e-05
2288,2017-03-15,4.280266426866462e-06,6.409178604371846e-05
2289,2017-03-16,2.7903497926724253e-05,8.700047328602523e-05
2290,2017-03-17,5.4625854587875576e-05,4.483661177800968e-05
2291,2017-03-20,1.153956949808972e-05,7.150535384425893e-05
2292,2017-03-21,1.685989222322642e-05,7.680320413783193e-05
2293,2017-03-22,7.936113469499421e-05,4.937081757816486e-05
2294,2017-03-23,1.5104706616368448e-05,4.3929405364906415e-05
2295,2017-03-24,1.2009571739656923e-05,4.392040136735886e-05
2296,2017-03-27,2.4136056632467014e-05,4.917233673040755e-05
2297,2017-03-28,2.0069818278399382e-05,3.300795651739463e-05
2298,2017-03-29,1.7496782330682278e-05,2.3107792003429495e-05
2299,2017-03-30,8.786137944873559e-06,3.870052387355827e-05
2300,2017-03-31,9.287198821635768e-06,5.465768481371924e-05
2301,2017-04-03,3.854201798541387e-05,3.2143641874426976e-05
2302,2017-04-05,2.7722125620935037e-05,4.388594243209809e-05
2303,2017-04-06,1.5415920025714867e-05,2.5594610633561388e-05
2304,2017-04-07,3.337951633686071e-05,1.9481736671878025e-05
2305,2017-04-10,1.924203718704489e-05,2.1658257537637837e-05
2306,2017-04-11,1.9572033392986674e-05,2.8048214517184533e-05
2307,2017-04-12,3.3999227406551724e-05,1.883831646409817e-05
2308,2017-04-13,1.351107323296168e-05,3.0432203857344575e-05
2309,2017-04-17,6.740676158408304e-06,3.0496497856802307e-05
2310,2017-04-18,7.407288729647297e-05,3.28489659295883e-05
2311,2017-04-19,1.0417324931744038e-05,4.811454709852114e-05
2312,2017-04-20,7.1139213546514225e-06,2.6524132408667356e-05
2313,2017-04-21,6.0492358617786335e-05,3.668311910587363e-05
2314,2017-04-24,3.91358025481625e-05,2.8902624762849882e-05
2315,2017-04-25,5.047605449995543e-05,4.1672243241919205e-05
2316,2017-04-26,2.7921398005893785e-05,4.5291686546988785e-05
2317,2017-04-27,8.628607729765679e-06,5.061382398707792e-05
2318,2017-04-28,1.560077252135661e-05,3.536438089213334e-05
2319,2017-05-02,4.456539032207974e-05,3.874934554914944e-05
2320,2017-05-03,2.035103330390376e-05,2.8967750040465035e-05
2321,2017-05-04,3.820164245790223e-05,3.006463884958066e-05
2322,2017-05-05,4.573068578701604e-05,3.5287332138977945e-05
2323,2017-05-08,1.4690164112931832e-05,1.8727168935583904e-05
2324,2017-05-09,1.0215109313771378e-05,2.9307533623068593e-05
2325,2017-05-10,2.983154502485927e-05,3.6858738894807175e-05
2326,2017-05-11,2.5317009671558285e-05,2.122796831827145e-05
2327,2017-05-12,2.1069634830386977e-05,2.2847685613669455e-05
2328,2017-05-15,1.473233523424625e-05,5.628304643323645e-05
2329,2017-05-16,1.6592434414745827e-05,4.229874684824608e-05
2330,2017-05-17,1.043874279335704e-05,3.816019670921378e-05
2331,2017-05-18,7.933509405596313e-05,2.0740139007102698e-05
2332,2017-05-19,6.742032866542055e-05,3.284085323684849e-05
2333,2017-05-22,4.953775850459483e-05,2.8094449589843862e-05
2334,2017-05-23,2.426873086112516e-05,1.9576367776608095e-05
2335,2017-05-24,3.7742595477921535e-05,2.7727868655347265e-05
2336,2017-05-25,8.504352945871144e-05,2.127772859239485e-05
2337,2017-05-26,4.429042070016859e-05,2.4407134333159775e-05
2338,2017-05-29,4.4177478342821896e-05,7.085342076607049e-05
2339,2017-05-30,1.2796533630048106e-05,4.582137262332253e-05
2340,2017-05-31,7.375703310211218e-06,4.693533628596924e-05
2341,2017-06-01,1.0644289205186812e-05,6.530641985591501e-05
2342,2017-06-02,2.2748404051033123e-05,2.464388126099948e-05
2343,2017-06-05,7.806672175144673e-06,2.3645672627026215e-05
2344,2017-06-06,3.162717882672092e-05,3.8157799281179905e-05
2345,2017-06-07,1.712045560772506e-05,2.3583246729685925e-05
2346,2017-06-08,1.166122868228682e-05,2.712577952479478e-05
2347,2017-06-09,1.9163958971651436e-05,2.0909325030515902e-05
2348,2017-06-12,1.4579820519592179e-05,1.6294918168568984e-05
2349,2017-06-13,1.491464882719624e-05,1.793839874153491e-05
2350,2017-06-14,1.3845953008029953e-05,2.592598866613116e-05
2351,2017-06-15,1.4030677002702763e-05,2.352086994505953e-05
2352,2017-06-16,1.2413095658854464e-05,1.803713894332759e-05
2353,2017-06-19,2.820216210962336e-05,2.1477295376826078e-05
2354,2017-06-20,5.669832497002004e-06,2.7396388759370893e-05
2355,2017-06-21,8.398878126773637e-06,3.2472704333486035e-05
2356,2017-06-22,3.0963889725139255e-05,3.292552355560474e-05
2357,2017-06-23,2.6747068131287057e-05,2.456724178045988e-05
2358,2017-06-27,7.875595330857597e-05,2.5850858946796507e-05
2359,2017-06-28,1.0211563375588857e-05,1.9794872059719637e-05
2360,2017-06-29,4.209983213826359e-05,2.1216514141997322e-05
2361,2017-06-30,3.6050985311516475e-05,1.998693733185064e-05
2362,2017-07-03,7.71139805742713e-05,2.233781742688734e-05
2363,2017-07-04,2.1859992963678212e-05,3.0524490284733474e-05
2364,2017-07-05,5.322527804814414e-06,3.541696787578985e-05
2365,2017-07-06,1.6366488294788588e-05,2.8955069865332916e-05
2366,2017-07-07,6.611300467329398e-06,3.8980368117336184e-05
2367,2017-07-10,0.00010861317146423544,5.356101246434264e-05
2368,2017-07-11,1.850002207461352e-05,2.865654278139118e-05
2369,2017-07-12,9.873425818746856e-06,3.275886774645187e-05
2370,2017-07-13,2.2949391170935385e-05,2.393195427430328e-05
2371,2017-07-14,2.6068223569900177e-05,3.099891182500869e-05
2372,2017-07-17,8.633089829355597e-06,3.0876468372298405e-05
2373,2017-07-18,0.00010178571188602759,2.9963024644530378e-05
2374,2017-07-19,1.8406268990113508e-05,4.5535776735050604e-05
2375,2017-07-20,1.6514057965716125e-05,2.8390344596118666e-05
2376,2017-07-21,4.1739087510356195e-05,3.2925432606134564e-05
2377,2017-07-24,1.780840640292259e-05,4.268599150236696e-05
2378,2017-07-25,3.328666131191012e-05,2.7183943529962562e-05
2379,2017-07-26,1.620595813102399e-05,2.877391489164438e-05
2380,2017-07-27,6.147011452921705e-05,3.668123099487275e-05
2381,2017-07-28,3.325393361947144e-05,2.3904969566501677e-05
2382,2017-07-31,2.0032680774487673e-05,3.777728488785215e-05
2383,2017-08-01,1.9925850761656354e-05,2.9185175662860274e-05
2384,2017-08-02,2.967983867624305e-05,2.5958279366022907e-05
2385,2017-08-03,2.3734695257749996e-05,3.140640183119103e-05
2386,2017-08-04,2.5783073628637503e-05,4.191917469142936e-05
2387,2017-08-07,6.417032676236576e-06,2.8304053557803854e-05
2388,2017-08-08,6.443597728006273e-05,3.350880433572456e-05
2389,2017-08-09,2.317804997830433e-05,2.8706572265946306e-05
2390,2017-08-10,6.127221845828908e-05,2.9717408324358985e-05
2391,2017-08-11,0.00015242004057003473,3.96112518501468e-05
2392,2017-08-14,3.8025601267983315e-05,4.475800596992485e-05
2393,2017-08-16,7.575647122906958e-05,3.123873102595098e-05
2394,2017-08-17,3.8705861525993506e-05,3.884799298248254e-05
2395,2017-08-18,4.808000104598623e-05,5.899397729081102e-05
2396,2017-08-21,8.011529431703144e-05,3.0304570827865973e-05
2397,2017-08-22,5.94453928281125e-05,5.932651038165204e-05
2398,2017-08-23,3.266952769634482e-05,7.09378655301407e-05
2399,2017-08-24,1.2347711039919e-05,2.907427551690489e-05
2400,2017-08-28,3.265055595520532e-05,3.658533387351781e-05
2401,2017-08-29,4.5012069470175416e-05,3.372761784703471e-05
2402,2017-08-30,5.4271876787531064e-05,2.3060154489940032e-05
2403,2017-08-31,2.615798454006605e-05,4.455923772184178e-05
2404,2017-09-01,2.3347009679682733e-05,4.110998997930437e-05
2405,2017-09-04,6.350993186281627e-05,4.2654901335481554e-05
2406,2017-09-05,1.8671693721567243e-05,2.7457988835521974e-05
2407,2017-09-06,3.6567147844552075e-05,3.749266397790052e-05
2408,2017-09-07,1.6651360561601247e-05,6.258442590478808e-05
2409,2017-09-08,1.7788930841056456e-05,5.442289329948835e-05
2410,2017-09-11,2.6991636742127862e-05,3.524230487528257e-05
2411,2017-09-12,4.345137254469303e-05,4.325048939790577e-05
2412,2017-09-13,1.6612112137841947e-05,4.59645816590637e-05
2413,2017-09-14,1.8021229991162165e-05,4.1203678847523406e-05
2414,2017-09-15,2.28409557689492e-05,6.768608727725223e-05
2415,2017-09-18,2.8430060400650136e-05,4.7817942686378956e-05
2416,2017-09-19,1.3313408466347835e-05,2.9160219128243625e-05
2417,2017-09-20,6.158235038534547e-06,4.146953870076686e-05
2418,2017-09-21,3.8849920093834524e-05,5.201857129577547e-05
2419,2017-09-22,7.596340885040726e-05,3.289304004283622e-05
2420,2017-09-25,8.212720682165013e-05,3.447289782343432e-05
2421,2017-09-26,2.708755906513826e-05,3.1318049877882004e-05
2422,2017-09-27,0.00017589518260709434,2.7244073862675577e-05
2423,2017-09-28,3.8961242526113025e-05,2.1655096134054475e-05
2424,2017-09-29,4.508568989228581e-05,3.212090450688265e-05
2425,2017-10-03,0.00012972528658953812,4.140828605159186e-05
2426,2017-10-04,3.269684958396696e-05,6.701847451040521e-05
2427,2017-10-05,1.5919271197449515e-05,8.619346044724807e-05
2428,2017-10-06,2.7429530623726068e-05,5.285145380184986e-05
2429,2017-10-09,1.1221873647704073e-05,6.967209628783166e-05
2430,2017-10-10,9.632886118707531e-06,3.195880708517507e-05
2431,2017-10-11,4.78383475917553e-05,3.597102841013111e-05
2432,2017-10-12,6.303511592999649e-05,2.3143014914239757e-05
2433,2017-10-13,2.535317069439369e-05,2.9705195629503578e-05
2434,2017-10-16,3.131103288664536e-05,2.914773540396709e-05
2435,2017-10-17,4.974809169054282e-06,3.523800114635378e-05
2436,2017-10-18,1.7888312745639345e-05,3.063975236727856e-05
2437,2017-10-19,2.695411062805133e-05,2.9448010536725633e-05
2438,2017-10-23,4.0983977238474716e-05,4.654517397284508e-05
2439,2017-10-24,2.0742350107581793e-05,3.433247184148058e-05
2440,2017-10-25,0.00015704366465436634,3.745260619325563e-05
2441,2017-10-26,2.2367871875639995e-05,3.8054226024542004e-05
2442,2017-10-27,1.2819868191313316e-05,3.4353859518887475e-05
2443,2017-10-30,1.4238818740416066e-05,4.031358184874989e-05
2444,2017-10-31,6.2241499351426164e-06,2.6127887394977733e-05
2445,2017-11-01,4.280634844171145e-05,2.4674498490639962e-05
2446,2017-11-02,4.990976924028228e-06,2.9068620278849266e-05
2447,2017-11-03,3.052274921830456e-05,3.6183901102049276e-05
2448,2017-11-06,2.302938095191947e-05,3.4879150916822255e-05
2449,2017-11-07,7.130102620834614e-05,2.1623151042149402e-05
2450,2017-11-08,3.181357784745931e-05,3.395278690732084e-05
2451,2017-11-09,6.427596662087807e-05,4.095104304724373e-05
2452,2017-11-10,2.8210278952494895e-05,5.0357484724372625e-05
2453,2017-11-13,4.437624775951654e-05,3.914756598533131e-05
2454,2017-11-14,1.733720230174111e-05,3.859904973069206e-05
2455,2017-11-15,2.503567429055782e-05,4.1448543925071135e-05
2456,2017-11-16,3.977530022808129e-05,8.34874008432962e-05
2457,2017-11-17,0.00013224260203689188,4.991673631593585e-05
2458,2017-11-20,8.09632388827759e-06,4.684223677031696e-05
2459,2017-11-21,1.5582235524083175e-05,2.9430209906422533e-05
2460,2017-11-22,1.6839164755705246e-05,5.373106978368014e-05
2461,2017-11-23,1.8333880582881358e-05,3.316652146168053e-05
2462,2017-11-24,8.869055083073786e-06,3.512030525598675e-05
2463,2017-11-27,2.205198763118219e-05,3.5105036658933386e-05
2464,2017-11-28,1.045902114573604e-05,3.393349106772803e-05
2465,2017-11-29,7.198774131475007e-06,3.619152630562894e-05
2466,2017-11-30,5.5579146194044484e-05,3.238156932638958e-05
2467,2017-12-01,0.00010077703212312568,2.681085061340127e-05
2468,2017-12-04,5.265548416055481e-05,2.211350147263147e-05
2469,2017-12-05,2.2200160724306474e-05,3.202464722562581e-05
2470,2017-12-06,2.5101632003823217e-05,2.475742257956881e-05
2471,2017-12-07,5.236743737004551e-05,2.904606117226649e-05
2472,2017-12-08,2.817732746797424e-05,5.9629637689795345e-05
2473,2017-12-11,2.7366528788596584e-05,8.348636765731499e-05
2474,2017-12-12,2.9716174425947025e-05,7.298009586520493e-05
2475,2017-12-13,5.509887789063815e-05,5.2822833822574466e-05
2476,2017-12-14,8.304889781940409e-05,3.782404019148089e-05
2477,2017-12-15,9.19201856281325e-05,3.1940708140609786e-05
2478,2017-12-18,0.0005323057887534672,2.9872122468077578e-05
2479,2017-12-19,1.9758045997267172e-05,3.038876093341969e-05
2480,2017-12-20,1.9135392353583114e-05,4.5345448597799987e-05
2481,2017-12-21,1.542758947151026e-05,4.217524838168174e-05
2482,2017-12-22,1.116689953750842e-05,3.764217035495676e-05
2483,2017-12-26,1.8271389921030036e-05,2.37763742916286e-05
2484,2017-12-27,2.080159505914494e-05,3.255782576161437e-05
2485,2017-12-28,1.804126831765644e-05,2.9591557904495858e-05
2486,2017-12-29,9.56522989562545e-06,3.401838330319151e-05
2487,2018-01-02,5.1711152345409854e-05,2.9775592338410206e-05
2488,2018-01-03,3.176436393467116e-05,2.8991655199206434e-05
2489,2018-01-04,2.2965006941833536e-05,2.8147926059318706e-05
2490,2018-01-05,1.4316766440468319e-05,2.549271084717475e-05
2491,2018-01-08,1.5130103270764797e-05,2.9667966373381205e-05
2492,2018-01-09,1.4203308880338319e-05,2.4090251827146858e-05
2493,2018-01-10,1.737505242104902e-05,5.2601950301323086e-05
2494,2018-01-11,8.56202792220579e-06,9.216112812282518e-05
2495,2018-01-12,5.098298522228729e-05,4.325185000197962e-05
2496,2018-01-15,2.9478171225733893e-05,3.054642002098262e-05
2497,2018-01-16,2.0088697954974724e-05,1.8343982446822338e-05
2498,2018-01-17,5.516302730483575e-05,2.3040214728098363e-05
2499,2018-01-18,9.389544297821404e-05,3.121895861113444e-05
2500,2018-01-19,3.892048874761976e-05,2.6211391741526313e-05
2501,2018-01-22,2.609019025702643e-05,3.397711043362506e-05
2502,2018-01-23,3.496248951499831e-05,4.562637332128361e-05
2503,2018-01-24,1.2699413529315203e-05,2.969709203171078e-05
2504,2018-01-25,3.086538441504956e-05,3.0045748644624837e-05
2505,2018-01-29,2.9130026837322363e-05,3.548055610735901e-05
2506,2018-01-30,2.2248335545029476e-05,3.0334324037539773e-05
2507,2018-01-31,2.5084725827419814e-05,3.1675492209615186e-05
2508,2018-02-01,0.00016971636612586537,3.0184666684363037e-05
2509,2018-02-02,0.00018864376244969157,2.7124069674755447e-05
2510,2018-02-05,0.00025458024514201586,2.9218648705864325e-05
2511,2018-02-06,0.0015833993371257753,3.93057671317365e-05
2512,2018-02-07,0.00019340538100059737,3.783551073865965e-05
2513,2018-02-08,9.166015320058885e-05,3.4407599741825834e-05
2514,2018-02-09,0.00025401068066716666,4.189068204141222e-05
2515,2018-02-12,5.1949587526022354e-05,5.75138910789974e-05
2516,2018-02-14,7.772835094865775e-05,3.934781125281006e-05
2517,2018-02-15,5.238916191633619e-05,7.457302854163572e-05
2518,2018-02-16,0.00012020625075814326,0.0001028009137371555
2519,2018-02-19,0.0001371185883911354,8.299474575323984e-05
2520,2018-02-20,2.395409870370307e-05,6.285106064751744e-05
2521,2018-02-21,6.480398350951336e-05,8.18597327452153e-05
2522,2018-02-22,2.7270334347436223e-05,0.0001048409758368507
2523,2018-02-23,3.836764725155878e-05,8.533148502465338e-05
2524,2018-02-26,2.7412414245690685e-05,9.426589531358331e-05
2525,2018-02-27,3.604350550608012e-05,0.00010818693408509716
2526,2018-02-28,5.5636332967020066e-05,7.680863200221211e-05
2527,2018-03-01,2.3497134828637427e-05,7.530046423198655e-05
2528,2018-03-05,4.607329097053941e-05,7.489967538276687e-05
2529,2018-03-06,0.0001957195644063695,7.406024815281853e-05
2530,2018-03-07,3.606748617135036e-05,5.7615397963672876e-05
2531,2018-03-08,9.15434713656269e-05,5.869341111974791e-05
2532,2018-03-09,3.0892729888288394e-05,6.314105849014595e-05
2533,2018-03-12,0.00011315702123015208,5.355605753720738e-05
2534,2018-03-13,4.516823988369781e-05,7.856974843889475e-05
2535,2018-03-14,3.9102035203575866e-05,8.30260178190656e-05
2536,2018-03-15,1.7136852771313495e-05,8.23019290692173e-05
2537,2018-03-16,9.122021077547936e-05,6.464796024374664e-05
2538,2018-03-19,7.701234451565826e-05,4.467182225198485e-05
2539,2018-03-20,5.786868646378787e-05,7.104565156623721e-05
2540,2018-03-21,6.226446386333083e-05,3.928703154087998e-05
2541,2018-03-22,3.8342157666918726e-05,5.1940351113444194e-05
2542,2018-03-23,0.00023086637202875097,5.591875742538832e-05
2543,2018-03-26,0.00011558612441370944,5.6908327678684145e-05
2544,2018-03-27,4.866387801379975e-05,5.730649718316272e-05
2545,2018-03-28,2.8168157225227275e-05,4.7315319534391165e-05
2546,2018-04-02,4.2354137951103795e-05,6.355949881253764e-05
2547,2018-04-03,2.8888013846540334e-05,7.379136513918638e-05
2548,2018-04-04,0.00010102761163256124,4.995497511117719e-05
2549,2018-04-05,0.00013161175310502613,3.944387935916893e-05
2550,2018-04-06,1.1600833780437695e-05,3.29438662447501e-05
2551,2018-04-09,1.54768190670522e-05,6.126591324573383e-05
2552,2018-04-10,1.6393903963003617e-05,5.554568997467868e-05
2553,2018-04-11,3.3869247169855435e-05,4.940948201692663e-05
2554,2018-04-12,1.7551976063535963e-05,8.194361726054922e-05
2555,2018-04-13,2.6384204669979085e-05,7.017770985839888e-05
2556,2018-04-16,0.0001262560511426069,3.487911817501299e-05
2557,2018-04-17,2.7473457495825348e-05,4.448497566045262e-05
2558,2018-04-18,2.9589890121781605e-05,5.4537409596377984e-05
2559,2018-04-19,1.4944373607751591e-05,5.296073868521489e-05
2560,2018-04-20,9.78572448507828e-06,4.5334680180530995e-05
2561,2018-04-23,5.409091579775338e-05,3.862073936033994e-05
2562,2018-04-24,1.451712432942822e-05,3.653446037787944e-05
2563,2018-04-25,2.0708309665634574e-05,3.774137803702615e-05
2564,2018-04-26,1.704241304757745e-05,3.788497997447848e-05
2565,2018-04-27,2.6942382527553863e-05,2.616551319079008e-05
2566,2018-04-30,1.113516468073619e-05,3.255996489315294e-05
2567,2018-05-02,4.539682489856144e-05,2.6001138394349255e-05
2568,2018-05-03,1.8577029039122285e-05,1.6630890968372114e-05
2569,2018-05-04,3.361791518428578e-05,2.7207515813643113e-05
2570,2018-05-07,3.4700793838251424e-05,1.9764671378652565e-05
2571,2018-05-08,3.167447934642717e-05,2.9099768653395586e-05
2572,2018-05-09,2.341812614485739e-05,3.093624400207773e-05
2573,2018-05-10,3.142013730893148e-05,1.8971044482896104e-05
2574,2018-05-11,2.82142701986204e-05,2.7467443942441605e-05
2575,2018-05-14,1.1279238469398682e-05,2.472780761308968e-05
2576,2018-05-15,8.723172680494422e-05,3.3925625757547095e-05
2577,2018-05-16,4.50157574425826e-05,2.6247987989336252e-05
2578,2018-05-17,4.8328410000689583e-05,2.8789780117222108e-05
2579,2018-05-18,2.3105166387128064e-05,3.149058829876594e-05
2580,2018-05-21,4.438869814121862e-05,4.3034036934841424e-05
2581,2018-05-22,1.3964942552652112e-05,2.3330465410253964e-05
2582,2018-05-23,4.323635026609398e-05,2.3634151148144156e-05
2583,2018-05-24,5.2852629561736e-05,3.457130151218735e-05
2584,2018-05-25,3.629144017970868e-05,3.954689600504935e-05
2585,2018-05-28,3.106570111319208e-05,3.7245728890411556e-05
2586,2018-05-29,3.0276199122504455e-05,4.1243547457270324e-05
2587,2018-05-30,5.07746314002575e-05,5.0152313633589074e-05
2588,2018-05-31,8.863442754153774e-05,3.102112532360479e-05
2589,2018-06-01,2.0470127594864743e-05,3.990175173385069e-05
2590,2018-06-04,0.00011062234796533318,2.1346446374082007e-05
2591,2018-06-05,2.4747261676618764e-05,2.1830956029589288e-05
2592,2018-06-06,3.7341779315133754e-05,2.3065342247718945e-05
2593,2018-06-07,4.56268009417493e-05,3.169168849126436e-05
2594,2018-06-08,2.3780756259939078e-05,4.485346653382294e-05
2595,2018-06-11,2.6726342877657237e-05,2.4781587853794917e-05
2596,2018-06-12,2.0557795572653024e-05,3.395164821995422e-05
2597,2018-06-13,2.4315808292360276e-05,3.308962186565623e-05
2598,2018-06-14,1.8317670223431767e-05,2.5632643883000128e-05
2599,2018-06-15,2.139558201061215e-05,3.2549283787375316e-05
2600,2018-06-18,7.04153094163182e-06,3.4959008189616725e-05
2601,2018-06-19,2.3973707240441083e-05,3.392171493032947e-05
2602,2018-06-20,1.4735512086618884e-05,2.621676685521379e-05
2603,2018-06-21,3.2276349969023786e-05,2.681650221347809e-05
2604,2018-06-22,4.694568814966676e-05,2.2996222469373606e-05
2605,2018-06-25,1.756647002099438e-05,3.692621612572111e-05
2606,2018-06-26,2.0376848167941144e-05,1.906995748868212e-05
2607,2018-06-27,5.5363655935367225e-05,2.303874134668149e-05
2608,2018-06-28,4.215467339412913e-05,1.844499092840124e-05
2609,2018-06-29,4.1656286135887054e-05,3.091964026680216e-05
2610,2018-07-02,6.042405202109738e-05,3.2889405702007934e-05
2611,2018-07-03,2.3016468945651213e-05,4.1813167626969516e-05
2612,2018-07-04,3.318841144969248e-05,3.330722393002361e-05
2613,2018-07-05,1.4139338169435691e-05,2.738539296842646e-05
2614,2018-07-06,2.2507553034526007e-05,4.698827979154885e-05
2615,2018-07-09,4.647385968889792e-05,2.3729571694275364e-05
2616,2018-07-10,3.975774427415636e-05,3.626837133197114e-05
2617,2018-07-11,8.697741357174599e-06,2.8356142138363793e-05
2618,2018-07-12,5.148409738711664e-05,2.4235494493041188e-05
2619,2018-07-13,2.3390093824588877e-05,3.450354779488407e-05
2620,2018-07-16,2.4671341668647213e-05,2.534583290980663e-05
2621,2018-07-17,2.4149428992657494e-05,2.9156659365980886e-05
2622,2018-07-18,6.214298953384793e-05,3.496107456157915e-05
2623,2018-07-19,1.7588253692670795e-05,1.848681495175697e-05
2624,2018-07-20,1.9848683567997918e-05,2.8819307772209868e-05
2625,2018-07-23,1.947812061069429e-05,4.1333049011882395e-05
2626,2018-07-24,1.1891995928168909e-05,2.9588141842396e-05
2627,2018-07-25,7.020721237630722e-06,2.866400609491393e-05
2628,2018-07-26,1.003122186018189e-05,3.2795749575598165e-05
2629,2018-07-27,4.907431416584799e-05,3.441760782152414e-05
2630,2018-07-30,1.6007671152954225e-05,2.9665390684385784e-05
2631,2018-07-31,2.8566848567090093e-05,3.201283107046038e-05
2632,2018-08-01,1.5292012055500212e-05,2.2359830836649053e-05
2633,2018-08-02,2.6018014134579094e-05,1.95883749256609e-05
2634,2018-08-03,3.640874627011528e-05,2.2740536223864183e-05
2635,2018-08-06,2.130389272136837e-05,2.707277235458605e-05
2636,2018-08-07,2.3734335681877755e-05,2.9827742764609866e-05
2637,2018-08-08,2.2034615997627374e-05,2.658825906109996e-05
2638,2018-08-09,1.902610515700148e-05,3.328274033265188e-05
2639,2018-08-10,9.180751963672784e-06,4.4500629883259535e-05
2640,2018-08-13,3.9882282043824726e-05,4.010008342447691e-05
2641,2018-08-14,2.242634266065871e-05,3.660434958874248e-05
2642,2018-08-16,3.1675582313525366e-05,2.6198198611382395e-05
2643,2018-08-17,2.8705528183952844e-05,3.4040160244330764e-05
2644,2018-08-20,1.863200075512075e-05,4.13560337619856e-05
2645,2018-08-21,1.0499693922936726e-05,3.1211548048304394e-05
2646,2018-08-23,3.5225099953725895e-05,3.781632040045224e-05
2647,2018-08-24,1.5354278407348518e-05,2.5970781280193478e-05
2648,2018-08-27,4.5263151495580326e-05,3.7693363992730156e-05
2649,2018-08-28,1.7586486217915675e-05,4.445041122380644e-05
2650,2018-08-29,1.3853461141200638e-05,2.9536944566643797e-05
2651,2018-08-30,1.1201656427755056e-05,3.042306525458116e-05
2652,2018-08-31,1.8843113775740517e-05,3.811658825725317e-05
2653,2018-09-03,0.00012223836622577775,3.2837691833265126e-05
2654,2018-09-04,3.1067296147533436e-05,2.2100724891060963e-05
2655,2018-09-05,6.367028582700778e-05,3.2249019568553194e-05
2656,2018-09-06,5.727568434337352e-05,2.6800013074534945e-05
2657,2018-09-07,4.7284245015891795e-05,2.6320758479414508e-05
2658,2018-09-10,5.710539943424408e-05,2.909416434704326e-05
2659,2018-09-11,0.00012209341278036697,3.323123382870108e-05
2660,2018-09-12,8.18053240334535e-05,3.0168952434905805e-05
2661,2018-09-14,6.361412641418819e-05,2.9201795769040473e-05
2662,2018-09-17,4.4353354171903604e-05,4.149612504988909e-05
2663,2018-09-18,5.4041745382628226e-05,3.073946572840214e-05
2664,2018-09-19,5.7499916882426685e-05,3.665500116767362e-05
2665,2018-09-21,0.0007420449193022255,4.7843575885053724e-05
2666,2018-09-24,0.00014627458760951622,3.224729880457744e-05
2667,2018-09-25,0.0001230366296344477,3.682026726892218e-05
2668,2018-09-26,0.00012278999324804424,4.048406481160782e-05
2669,2018-09-27,5.7292007019212644e-05,4.7865665692370385e-05
2670,2018-09-28,0.00010959056939052557,5.5029348004609346e-05
2671,2018-10-01,0.00014608633159750013,6.477849092334509e-05
2672,2018-10-03,6.537422450061196e-05,5.5036693083820865e-05
2673,2018-10-04,0.0002271176477747916,6.45881227683276e-05
2674,2018-10-05,0.0003082530039243635,9.050475637195632e-05
2675,2018-10-08,0.00013698904651112296,0.00010536580521147698
2676,2018-10-09,6.117233098245656e-05,5.797796984552406e-05
2677,2018-10-10,9.280951600144411e-05,4.8957139370031655e-05
2678,2018-10-11,0.0009303691074887392,7.636229565832764e-05
2679,2018-10-12,0.00017932507538972046,0.00014675444981548935
2680,2018-10-15,9.520366060810037e-05,0.0001837158197304234
2681,2018-10-16,3.169001697239451e-05,0.00012196423631394282
2682,2018-10-17,0.0003216876629753496,0.00013076433970127255
2683,2018-10-19,0.00017242044879141964,0.0001471573777962476
2684,2018-10-22,0.00020672895679812295,0.00016901888011489064
2685,2018-10-23,0.000130305539769772,9.16973440325819e-05
2686,2018-10-24,0.00027421598257593583,0.00010650974581949413
2687,2018-10-25,0.00010284905608556067,8.339915802935138e-05
2688,2018-10-26,5.24074837128055e-05,0.00017385157116223127
2689,2018-10-29,0.00023782847301749582,0.00011289458052488044
2690,2018-10-30,4.097359581404956e-05,0.00013740299618802965
2691,2018-10-31,0.0002989836696757268,0.00013749986828770489
2692,2018-11-01,6.341984347429038e-05,0.00011294315481791273
2693,2018-11-02,0.00013586473833494193,0.0001727104972815141
2694,2018-11-05,2.6963025168953302e-05,0.00010453417053213343
2695,2018-11-06,4.249239744705516e-05,7.039468619041145e-05
2696,2018-11-07,6.784168299463405e-05,7.25120771676302e-05
2697,2018-11-09,2.2614270007426083e-05,6.404444138752297e-05
2698,2018-11-12,0.00010458714689386885,7.957986963447183e-05
2699,2018-11-13,8.224834607667027e-05,8.038474334171042e-05
2700,2018-11-14,6.84516394190721e-05,8.422601968050003e-05
2701,2018-11-15,2.3662388932408935e-05,7.437699241563678e-05
2702,2018-11-16,1.8611399145073515e-05,7.739879220025614e-05
2703,2018-11-19,4.502291101364887e-05,5.48830721527338e-05
2704,2018-11-20,3.4805848114532606e-05,6.787212623748928e-05
2705,2018-11-21,4.1222893738405304e-05,4.539404108072631e-05
2706,2018-11-22,5.623678654831454e-05,5.644936754833907e-05
2707,2018-11-26,9.501478693890645e-05,5.2912073442712426e-05
2708,2018-11-27,2.9955177823847688e-05,5.255160067463294e-05
2709,2018-11-28,1.549207682136705e-05,5.375890759751201e-05
2710,2018-11-29,8.372646363120459e-05,6.195246533025056e-05
2711,2018-11-30,3.109419617247006e-05,7.377672591246665e-05
2712,2018-12-03,5.2403837389330836e-05,6.325798312900588e-05
2713,2018-12-04,1.1057080385732409e-05,4.498814814724028e-05
2714,2018-12-05,3.909889853338298e-05,4.5446584408637136e-05
2715,2018-12-06,9.019395613501434e-05,3.580264819902368e-05
2716,2018-12-07,5.2799243910989774e-05,5.013537884224206e-05
2717,2018-12-10,0.00032956706411893473,4.593710764311254e-05
2718,2018-12-11,0.00034456211980572163,3.918681977665983e-05
2719,2018-12-12,0.00012476657920491716,3.862806624965742e-05
2720,2018-12-13,6.919856041255021e-05,4.0410432120552287e-05
2721,2018-12-14,1.3356303839515079e-05,6.514176493510604e-05
2722,2018-12-17,2.818181574228739e-05,3.92445654142648e-05
2723,2018-12-18,3.9844448887874645e-05,4.4070060539525e-05
2724,2018-12-19,1.3735321283693179e-05,8.243625779869035e-05
2725,2018-12-20,7.575071241517942e-05,5.142421287018806e-05
2726,2018-12-21,0.00014546932074520038,4.5781187509419397e-05
2727,2018-12-24,5.8796771026690814e-05,5.1072074711555615e-05
2728,2018-12-26,0.00016042529393079795,5.289058026392013e-05
2729,2018-12-27,8.068522272737673e-05,4.2830139136640355e-05
2730,2018-12-28,3.3503405361845565e-05,4.93408806505613e-05
2731,2018-12-31,3.796485694945857e-05,4.579315645969473e-05
2732,2019-01-02,7.611069936290559e-05,4.060679566464387e-05
2733,2019-01-03,6.843791666059308e-05,5.862773105036467e-05
2734,2019-01-04,5.2757530367792114e-05,4.687534965341911e-05
2735,2019-01-07,7.301308824151146e-05,7.013549475232139e-05
2736,2019-01-08,2.6303974617544044e-05,4.502974479692057e-05
2737,2019-01-09,9.933751797817317e-05,7.656180241610855e-05
2738,2019-01-10,1.069512775557744e-05,8.724282088223845e-05
2739,2019-01-11,4.09594851403159e-05,7.219495455501601e-05
2740,2019-01-14,4.548306949510718e-05,0.0001119342414312996
2741,2019-01-15,5.5153907589188115e-05,9.425699681742117e-05
2742,2019-01-16,9.319694219404381e-06,8.611170051153749e-05
2743,2019-01-17,3.565687438006458e-05,9.19396334211342e-05
2744,2019-01-18,2.1649838050152016e-05,5.38264139322564e-05
2745,2019-01-21,3.016341160990839e-05,4.580302629619837e-05
2746,2019-01-22,3.116994782259973e-05,5.9791753301396966e-05
2747,2019-01-23,5.0730819107695466e-05,4.39463765360415e-05
2748,2019-01-24,1.6642206141435042e-05,5.7030414609471336e-05
2749,2019-01-25,9.385666647079034e-05,4.971516318619251e-05
2750,2019-01-28,9.021455771707543e-05,5.119593333802186e-05
2751,2019-01-29,3.676134649385087e-05,5.105249510961585e-05
2752,2019-01-30,5.2525837221005654e-05,5.8129066019319e-05
2753,2019-01-31,8.749857090077217e-05,4.5126082113711163e-05
2754,2019-02-01,9.131242517305968e-05,6.37428747722879e-05
2755,2019-02-04,4.486039956269826e-05,4.553378312266432e-05
2756,2019-02-05,1.3720503042165358e-05,3.985425064456649e-05
2757,2019-02-06,4.166342572229514e-05,4.78879883303307e-05
2758,2019-02-07,1.6709323386779658e-05,4.6100583858788013e-05
2759,2019-02-08,5.444796560189154e-05,5.424320261226967e-05
2760,2019-02-11,1.9446965299753782e-05,3.190670031472109e-05
2761,2019-02-12,2.363786180242947e-05,3.8329108065227047e-05
2762,2019-02-14,3.4535306141061293e-05,3.109946919721551e-05
2763,2019-02-15,0.0001172719196225772,3.326643127365969e-05
2764,2019-02-18,5.2706139743754945e-05,7.260979327838868e-05
2765,2019-02-19,6.808196287481062e-05,3.5477743949741125e-05
2766,2019-02-20,5.643055227649151e-05,5.069937469670549e-05
2767,2019-02-21,2.2595667000653866e-05,4.187214653939009e-05
2768,2019-02-22,6.3253363644903935e-06,5.457580482470803e-05
2769,2019-02-25,3.288576896126192e-05,4.427897511050105e-05
2770,2019-02-26,0.0001659400755211656,3.255465708207339e-05
2771,2019-02-27,0.00011805052479990061,3.112923150183633e-05
2772,2019-02-28,4.872610771117822e-05,5.3499908972298726e-05
2773,2019-03-01,3.0023256586041368e-05,6.378642137860879e-05
2774,2019-03-05,9.36937256252971e-05,3.787070818361826e-05
2775,2019-03-06,2.329335100470423e-05,4.281416840967722e-05
2776,2019-03-07,1.6560115268693683e-05,4.789936792803928e-05
2777,2019-03-08,8.143458835290319e-06,4.6009179641259834e-05
2778,2019-03-11,4.904616295291065e-05,4.731938679469749e-05
2779,2019-03-12,5.554600789192477e-05,3.833813389064744e-05
2780,2019-03-13,2.3612373127526662e-05,4.1925850382540375e-05
2781,2019-03-14,2.7558287767508766e-05,3.2528369047213346e-05
2782,2019-03-15,5.04001927206632e-05,4.437700772541575e-05
2783,2019-03-18,5.1670490039361626e-05,2.463941382302437e-05
2784,2019-03-19,3.6049595740118755e-05,4.059351340401918e-05
2785,2019-03-20,1.0921649691932307e-05,4.6021774323889986e-05
2786,2019-03-22,5.426503202101839e-05,5.871188113815151e-05
2787,2019-03-25,5.162649937574494e-05,3.311733962618746e-05
2788,2019-03-26,5.716491065123408e-05,3.7345889722928405e-05
2789,2019-03-27,6.33091994131181e-05,5.19778550369665e-05
2790,2019-03-28,4.9640118670516385e-05,3.471524905762635e-05
2791,2019-04-01,9.383654137298826e-05,3.1753887014929205e-05
2792,2019-04-02,2.998560505696535e-05,2.4697123080841266e-05
2793,2019-04-03,4.63849382936267e-05,2.7474752641865052e-05
2794,2019-04-04,3.165053485627737e-05,3.713765545398928e-05
2795,2019-04-05,2.783763287464684e-05,3.451121665420942e-05
2796,2019-04-08,8.097500794329322e-05,5.12027254444547e-05
2797,2019-04-09,3.480813485713258e-05,3.153600118821487e-05
2798,2019-04-10,3.458649485419237e-05,3.068533987971023e-05
2799,2019-04-11,1.0796688641310073e-05,4.009059921372682e-05
2800,2019-04-12,1.8093593055402338e-05,2.8356953407637775e-05
2801,2019-04-15,1.185837991376299e-05,2.813230821629986e-05
2802,2019-04-16,3.1391917728313683e-05,2.9134922442608513e-05
2803,2019-04-18,6.814366415150907e-05,3.2592743082204834e-05
2804,2019-04-22,5.6118799023555525e-05,4.118286233278923e-05
2805,2019-04-23,1.993793814930579e-05,3.9695281884633005e-05
2806,2019-04-24,6.987007108420605e-05,3.0354351110872813e-05
2807,2019-04-25,7.735296590896093e-05,2.0093062630621716e-05
2808,2019-04-26,3.837909867684011e-05,2.41248999373056e-05
2809,2019-04-30,4.1825354270115414e-05,3.910103623638861e-05
2810,2019-05-02,2.650959090968962e-05,5.218313526711427e-05
2811,2019-05-03,1.529876669200082e-05,4.657421595766209e-05
2812,2019-05-06,9.255005952718524e-05,3.777342863031663e-05
2813,2019-05-07,9.633517623690252e-05,5.161484295967966e-05
2814,2019-05-08,4.8502747170757953e-05,3.795799057115801e-05
2815,2019-05-09,3.821213102634147e-05,4.708552660304122e-05
2816,2019-05-10,2.453251240010182e-05,3.336645386298187e-05
2817,2019-05-13,8.510235220929301e-05,4.332252137828618e-05
2818,2019-05-14,9.409219303625134e-05,4.021325003122911e-05
2819,2019-05-15,7.955436107158022e-05,4.9053556722356007e-05
2820,2019-05-16,5.5406627738507596e-05,4.623909990186803e-05
2821,2019-05-17,7.348421273632228e-05,4.796605571755208e-05
2822,2019-05-20,0.0006119996436182463,3.7164973036851734e-05
2823,2019-05-21,0.00010654849803701458,4.904434172203764e-05
2824,2019-05-22,2.7731318533717902e-05,4.607860682881437e-05
2825,2019-05-23,0.0006461561990106561,4.652423012885265e-05
2826,2019-05-24,0.000171022790168542,4.367467772681266e-05
2827,2019-05-27,5.0502448297255924e-05,5.286113082547672e-05
2828,2019-05-28,3.7821981290226135e-05,7.031189306871966e-05
2829,2019-05-29,2.4988235285753668e-05,6.181595381349325e-05
2830,2019-05-30,2.892567008658311e-05,5.3504139941651374e-05
2831,2019-05-31,0.0001295852519233086,0.00014471917529590428
2832,2019-06-03,8.540400750910678e-05,0.0001173856362584047
2833,2019-06-04,2.8664509497748812e-05,6.334370846161619e-05
2834,2019-06-06,0.00010713395503213644,6.987804954405874e-05
2835,2019-06-07,5.31387935439218e-05,7.732339145150036e-05
2836,2019-06-10,5.4199320997675435e-05,5.8434765378478914e-05
2837,2019-06-11,3.1981882400404824e-05,5.385208714869805e-05
2838,2019-06-12,2.547047330907554e-05,5.343855809769593e-05
2839,2019-06-13,4.177092112495471e-05,5.178864375920966e-05
2840,2019-06-14,3.2589522651245954e-05,7.906706014182419e-05
2841,2019-06-17,8.864529282355704e-05,6.0331090935505927e-05
2842,2019-06-18,1.8090415653083832e-05,5.3351279348134995e-05
2843,2019-06-19,9.650538244726807e-05,5.70687661820557e-05
2844,2019-06-20,0.00011696206525766538,6.949763337615877e-05
2845,2019-06-21,3.770551758362649e-05,4.611104668583721e-05
2846,2019-06-24,1.696954982762716e-05,7.005093357292935e-05
2847,2019-06-25,6.788564249441038e-05,8.344736852450296e-05
2848,2019-06-26,3.754229963512311e-05,6.544063944602385e-05
2849,2019-06-27,2.2372981577819922e-05,5.835551564814523e-05
2850,2019-06-28,2.4974732907164583e-05,5.3069037676323205e-05
2851,2019-07-01,2.5755034130982613e-05,7.114104664651677e-05
2852,2019-07-02,4.011447631172587e-05,3.2813051802804694e-05
2853,2019-07-03,1.1883930403233584e-05,3.8770151149947196e-05
2854,2019-07-04,6.5456237132787784e-06,4.082509985892102e-05
2855,2019-07-05,8.287055865960618e-05,5.0342074246145785e-05
2856,2019-07-08,0.0001684185004579936,4.102167804376222e-05
2857,2019-07-09,4.71011660024487e-05,3.951372127630748e-05
2858,2019-07-10,4.047218799724261e-05,3.809616464423016e-05
2859,2019-07-11,4.67382300909713e-05,4.7764340706635267e-05
2860,2019-07-12,2.9151363884750205e-05,2.3313050405704416e-05
2861,2019-07-15,5.3974348768764976e-05,4.503936361288652e-05
2862,2019-07-16,2.3973169876833275e-05,5.238252560957335e-05
2863,2019-07-17,7.961669480053565e-06,4.5124190364731476e-05
2864,2019-07-18,2.3812500059353163e-05,5.1324655942153186e-05
2865,2019-07-19,0.00015508332191909165,7.051166903693229e-05
2866,2019-07-22,3.363316078638941e-05,5.690399120794609e-05
2867,2019-07-23,2.869529796611789e-05,3.859139178530313e-05
2868,2019-07-24,4.451817590944424e-05,2.9024573450442404e-05
2869,2019-07-25,5.0164716094407475e-05,2.1239307898213156e-05
2870,2019-07-26,2.5585642149202854e-05,3.613445005612448e-05
2871,2019-07-29,7.403447669210043e-05,3.934848427888937e-05
2872,2019-07-30,0.00011082852514632,3.4240165405208245e-05
2873,2019-07-31,7.959051850983467e-05,4.978442666470073e-05
2874,2019-08-01,0.00015148083737343034,3.372141145518981e-05
2875,2019-08-02,0.00016769341646961068,6.0138539993204176e-05
2876,2019-08-05,0.00014017935841941092,3.750572068383917e-05
2877,2019-08-06,0.00014945783590689186,4.596339931595139e-05
2878,2019-08-07,5.589732643099565e-05,4.391566471895203e-05
2879,2019-08-08,0.00014764669645900443,6.81006713421084e-05
2880,2019-08-09,6.84841917317922e-05,6.747913721483201e-05
2881,2019-08-13,0.00017386884690120667,5.189935109228827e-05
2882,2019-08-14,0.00010625949111391006,7.458945765392855e-05
2883,2019-08-16,8.514909680203475e-05,6.517345900647342e-05
2884,2019-08-19,5.350057052528297e-05,6.021515218890272e-05
2885,2019-08-20,2.448088201552056e-05,7.28674276615493e-05
2886,2019-08-21,4.548418878454542e-05,5.036310540162958e-05
2887,2019-08-22,0.00010680224806177121,8.115850505419075e-05
2888,2019-08-23,0.00016428603798208794,6.327439768938348e-05
2889,2019-08-26,0.0006678413178280442,6.64514082018286e-05
2890,2019-08-27,4.328578394186385e-05,5.7022796681849286e-05
2891,2019-08-28,5.7298472223770476e-05,6.746053986717016e-05
2892,2019-08-29,4.752072714151409e-05,6.318074883893132e-05
2893,2019-08-30,0.00011476142967588795,8.334652375197038e-05
2894,2019-09-03,0.00014135285410310817,0.00010622541594784707
2895,2019-09-04,3.903340759997137e-05,7.435820589307696e-05
2896,2019-09-05,3.458722848049226e-05,7.749503129161894e-05
2897,2019-09-06,3.357775931058769e-05,0.00010890035628108308
2898,2019-09-09,5.550662827915424e-05,7.792955148033798e-05
2899,2019-09-11,1.0402477887393914e-05,8.978733967524022e-05
2900,2019-09-12,4.1783554359788234e-05,0.0001605013239895925
2901,2019-09-13,5.602333096481956e-05,8.297670137835667e-05
2902,2019-09-16,7.475303217527683e-05,8.565451571485028e-05
2903,2019-09-17,0.00011933194429033839,5.9330923249945045e-05
2904,2019-09-18,4.564437098900575e-05,5.0562244723550975e-05
2905,2019-09-19,9.260392273327104e-05,4.2697229218902066e-05
2906,2019-09-20,0.0013384984816024936,5.530687849386595e-05
2907,2019-09-23,0.0006782967570183897,5.392701496020891e-05
2908,2019-09-24,3.415995805522195e-05,4.9707479774951935e-05
2909,2019-09-25,6.207776248167778e-05,6.665204273303971e-05
2910,2019-09-26,6.243182784157211e-05,6.569339166162536e-05
2911,2019-09-27,2.5076438552678264e-05,0.00010414907592348754
2912,2019-09-30,4.937640372771174e-05,0.00014786851534154266
2913,2019-10-01,0.00026688881847943045,0.00010577707143966109
2914,2019-10-03,4.4174532638993384e-05,0.00011938677926082164
2915,2019-10-04,0.00019852328870832687,0.0001824104692786932
2916,2019-10-07,4.438205674814502e-05,0.00010400347673567012
2917,2019-10-09,0.00015647229338620438,8.923120185500011e-05
2918,2019-10-10,2.780178470682451e-05,7.179233944043517e-05
2919,2019-10-11,8.285969531215829e-05,8.867411088431254e-05
2920,2019-10-14,5.375278810425236e-05,8.645739580970258e-05
2921,2019-10-15,4.064400838224526e-05,8.459454693365842e-05
2922,2019-10-16,2.6002386289212537e-05,7.929639104986563e-05
2923,2019-10-17,6.485065756964877e-05,8.78715145518072e-05
2924,2019-10-18,4.311839224215728e-05,7.960682705743238e-05
2925,2019-10-22,5.303461514085077e-05,6.793014472350478e-05
2926,2019-10-23,2.3695540558823736e-05,6.956461584195495e-05
2927,2019-10-24,7.865118212339078e-05,8.391973824473098e-05
2928,2019-10-25,0.00011151951765950427,7.023970829322934e-05
2929,2019-10-29,0.0001079488164962948,6.505454075522721e-05
2930,2019-10-30,9.908113307162571e-05,7.220741099445149e-05
2931,2019-10-31,3.6495351271525765e-05,7.336214184761047e-05
2932,2019-11-01,1.4300742597755168e-05,7.805257337167859e-05
2933,2019-11-04,2.7939331850351768e-05,4.618485763785429e-05
2934,2019-11-05,4.5871469248293104e-05,4.6035736886551604e-05
2935,2019-11-06,5.59278097852526e-05,4.9073161790147424e-05
2936,2019-11-07,4.3529678165291166e-05,4.2790699808392674e-05
2937,2019-11-08,5.522520442758901e-05,5.757810140494257e-05
2938,2019-11-11,2.0545896804921544e-05,4.62182069895789e-05
2939,2019-11-13,3.723811137196346e-05,4.63856958958786e-05
2940,2019-11-14,2.5240405854116552e-05,3.005225516972132e-05
2941,2019-11-15,3.451904631879856e-05,4.0243212424684316e-05
2942,2019-11-18,1.7643990479744643e-05,3.790677146753296e-05
2943,2019-11-19,2.3301917174142088e-05,3.75296913261991e-05
2944,2019-11-20,4.12203466095418e-05,5.8166271628579125e-05
2945,2019-11-21,1.6962982830109254e-05,3.6919984268024564e-05
2946,2019-11-22,1.8923678504490143e-05,4.656275632441975e-05
2947,2019-11-25,6.437331232027267e-05,3.237826604163274e-05
2948,2019-11-26,4.5667409254993015e-05,4.504722892306745e-05
2949,2019-11-27,1.4668932619668745e-05,2.520628913771361e-05
2950,2019-11-28,1.5860754515563225e-05,2.7650843549054116e-05
2951,2019-11-29,4.2120686254761266e-05,3.417632251512259e-05
2952,2019-12-02,7.583944015975865e-05,2.9352147976169363e-05
2953,2019-12-03,3.489023315192242e-05,3.964522693422623e-05
2954,2019-12-04,3.841482924253673e-05,2.7111165763926692e-05
2955,2019-12-05,2.1298095962925037e-05,2.9469023502315395e-05
2956,2019-12-06,7.325954756858859e-05,3.125786315649748e-05
2957,2019-12-09,2.2710180705747405e-05,2.89086874545319e-05
2958,2019-12-10,2.945148255575621e-05,4.188085222267546e-05
2959,2019-12-11,2.1393385999571705e-05,3.901465970557183e-05
2960,2019-12-12,2.1278110771796102e-05,4.399137105792761e-05
2961,2019-12-13,3.399820158725481e-05,3.783522333833389e-05
2962,2019-12-16,3.167099530170572e-05,2.84574616671307e-05
2963,2019-12-17,3.446115146060638e-05,4.285637260181829e-05
2964,2019-12-18,1.9850578768432568e-05,2.7580183086683974e-05
2965,2019-12-19,1.4495516865727665e-05,3.5179004044039175e-05
2966,2019-12-20,4.167972118365906e-06,2.652640796441119e-05
2967,2019-12-23,2.0868635031057054e-05,2.6929907107842155e-05
2968,2019-12-24,1.5148669810308273e-05,2.6997920940630138e-05
2969,2019-12-26,2.4048448141046533e-05,3.518125231494196e-05
2970,2019-12-27,3.7309814937814494e-05,3.485919660306536e-05
2971,2019-12-30,1.932123533430303e-05,2.5461344193900004e-05
2972,2019-12-31,2.168211834458705e-05,3.364617805345915e-05
2973,2020-01-01,1.4877800452855948e-05,3.474936602287926e-05
2974,2020-01-02,2.1967312543763787e-05,2.5281449779868126e-05
2975,2020-01-03,1.7305184297794668e-05,3.238857971155085e-05
2976,2020-01-06,0.00011852481223656642,3.268827640567906e-05
2977,2020-01-07,0.0001013233332539548,3.023047247552313e-05
2978,2020-01-08,0.00012137910391386572,3.087258301093243e-05
2979,2020-01-09,0.0001310013792497741,4.682075450546108e-05
2980,2020-01-10,4.137299551486008e-05,3.929797458113171e-05
2981,2020-01-13,1.652600467077061e-05,4.817713124793954e-05
2982,2020-01-14,9.787647948357239e-06,8.143536979332566e-05
2983,2020-01-15,2.1322288615254492e-05,3.82108919438906e-05
2984,2020-01-16,1.1713819248965148e-05,4.6319426473928615e-05
2985,2020-01-17,1.5196620683045977e-05,4.709150380222127e-05
2986,2020-01-20,0.00014183789039935734,5.20348476129584e-05
2987,2020-01-21,1.759926232283318e-05,3.813633156823926e-05
2988,2020-01-22,5.900830441348911e-05,3.0229639378376305e-05
2989,2020-01-23,2.330951123055538e-05,4.250307392794639e-05
2990,2020-01-24,3.3806484803544675e-05,3.917019421351142e-05
2991,2020-01-27,4.4847845987563625e-05,4.992787216906436e-05
2992,2020-01-28,5.0539653569428996e-05,4.9724545533536e-05
2993,2020-01-29,3.550437832294879e-05,4.995068957214244e-05
2994,2020-01-30,4.842329340191289e-05,5.2688799769384786e-05
2995,2020-01-31,8.713487078206058e-05,4.2189691157545894e-05
2996,2020-02-03,0.0008518918464742616,4.255413296050392e-05
2997,2020-02-04,0.00014320923881507334,3.89601118513383e-05
2998,2020-02-05,5.746430651412088e-05,6.388711335603148e-05
2999,2020-02-06,1.9838653088094105e-05,4.69158730993513e-05
3000,2020-02-07,1.7017291127540288e-05,6.311173638096079e-05
3001,2020-02-10,3.296494974400387e-05,6.671200389973819e-05
3002,2020-02-11,5.939803108367244e-05,7.574369374196976e-05
3003,2020-02-12,3.1038875393057186e-05,4.6146989916451275e-05
3004,2020-02-13,2.063119912706229e-05,3.9885395381134003e-05
3005,2020-02-14,5.8472062686674975e-05,5.119998604641296e-05
3006,2020-02-17,3.7486765244932315e-05,5.969222547719255e-05
3007,2020-02-18,5.2418551066311234e-05,4.656617602449842e-05
3008,2020-02-19,8.940065944193173e-05,4.6307679440360516e-05
3009,2020-02-20,1.6262641535284617e-05,4.9325353757012635e-05
3010,2020-02-24,0.00012733507172376396,5.4330022976500914e-05
3011,2020-02-25,4.2371750488497084e-05,4.751768210553564e-05
3012,2020-02-26,7.541902676828718e-05,5.748691546614282e-05
3013,2020-02-27,6.362410671263391e-05,6.555064464919269e-05
3014,2020-02-28,0.0005950919329509915,6.378976831911132e-05
3015,2020-03-02,0.0006941063132975494,6.719754310324788e-05
3016,2020-03-03,0.00015389609356761437,6.0689337260555476e-05
3017,2020-03-04,0.00028718333412456357,5.448443698696792e-05
3018,2020-03-05,8.690780573322371e-05,6.600437336601317e-05
3019,2020-03-06,0.0009966520344470763,8.170225919457152e-05
3020,2020-03-09,0.0012158773352649369,0.00012902462913189083
3021,2020-03-11,0.00028576822914082333,0.00012317299842834473
3022,2020-03-12,0.002693186145034291,0.0001031564170261845
3023,2020-03-13,0.01308174412816012,0.00011519327381392941
3024,2020-03-16,0.0021489477899013757,0.00014622413436882198
3025,2020-03-17,0.001056525694906474,0.00018015624664258212
3026,2020-03-18,0.002464930386654642,0.0002220474270870909
3027,2020-03-19,0.005144415989199362,0.00020814257732126862
3028,2020-03-20,0.002293346802053906,0.00029134799842722714
3029,2020-03-23,0.011157190095124536,0.00030171332764439285
3030,2020-03-24,0.0025259320814660447,0.0003790181945078075
3031,2020-03-25,0.002367746711097736,0.0003618729824665934
3032,2020-03-26,0.0011613698871895976,0.0005656048306263983
3033,2020-03-27,0.0023866406922694143,0.0008515280787833035
3034,2020-03-30,0.0016578950826092766,0.0009702601237222552
3035,2020-03-31,0.0013794985304174858,0.000955544295720756
3036,2020-04-01,0.0007427582149944734,0.0007086074911057949
3037,2020-04-03,0.0006113939356230489,0.0006873033125884831
3038,2020-04-07,0.0028972288727045488,0.0008817043271847069
3039,2020-04-08,0.0015901671022629312,0.0005769623094238341
3040,2020-04-09,0.0008578595313641988,0.0006437538540922105
3041,2020-04-13,0.00018644042322208724,0.0008062251727096736
3042,2020-04-15,0.0011070845308223391,0.0006861800793558359
3043,2020-04-16,0.00029789779260388735,0.0007958059431985021
3044,2020-04-17,0.0016346614006695723,0.0007677362882532179
3045,2020-04-20,0.0002781140862416629,0.0006702544051222503
3046,2020-04-21,0.000801201677410225,0.0007192518096417189
3047,2020-04-22,0.0003205072539756703,0.0004354948760010302
3048,2020-04-23,0.00014478661314180406,0.0005107312463223934
3049,2020-04-24,0.0004132048980997975,0.0003797836252488196
3050,2020-04-27,0.0002196167214306619,0.0005650605889968574
3051,2020-04-28,0.0002546311019990722,0.0003751709300559014
3052,2020-04-29,0.00017182812986957135,0.0004953801399096847
3053,2020-04-30,0.000516364628312252,0.00024106400087475777
3054,2020-05-04,0.0014078474253375213,0.0004711246001534164
3055,2020-05-05,0.00047377136815568725,0.00043259753147140145
3056,2020-05-06,0.00021601199569663487,0.00022374735272023827
3057,2020-05-07,5.791058634082894e-05,0.0002845552226062864
3058,2020-05-08,0.00044837005248972385,0.00022626049758400768
3059,2020-05-11,0.00031227510270942786,0.00034268570016138256
3060,2020-05-12,0.00023779322209300244,0.00036498295958153903
3061,2020-05-13,0.0019135948676708764,0.0002556859399192035
3062,2020-05-14,0.0004422001966624835,0.00022610064479522407
3063,2020-05-15,0.00011868776545425456,0.00033509748755022883
3064,2020-05-18,0.000526139267426089,0.0002996827242895961
3065,2020-05-19,0.0003777977319420824,0.0001721740554785356
3066,2020-05-20,0.00020097999969475767,0.00018469554197508842
3067,2020-05-21,7.102099189161913e-05,0.0003638005000539124
3068,2020-05-22,0.00015013940778996963,0.00034994445741176605
3069,2020-05-26,0.00015745098962372084,0.0002618691942188889
3070,2020-05-27,0.00048202139238493174,0.00032221368746832013
3071,2020-05-28,0.00014411932990880056,0.000318041566060856
3072,2020-05-29,0.00023767708363993438,0.00027419981779530644
3073,2020-06-01,0.0004288008870213064,0.00017366166866850108
3074,2020-06-02,0.00013627517792763957,0.00017324746295344085
3075,2020-06-03,0.00023518796900675337,0.0002532308571971953
3076,2020-06-04,0.00010716124874410749,0.0001898913469631225
3077,2020-06-05,0.00010325493698820981,0.00019396154675632715
3078,2020-06-08,0.000471316447825842,0.00017132970970124006
3079,2020-06-09,0.000258692209896061,0.00025738528347574174
3080,2020-06-10,4.7443973352503686e-05,0.00024075979308690876
3081,2020-06-11,0.0001785645973356767,0.00019348396745044738
3082,2020-06-12,0.0020752116419897344,0.00015029939822852612
3083,2020-06-15,0.00020485078025377326,0.00017707553342916071
3084,2020-06-16,0.0008351468615587157,0.0002207137440564111
3085,2020-06-17,0.00013185207593368768,0.00019048065587412566
3086,2020-06-18,0.0002433438612565675,0.00013496697647497058
3087,2020-06-19,0.00013723538301658328,0.00024517375277355313
3088,2020-06-22,9.910028874790498e-05,0.00030484067974612117
3089,2020-06-23,0.00011962407174890053,0.00026804680237546563
3090,2020-06-24,0.0002590695661300437,0.00017388307605870068
3091,2020-06-25,0.00013688287888100425,0.0002539212873671204
3092,2020-06-26,0.0001109078795133648,0.00016903354844544083
3093,2020-06-29,0.00010037587860091429,0.00014897240907885134
3094,2020-06-30,0.00010271732781004213,0.00014855644258204848
3095,2020-07-01,7.232431255786066e-05,0.00011023406841559336
3096,2020-07-02,7.87338518126361e-05,0.00017014464538078755
3097,2020-07-03,5.19487323921337e-05,0.00018715267651714385
3098,2020-07-06,0.00015905395260603527,0.00013562785170506686
3099,2020-07-07,8.523296123144928e-05,0.00013508505071513355
3100,2020-07-08,8.779794588611376e-05,0.00012734206393361092
3101,2020-07-09,5.2425738353919956e-05,8.639722364023328e-05
3102,2020-07-10,5.315686107546728e-05,9.189792035613209e-05
3103,2020-07-13,0.00011399952024562725,9.473218233324587e-05
3104,2020-07-14,0.0001375144686788117,7.947794074425474e-05
3105,2020-07-15,0.0002782679020684888,4.8544756282353774e-05
3106,2020-07-16,0.00016913806715753454,7.412236300297081e-05
3107,2020-07-17,0.00010040748166788291,7.330794323934242e-05
3108,2020-07-20,0.0001020034273471472,7.060243660816923e-05
3109,2020-07-21,9.985777843563946e-05,5.686422446160577e-05
3110,2020-07-22,0.00013908678323928798,0.00010892725549638271
3111,2020-07-23,5.0100836350326306e-05,7.868605462135747e-05
3112,2020-07-24,8.503615269121945e-05,0.00010319440480088815
3113,2020-07-27,6.330690534282055e-05,0.0001259732962353155
3114,2020-07-28,7.8599845896217e-05,8.705732761882246e-05
3115,2020-07-29,0.00010097191128807613,6.916492566233501e-05
3116,2020-07-30,0.00014668429117304044,6.152577407192439e-05
3117,2020-07-31,5.623676977306531e-05,5.797553967568092e-05
3118,2020-08-03,8.932071542574453e-05,7.4112402216997e-05
3119,2020-08-04,0.00014201476873174285,6.589003169210628e-05
3120,2020-08-05,0.00010188025928600013,6.0196784033905715e-05
3121,2020-08-06,0.00010109836350791939,6.877862324472517e-05
3122,2020-08-07,2.4710193891919758e-05,8.250074461102486e-05
3123,2020-08-10,5.365012100498883e-05,7.772425306029618e-05
3124,2020-08-11,3.7502746131747744e-05,0.00014134249067865312
3125,2020-08-12,2.7931676077255212e-05,7.528918649768457e-05
3126,2020-08-13,2.6228093054568053e-05,8.835965854814276e-05
3127,2020-08-14,0.0002016294723231509,7.062546501401812e-05
3128,2020-08-17,9.782724565896924e-05,0.00011259137681918219
3129,2020-08-18,5.949400633256152e-05,7.338061550399289e-05
3130,2020-08-19,4.55579713346615e-05,6.104237399995327e-05
3131,2020-08-20,7.846543803425588e-05,7.006449595792219e-05
3132,2020-08-21,8.175191806186402e-05,3.9869799365988e-05
3133,2020-08-24,3.383791948087453e-05,7.742086745565757e-05
3134,2020-08-25,4.6265170917271145e-05,5.2116938604740426e-05
3135,2020-08-26,4.1222216993235845e-05,4.725025428342633e-05
3136,2020-08-27,4.154719640437663e-05,5.17883054271806e-05
3137,2020-08-28,3.863987606347643e-05,8.444962440989912e-05
3138,2020-08-31,0.000681689222406693,6.307804869720712e-05
3139,2020-09-01,0.0001332754517744667,6.314798520179465e-05
3140,2020-09-02,4.144919024704067e-05,5.2964274800615385e-05
3141,2020-09-03,2.2202916901327794e-05,5.971215068711899e-05
3142,2020-09-04,0.0002964312343067586,5.535119998967275e-05
3143,2020-09-07,6.56703500420397e-05,5.337886614142917e-05
3144,2020-09-08,6.216109788409436e-05,8.556561078876257e-05
3145,2020-09-09,0.00011090358106176342,5.115986641612835e-05
3146,2020-09-10,0.00010595200177924861,4.821468246518634e-05
3147,2020-09-11,1.3658993465720842e-05,5.786446126876399e-05
3148,2020-09-14,0.00013215857606702818,8.083330612862483e-05
3149,2020-09-15,4.1351158773938385e-05,5.991425132378936e-05
3150,2020-09-16,2.791382046802762e-05,3.854012174997479e-05
3151,2020-09-17,5.3462202419013054e-05,8.456406067125499e-05
3152,2020-09-18,9.120731807900921e-05,8.217776485253125e-05
3153,2020-09-21,0.0002608036650908777,6.652890442637727e-05
3154,2020-09-22,0.00015956365395906468,6.096459401305765e-05
3155,2020-09-23,0.0002668357534596149,5.046599108027294e-05
3156,2020-09-24,0.0002637245547925327,7.409041427308694e-05
3157,2020-09-25,0.00022819086053700105,5.2573057473637164e-05
3158,2020-09-28,0.00012104461114140284,5.814053656649776e-05
3159,2020-09-29,7.176271146664911e-05,9.87217208603397e-05
3160,2020-09-30,3.63472173797733e-05,8.674017590237781e-05
3161,2020-10-01,0.00012413310292521453,0.00012654619058594108
3162,2020-10-05,8.141062086128452e-05,0.0002847303112503141
3163,2020-10-06,0.00010932424711095035,0.00013390477397479117
3164,2020-10-07,4.709510834917732e-05,7.533458847319707e-05
3165,2020-10-08,9.960377095665353e-05,6.10226379649248e-05
3166,2020-10-09,4.532136387951421e-05,7.14349516783841e-05
3167,2020-10-12,8.085202449354192e-05,7.082727825036272e-05
3168,2020-10-13,2.30653895929716e-05,8.293563587358221e-05
3169,2020-10-14,8.481621836424595e-05,6.814881635364145e-05
3170,2020-10-15,0.00034019520844844975,6.060443047317676e-05
3171,2020-10-16,5.443431853951542e-05,6.428019696613774e-05
3172,2020-10-19,0.00011443774324085889,6.207807746250182e-05
3173,2020-10-20,3.227974967483041e-05,7.49413957237266e-05
3174,2020-10-21,0.00018904311001723698,4.964655454386957e-05
3175,2020-10-22,4.8824444481476777e-05,5.97616599407047e-05
3176,2020-10-23,3.6675330235208445e-05,0.00010419855243526399
3177,2020-10-26,0.00013460510126841769,8.530829654773697e-05
3178,2020-10-27,9.819924331903148e-05,5.3686919272877276e-05
3179,2020-10-28,0.0001555069046289618,5.43549977010116e-05
3180,2020-10-29,0.00011913056399482923,6.521467730635777e-05
3181,2020-10-30,0.00011491049063837805,5.0539390940684825e-05
3182,2020-11-02,0.00010829799158958092,4.505121978581883e-05
3183,2020-11-03,6.221451999196341e-05,7.567495777038857e-05
3184,2020-11-04,7.83578646196029e-05,6.187771214172244e-05
3185,2020-11-05,0.00019066073897966603,0.00010102852684212849
3186,2020-11-06,5.876085388420394e-05,9.4648014055565e-05
3187,2020-11-09,0.0001467548196348167,8.374905155505985e-05
3188,2020-11-10,0.00012784034799315268,6.445791950682178e-05
3189,2020-11-11,0.00011314889042316898,7.022598583716899e-05
3190,2020-11-12,4.291508222626066e-05,6.371540803229436e-05
3191,2020-11-13,4.2745833691928004e-05,8.181398879969493e-05
3192,2020-11-17,0.0003236607603110979,5.754977246397175e-05
3193,2020-11-18,3.673691045402734e-05,6.538836896652356e-05
3194,2020-11-19,0.0001720025151535234,6.82731915730983e-05
3195,2020-11-20,6.87118654152713e-05,8.335048914887011e-05
3196,2020-11-23,0.00011917724808530264,6.035290425643325e-05
3197,2020-11-24,5.4535418301741205e-05,4.712856753030792e-05
3198,2020-11-25,0.00022786564339154886,6.513487460324541e-05
3199,2020-11-26,0.00013154805285755521,6.183300138218328e-05
3200,2020-11-27,3.448471637311303e-05,6.96570859872736e-05
3201,2020-12-01,0.00011717292849585772,5.683380732079968e-05
3202,2020-12-02,7.095637524048128e-05,7.745121547486633e-05
3203,2020-12-03,8.35635902178609e-05,6.568180106114596e-05
3204,2020-12-04,4.189800581448844e-05,9.38124576350674e-05
3205,2020-12-07,2.9958017954734718e-05,6.952010880922899e-05
3206,2020-12-08,3.970549785100705e-05,4.84001575387083e-05
3207,2020-12-09,4.190973312192007e-05,5.891385444556363e-05
3208,2020-12-10,3.6347319693203926e-05,5.339266135706566e-05
3209,2020-12-11,6.641994974331248e-05,8.574572711950168e-05
3210,2020-12-14,5.2725863639056965e-05,6.065329216653481e-05
3211,2020-12-15,4.855461683454311e-05,6.322077388176695e-05
3212,2020-12-16,6.595820638299687e-05,5.591128865489736e-05
3213,2020-12-17,2.2630277295622962e-05,6.101547842263244e-05
3214,2020-12-18,4.1230156316505906e-05,6.22171864961274e-05
3215,2020-12-21,0.0008222634813983543,4.4300810259301215e-05
3216,2020-12-22,0.00022301855490095793,3.981626286986284e-05
3217,2020-12-23,6.539996076097611e-05,5.8393034123582765e-05
3218,2020-12-24,6.52891072558501e-05,4.711660949396901e-05
3219,2020-12-28,3.252166008811165e-05,4.265030293026939e-05
3220,2020-12-29,2.7366311709987136e-05,4.610251562553458e-05
3221,2020-12-30,5.898384653972317e-05,6.94792834110558e-05
3222,2020-12-31,1.4081341366799207e-05,5.75899139221292e-05
3223,2021-01-01,8.007103611700786e-06,3.769422255572863e-05
3224,2021-01-04,0.00013121895423687995,4.9305603170068935e-05
3225,2021-01-05,6.407667539611348e-05,6.200353527674451e-05
3226,2021-01-06,9.546974953176518e-05,4.560418165056035e-05
3227,2021-01-07,8.727089303000721e-05,5.0281567382626235e-05
3228,2021-01-08,0.0001078031055049479,7.365665078395978e-05
3229,2021-01-11,0.0001079298793825198,7.364639895968139e-05
3230,2021-01-12,4.028326318236103e-05,5.07052282046061e-05
3231,2021-01-13,0.0001225277682698967,5.819512080051936e-05
3232,2021-01-14,3.9522388407913524e-05,6.823569856351241e-05
3233,2021-01-15,0.00011168200036537829,8.479163079755381e-05
3234,2021-01-18,9.742973639919144e-05,5.511527706403285e-05
3235,2021-01-19,0.00010110137317960069,6.518962618429214e-05
3236,2021-01-20,3.628826300731775e-05,5.896551738260314e-05
3237,2021-01-21,0.0001254517413309716,8.207696373574436e-05
3238,2021-01-22,0.0001111552023839714,7.649495091754943e-05
3239,2021-01-25,0.00017567699760499757,8.473536581732333e-05
3240,2021-01-27,0.00016466626739689336,9.60381657932885e-05
3241,2021-01-28,0.00018770950359436428,6.976405711611733e-05
3242,2021-01-29,0.000330129321241973,5.766339018009603e-05
3243,2021-02-01,0.0008658767713808923,6.763047713320702e-05
3244,2021-02-02,0.000309113032063498,0.00011398268543416634
3245,2021-02-03,0.00020152469005796988,6.714303162880242e-05
3246,2021-02-04,6.486852749623855e-05,0.0001524138788226992
3247,2021-02-05,4.782766863438668e-05,0.00018734714831225574
3248,2021-02-08,0.00010841839658414442,0.00011575326061574742
3249,2021-02-09,6.692963194786728e-05,0.00013119903451297432
3250,2021-02-10,6.28778665150844e-05,0.0001690967328613624
3251,2021-02-11,2.7222994413662455e-05,0.00015886199253145605
3252,2021-02-12,3.957775090493032e-05,0.000194524327525869
3253,2021-02-15,6.27430199344549e-05,0.00016702935681678355
3254,2021-02-16,6.441562476771497e-05,0.00010762331658042967
3255,2021-02-17,3.4319429999537395e-05,0.0001293319946853444
3256,2021-02-18,4.8470063620663535e-05,9.779077663552016e-05
3257,2021-02-19,9.76750692698071e-05,8.109057671390474e-05
3258,2021-02-22,0.00021874707341082696,7.789930532453582e-05
3259,2021-02-23,0.0001152264564545709,6.416517862817273e-05
3260,2021-02-24,0.0004513591292940083,6.0521604609675705e-05
3261,2021-02-25,6.623197332001495e-05,7.581798854516819e-05
3262,2021-02-26,0.0005132887465611668,7.08636871422641e-05
3263,2021-03-01,0.00018448779023019313,7.90441335993819e-05
3264,2021-03-02,0.00011427372423314657,0.00014290866965893656
3265,2021-03-03,0.00020870947552380443,0.0001126373463193886
3266,2021-03-04,0.0002887156365263204,0.00013791998208034784
3267,2021-03-05,0.00012692726473621945,8.815235196379945e-05
3268,2021-03-08,7.967867702532859e-05,0.000357899785740301
3269,2021-03-09,0.00011200027832744764,0.00011227893264731392
3270,2021-03-10,7.158693076391061e-05,0.00011877126235049218
3271,2021-03-12,0.0003122593050496065,7.248989277286455e-05
3272,2021-03-15,0.00018865623521681173,0.00011021084355888888
3273,2021-03-16,6.012686319940967e-05,0.00011393063323339447
3274,2021-03-17,0.00011039509430949162,0.00011444561096141115
3275,2021-03-18,0.00033307904571396453,9.704243711894378e-05
3276,2021-03-19,0.000347312424045856,8.759564661886543e-05
3277,2021-03-22,6.142787139782576e-05,8.393174357479438e-05
3278,2021-03-23,4.925922803012349e-05,0.00010310360812582076
3279,2021-03-24,0.0001229322487659712,7.506758265662938e-05
3280,2021-03-25,0.00016383166512035273,0.00015970674576237798
3281,2021-03-26,0.00019902583581480157,0.00018164320499636233
3282,2021-03-30,0.00017354383429719526,0.0001527969288872555
3283,2021-03-31,3.7499144246154634e-05,0.00012127725494792685
3284,2021-04-01,0.00012083925501310483,8.566751057514921e-05
3285,2021-04-05,0.00028315532404050406,0.00017005186236929148
3286,2021-04-06,0.00011736477594212301,0.00014971644850447774
3287,2021-04-07,8.561888390908754e-05,8.636970596853644e-05
3288,2021-04-08,5.859843830479637e-05,8.232468826463446e-05
3289,2021-04-09,2.712037122514251e-05,9.502606553724036e-05
3290,2021-04-12,0.0004343388336664408,8.71985757839866e-05
3291,2021-04-13,0.00012488648023782574,0.00016172343748621643
3292,2021-04-15,0.0001328621405335557,8.717447053641081e-05
3293,2021-04-16,3.357073291260141e-05,6.038387437001802e-05
3294,2021-04-19,0.0005361904843244016,9.604705701349303e-05
3295,2021-04-20,0.0003128449166294328,6.378410762408748e-05
3296,2021-04-22,0.00015586253539506714,0.00010583278344711289
3297,2021-04-23,9.429282374115425e-05,5.8579720644047484e-05
3298,2021-04-26,8.866585651044321e-05,6.72394671710208e-05
3299,2021-04-27,5.3454400294993774e-05,6.82201498420909e-05
3300,2021-04-28,7.406812055865878e-05,0.0001509583235019818
3301,2021-04-29,0.00013777606559426235,0.00010644456051522866
3302,2021-04-30,0.00020693542060403697,0.00011688128870446235
3303,2021-05-03,0.000211924989918987,0.00012937208521179855
3304,2021-05-04,0.00012113252097080003,9.702077659312636e-05
3305,2021-05-05,9.0918329200988e-05,7.424913928844035e-05
3306,2021-05-06,4.110192152102255e-05,7.415827712975442e-05
3307,2021-05-07,5.334981993855365e-05,8.979658741736785e-05
3308,2021-05-10,5.831007861775901e-05,0.00013461231719702482
3309,2021-05-11,0.00013182419474772842,7.573358016088605e-05
3310,2021-05-12,5.3578942917620266e-05,0.00010126795677933842
3311,2021-05-14,6.26055752041939e-05,0.00013409453094936907
3312,2021-05-17,9.791983625955918e-05,9.467131167184561e-05
3313,2021-05-18,0.00010508465464234393,8.129894558805972e-05
3314,2021-05-19,3.747199411377885e-05,7.310303772101179e-05
3315,2021-05-20,5.186154481690646e-05,8.390181756112725e-05
3316,2021-05-21,9.210976078581005e-05,9.371633495902643e-05
3317,2021-05-24,2.3252467451626042e-05,7.045480015221983e-05
3318,2021-05-25,6.52156376942405e-05,6.870087236166e-05
3319,2021-05-26,3.512079948112127e-05,6.471778760896996e-05
3320,2021-05-27,1.9835226006066742e-05,7.25198260624893e-05
3321,2021-05-28,3.7231664916915963e-05,6.118504825280979e-05
3322,2021-05-31,7.742289241749166e-05,6.615000165766105e-05
3323,2021-06-01,3.327491161525992e-05,5.389313446357846e-05
3324,2021-06-02,4.046119218603134e-05,5.528473047888838e-05
3325,2021-06-03,3.89917636694734e-05,5.279120887280442e-05
3326,2021-06-04,1.9654778210026475e-05,7.115773769328371e-05
3327,2021-06-07,2.5225300031915728e-05,5.842796235810965e-05
3328,2021-06-08,1.9135539150517806e-05,6.398570985766128e-05
3329,2021-06-09,7.827379486845665e-05,7.397187437163666e-05
3330,2021-06-10,2.8568137809426368e-05,4.7661007556598634e-05
3331,2021-06-11,2.3737544189769985e-05,4.4084394176024944e-05
3332,2021-06-14,0.00010337458279311847,6.140331242932007e-05
3333,2021-06-15,1.6770956096745588e-05,3.8255082472460344e-05
3334,2021-06-16,2.745409336577071e-05,3.680482041090727e-05
3335,2021-06-17,9.176126276309946e-05,4.233377694617957e-05
3336,2021-06-18,0.00021856786065420635,3.939586895285174e-05
3337,2021-06-21,0.00019477558508569745,4.576010906021111e-05
3338,2021-06-22,6.436044345777884e-05,2.9945369533379562e-05
3339,2021-06-23,8.128419882934974e-05,2.2869831809657626e-05
3340,2021-06-24,2.9117268408039392e-05,2.1589150492218323e-05
3341,2021-06-25,2.660606072566692e-05,3.493720942060463e-05
3342,2021-06-28,3.306587283885488e-05,3.8699414290022105e-05
3343,2021-06-29,1.694704755278313e-05,2.814135223161429e-05
3344,2021-06-30,2.9135761414535058e-05,3.755768921109848e-05
3345,2021-07-01,1.54513691295415e-05,3.925893906853162e-05
3346,2021-07-02,2.0676463525137483e-05,4.679343692259863e-05
3347,2021-07-05,3.030320316863344e-05,3.575825030566193e-05
3348,2021-07-06,2.7576086279067653e-05,3.5458568163448945e-05
3349,2021-07-07,1.8104861305286375e-05,3.646588447736576e-05
3350,2021-07-08,5.779041601866431e-05,4.8152272938750684e-05
3351,2021-07-09,1.9571724454818346e-05,5.211286770645529e-05
3352,2021-07-12,5.2946287701330686e-05,4.261830326868221e-05
3353,2021-07-13,5.141902098781883e-05,3.623960219556466e-05
3354,2021-07-14,1.761086925578745e-05,5.171728480490856e-05
3355,2021-07-15,1.3943305597108534e-05,3.262430618633516e-05
3356,2021-07-16,1.4673128883410915e-05,3.779688631766476e-05
3357,2021-07-19,0.00013776920709983507,6.41847072984092e-05
3358,2021-07-20,4.111920576321744e-05,4.8941590648610145e-05
3359,2021-07-22,6.027049809971032e-05,3.7577967304969206e-05
3360,2021-07-23,2.9652741984923264e-05,3.7816429539816454e-05
3361,2021-07-26,1.2764101863426972e-05,3.14703538606409e-05
3362,2021-07-27,4.9646553542544205e-05,3.352839848957956e-05
3363,2021-07-28,0.00013701055928596966,5.334324305295013e-05
3364,2021-07-29,2.0127950099952033e-05,4.067051122547127e-05
3365,2021-07-30,2.294493660397889e-05,3.136213854304515e-05
3366,2021-08-02,5.583618567294292e-05,3.227637353120372e-05
3367,2021-08-03,8.86833605716897e-05,2.7677277103066444e-05
3368,2021-08-04,3.2552791939152964e-05,2.514017432986293e-05
3369,2021-08-05,2.8265484536939327e-05,4.3265878048259765e-05
3370,2021-08-06,1.6926476844384864e-05,2.4929951905505732e-05
3371,2021-08-09,3.4163109973205345e-05,2.72606557700783e-05
3372,2021-08-10,3.177259121724171e-05,2.6430301659274846e-05
3373,2021-08-11,6.196952744181406e-05,2.973010668938514e-05
3374,2021-08-12,1.1616715863464127e-05,3.437381747062318e-05
3375,2021-08-13,3.657356537634457e-05,3.367047611391172e-05
3376,2021-08-16,1.4898733277785643e-05,3.341820411151275e-05
3377,2021-08-17,2.4226273032221237e-05,3.343362914165482e-05
3378,2021-08-18,5.569451346546776e-05,3.6786499549634755e-05
3379,2021-08-20,0.0001532144009988534,4.017120227217674e-05
3380,2021-08-23,0.0001332536701896174,2.8492331693996675e-05
3381,2021-08-24,4.5589701115517084e-05,4.194596840534359e-05
3382,2021-08-25,1.5864474527447625e-05,3.300352182122879e-05
3383,2021-08-26,8.431778128614065e-06,3.092205588473007e-05
3384,2021-08-27,3.375476825257028e-05,4.45423684141133e-05
3385,2021-08-30,5.92132673796762e-05,4.795330096385442e-05
3386,2021-08-31,6.647744722103444e-05,4.095869735465385e-05
3387,2021-09-01,4.321545424611917e-05,2.819832843670156e-05
3388,2021-09-02,4.13085703389634e-05,3.724835914908908e-05
3389,2021-09-03,2.2175752373428414e-05,5.4069147154223174e-05
3390,2021-09-06,2.6759041475978494e-05,4.613172131939791e-05
3391,2021-09-07,2.8174926629034088e-05,4.003138019470498e-05
3392,2021-09-08,2.8264463812203358e-05,3.772623313125223e-05
3393,2021-09-09,1.2104105716888661e-05,3.90803070331458e-05
3394,2021-09-13,1.8835452779121716e-05,3.385710806469433e-05
3395,2021-09-14,1.9649229126080005e-05,3.5528570151655003e-05
3396,2021-09-15,2.394331599631233e-05,3.109404133283533e-05
3397,2021-09-16,2.095764396073206e-05,3.520373866194859e-05
3398,2021-09-17,9.130384229260417e-05,3.373829895281233e-05
3399,2021-09-20,0.0001607054307877023,3.4876022255048156e-05
3400,2021-09-21,9.15945193277602e-05,3.1475785362999886e-05
3401,2021-09-22,9.236150374684734e-06,2.508102079445962e-05
3402,2021-09-23,9.131307404769492e-05,1.792490729712881e-05
3403,2021-09-24,3.470360134423471e-05,2.2278332835412584e-05
3404,2021-09-27,4.184334698787978e-05,3.536950680427253e-05
3405,2021-09-28,0.00015710542679162222,5.569070708588697e-05
3406,2021-09-29,5.850703600903111e-05,2.589690666354727e-05
3407,2021-09-30,2.6614418817555967e-05,3.9150250813690946e-05
3408,2021-10-01,3.893018754177212e-05,3.809169720625505e-05
3409,2021-10-04,5.3825061588024496e-05,4.169068779447116e-05
3410,2021-10-05,4.2667928413000683e-05,3.3001160772982985e-05
3411,2021-10-06,8.359887405216313e-05,3.7036890716990456e-05
3412,2021-10-07,9.573997179007082e-05,4.0679391531739384e-05
3413,2021-10-08,3.9887499043288253e-05,2.9178358090575784e-05
3414,2021-10-11,4.939135318342821e-05,3.746214133570902e-05
3415,2021-10-12,2.5397678099023358e-05,3.5913308238377795e-05
3416,2021-10-13,5.641789866063538e-05,2.5564946554368362e-05
3417,2021-10-14,4.772702017195964e-05,3.730915341293439e-05
3418,2021-10-18,8.62984896926461e-05,3.331233892822638e-05
3419,2021-10-19,9.776548031510568e-05,3.4432414395269006e-05
3420,2021-10-20,6.457082986242415e-05,3.7149809941183776e-05
3421,2021-10-21,0.0001704487273778101,3.891685264534317e-05
3422,2021-10-22,8.703399958794068e-05,4.626698137144558e-05
3423,2021-10-25,0.00013641712120268033,5.246472210274078e-05
3424,2021-10-26,4.754220124857418e-05,3.8073612813604996e-05
3425,2021-10-27,3.25121439586948e-05,4.7076460759853944e-05
3426,2021-10-28,0.00016412822105424943,5.913017230341211e-05
3427,2021-10-29,9.908628498726991e-05,5.589060310740024e-05
3428,2021-11-01,0.0001128456818160581,5.725968367187306e-05
3429,2021-11-02,3.331829366585014e-05,5.71070377191063e-05
3430,2021-11-03,6.730288602974832e-05,5.134036473464221e-05
3431,2021-11-04,3.7328507441237866e-05,4.6986395318526775e-05
3432,2021-11-08,0.00014703738111101493,9.607059473637491e-05
3433,2021-11-09,1.8929494245153255e-05,6.78097567288205e-05
3434,2021-11-10,3.754893818775758e-05,5.922453055973165e-05
3435,2021-11-11,4.4158847158227364e-05,7.895094313425943e-05
3436,2021-11-12,8.480489864915494e-05,8.552212966606021e-05
3437,2021-11-15,2.475858442764725e-05,5.1611001254059374e-05
3438,2021-11-16,3.331240337793726e-05,6.597000901820138e-05
3439,2021-11-17,3.63589257420679e-05,6.800131086492911e-05
3440,2021-11-18,6.9919715982552e-05,5.119588604429737e-05
3441,2021-11-22,0.0003209273918715601,5.426057759905234e-05
3442,2021-11-23,0.00018673432028314585,4.716174225904979e-05
3443,2021-11-24,7.352945784505207e-05,5.839353980263695e-05
3444,2021-11-25,5.100028813254928e-05,4.900585918221623e-05
3445,2021-11-26,0.0002852654650513096,4.92016552016139e-05
3446,2021-11-29,0.00019941290226644466,4.7586116124875844e-05
3447,2021-11-30,0.00022871515458618556,7.718172128079459e-05
3448,2021-12-01,7.561476081747312e-05,6.210632272996008e-05
3449,2021-12-02,8.391576129769645e-05,5.226870416663587e-05
3450,2021-12-03,0.00011094983989920059,8.203807374229655e-05
3451,2021-12-06,0.00012362592149751828,0.00015324231935665011
3452,2021-12-07,0.00013968647483721995,9.120562754105777e-05
3453,2021-12-08,9.905168675333036e-05,7.114918844308704e-05
3454,2021-12-09,5.3963367200208186e-05,6.155933806439862e-05
3455,2021-12-10,2.5984657671600997e-05,7.50766703276895e-05
3456,2021-12-13,0.0001264491032037191,8.357073238585144e-05
3457,2021-12-14,4.9139059349450056e-05,9.424872405361384e-05
3458,2021-12-15,2.8326395808200454e-05,5.220553794060834e-05
3459,2021-12-16,0.00012272756045921814,5.475587386172265e-05
3460,2021-12-17,0.0001291581486041179,5.415382838691585e-05
3461,2021-12-20,0.0003558954189542848,5.893274283153005e-05
3462,2021-12-21,0.00016999969910503655,6.791880878154188e-05
3463,2021-12-22,5.961437228882499e-05,4.584834459819831e-05
3464,2021-12-23,5.492388800703176e-05,5.883300764253363e-05
3465,2021-12-24,9.867805126374194e-05,5.4337539040716365e-05
3466,2021-12-27,0.00011220368660763778,9.67667656368576e-05
3467,2021-12-28,3.738617736590271e-05,0.00010705333988880739
3468,2021-12-29,1.477953256615218e-05,5.8792120398720726e-05
3469,2021-12-30,1.596848554535841e-05,8.239255112130195e-05
3470,2021-12-31,3.6733163710500155e-05,8.749512198846787e-05
3471,2022-01-03,8.040252097999786e-05,7.744153845123947e-05
3472,2022-01-04,7.265861192794253e-05,5.324987432686612e-05
3473,2022-01-05,4.360034649940229e-05,5.304095247993246e-05
3474,2022-01-06,0.00010237775430550511,6.085050699766725e-05
3475,2022-01-07,5.02988663457977e-05,5.559174678637646e-05
3476,2022-01-10,5.197823303250117e-05,0.00011336995521560311
3477,2022-01-11,1.413506723232182e-05,7.095673936419189e-05
3478,2022-01-12,5.061592863613087e-05,5.6571487220935524e-05
3479,2022-01-13,2.3868123475463672e-05,7.353039109148085e-05
3480,2022-01-14,4.516995021938485e-05,9.83917125267908e-05
3481,2022-01-17,9.921939048031073e-06,9.120719187194481e-05
3482,2022-01-18,7.40697125377207e-05,7.663909491384402e-05
3483,2022-01-19,6.559903092629053e-05,6.310349999694154e-05
3484,2022-01-20,0.00010043846027659016,4.9443140596849844e-05
3485,2022-01-21,0.000119608701660118,5.613665416603908e-05
3486,2022-01-24,0.0004293209304016739,0.00010372641554567963
3487,2022-01-25,0.00035066490146106605,6.552051490871236e-05
3488,2022-01-27,0.00028932512021758307,6.524316995637491e-05
3489,2022-01-28,0.00015246906777207058,7.40093455533497e-05
3490,2022-01-31,0.00015857511769031465,7.522381201852113e-05
3491,2022-02-01,0.0003361951068224068,7.904677477199584e-05
3492,2022-02-02,6.92919853717404e-05,8.310245902976021e-05
3493,2022-02-03,8.049393743182274e-05,0.00010370781819801778
3494,2022-02-04,2.969198761443339e-05,0.0001741290179779753
3495,2022-02-07,0.00020544480763482544,0.00011575336975511163
3496,2022-02-08,0.000135417160192396,0.00010344566544517875
3497,2022-02-09,5.703430282107675e-05,9.891708032228053e-05
3498,2022-02-10,8.451830930644932e-05,8.597713167546317e-05
3499,2022-02-11,0.00010847648498847341,0.00011418494250392541
3500,2022-02-14,0.00039897458894548463,9.817528916755691e-05
3501,2022-02-15,0.000364385587258246,0.00010802424367284402
3502,2022-02-16,7.024408008922654e-05,9.060069714905694e-05
3503,2022-02-17,6.62563249011977e-05,0.00011459316738182679
3504,2022-02-18,5.3027565780390344e-05,6.990411202423275e-05
3505,2022-02-21,0.00011188282118349227,0.00013547208800446242
3506,2022-02-22,0.0005550528258938551,0.0001325690682278946
3507,2022-02-23,7.815222727539217e-05,8.364552195416763e-05
3508,2022-02-24,0.0012619741092888316,0.00012794927170034498
3509,2022-02-25,0.000358548338295604,0.00010838025627890602
3510,2022-02-28,0.0003839845226567027,0.0001421022170688957
3511,2022-03-02,0.0001948197581921794,0.0001132938705268316
3512,2022-03-03,0.00017865458178188546,0.00010045084491139278
3513,2022-03-04,0.00022269082799894176,8.474999776808545e-05
3514,2022-03-07,0.0006316788562367229,0.0003463822649791837
3515,2022-03-08,0.00022884060295560532,0.00018212053691968322
3516,2022-03-09,0.0002495754058873497,0.00015963274927344173
3517,2022-03-10,0.0007605570271204136,0.00016770469665061682
3518,2022-03-11,7.628825399964866e-05,0.00023813601001165807
3519,2022-03-14,9.539641600482704e-05,0.00021533317340072244
3520,2022-03-15,0.0001765582456169969,0.00034470923128537834
3521,2022-03-16,0.0001894374638305055,0.00023019866785034537
3522,2022-03-17,0.00021013177618245334,0.00013950142601970583
3523,2022-03-21,8.097131546712282e-05,0.0001671727659413591
3524,2022-03-22,0.0001321462334770925,0.0002344811800867319
3525,2022-03-23,9.239408674373636e-05,0.0001520548394182697
3526,2022-03-24,0.00012722658724855618,0.00020180450519546866
3527,2022-03-25,7.425210681409988e-05,0.00016561339725740254
3528,2022-03-28,9.380104779044398e-05,0.00015097502910066396
3529,2022-03-29,3.394196128966752e-05,0.00012627615069504827
3530,2022-03-30,9.079139209586026e-05,0.00013481285714078695
3531,2022-03-31,1.8390435467509046e-05,0.00019044667715206742
3532,2022-04-01,8.916837863336007e-05,0.00015404012810904533
3533,2022-04-04,0.00017182168639097887,9.095885616261512e-05
3534,2022-04-05,3.396345598914384e-05,7.912317960290238e-05
3535,2022-04-06,5.723158627768318e-05,8.327429532073438e-05
3536,2022-04-07,5.3447365217517516e-05,7.997664215508848e-05
3537,2022-04-08,7.45487392994263e-05,5.2428564231377095e-05
3538,2022-04-11,2.358390959482132e-05,0.00010827084770426154
3539,2022-04-12,5.786199505635653e-05,6.715257040923461e-05
3540,2022-04-13,6.390699740703463e-05,7.724791794316843e-05
3541,2022-04-18,0.00031972108401797695,5.93334152654279e-05
3542,2022-04-19,0.0002744964912129372,6.638110062340274e-05
3543,2022-04-20,7.543723889356312e-05,5.86322603339795e-05
3544,2022-04-21,7.706856190533879e-05,6.396246317308396e-05
3545,2022-04-22,0.0001084292510084747,7.010660192463547e-05
3546,2022-04-25,0.00012285137398428461,8.542756404494867e-05
3547,2022-04-26,0.00012652763451595424,0.00011455797357484698
3548,2022-04-27,8.380816519588428e-05,9.065237827599049e-05
3549,2022-04-28,0.0001505676303497513,9.122824849328026e-05
3550,2022-04-29,0.00014264351415466776,6.665851833531633e-05
3551,2022-05-02,0.0001455466937414941,0.0001009969346341677
3552,2022-05-04,0.0003091931199663895,0.00012702113599516451
3553,2022-05-05,0.00021779392874083126,8.61615699250251e-05
3554,2022-05-06,0.00028566759719593726,8.135029202094302e-05
3555,2022-05-09,0.00021228898637530428,9.162235073745251e-05
3556,2022-05-10,7.963303059265942e-05,0.00011750447447411716
3557,2022-05-11,0.0001587162429715556,7.935251778690144e-05
3558,2022-05-12,0.00021020507967521587,0.00017856821068562567
3559,2022-05-13,0.00027307000499523745,0.00010262077557854354
3560,2022-05-16,9.14881512218051e-05,0.00014440952509175986
3561,2022-05-17,0.00021183716071622447,0.0001182342239189893
3562,2022-05-18,6.0807789379821846e-05,0.0001294673711527139
3563,2022-05-19,0.0004626477655614385,0.0001181621992145665
3564,2022-05-20,0.0003179178631955709,0.00021592687699012458
3565,2022-05-23,7.867329788264526e-05,0.0001283820893149823
3566,2022-05-24,4.3770575727571875e-05,0.00013051927089691162
3567,2022-05-25,8.011693617069067e-05,0.00010179682431044057
3568,2022-05-26,0.00017638495057944559,0.00010445445514051244
3569,2022-05-27,9.225224614185706e-05,0.00017446212586946785
3570,2022-05-30,0.00015764968393505252,0.00011633647955022752
3571,2022-05-31,6.19330961030904e-05,0.00012795146903954446
3572,2022-06-01,5.495088719822794e-05,0.00010972537711495534
3573,2022-06-02,5.7343889909498844e-05,0.00012653124576900154
3574,2022-06-03,0.00012605501982068448,0.0001174675053334795
3575,2022-06-06,4.64438455583853e-05,8.024871203815565e-05
3576,2022-06-07,6.405028188874296e-05,6.898002175148576e-05
3577,2022-06-08,7.380278560351611e-05,7.122502574929968e-05
3578,2022-06-09,0.00011018551615747801,7.452702993759885e-05
3579,2022-06-10,0.00016980738411294068,7.060701318550855e-05
3580,2022-06-13,0.00047218498816848,9.956386929843575e-05
3581,2022-06-14,0.00010938029686769312,6.290293094934896e-05
3582,2022-06-15,1.6964663564420705e-05,6.573645077878609e-05
3583,2022-06-16,0.0004664002721930307,7.571517198812217e-05
3584,2022-06-17,9.984753601390387e-05,8.163302118191496e-05
3585,2022-06-20,7.64512939673875e-05,0.00011932792403968051
3586,2022-06-21,0.00016245906030709,0.0001439093757653609
3587,2022-06-22,8.087800094330828e-05,0.00016253565263468772
3588,2022-06-23,0.00010040304097743227,9.935822890838608e-05
3589,2022-06-24,6.453254294009407e-05,0.00019926461391150951
3590,2022-06-27,0.00022307666226604122,8.365070971194655e-05
3591,2022-06-28,6.645315791159055e-05,7.235990051412955e-05
3592,2022-06-29,0.0001321432976244825,5.292786954669282e-05
3593,2022-06-30,4.208487662778365e-05,9.701198723632842e-05
3594,2022-07-01,0.00016251391164761374,7.512279989896342e-05
3595,2022-07-04,5.722511851170587e-05,7.894469308666885e-05
3596,2022-07-05,0.00010802981972297729,7.881372584961355e-05
3597,2022-07-06,5.916997142899018e-05,8.802315278444439e-05
3598,2022-07-07,7.678640678350477e-05,6.368861795635894e-05
3599,2022-07-08,9.758085170702768e-05,8.25648894533515e-05
3600,2022-07-11,4.997334424598034e-05,9.339656389784068e-05
3601,2022-07-12,5.179126147424656e-05,6.231552106328309e-05
3602,2022-07-13,6.611130039492038e-05,6.650472641922534e-05
3603,2022-07-14,7.054968506069627e-05,7.583765545859933e-05
3604,2022-07-15,5.121604528476015e-05,7.690479105804116e-05
3605,2022-07-18,6.757065334934608e-05,8.231298852479085e-05
3606,2022-07-19,7.013207628086063e-05,7.90417252574116e-05
3607,2022-07-20,0.00019396205798753426,5.5182961659738794e-05
3608,2022-07-21,2.5304934745739647e-05,7.908643601695076e-05
3609,2022-07-22,3.5525830616900845e-05,9.2093730927445e-05
3610,2022-07-25,3.629549131951419e-05,7.611632463522255e-05
3611,2022-07-26,3.7167532447374065e-05,5.708672688342631e-05
3612,2022-07-27,5.760752181883472e-05,5.689747558790259e-05
3613,2022-07-28,0.0001115522607788719,7.281672151293606e-05
3614,2022-07-29,0.00010742534985954176,6.806444434914738e-05
3615,2022-08-01,7.552021322172924e-05,3.8809554098406807e-05
3616,2022-08-02,3.9261027088225254e-05,4.093897950951941e-05
3617,2022-08-03,4.83944473652559e-05,4.6382421714952216e-05
3618,2022-08-04,0.00017944879508622873,4.13849156757351e-05
3619,2022-08-05,2.2939749521887737e-05,4.73404215881601e-05
3620,2022-08-08,3.9632717423079334e-05,5.816765769850463e-05
3621,2022-08-10,3.098784965064304e-05,4.674861338571645e-05
3622,2022-08-11,0.0001093099297517245,6.597031460842118e-05
3623,2022-08-12,1.8391877871956007e-05,6.669756112387404e-05
3624,2022-08-16,3.7427551960516585e-05,6.654526805505157e-05
3625,2022-08-17,2.425000164441683e-05,5.914596113143489e-05
3626,2022-08-18,2.1760575054756012e-05,3.611288411775604e-05
3627,2022-08-19,8.422898493923485e-05,7.163940608734265e-05
3628,2022-08-22,7.262267768929373e-05,5.641078678308986e-05
3629,2022-08-23,0.0001463577119803449,4.774207263835706e-05
3630,2022-08-24,2.5621177521199154e-05,3.014445428561885e-05
3631,2022-08-25,7.939666511142933e-05,4.215928493067622e-05
3632,2022-08-26,6.078349488102893e-05,4.279726999811828e-05
3633,2022-08-29,0.0005075152772336074,5.827893255627714e-05
3634,2022-08-30,0.00018932064657208324,4.701548459706828e-05
3635,2022-09-01,0.0003157371491169953,4.9876100092660636e-05
3636,2022-09-02,4.045852564615826e-05,7.646825542906299e-05
3637,2022-09-05,2.2447142687073064e-05,6.50897272862494e-05
3638,2022-09-06,3.60010258855636e-05,7.049700798233971e-05
3639,2022-09-07,9.004027435552379e-05,9.160320041701198e-05
3640,2022-09-08,6.541613810337178e-05,5.9535483160289004e-05
3641,2022-09-09,7.127593402659034e-05,5.360996874514967e-05
3642,2022-09-12,2.0845708963988883e-05,9.355711517855525e-05
3643,2022-09-13,4.161828442451868e-05,5.068023529020138e-05
3644,2022-09-14,0.0003930734561534302,0.00010088478302350268
3645,2022-09-15,6.38334584229306e-05,6.491466774605215e-05
3646,2022-09-16,0.00013308807347084907,6.384971493389457e-05
3647,2022-09-19,6.573528128886885e-05,6.749374733772129e-05
3648,2022-09-20,0.00010801295780820407,5.299979602568783e-05
3649,2022-09-21,4.035975181590162e-05,5.513072756002657e-05
3650,2022-09-22,7.65890018518376e-05,6.594868318643421e-05
3651,2022-09-23,0.00013953733262047157,7.7604636317119e-05
3652,2022-09-26,0.000152857352610591,0.00010496071627130732
3653,2022-09-27,9.324790063030532e-05,8.957803947851062e-05
3654,2022-09-28,0.0001385820919051843,9.596328163752332e-05
3655,2022-09-29,0.00012979206031747662,8.712543058209121e-05
3656,2022-09-30,0.00022773176678360417,8.243609045166522e-05
3657,2022-10-03,7.903369125252285e-05,0.0001519936486147344
3658,2022-10-04,0.0002667270473276094,0.0001349153753835708
3659,2022-10-06,5.197251470175006e-05,9.060846787178889e-05
3660,2022-10-07,2.520795099909071e-05,0.00014055224892217666
3661,2022-10-10,0.0002167383650806816,0.00015393775538541377
3662,2022-10-11,0.00011360271679757509,7.606415601912886e-05
3663,2022-10-12,4.666519274779238e-05,5.6295073591172695e-05
3664,2022-10-13,3.3351101665366934e-05,6.75862465868704e-05
3665,2022-10-14,0.0003579171783068199,9.256278281100094e-05
3666,2022-10-17,6.652611948286359e-05,7.917171024018899e-05
3667,2022-10-18,6.435594639823107e-05,8.035247446969151e-05
3668,2022-10-19,4.104052268161858e-05,0.0001079546200344339
3669,2022-10-20,5.572018913326995e-05,6.157625466585159e-05
3670,2022-10-21,3.5147355021873317e-05,7.512063893955201e-05
3671,2022-10-24,8.766087517667024e-05,5.332004730007611e-05
3672,2022-10-25,5.204572131140197e-05,5.226496432442218e-05
3673,2022-10-27,6.498675348877271e-05,6.22584338998422e-05
3674,2022-10-28,1.5468269757342537e-05,6.158694304758683e-05
3675,2022-10-31,6.357223559560953e-05,8.225993951782584e-05
3676,2022-11-01,5.8084406463862034e-05,8.393855387112126e-05
3677,2022-11-02,2.162578128824187e-05,5.6524837418692186e-05
3678,2022-11-03,6.45178999689579e-05,5.496122321346775e-05
3679,2022-11-04,1.4519551966435138e-05,7.340643787756562e-05
3680,2022-11-07,7.250440265149771e-05,6.633155135205016e-05
3681,2022-11-09,5.5304098561575715e-05,6.99182492098771e-05
3682,2022-11-10,5.687444954197942e-05,6.175661837914959e-05
3683,2022-11-11,0.00019156177503069734,5.9252215578453615e-05
3684,2022-11-14,9.80069306369844e-06,5.376469562179409e-05
3685,2022-11-15,2.7386530713943893e-05,4.7206427552737296e-05
3686,2022-11-16,9.910635647669969e-06,3.273797483416274e-05
3687,2022-11-17,1.9159724683758495e-05,4.327565693529323e-05
3688,2022-11-18,4.57037311839673e-05,6.868186756037176e-05
3689,2022-11-21,2.8143119232413823e-05,4.360184902907349e-05
3690,2022-11-22,1.7171788553531722e-05,3.874686808558181e-05
3691,2022-11-23,2.6385488958340904e-05,2.9749875466222875e-05
3692,2022-11-24,6.522139203822352e-05,3.5743047192227095e-05
3693,2022-11-25,1.7155926183496926e-05,3.095929423579946e-05
3694,2022-11-28,8.018493461525707e-05,2.57312258327147e-05
3695,2022-11-29,1.8927290914388984e-05,4.143819023738615e-05
3696,2022-11-30,4.0363482205094125e-05,3.468245267868042e-05
3697,2022-12-01,4.801632312106969e-05,3.837961776298471e-05
3698,2022-12-02,3.0254182169184216e-05,4.024758891318925e-05
3699,2022-12-05,2.9057497697425363e-05,3.839708006125875e-05
3700,2022-12-06,3.478320803273597e-05,3.696624480653554e-05
3701,2022-12-07,1.8901557476284388e-05,3.0042998332646675e-05
3702,2022-12-08,8.08525093335532e-06,2.8445767384255305e-05
3703,2022-12-09,7.80258911131964e-05,3.969175668316893e-05
3704,2022-12-12,5.7521069908326924e-05,2.982299520226661e-05
3705,2022-12-13,1.844645741000852e-05,4.009304757346399e-05
3706,2022-12-14,1.5308024941328103e-05,3.0877057724865153e-05
3707,2022-12-15,7.500867420817274e-05,2.9837103284080513e-05
3708,2022-12-16,7.249575301058946e-05,2.734802183113061e-05
3709,2022-12-19,3.700545758216845e-05,3.0350007364177145e-05
3710,2022-12-20,7.31727452895391e-05,3.9479105907958e-05
3711,2022-12-21,0.00010387487612088369,3.219696372980252e-05
3712,2022-12-22,8.820257034710112e-05,2.397275238763541e-05
3713,2022-12-23,0.00014723829634533784,3.933381594833918e-05
3714,2022-12-26,0.00010153416417393139,4.1680272261146456e-05
3715,2022-12-27,6.21576743531073e-05,2.799560024868697e-05
3716,2022-12-28,1.9133626838603018e-05,3.5303219192428514e-05
3717,2022-12-29,7.535756913568543e-05,6.095708886277862e-05
3718,2022-12-30,4.9218970289800955e-05,5.559630517382175e-05
3719,2023-01-02,1.9598539143773132e-05,5.232141847955063e-05
3720,2023-01-03,1.4123582434622003e-05,5.704574869014323e-05
3721,2023-01-04,5.083568271999611e-05,5.280676487018354e-05
3722,2023-01-05,7.058673703318422e-05,4.91296304971911e-05
3723,2023-01-06,6.72874714231065e-05,4.030777927255258e-05
3724,2023-01-09,7.100040410773952e-05,6.227316043805331e-05
3725,2023-01-10,8.054005225167609e-05,4.3081832700408995e-05
3726,2023-01-11,2.453182135955816e-05,3.991134144598618e-05
3727,2023-01-12,4.256207709648432e-05,6.438499258365482e-05
3728,2023-01-13,5.547270396556227e-05,7.452304271282628e-05
3729,2023-01-16,5.8666748816725685e-05,8.371766307391226e-05
3730,2023-01-17,3.82464356822584e-05,4.507812263909727e-05
3731,2023-01-18,2.5205252759415015e-05,6.897153798490763e-05
3732,2023-01-19,1.4800851470818553e-05,0.00010263232252327725
3733,2023-01-20,1.7620517134528122e-05,7.274480594787747e-05
3734,2023-01-23,3.5252517590586284e-05,5.663432239089161e-05
3735,2023-01-24,2.8693333087189935e-05,6.037921048118733e-05
3736,2023-01-25,7.083623848914866e-05,4.897105827694759e-05
3737,2023-01-27,0.00017591000038860374,5.901811528019607e-05
3738,2023-01-30,0.00011804748494907168,6.203286466188729e-05
3739,2023-01-31,7.899722482375285e-05,4.778252332471311e-05
3740,2023-02-01,0.0004894501556108085,4.594411075231619e-05
3741,2023-02-02,7.935381430410922e-05,3.6930054193362594e-05
3742,2023-02-03,0.00014187081343666055,5.772292206529528e-05
3743,2023-02-06,2.441244373654654e-05,7.448333053616807e-05
3744,2023-02-07,3.104130203395865e-05,6.091862087487243e-05
3745,2023-02-08,2.8365881900702483e-05,5.75430785829667e-05
3746,2023-02-09,2.7105323070715236e-05,9.695289918454364e-05
3747,2023-02-10,1.3291115348667962e-05,9.162740752799436e-05
3748,2023-02-13,2.81710764708769e-05,7.70912374719046e-05
3749,2023-02-14,4.0369412517417055e-05,4.915316094411537e-05
3750,2023-02-15,3.783393116231181e-05,4.890431591775268e-05
3751,2023-02-16,3.740292620596214e-05,4.9554921133676544e-05
3752,2023-02-17,3.4420561624022176e-05,5.122670700075105e-05
3753,2023-02-20,3.759412530737032e-05,5.8279154472984374e-05
3754,2023-02-21,2.803242767714815e-05,4.6976088924566284e-05
3755,2023-02-22,8.002021889903077e-05,4.667889152187854e-05
3756,2023-02-23,3.068452196584485e-05,4.823123526875861e-05
3757,2023-02-24,5.6801122690701884e-05,5.330179919837974e-05
3758,2023-02-27,3.554468644520618e-05,5.575851901085116e-05
3759,2023-02-28,3.820662447882867e-05,4.607047594618052e-05
3760,2023-03-01,2.7116022928460667e-05,5.880854951101355e-05
3761,2023-03-02,2.4608584019034968e-05,8.644354238640517e-05
3762,2023-03-03,0.00010732427653816046,6.790935731260106e-05
3763,2023-03-06,4.770416362849865e-05,6.313865014817566e-05
3764,2023-03-08,3.820610057847355e-05,5.868691732757725e-05
3765,2023-03-09,4.4052192834559184e-05,4.665476444642991e-05
3766,2023-03-10,9.411508690834299e-05,3.994092912762426e-05
3767,2023-03-13,0.0001981848814616442,4.411358531797305e-05
3768,2023-03-14,6.430537895392705e-05,3.5847537219524384e-05
3769,2023-03-15,0.00013728915811411516,3.50364061887376e-05
3770,2023-03-16,5.8835650743987174e-05,3.615765308495611e-05
3771,2023-03-17,0.00010806258156219224,3.7396890547825024e-05
3772,2023-03-20,9.883434009403769e-05,6.011084406054579e-05
3773,2023-03-21,3.276055705893315e-05,6.242234667297453e-05
3774,2023-03-22,2.79802014113892e-05,6.451185618061572e-05
3775,2023-03-23,4.550416282085908e-05,6.292489706538618e-05
3776,2023-03-24,4.269971781164651e-05,8.630581578472629e-05
3777,2023-03-27,4.104018410444867e-05,5.572742156800814e-05
3778,2023-03-28,3.2676745553334046e-05,5.6835600844351575e-05
3779,2023-03-29,4.1886812883156944e-05,5.0573478802107275e-05
3780,2023-03-31,9.27631358175725e-05,4.44725010311231e-05
3781,2023-04-03,3.789558379174822e-05,4.8057314415927976e-05
3782,2023-04-05,3.298176252684842e-05,5.783576852991246e-05
3783,2023-04-06,2.168792434504679e-05,4.835770960198715e-05
3784,2023-04-10,1.50724877644139e-05,5.048062666901387e-05
3785,2023-04-11,3.070546775398388e-05,6.02250947849825e-05
3786,2023-04-12,1.7680269192959156e-05,4.215184526401572e-05
3787,2023-04-13,1.75200890241467e-05,4.5805256377207115e-05
3788,2023-04-17,0.00011108440733316023,4.450330379768275e-05
3789,2023-04-18,4.015689467130366e-05,5.07846889377106e-05
3790,2023-04-19,8.828845788178649e-06,3.769508839468472e-05
3791,2023-04-20,1.1940789484588461e-05,3.532100163283758e-05
3792,2023-04-21,1.579394348169556e-05,4.995511699235067e-05
3793,2023-04-24,5.1128829992348785e-05,4.0846596675692126e-05
3794,2023-04-25,9.67872895340405e-06,3.599618503358215e-05
3795,2023-04-26,1.6128088973461152e-05,3.694379483931698e-05
3796,2023-04-27,1.8811495781099764e-05,3.7441284803207964e-05
3797,2023-04-28,4.841755261083794e-05,4.648980757337995e-05
3798,2023-05-02,1.7207042539650144e-05,4.634072683984414e-05
3799,2023-05-03,1.1063078855544259e-05,2.1443282093969174e-05
3800,2023-05-04,4.146906066493288e-05,3.323332566651516e-05
3801,2023-05-05,9.163434359214939e-05,2.4787543225102127e-05
3802,2023-05-08,4.349295881416483e-05,2.6593736038194038e-05
3803,2023-05-09,1.755875370597264e-05,2.1795363863930106e-05
3804,2023-05-10,2.7839082557141078e-05,3.6196186556480825e-05
3805,2023-05-11,1.9537833819233534e-05,2.1577812731266022e-05
3806,2023-05-12,2.6005622730971484e-05,2.468497223162558e-05
3807,2023-05-15,3.054423884982234e-05,3.701828245539218e-05
3808,2023-05-16,3.2090922245532606e-05,3.287892832304351e-05
3809,2023-05-17,4.167719872619448e-05,2.022263106482569e-05
3810,2023-05-18,7.147969782974101e-05,2.5845511117950082e-05
3811,2023-05-19,4.6937434814902875e-05,3.164523877785541e-05
3812,2023-05-22,2.4621231564201113e-05,3.5598230169853196e-05
3813,2023-05-23,1.698829450624282e-05,2.720048723858781e-05
3814,2023-05-24,3.050284397086269e-05,2.1182226191740483e-05
3815,2023-05-25,2.1546352582521176e-05,3.6441586416913196e-05
3816,2023-05-26,3.7711135489762996e-05,3.457674029050395e-05
3817,2023-05-29,4.512422017356809e-05,3.3146377973025665e-05
3818,2023-05-30,7.409655785465655e-06,3.552074122126214e-05
3819,2023-05-31,2.0083070975098402e-05,2.676119220268447e-05
3820,2023-06-01,1.949327395593865e-05,2.5418908990104683e-05
3821,2023-06-02,2.13938104646995e-05,2.634494194353465e-05
3822,2023-06-05,2.101232185550716e-05,3.64576444553677e-05
3823,2023-06-06,1.0067085419679763e-05,2.971304456877988e-05
3824,2023-06-07,2.3175062163321868e-05,3.4267897717654705e-05
3825,2023-06-08,2.6158110648505613e-05,2.717911957006436e-05
3826,2023-06-09,1.5710352120241727e-05,2.6488742150831968e-05
3827,2023-06-12,8.117510906395407e-06,2.6094092390849255e-05
3828,2023-06-13,1.1922430091548254e-05,1.9774248357862234e-05
3829,2023-06-14,9.856509171675544e-06,3.0074705136939883e-05
3830,2023-06-15,1.58969429907351e-05,2.1758683942607604e-05
3831,2023-06-16,2.668962538394642e-05,2.9131753763067536e-05
3832,2023-06-19,3.2030887511726894e-05,3.854038004647009e-05
3833,2023-06-20,3.4706844267877766e-05,2.3266053176485002e-05
3834,2023-06-21,1.0303976201111935e-05,2.546149153204169e-05
3835,2023-06-22,1.5683397832902332e-05,2.5664223358035088e-05
3836,2023-06-23,1.3910122248286537e-05,2.6635616450221278e-05
3837,2023-06-26,6.205985710813148e-06,2.9816850656061433e-05
3838,2023-06-27,2.238218550288777e-05,1.8689504940994084e-05
3839,2023-06-28,4.3996941052915664e-05,2.4493456294294447e-05
3840,2023-06-30,6.04265598503702e-05,1.7802432921598665e-05
3841,2023-07-03,2.0055301160137857e-05,1.908443846332375e-05
3842,2023-07-04,3.802179800198069e-05,1.7319287508144043e-05
3843,2023-07-05,8.320679660918517e-06,1.939890171342995e-05
3844,2023-07-06,1.76845568182863e-05,1.9364781110198237e-05
3845,2023-07-07,6.181437307668081e-05,2.2458996681962162e-05
3846,2023-07-10,2.300925975482766e-05,3.764084613067098e-05
3847,2023-07-11,2.6401403416929162e-05,2.5171168090309948e-05
3848,2023-07-12,2.7974542652523245e-05,3.503252810332924e-05
3849,2023-07-13,6.293232876232865e-05,2.375160329393111e-05
3850,2023-07-14,4.03641378892828e-05,2.0159241103101522e-05
3851,2023-07-17,3.128058313915976e-05,2.3746213628328405e-05
3852,2023-07-18,2.962189025975202e-05,2.3137452444643714e-05
3853,2023-07-19,2.3151939378561892e-05,1.9391300156712532e-05
3854,2023-07-20,4.9188271324349426e-05,2.3524236894445494e-05
3855,2023-07-21,0.00011183818307833433,3.3983069442911074e-05
3856,2023-07-24,1.3665652086199198e-05,2.8789039788534865e-05
3857,2023-07-25,2.2970341834468797e-05,3.002080302394461e-05
3858,2023-07-26,1.8015551124002944e-05,3.1132050935411826e-05
3859,2023-07-27,7.47739735211871e-05,2.618278631416615e-05
3860,2023-07-28,1.70006757390236e-05,3.1738451070850715e-05
3861,2023-07-31,2.9523023846197452e-05,4.30618274549488e-05
3862,2023-08-01,9.661361867121821e-06,3.176058453391306e-05
3863,2023-08-02,7.780704184704464e-05,2.7425772714195773e-05
3864,2023-08-03,6.160445382756249e-05,2.808172575896606e-05
3865,2023-08-04,2.6665024949096476e-05,3.49953661498148e-05
3866,2023-08-07,1.7991169161866024e-05,4.230330523569137e-05
3867,2023-08-08,1.204360466937657e-05,2.340965329494793e-05
3868,2023-08-09,3.5966754159909565e-05,3.5564469726523384e-05
3869,2023-08-10,1.6938337537629635e-05,4.0311351767741144e-05
3870,2023-08-11,1.914482872885466e-05,5.857061478309333e-05
3871,2023-08-14,5.132887078697601e-05,4.3491214455571026e-05
3872,2023-08-16,3.67205978045929e-05,3.9787111745681614e-05
3873,2023-08-17,1.7500552008709357e-05,4.950150832883082e-05
3874,2023-08-18,2.3779235798464058e-05,2.5195569833158515e-05
3875,2023-08-21,1.5289393020563453e-05,3.3657408494036645e-05
3876,2023-08-22,4.975753438708527e-06,3.473617834970355e-05
3877,2023-08-23,1.632427265490677e-05,3.3306681871181354e-05
3878,2023-08-24,6.368877520954462e-05,4.158609590376727e-05
3879,2023-08-25,3.208089241849139e-05,4.006449307780713e-05
3880,2023-08-28,1.5126303900065214e-05,4.198302485747263e-05
3881,2023-08-29,1.7678843481551104e-05,2.6690591766964644e-05
3882,2023-08-30,3.439462533402483e-05,2.507863064238336e-05
3883,2023-08-31,2.675326557207079e-05,2.79676060017664e-05
3884,2023-09-01,3.7506795448738734e-05,3.1482904887525365e-05
3885,2023-09-04,3.7194827679649464e-05,3.616058165789582e-05
3886,2023-09-05,7.228048567167161e-06,1.9948676708736457e-05
3887,2023-09-06,2.182906732542623e-05,3.417074913159013e-05
3888,2023-09-07,3.200862075424759e-05,3.964325878769159e-05
3889,2023-09-08,2.2424123135267215e-05,4.9881855375133455e-05
3890,2023-09-11,2.9802038305468966e-05,3.135600491077639e-05
3891,2023-09-12,6.919025157218269e-05,3.0211191187845543e-05
3892,2023-09-13,1.9706792697958046e-05,4.002153582405299e-05
3893,2023-09-14,2.125202630403073e-05,3.403006121516228e-05
3894,2023-09-15,1.4038095827246752e-05,3.5692424717126414e-05
3895,2023-09-18,8.805331637208436e-06,3.069488229812123e-05
3896,2023-09-20,8.428020663019033e-05,3.377068060217425e-05
3897,2023-09-21,2.637311426466243e-05,5.200374289415777e-05
3898,2023-09-22,1.8190753529521495e-05,3.359199399710633e-05
3899,2023-09-25,1.5294907357455867e-05,2.5788587663555518e-05
3900,2023-09-26,3.5513118528628212e-06,3.234141695429571e-05
3901,2023-09-27,3.292703241632052e-05,1.5601761333527975e-05
3902,2023-09-28,7.192603368458712e-05,7.166981959016994e-05
3903,2023-09-29,3.787031426434055e-05,4.942560553899966e-05
3904,2023-10-03,2.0698514693361625e-05,4.4509335566544905e-05
3905,2023-10-04,3.871362829391695e-05,3.116657171631232e-05
3906,2023-10-05,2.63563838097851e-05,2.4535796910640784e-05
3907,2023-10-06,2.13335975347476e-05,4.0033250115811825e-05
3908,2023-10-09,4.432745796235078e-05,3.9547423511976376e-05
3909,2023-10-10,2.8339439153826833e-05,3.477598511381075e-05
3910,2023-10-11,2.1303866281586466e-05,2.7453197617433034e-05
3911,2023-10-12,4.547745705125378e-06,2.8226391805219464e-05
3912,2023-10-13,7.580833345031414e-05,3.322521297377534e-05
3913,2023-10-16,7.281904986128643e-06,2.1366384316934273e-05
3914,2023-10-17,3.7088500930491824e-05,2.2912687200005166e-05
3915,2023-10-18,2.8563470438242738e-05,3.0902512662578374e-05
3916,2023-10-19,6.655907643794617e-05,2.34178460232215e-05
3917,2023-10-20,2.329414125342848e-05,2.3400791178573854e-05
3918,2023-10-23,8.112706771550856e-05,3.330697290948592e-05
3919,2023-10-25,6.764341994129652e-05,2.9199900382081978e-05
3920,2023-10-26,6.381119808423657e-05,2.1931202354608104e-05
3921,2023-10-27,3.579153707446537e-05,2.597201819298789e-05
3922,2023-10-30,5.214953978135324e-05,4.191209882264957e-05
3923,2023-10-31,5.2398849131931166e-05,3.0222574423532933e-05
3924,2023-11-01,1.4699890759008256e-05,5.904367208131589e-05
3925,2023-11-02,5.848168940262964e-05,5.344492819858715e-05
3926,2023-11-03,3.555942424734914e-05,8.098925900412723e-05
3927,2023-11-06,4.766327559190287e-05,2.822754868248012e-05
3928,2023-11-07,1.096993275209749e-05,5.3182018746156245e-05
3929,2023-11-08,8.982714005867097e-06,4.138530857744627e-05
3930,2023-11-09,7.112734352835008e-06,4.256887041265145e-05
3931,2023-11-10,1.8216078279475803e-05,3.335022847750224e-05
3932,2023-11-13,1.5932174334883717e-05,4.262692527845502e-05
3933,2023-11-15,0.0001266204866389606,3.8585982110816985e-05
3934,2023-11-16,5.556888228416017e-05,3.9725917304167524e-05
3935,2023-11-17,4.115891839071012e-05,3.0521376174874604e-05
3936,2023-11-20,6.312088296493996e-06,2.7478894480736926e-05
3937,2023-11-21,2.0635241762635412e-05,2.451182263030205e-05
3938,2023-11-22,1.6276399982085682e-05,2.2641102987108752e-05
3939,2023-11-23,8.102691455063175e-06,4.504645039560273e-05
3940,2023-11-24,3.606317804252489e-06,3.683294198708609e-05
3941,2023-11-28,1.808936897684283e-05,4.560709567158483e-05
3942,2023-11-29,3.756928732740244e-05,3.324356293887831e-05
3943,2023-11-30,2.0757970396784295e-05,3.262800964876078e-05
3944,2023-12-01,1.8782246137713395e-05,2.17331344174454e-05
3945,2023-12-04,0.0003017367917804396,2.6081330361193977e-05
3946,2023-12-05,5.85789329728682e-05,2.0605466488632374e-05
3947,2023-12-06,3.422679964200314e-05,2.4505137844244018e-05
3948,2023-12-07,7.575096064481483e-06,3.848620326607488e-05
3949,2023-12-08,1.8912181087912807e-05,3.0583818443119526e-05
3950,2023-12-11,8.047791298168635e-06,2.4812992705847137e-05
3951,2023-12-12,2.354869384514218e-05,4.3269756133668125e-05
3952,2023-12-13,4.014118803109188e-05,2.895294346672017e-05
3953,2023-12-14,9.05883615745151e-05,3.0495246392092668e-05
3954,2023-12-15,7.292409251490227e-05,3.655910040833987e-05
3955,2023-12-18,1.098318110355093e-05,2.965082421724219e-05
3956,2023-12-19,3.330065838580229e-05,2.1941892555332743e-05
3957,2023-12-20,0.00020652281018842142,2.3806162062101066e-05
3958,2023-12-21,0.00010361182480409157,4.4775504647986963e-05
3959,2023-12-22,2.2260382053183398e-05,3.5162403946742415e-05
3960,2023-12-26,1.638915363409479e-05,2.77693361567799e-05
3961,2023-12-27,3.05985866784983e-05,2.5927894967026077e-05
3962,2023-12-28,1.8590875661454774e-05,3.0125656849122606e-05
3963,2023-12-29,9.997065326695357e-06,4.000253102276474e-05
3964,2024-01-01,1.7888493455006124e-05,3.4293891076231375e-05
3965,2024-01-02,3.640591591478041e-05,2.055716140603181e-05
3966,2024-01-03,2.258660044815092e-05,2.04865682462696e-05
3967,2024-01-04,2.7381834774672697e-05,2.8830911105615087e-05
3968,2024-01-05,1.5906210945777803e-05,3.8301954191410914e-05
3969,2024-01-08,5.5884176637429444e-05,3.245623520342633e-05
3970,2024-01-09,7.41579257741679e-05,3.129335891571827e-05
3971,2024-01-10,2.9603645994134834e-05,3.0273662559920922e-05
3972,2024-01-11,2.283497702239127e-05,5.74707992200274e-05
3973,2024-01-12,6.608383856282555e-05,3.457067577983253e-05
3974,2024-01-15,7.132222454989736e-05,3.977280721301213e-05
3975,2024-01-16,1.705841539123622e-05,2.802099879772868e-05
3976,2024-01-17,0.0003977419616537098,4.482481017475948e-05
3977,2024-01-18,0.00010226204750087475,3.23008862324059e-05
3978,2024-01-19,5.6922193333614534e-05,3.678639404824935e-05
3979,2024-01-23,0.0002466416249473236,3.409051350899972e-05
3980,2024-01-24,9.483318200340763e-05,3.449700307101011e-05
3981,2024-01-25,4.0188293965094754e-05,3.810794078162871e-05
3982,2024-01-29,9.525864118768265e-05,0.00010417171870358288
3983,2024-01-30,7.280284127480797e-05,0.0001015954912872985
3984,2024-01-31,6.476465830943518e-05,5.909600804443471e-05
3985,2024-02-01,2.7828522827051026e-05,6.425428000511602e-05
3986,2024-02-02,0.00014690153518791865,8.049367170315236e-05
3987,2024-02-05,4.886666372360611e-05,5.802615487482399e-05
3988,2024-02-06,4.0889537781928074e-05,7.419436587952077e-05
3989,2024-02-07,5.613478918045584e-05,9.363807475892827e-05
3990,2024-02-08,9.932511155579733e-05,9.52008631429635e-05
3991,2024-02-09,2.553460945634915e-05,7.244965672725812e-05
3992,2024-02-12,4.7767039500329635e-05,7.715942047070712e-05
3993,2024-02-13,4.6971203133058884e-05,6.656462210230529e-05
3994,2024-02-14,0.00014109378331623082,5.967144898022525e-05
3995,2024-02-15,2.9962615359689537e-05,6.346609006868675e-05
3996,2024-02-16,3.2024712451872316e-05,8.327048999490216e-05
3997,2024-02-19,2.6838411000038984e-05,8.508761675329879e-05
3998,2024-02-20,2.151787250110406e-05,6.211189611349255e-05
3999,2024-02-21,5.102541213471816e-05,7.005748193478212e-05
4000,2024-02-22,0.00011842659967061898,6.37191187706776e-05
4001,2024-02-23,1.927291492209343e-05,6.868901255074888e-05
4002,2024-02-26,1.488167197163079e-05,6.672275776509196e-05
4003,2024-02-27,1.4296089238096574e-05,5.210029485169798e-05
4004,2024-02-28,6.869649717965768e-05,3.776964877033606e-05
4005,2024-02-29,2.7924473919451214e-05,4.56120578746777e-05
4006,2024-03-01,7.320646945596204e-05,5.8433426602277905e-05
4007,2024-03-04,1.2930172487966649e-05,6.740543176420033e-05
4008,2024-03-05,1.7939862585990952e-05,3.232215021853335e-05
4009,2024-03-06,5.550496710372643e-05,3.9815880882088095e-05
4010,2024-03-07,9.132562056562576e-06,5.0129357987316325e-05
4011,2024-03-11,3.3586427307326235e-05,5.061574847786687e-05
4012,2024-03-12,2.6471641944902283e-05,4.1485956899123266e-05
4013,2024-03-13,0.0002230468094600393,3.995182123617269e-05
4014,2024-03-14,5.695882949083673e-05,2.7164867788087577e-05
4015,2024-03-15,3.895796438949868e-05,3.1787185434950516e-05
4016,2024-03-18,3.1600063821565494e-05,3.846704930765554e-05
4017,2024-03-19,4.8673410071425126e-05,2.3322991182794794e-05
4018,2024-03-20,3.6476564055918964e-05,4.242527938913554e-05
4019,2024-03-21,6.0923926470157054e-05,4.748986611957662e-05
4020,2024-03-22,7.466658000951208e-05,3.6035959055880085e-05
4021,2024-03-26,5.9661179152713095e-05,3.918760558008216e-05
4022,2024-03-27,2.1640391970354953e-05,3.8153320929268375e-05
4023,2024-03-28,0.0001093863698213286,4.7561657993355766e-05
4024,2024-04-01,4.062933671819645e-05,4.947804700350389e-05
4025,2024-04-02,8.328636284173247e-06,4.90381644340232e-05
4026,2024-04-03,3.0575252166428714e-05,4.5467826566891745e-05
4027,2024-04-04,0.00013630818035969216,4.563045877148397e-05
4028,2024-04-05,1.029107466540285e-05,3.8277197745628655e-05
4029,2024-04-08,2.230180122197048e-05,4.210953920846805e-05
4030,2024-04-09,3.531362426262244e-05,4.066670953761786e-05
4031,2024-04-10,1.873668331846955e-05,3.9916067180456594e-05
4032,2024-04-12,4.451036614003541e-05,3.72996146325022e-05
4033,2024-04-15,8.712156743445176e-05,4.2068913899129257e-05
4034,2024-04-16,5.637934832438504e-05,2.764013879641425e-05
4035,2024-04-18,0.00010317642202925749,2.354544631089084e-05
4036,2024-04-19,0.0001514305192478012,4.212006024317816e-05
4037,2024-04-22,0.00010043912687806717,3.6731533327838406e-05
4038,2024-04-23,3.108922731281847e-05,3.6942987208021805e-05
4039,2024-04-24,1.2201342978770627e-05,6.380899139912799e-05
4040,2024-04-25,8.438623080344674e-05,6.17395417066291e-05
4041,2024-04-26,4.24205272123722e-05,5.7780092902248725e-05
4042,2024-04-29,3.668292060174757e-05,4.750508742290549e-05
4043,2024-04-30,3.518890308972049e-05,3.969160752603784e-05
4044,2024-05-02,1.8402227348809935e-05,4.217416426399723e-05
4045,2024-05-03,0.0001645087431702994,3.0871375201968476e-05
4046,2024-05-06,3.57750772262955e-05,3.432425728533417e-05
4047,2024-05-07,5.4612686763200844e-05,3.437817940721288e-05
4048,2024-05-08,3.299707472778452e-05,3.5296925489092246e-05
4049,2024-05-09,0.000110867299151106,3.6882331187371165e-05
4050,2024-05-10,2.5495823758050453e-05,3.601705975597724e-05
4051,2024-05-13,8.969784076963733e-05,3.57868084392976e-05
4052,2024-05-14,2.4581056935298087e-05,4.179793904768303e-05
4053,2024-05-15,1.7179136409904252e-05,3.841488069156185e-05
4054,2024-05-16,0.00016121727155031548,4.036228347104043e-05
4055,2024-05-17,1.7133049047756826e-05,6.246254633879289e-05
4056,2024-05-21,3.3018993959740606e-05,5.0819380703615025e-05
4057,2024-05-22,2.0834244235488415e-05,3.943312185583636e-05
4058,2024-05-23,0.00011308965653168591,3.8675396353937685e-05
4059,2024-05-24,1.2717314837157743e-05,4.298584099160507e-05
4060,2024-05-27,4.878621647561241e-05,3.647858102340251e-05
4061,2024-05-28,1.6299056493684606e-05,3.860829019686207e-05
4062,2024-05-29,4.394549977415766e-05,2.848993790394161e-05
4063,2024-05-30,6.936986253936597e-05,4.3401425500633195e-05
4064,2024-05-31,3.5792637504024e-05,2.8335407478152774e-05
4065,2024-06-03,0.0013107721804514305,5.021873948862776e-05
4066,2024-06-04,0.002712500813659214,3.255726915085688e-05
4067,2024-06-05,0.0006997220907914263,4.886063470621593e-05
4068,2024-06-06,0.0001100967848323987,3.2734693377278745e-05
4069,2024-06-07,0.0001793068884263922,4.944017200614326e-05
4070,2024-06-10,2.454283548996708e-05,5.082960706204176e-05
4071,2024-06-11,2.2787682798320993e-05,5.701899135601707e-05
4072,2024-06-12,2.7544696437669882e-05,0.0002037019148701802
4073,2024-06-13,5.6653090823012544e-05,0.00022929902479518205
4074,2024-06-14,2.939451264981131e-05,0.00011693257692968473
4075,2024-06-18,2.5250741689252275e-05,0.0002005512942560017
4076,2024-06-19,4.9958071243862005e-05,0.0001288430066779256
4077,2024-06-20,3.297792043079558e-05,6.122690683696419e-05
4078,2024-06-21,6.509324580527519e-05,5.587792111327872e-05
4079,2024-06-24,5.2192060708018735e-05,5.6763710745144635e-05
4080,2024-06-25,2.5088802907523065e-05,3.619456765591167e-05
4081,2024-06-26,2.907550502430386e-05,5.4076986998552456e-05
4082,2024-06-27,4.7184472753783184e-05,3.979253597208299e-05
4083,2024-06-28,2.547675559027942e-05,4.695669485954568e-05
4084,2024-07-01,1.7895426912320505e-05,6.103742634877563e-05
4085,2024-07-02,3.343693286376157e-05,4.5904038415756077e-05
4086,2024-07-03,5.6106779472118254e-05,3.668367935460992e-05
4087,2024-07-04,1.991749745206919e-05,7.356229616561905e-05
4088,2024-07-05,3.475108209447212e-05,4.7567013098159805e-05
4089,2024-07-08,8.464910821527445e-06,6.311812467174605e-05
4090,2024-07-09,8.644292989571375e-06,5.0770308007486165e-05
4091,2024-07-10,7.695411474542827e-05,5.398078428697772e-05
4092,2024-07-11,4.082763826627449e-05,3.690203448059037e-05
4093,2024-07-12,4.71328066872799e-05,4.620330946636386e-05
4094,2024-07-15,1.91597624086022e-05,4.628719398169778e-05
4095,2024-07-16,4.573672980360866e-06,4.159715899731964e-05
4096,2024-07-18,6.924819414289151e-05,2.8706572265946306e-05
4097,2024-07-19,7.161709905689162e-05,2.6209367206320167e-05
4098,2024-07-22,4.2033048981674364e-05,3.852358349831775e-05
4099,2024-07-23,0.00023590615611328856,2.9879276553401724e-05
4100,2024-07-24,2.4701640787734017e-05,2.8308424589340575e-05
4101,2024-07-25,8.273030051208439e-05,2.185236917284783e-05
4102,2024-07-26,0.00011362131703898884,2.804562245728448e-05
4103,2024-07-29,4.6197471683151066e-05,4.573955447995104e-05
4104,2024-07-30,1.8865321897916464e-05,4.698299017036334e-05
4105,2024-07-31,1.0188785085925345e-05,4.552483733277768e-05
4106,2024-08-01,1.806541756350721e-05,3.933111293008551e-05
4107,2024-08-02,9.470012759035145e-05,3.616020330809988e-05
4108,2024-08-05,0.00041329486043020775,3.4106607927242294e-05
4109,2024-08-06,0.00014668427551726786,3.55533447873313e-05
4110,2024-08-07,0.00016663088657429306,3.329325045342557e-05
4111,2024-08-08,4.430932657027558e-05,2.4442168069072068e-05
4112,2024-08-09,0.00013067468963815016,2.8333519367151894e-05
4113,2024-08-12,4.182661467190444e-05,3.984133218182251e-05
4114,2024-08-13,3.404647105578148e-05,8.626787894172594e-05
4115,2024-08-14,9.442086645061289e-06,5.663593765348196e-05
4116,2024-08-16,0.0001410787469106989,6.785147706978023e-05
4117,2024-08-19,2.3610229721568624e-05,0.0001155627760454081
4118,2024-08-20,1.842115807409597e-05,7.645258301636204e-05
4119,2024-08-21,1.0335163338046175e-05,6.993771967245266e-05
4120,2024-08-22,1.8114392740977706e-05,3.61964303010609e-05
4121,2024-08-23,6.701915472631185e-06,7.460745837306604e-05
4122,2024-08-26,2.6453639930492276e-05,6.648982525803149e-05
4123,2024-08-27,5.544138624383295e-06,4.89537778776139e-05
4124,2024-08-28,1.4653183168347023e-05,4.6478991862386465e-05
4125,2024-08-29,2.048975365233161e-05,5.6682514696149155e-05
4126,2024-08-30,1.7678136000851415e-05,5.546729880734347e-05
4127,2024-09-02,2.0913044432174243e-05,6.072986434446648e-05
4128,2024-09-03,6.371698305373101e-06,3.576913513825275e-05
4129,2024-09-04,6.622522592278352e-05,4.563145921565592e-05
4130,2024-09-05,1.5756222092146475e-05,3.555968578439206e-05
4131,2024-09-06,7.6791191317978e-05,2.5346122129121795e-05
4132,2024-09-09,2.5156916249522743e-05,2.960886195069179e-05
4133,2024-09-10,3.529973545718913e-05,3.615771856857464e-05
4134,2024-09-11,2.899486918974774e-05,2.9168088076403365e-05
4135,2024-09-12,0.00016243249502181166,4.05053433496505e-05
4136,2024-09-13,1.4644069795831043e-05,3.272140020271763e-05
4137,2024-09-16,1.0087548858991236e-05,5.0524457037681714e-05
4138,2024-09-17,6.678424457483183e-06,2.6605988750816323e-05
4139,2024-09-18,2.02999130667608e-05,2.73807454505004e-05
4140,2024-09-19,5.0515703720638375e-05,4.130302113480866e-05
4141,2024-09-20,0.00011034456408061658,5.5186486861202866e-05
4142,2024-09-23,1.588563596991459e-05,4.035720485262573e-05
4143,2024-09-24,8.73701213053647e-06,3.32328854710795e-05
4144,2024-09-25,1.543085201277853e-05,2.8121012292103842e-05
4145,2024-09-26,3.185122249113048e-05,3.7372610677266493e-05
4146,2024-09-27,9.195345979278155e-06,2.91580508928746e-05
4147,2024-09-30,7.95522409117627e-05,3.70116758858785e-05
4148,2024-10-01,1.664296956450031e-05,1.8637139874044806e-05
4149,2024-10-03,0.0002803383614560176,1.727947710605804e-05
4150,2024-10-04,0.00018040860282069057,2.0528794266283512e-05
4151,2024-10-07,0.00011702846873596604,2.6061639800900593e-05
4152,2024-10-08,4.7665277497243715e-05,2.7525315090315416e-05
4153,2024-10-09,5.68487178097216e-05,4.140417877351865e-05
4154,2024-10-10,2.5411157978598225e-05,4.778247603098862e-05
4155,2024-10-11,6.5243688279380266e-06,3.7506219086935744e-05
4156,2024-10-14,1.6740579810877413e-05,5.6179178500315174e-05
4157,2024-10-15,2.769723210798208e-05,5.892082481295802e-05
4158,2024-10-16,2.2130441860561655e-05,5.2041497838217765e-05
4159,2024-10-17,5.4647185475792453e-05,8.600025466876104e-05
4160,2024-10-18,6.949531557355325e-05,7.73047431721352e-05
4161,2024-10-21,6.847910616657593e-05,4.467399412533268e-05
4162,2024-10-22,0.00010719861210772868,4.186344085610472e-05
4163,2024-10-23,5.8609204719346165e-05,2.7245165256317705e-05
4164,2024-10-24,1.1694421035105916e-05,2.4082559320959263e-05
4165,2024-10-25,8.09045229912571e-05,2.9348229872994125e-05
4166,2024-10-28,8.071024104220938e-05,4.8053050704766065e-05
4167,2024-10-29,8.276942096814165e-05,4.8957001126836985e-05
4168,2024-10-30,4.02592560205642e-05,5.803384556202218e-05
4169,2024-10-31,2.2922403340671912e-05,8.340018393937498e-05
4170,2024-11-01,2.14020018521235e-05,5.106208845973015e-05
4171,2024-11-04,0.00016311110185374394,6.098593075876124e-05
4172,2024-11-05,9.956033874860683e-05,5.5354157666442916e-05
4173,2024-11-06,7.931099218488842e-05,4.121346864849329e-05
4174,2024-11-07,6.0076220804129035e-05,4.1518807847751305e-05
4175,2024-11-08,2.507312512148224e-05,4.0824394091032445e-05
4176,2024-11-11,7.584368927862418e-05,4.397425436764024e-05
4177,2024-11-12,0.0001073684051885504,3.894425026373938e-05
4178,2024-11-13,8.567812699078306e-05,3.301479227957316e-05
4179,2024-11-14,2.661583930335124e-05,3.036523594346363e-05
4180,2024-11-18,5.551823089387348e-05,5.119506022310816e-05
4181,2024-11-19,9.229078171888819e-05,4.8494919610675424e-05
4182,2024-11-21,4.076928273216185e-05,3.441599983489141e-05
4183,2024-11-22,0.00022164954387297246,4.9333633796777576e-05
4184,2024-11-25,0.0002331276423960867,7.700849528191611e-05
4185,2024-11-26,5.474949975867566e-05,7.638502574991435e-05
4186,2024-11-27,2.4980628922794003e-05,5.259051249595359e-05
4187,2024-11-28,0.00012944116831195015,5.9431444242363796e-05
4188,2024-11-29,4.1805329855461424e-05,5.9152844187337905e-05
4189,2024-12-02,5.5538433083159256e-05,4.4272979721426964e-05
4190,2024-12-03,3.90250281046655e-05,4.443460056791082e-05
4191,2024-12-04,2.5429017258090136e-05,6.352204218273982e-05
4192,2024-12-05,0.00018688242631257352,5.47487179574091e-05
4193,2024-12-06,1.0693659568880977e-05,0.00010803733312059194
4194,2024-12-09,1.221480453396439e-05,5.264098945190199e-05
4195,2024-12-10,2.0163214784524682e-05,3.633816595538519e-05
4196,2024-12-11,6.611545226700714e-06,4.5164058974478394e-05
4197,2024-12-12,1.553991634149351e-05,5.443670306704007e-05
4198,2024-12-13,0.0002593826092060663,5.364535900298506e-05
4199,2024-12-16,1.873964910574598e-05,5.2222116210032254e-05
4200,2024-12-17,6.923406459162058e-05,4.3601306970231235e-05
4201,2024-12-18,3.736659596747889e-05,4.4573094783117995e-05
4202,2024-12-19,0.00019087105452993329,3.838411794276908e-05
4203,2024-12-20,0.00016695886529810957,4.097542114323005e-05
4204,2024-12-23,6.98215945669919e-05,3.434370592003688e-05
4205,2024-12-24,2.1721190302998113e-05,3.6062054277863353e-05
4206,2024-12-26,2.792255268446223e-05,4.338313374319114e-05
4207,2024-12-27,2.4704034231101094e-05,5.392064485931769e-05
4208,2024-12-30,6.23339527117138e-05,6.695350020891055e-05
4209,2024-12-31,4.5962759891149514e-05,8.39166168589145e-05
4210,2025-01-01,4.0041319971705624e-05,5.6452863645972684e-05
4211,2025-01-02,0.00013519920562083938,4.8204197810264304e-05
4212,2025-01-03,2.88512484816153e-05,4.71000348625239e-05
4213,2025-01-06,0.00017480533164085772,4.7331479436252266e-05
4214,2025-01-07,2.302541281494055e-05,4.402704507810995e-05
4215,2025-01-08,6.226078603936175e-05,5.8514397096587345e-05
4216,2025-01-09,2.1404395226618577e-05,4.51487248938065e-05
4217,2025-01-10,4.065139354719227e-05,4.226414966979064e-05
4218,2025-01-13,0.0001626148930739721,5.8039880968863145e-05
4219,2025-01-14,2.4436082973320673e-05,5.947679892415181e-05
4220,2025-01-15,2.3905429431504844e-05,6.511773244710639e-05
4221,2025-01-16,5.873608666308657e-05,7.820918835932389e-05
4222,2025-01-17,2.963140555609234e-05,8.721113408682868e-05
4223,2025-01-20,4.703379198686998e-05,5.5883141612866893e-05
4224,2025-01-21,0.00013874701931593635,6.95988564984873e-05
4225,2025-01-22,3.914566000707164e-05,7.512357842642814e-05
4226,2025-01-23,2.1873248032654662e-05,5.473817509482615e-05
4227,2025-01-24,6.411467403698332e-05,5.595951370196417e-05
4228,2025-01-27,7.487711115052694e-05,6.467071216320619e-05
4229,2025-01-28,8.562172547936757e-05,5.6512653827667236e-05
4230,2025-01-29,3.655980837451269e-05,8.509353938279673e-05
4231,2025-01-30,2.1718029704000057e-05,6.965827924432233e-05
4232,2025-01-31,4.884740191121427e-05,4.345211709733121e-05
4233,2025-02-01,6.21019679840293e-05,6.045112240826711e-05
4234,2025-02-03,6.751702666277877e-05,8.945110312197357e-05
4235,2025-02-04,0.00011207787303285446,5.9229048929410055e-05
4236,2025-02-05,1.6592146998772343e-05,5.6682463764445856e-05
4237,2025-02-06,3.6679085875405385e-05,4.997246287530288e-05
4238,2025-02-07,4.458058769392907e-05,4.50211955467239e-05
4239,2025-02-10,4.017657069750629e-05,8.958872786024585e-05
4240,2025-02-11,0.0001055449571250911,5.40043183718808e-05
4241,2025-02-12,9.069172344364436e-05,4.633118078345433e-05
4242,2025-02-13,4.891259683176449e-05,5.845031046192162e-05
4243,2025-02-14,9.787262882449031e-05,4.519456342677586e-05
4244,2025-02-17,6.988061195988246e-05,4.980057565262541e-05
4245,2025-02-18,3.135568915880249e-05,4.898483166471124e-05
4246,2025-02-19,5.761193006362841e-05,7.257691322593018e-05
4247,2025-02-20,3.1837487720710085e-05,7.192206248873845e-05
4248,2025-02-21,3.166812248396109e-05,6.413098162738606e-05
4249,2025-02-24,8.235510684366715e-05,6.587646203115582e-05
4250,2025-02-25,1.439754390417271e-05,6.056739221094176e-05
4251,2025-02-27,8.08277424911203e-06,4.848405660595745e-05
4252,2025-02-28,0.0001059504550064698,5.187119677430019e-05
4253,2025-03-03,5.6063405052489144e-05,4.662634455598891e-05
4254,2025-03-04,5.6921682635274695e-05,4.3509091483429074e-05
4255,2025-03-05,7.48509873136129e-05,5.097416942589916e-05
4256,2025-03-06,0.0001336562136464444,5.294887159834616e-05
4257,2025-03-07,2.2040611864430842e-05,3.586552702472545e-05
4258,2025-03-10,5.157694515756426e-05,5.468688323162496e-05
4259,2025-03-11,5.479191527734367e-05,4.832557533518411e-05
4260,2025-03-12,4.981229098824429e-05,4.765177800436504e-05
4261,2025-03-13,3.1718705142723275e-05,5.176445847610012e-05
4262,2025-03-17,4.014720135961756e-05,4.589738819049671e-05
4263,2025-03-18,9.050389010975108e-05,4.287550109438598e-05
4264,2025-03-19,1.5030146732063203e-05,3.699904482346028e-05
4265,2025-03-20,6.9281791016611e-05,4.4199023250257596e-05
4266,2025-03-21,4.611502420202492e-05,4.1512514144415036e-05
4267,2025-03-24,9.556044945028004e-05,3.693304824992083e-05
4268,2025-03-25,5.917422438774678e-05,3.251267844461836e-05
4269,2025-03-26,5.076705255886208e-05,4.26758560934104e-05
4270,2025-03-27,3.8872022051658774e-05,4.745133992400952e-05
4271,2025-03-28,2.4065842239742383e-05,4.330695446697064e-05
4272,2025-04-01,0.0001923739329774665,7.19581512385048e-05
4273,2025-04-02,2.4269076332983453e-05,4.743785393657163e-05
4274,2025-04-03,7.89776286053253e-05,5.235615753917955e-05
4275,2025-04-04,8.785443659691299e-05,5.3279127314453945e-05
4276,2025-04-07,0.0028198923139253888,4.3075051507912576e-05
4277,2025-04-08,0.00028245047120501506,3.743900015251711e-05
4278,2025-04-09,2.103659173719947e-05,4.754334077006206e-05
4279,2025-04-11,0.00021183249050540313,3.832131915260106e-05
4280,2025-04-15,0.0005710589427488225,4.875167360296473e-05
4281,2025-04-16,2.1920902456476593e-05,6.838436092948541e-05
4282,2025-04-17,0.00020541530256456774,0.00013757187116425484
4283,2025-04-21,6.401421521434143e-05,0.00010285111056873575
4284,2025-04-22,2.343349958059068e-05,0.00010411163384560496
4285,2025-04-23,0.00011791047435176909,8.984634769149125e-05
4286,2025-04-24,1.4998327572089077e-05,6.020889850333333e-05
4287,2025-04-25,0.0001640319874589658,6.994191789999604e-05
4288,2025-04-28,5.389810387612486e-05,5.790503564639948e-05
4289,2025-04-29,1.9453212319718093e-05,7.022598583716899e-05
4290,2025-04-30,2.557510990598748e-05,5.528499241336249e-05
4291,2025-05-02,8.458340231862679e-05,6.0695529100485146e-05
4292,2025-05-05,1.884400399124463e-05,7.134732004487887e-05
4293,2025-05-06,2.120909794890567e-05,0.0001054420936270617
4294,2025-05-07,6.64214406534436e-05,5.223482003202662e-05
4295,2025-05-08,5.679489638185779e-05,6.349328032229096e-05
4296,2025-05-09,0.000240453096007628,5.915425208513625e-05
4297,2025-05-12,0.0004679065077484526,7.123799150576815e-05
4298,2025-05-13,0.00010836545342841863,5.707523814635351e-05
4299,2025-05-14,3.1612637337699084e-05,4.399778845254332e-05
4300,2025-05-15,0.00022258783628151577,5.180020889383741e-05
4301,2025-05-16,9.251175802110015e-06,5.059022078057751e-05
4302,2025-05-19,1.213475366316508e-05,8.94966724445112e-05
4303,2025-05-20,6.777547968939183e-05,5.897670052945614e-05
4304,2025-05-21,4.538006135754184e-05,7.234147778945044e-05
4305,2025-05-22,6.315305759396991e-05,6.036642662365921e-05
4306,2025-05-23,4.9535326891456265e-05,9.645304817240685e-05
4307,2025-05-26,2.5896415184952496e-05,5.9546040574787185e-05
4308,2025-05-27,7.221590594210996e-05,5.227408837527037e-05
4309,2025-05-28,8.99120315453556e-06,5.020753451390192e-05
4310,2025-05-29,3.776521218781642e-05,6.212575681274757e-05
4311,2025-05-30,1.2481667620473114e-05,6.294847844401374e-05
4312,2025-06-02,4.522195367551009e-05,5.348230479285121e-05
4313,2025-06-03,7.28362694634093e-05,4.512031591730192e-05
4314,2025-06-04,7.682867858200698e-06,5.0919901696033776e-05
4315,2025-06-05,5.527154344371308e-05,6.0122369177406654e-05
4316,2025-06-06,7.097521091818979e-05,6.270856829360127e-05
4317,2025-06-09,4.321258735092265e-05,6.554232822963968e-05
4318,2025-06-10,2.5668788857208985e-05,4.2963460145983845e-05
4319,2025-06-11,1.2211082034553745e-05,6.902476889081299e-05
4320,2025-06-12,7.490868648137895e-05,4.160418393439613e-05
4321,2025-06-13,0.00032782808281901294,4.7029927372932434e-05
4322,2025-06-16,3.823881093891531e-05,4.3249252485111356e-05
4323,2025-06-17,1.7589865473981867e-05,3.878357892972417e-05
4324,2025-06-18,3.270108382067702e-05,3.446260598138906e-05
4325,2025-06-19,9.154603223282224e-06,3.5490840673446655e-05
4326,2025-06-20,6.778760550180692e-05,3.4949538530781865e-05
4327,2025-06-23,7.668974618041899e-05,5.770459392806515e-05
4328,2025-06-24,0.0001262720487614688,2.9780474505969323e-05
4329,2025-06-25,2.842951706099139e-05,2.9491544410120696e-05
4330,2025-06-26,4.981986192405583e-05,3.4032953408313915e-05
4331,2025-06-27,1.0512654240261301e-05,2.947830034827348e-05
4332,2025-06-30,2.124282561382167e-05,3.9502829167759046e-05
4333,2025-07-01,6.049985999702376e-06,4.11929540860001e-05
4334,2025-07-02,3.1841790959335445e-05,4.34250250691548e-05
4335,2025-07-03,2.7140270989752154e-05,3.1794555980013683e-05
4336,2025-07-04,1.4664992537706565e-05,3.0689821869600564e-05
4337,2025-07-07,3.757077303343957e-06,3.6612662370316684e-05
4338,2025-07-08,9.906974204108824e-06,3.505729546304792e-05
4339,2025-07-09,8.135007761032555e-06,2.4912342269090004e-05
4340,2025-07-10,1.952481257809667e-05,3.144575020996854e-05
4341,2025-07-11,3.621194731948125e-05,2.8172416932648048e-05
4342,2025-07-14,1.5010229071224873e-05,3.103671770077199e-05
4343,2025-07-15,1.4275464499215775e-05,2.2418573280447163e-05
4344,2025-07-16,9.9275443348441e-06,2.2758502382203005e-05
4345,2025-07-17,1.0605566035019687e-05,2.2433265257859603e-05
4346,2025-07-18,2.7318360613431804e-05,2.7901962312171236e-05
4347,2025-07-21,3.425700566505373e-05,1.6171334209502675e-05
4348,2025-07-22,2.0592554068112573e-05,2.4865936211426742e-05
4349,2025-07-23,2.2140354931284905e-05,1.784098094503861e-05
4350,2025-07-24,2.9293713515287665e-05,2.873023368010763e-05
4351,2025-07-25,2.7394941970494887e-05,2.219746784248855e-05
4352,2025-07-28,3.945369899132725e-05,2.989286986121442e-05
4353,2025-07-29,4.256313855029285e-05,2.0516032236628234e-05
4354,2025-07-30,1.960360576905629e-05,2.5640614694566466e-05
4355,2025-07-31,0.000147132911496031,2.6032599635072984e-05
4356,2025-08-01,3.616152697102896e-05,2.9839036869816482e-05
4357,2025-08-04,2.0318438956516346e-05,2.6500845706323162e-05
4358,2025-08-05,1.2331402826329362e-05,3.222912710043602e-05
4359,2025-08-06,9.725680038864724e-06,2.9460512450896204e-05
4360,2025-08-07,7.046488387197727e-05,3.1204552215058357e-05
4361,2025-08-08,3.9056424725223165e-05,3.772248965105973e-05
4362,2025-08-11,3.62905911534575e-05,4.324459223425947e-05
4363,2025-08-12,3.902302074531413e-05,2.3350165065494366e-05
4364,2025-08-13,2.536737755439557e-05,2.8220149033586495e-05
4365,2025-08-14,4.0094866707036926e-06,2.8563883461174555e-05
4366,2025-08-18,0.00017045292636589334,4.6863508032402024e-05
4367,2025-08-19,1.0778444521782814e-05,3.738968734978698e-05
4368,2025-08-20,1.380889732452863e-05,3.6450030165724456e-05
4369,2025-08-21,1.8594238374665146e-05,3.1634888728149235e-05
4370,2025-08-22,2.8221159106487062e-05,2.8773531084880233e-05
4371,2025-08-25,1.864936748243749e-05,3.10651448671706e-05
4372,2025-08-26,3.64528535601747e-05,3.4895088901976123e-05
4373,2025-08-28,2.7809737979562853e-05,2.1325286070350558e-05
4374,2025-08-29,2.1290558293087407e-05,2.4625907826703042e-05
4375,2025-09-01,2.3303393239618813e-05,2.6336676455684938e-05
4376,2025-09-02,3.219553675083698e-05,2.810814476106316e-05
4377,2025-09-03,2.7068731112941546e-05,2.718645555432886e-05
4378,2025-09-04,0.000155409127933443,3.2685533369658515e-05
4379,2025-09-05,4.180039395774945e-05,4.772017564391717e-05
4380,2025-09-08,1.781482680378254e-05,3.147536699543707e-05
4381,2025-09-09,1.7051329078739193e-05,2.5382430976605974e-05
4382,2025-09-10,3.1908455168293295e-05,4.000272019766271e-05
4383,2025-09-11,6.636673622394212e-06,3.197478145011701e-05
4384,2025-09-12,1.306119769817317e-05,4.978030119673349e-05
4385,2025-09-15,4.294410603605652e-06,4.623469794751145e-05
4386,2025-09-16,1.965226900159887e-05,3.128535900032148e-05
4387,2025-09-17,4.9725254027111204e-06,2.062746716546826e-05
4388,2025-09-18,3.011674497726976e-05,1.8549704691395164e-05
4389,2025-09-19,1.1055333376667001e-05,2.1343004846130498e-05
4390,2025-09-22,3.021527647936391e-05,1.878356488305144e-05
4391,2025-09-23,1.6996367833472985e-05,2.6670209990697913e-05
4392,2025-09-24,1.38067718544312e-05,3.454088437138125e-05
4393,2025-09-25,2.6520390803704654e-05,2.909499562520068e-05
4394,2025-09-26,4.003749508426587e-05,3.0761635571252555e-05
4395,2025-09-29,2.8242723464946728e-05,2.0876788767054677e-05
4396,2025-09-30,1.6871097163050238e-05,3.24011234624777e-05
4397,2025-10-01,3.8080992683124044e-05,2.7916679755435325e-05
4398,2025-10-03,2.3114451379395062e-05,2.230931022495497e-05
4399,2025-10-06,2.5636163503641185e-05,2.5135330361081287e-05
4400,2025-10-07,1.6601232906083284e-05,2.8515789381344803e-05
4401,2025-10-08,2.1978634742524714e-05,4.909319250145927e-05
4402,2025-10-09,1.8022645858504564e-05,3.2451251172460616e-05
4403,2025-10-10,1.6808816628883533e-05,2.7132917239214294e-05
4404,2025-10-13,2.535937663492826e-05,2.499634683772456e-05
4405,2025-10-14,3.812818153688006e-05,3.279884913354181e-05
4406,2025-10-15,2.4496203215804194e-05,3.6037708923686296e-05
4407,2025-10-16,4.006493266566564e-05,2.725002559600398e-05
4408,2025-10-17,4.058112898790718e-05,2.5567653210600838e-05
4409,2025-10-20,3.0276580040898867e-05,2.1555126295424998e-05
4410,2025-10-21,1.0902234311457442e-05,3.0303330277092755e-05
4411,2025-10-23,8.18974887067974e-05,2.7244699595030397e-05
4412,2025-10-24,3.068424606878333e-05,3.835470124613494e-05
4413,2025-10-27,1.9693919439444325e-05,3.3765561965992674e-05
4414,2025-10-28,2.766215037258047e-05,2.4611632397864014e-05
4415,2025-10-29,1.264302194539933e-05,2.925936132669449e-05
4416,2025-10-30,2.4526621633144613e-05,4.0549522964283824e-05
4417,2025-10-31,3.2755662839928514e-05,3.87367072107736e-05
4418,2025-11-03,1.3487020998700613e-05,3.0329409128171392e-05
4419,2025-11-04,2.297260864972215e-05,2.1843805370735936e-05
4420,2025-11-06,2.0168824325871388e-05,3.0147357392706908e-05
4421,2025-11-07,3.822713489557517e-05,2.6176945539191365e-05
4422,2025-11-10,1.4758096005035971e-05,3.513253614073619e-05
4423,2025-11-11,4.963846371841662e-05,4.062689913553186e-05
4424,2025-11-12,4.090769210839308e-05,3.0391252948902547e-05
4425,2025-11-13,2.2049118734990795e-05,3.3026790333678946e-05
4426,2025-11-14,3.851625076466666e-05,3.4326414606766775e-05
4427,2025-11-17,9.501705509449492e-06,3.643664967967197e-05
4428,2025-11-18,1.2130672580438098e-05,3.4492328268243e-05
4429,2025-11-19,2.451248960063856e-05,2.528080040065106e-05
4430,2025-11-20,2.5663253076516383e-05,2.6384290322312154e-05
4431,2025-11-21,1.9195288784145097e-05,4.6480192395392805e-05
4432,2025-11-24,3.1065890631786665e-05,2.4272736482089385e-05
4433,2025-11-25,1.7497954315185827e-05,2.143025994882919e-05
4434,2025-11-26,7.208259209966738e-05,2.86695831164252e-05
4435,2025-11-27,1.850170133223124e-05,2.5549932615831494e-05
4436,2025-11-28,6.4236153795229435e-06,2.8746868338203058e-05
4437,2025-12-01,4.299007106907079e-05,2.186877463827841e-05
4438,2025-12-02,2.375960067976785e-05,2.7344942282070406e-05
4439,2025-12-03,1.671419089834875e-05,3.226914122933522e-05
4440,2025-12-04,1.265871391443563e-05,3.185394962201826e-05
4441,2025-12-05,2.509049018214858e-05,2.6247062123729847e-05
4442,2025-12-08,4.277520394607434e-05,2.97004353342345e-05
4443,2025-12-09,3.347617155252424e-05,4.2138341086683795e-05
4444,2025-12-10,2.5272206405504482e-05,3.116689913440496e-05
4445,2025-12-11,2.8077268438790303e-05,3.485347770038061e-05
4446,2025-12-12,1.5103069372832571e-05,3.515307980705984e-05
4447,2025-12-15,3.0305397183621505e-05,3.052562533412129e-05
4448,2025-12-16,1.9174420430068784e-05,3.13176897179801e-05
4449,2025-12-17,1.5461363115780272e-05,3.863911842927337e-05
4450,2025-12-18,2.0894787911032446e-05,3.960732283303514e-05
4451,2025-12-19,2.0069018051553627e-05,2.5297849788330495e-05
4452,2025-12-22,2.057189724084423e-05,3.739029125426896e-05
4453,2025-12-23,8.323385161266924e-06,3.0408296879613772e-05
4454,2025-12-24,7.308972961434864e-06,2.8846201530541293e-05
4455,2025-12-26,9.709081404147127e-06,2.4618604584247805e-05
4456,2025-12-29,1.8056808923603175e-05,3.440723958192393e-05
4457,2025-12-30,5.098273165423469e-06,2.2744374291505665e-05
4458,2025-12-31,2.669909217884558e-05,2.2910784537089057e-05
4459,2026-01-01,6.257570085325034e-06,2.5744700906216167e-05
4460,2026-01-02,2.4409051252097723e-05,4.183187775197439e-05
4461,2026-01-05,1.2846403133802323e-05,2.60448687185999e-05
4462,2026-01-06,1.648136237301268e-05,2.7628831958281808e-05
4463,2026-01-07,9.130759683230814e-06,2.741408570727799e-05
4464,2026-01-08,3.939444326418805e-05,3.8436101021943614e-05
4465,2026-01-09,5.319997507649683e-05,5.203063119552098e-05
4466,2026-01-12,7.35558592792686e-05,4.145024286117405e-05
4467,2026-01-13,6.935555053249644e-05,4.082902887603268e-05
4468,2026-01-14,3.155720243241255e-05,3.385220043128356e-05
4469,2026-01-16,3.404285117431094e-05,2.9428076231852174e-05
4470,2026-01-19,1.95842994863944e-05,4.86259777972009e-05
4471,2026-01-20,9.125093905675152e-05,6.239680806174874e-05
4472,2026-01-21,9.251423824854684e-05,4.412229100125842e-05
4473,2026-01-22,9.198101511878666e-05,5.5544107453897595e-05
4474,2026-01-23,6.041484744076756e-05,4.487434125621803e-05
4475,2026-01-27,5.417552995692636e-05,6.242199015105143e-05
4476,2026-01-28,2.954414073260386e-05,3.5758319427259266e-05
4477,2026-01-29,5.7018643013266475e-05,5.4646636272082105e-05
4478,2026-01-30,5.8688435248688786e-05,5.0816714065149426e-05
4479,2026-02-02,0.000541940592515345,4.2476734961383045e-05
4480,2026-02-03,0.0024990980999761475,3.0757295462535694e-05
4481,2026-02-04,3.9119038450109134e-05,4.260282003087923e-05
4482,2026-02-05,1.8604809317917493e-05,4.346774221630767e-05
4483,2026-02-06,3.0285570232476644e-05,5.733809302910231e-05
4484,2026-02-09,6.842527150494805e-05,3.271921377745457e-05
4485,2026-02-10,1.1523315781545032e-05,5.374152533477172e-05
4486,2026-02-11,1.2540340351126475e-05,5.462032640934922e-05
4487,2026-02-12,1.6721836407759667e-05,7.185631693573669e-05
4488,2026-02-13,0.00010262526870907719,4.376753349788487e-05
4489,2026-02-16,5.843581118941146e-05,7.592123438371345e-05
4490,2026-02-17,2.2454938844857765e-05,4.915185127174482e-05
4491,2026-02-18,2.2735833418351037e-05,5.4475862270919606e-05
4492,2026-02-19,0.0001323155668265276,7.247571193147451e-05
4493,2026-02-20,4.689901183363182e-05,4.7428085963474587e-05
4494,2026-02-23,3.070028255477098e-05,5.076541856396943e-05
4495,2026-02-24,6.340152566264084e-05,4.440499469637871e-05
4496,2026-02-25,4.1093461279607835e-05,5.1739680202445015e-05
4497,2026-02-26,2.6629823425138152e-05,5.217637226451188e-05
4498,2026-02-27,6.139188587047657e-05,5.9742342273239046e-05
4499,2026-03-02,0.00051749008115891,5.2676594350486994e-05
4500,2026-03-04,0.0004246357085066715,2.7939533538301475e-05
4501,2026-03-05,8.791602333405176e-05,3.971152546000667e-05
4502,2026-03-06,6.487876517103031e-05,6.330868200166151e-05
4503,2026-03-09,0.0006737986674335998,5.679301102645695e-05
4504,2026-03-10,0.00015199530506031464,5.707072341465391e-05
4505,2026-03-11,0.00012750026668761124,8.86496709426865e-05
4506,2026-03-12,0.0001135959918000216,8.296443411381915e-05
4507,2026-03-13,0.00014605231585888628,6.0367005062289536e-05
4508,2026-03-16,0.00018970613775188638,6.872302037663758e-05
4509,2026-03-17,7.366821473264992e-05,0.00010735095565905795
4510,2026-03-18,4.2822254727269474e-05,9.944079647539183e-05
4511,2026-03-19,0.0007415183840268445,8.914359204936773e-05
4512,2026-03-20,9.072578836609362e-05,0.00013599556405097246
4513,2026-03-23,0.0002546142722787373,0.00017755442240741104
4514,2026-03-24,0.0003863003194908714,0.00013239207328297198
4515,2026-03-25,0.0001584249330765248,9.655068424763158e-05
4516,2026-03-27,0.0001259316442982423,8.805976540315896e-05
4517,2026-03-30,0.0002719480012616607,0.00018302681564819068
4518,2026-04-01,0.000697369220981819,8.184309990610927e-05
4519,2026-04-02,0.00042136289462010054,0.0002013206685660407
4520,2026-04-06,0.00016911886205643953,0.00011410254228394479
4521,2026-04-07,0.0001571027083229217,0.00010761735757114366
4522,2026-04-08,0.0009926078325014694,0.00016083258378785104
4523,2026-04-09,6.905948275092434e-05,0.00019803624309133738
4524,2026-04-10,4.7321503598967164e-05,0.00015473183884751052
4525,2026-04-13,0.0004487706655313657,0.00016419879102613777
4526,2026-04-15,0.0001899241210163562,0.00019662313570734113
4527,2026-04-16,9.403615506871695e-05,0.0001869284751592204
4528,2026-04-17,4.649729546582539e-05,0.00017279353050980717
4529,2026-04-20,3.498824110425352e-05,0.00013386250066105276
4530,2026-04-21,3.440142395676707e-05,0.00014358611952047795
4531,2026-04-22,3.3648140761524e-05,0.00015874583914410323
4532,2026-04-23,7.237414740470293e-05,0.000127950610476546
4533,2026-04-24,9.808902650579066e-05,0.00012897062697447836
4534,2026-04-27,2.639917737150998e-05,0.00012992390838917345
4535,2026-04-28,3.6895961678364544e-05,8.958607941167429e-05
4536,2026-04-29,6.842394787822978e-05,7.207483577076346e-05
4537,2026-04-30,0.0001119839566651127,7.024547085165977e-05
4538,2026-05-04,6.0736830648948004e-05,7.443028152920306e-05
4539,2026-05-05,3.907405610317405e-05,9.832099021878093e-05
4540,2026-05-06,0.000118344894684602,5.8914974943036214e-05
4541,2026-05-07,3.0471961219897118e-05,6.172199209686369e-05
4542,2026-05-08,2.433488915651375e-05,6.672752351732925e-05
4543,2026-05-11,9.647601894317674e-05,7.431750418618321e-05
4544,2026-05-12,0.00011710797076956928,5.506788511411287e-05
4545,2026-05-13,6.523080964795629e-05,5.331745705916546e-05
4546,2026-05-14,9.859638976772168e-05,6.801448034821078e-05
4547,2026-05-15,3.722723226679789e-05,6.818242400186136e-05
4548,2026-05-18,0.00014162418641440277,5.668760059052147e-05
4549,2026-05-19,2.698740677804476e-05,5.7649311202112585e-05
4550,2026-05-20,9.917835583305923e-05,8.623342000646517e-05
4551,2026-05-21,9.355625962705775e-05,8.240874740295112e-05
4552,2026-05-22,2.4257868867235933e-05,6.361771374940872e-05
4553,2026-05-25,9.606353937146771e-05,8.301335037685931e-05
4554,2026-05-26,2.7284801965780234e-05,5.174456600798294e-05
4555,2026-05-27,1.2634904816099784e-05,4.999228985980153e-05
4556,2026-05-29,0.00016014704133478284,4.9283411499345675e-05
4557,2026-06-01,7.035957504700808e-05,4.834060382563621e-05
